case,scale,ref_modality,config,fold,seed,threshold,missed_frac,over_ratio,dice,pred_area_frac
病例27,far,WLI,mid_fusion,3,0,0.05,0.0,23.332508250825082,0.07894993974525033,0.9999932183159722
病例27,far,WLI,mid_fusion,3,0,0.1,0.0,1.894059405940594,0.5136028476967811,0.11893717447916667
病例27,far,WLI,mid_fusion,3,0,0.15,0.0,1.2900990099009901,0.6078844417664365,0.0941162109375
病例27,far,WLI,mid_fusion,3,0,0.2,0.0013201320132013201,0.7006600660066007,0.7399437584011496,0.06983778211805555
病例27,far,WLI,mid_fusion,3,0,0.25,0.0046204620462046205,0.5366336633663367,0.7862356621429468,0.0629611545138889
病例27,far,WLI,mid_fusion,3,0,0.3,0.009075907590759076,0.4863036303630363,0.8000266453450571,0.060709635416666664
病例27,far,WLI,mid_fusion,3,0,0.35,0.013036303630363037,0.45874587458745875,0.8070980365642865,0.05941433376736111
病例27,far,WLI,mid_fusion,3,0,0.4,0.017656765676567657,0.43613861386138614,0.812363537112361,0.058295355902777776
病例27,far,WLI,mid_fusion,3,0,0.45,0.02145214521452145,0.4194719471947195,0.8161299201705469,0.057454427083333336
病例27,far,WLI,mid_fusion,3,0,0.5,0.027557755775577557,0.3995049504950495,0.8199526923555033,0.05638292100694445
病例27,far,WLI,mid_fusion,3,0,0.55,0.04191419141914191,0.30445544554455445,0.8469112391448697,0.051886664496527776
病例27,far,WLI,mid_fusion,3,0,0.6,0.05198019801980198,0.27854785478547855,0.8515526569269135,0.050408257378472224
病例27,far,WLI,mid_fusion,3,0,0.65,0.06023102310231023,0.2590759075907591,0.8547842401436788,0.04926893446180555
病例27,far,WLI,mid_fusion,3,0,0.7,0.06996699669966996,0.23597359735973597,0.8587536187653606,0.047919379340277776
病例27,far,WLI,mid_fusion,3,0,0.75,0.08201320132013201,0.20973597359735974,0.8628819605951381,0.046346028645833336
病例27,far,WLI,mid_fusion,3,0,0.8,0.09818481848184818,0.18151815181518152,0.8657425742505683,0.04452175564236111
病例27,far,WLI,mid_fusion,3,0,0.85,0.12062706270627063,0.14537953795379538,0.8686226568796362,0.0421142578125
病例27,far,WLI,mid_fusion,3,0,0.9,0.15907590759075907,0.09785478547854785,0.8674780832337434,0.038581000434027776
病例27,far,WLI,mid_fusion,3,0,0.95,0.24075907590759077,0.03151815181518152,0.8479542941315152,0.03249782986111111
病例27,far,NBI,mid_fusion,3,0,0.05,0.0,11.636558402605193,0.14666457187736265,1.0
病例27,far,NBI,mid_fusion,3,0,0.1,0.07301396863484445,0.9196160767846431,0.6512930126120622,0.14613172743055555
病例27,far,NBI,mid_fusion,3,0,0.15,0.08758248350329934,0.7191704516239609,0.69343493551943,0.1291164822048611
病例27,far,NBI,mid_fusion,3,0,0.2,0.16488130945239524,0.5125546319307567,0.7114436941021667,0.10664876302083333
病例27,far,NBI,mid_fusion,3,0,0.25,0.1835632873425315,0.44194018339189306,0.7230296360918186,0.0995822482638889
病例27,far,NBI,mid_fusion,3,0,0.3,0.19213300197103436,0.4185448624560802,0.725712086217376,0.09705268012152778
病例27,far,NBI,mid_fusion,3,0,0.35,0.19838889364984147,0.4033764675636301,0.7270890011631282,0.09535725911458333
病例27,far,NBI,mid_fusion,3,0,0.4,0.2042162995972234,0.39275002142428656,0.7272300101780592,0.09405517578125
病例27,far,NBI,mid_fusion,3,0,0.45,0.20935812837432513,0.3840089125032136,0.7271437578785973,0.09295654296875
病例27,far,NBI,mid_fusion,3,0,0.5,0.21587111149198732,0.3732110720713,0.7269404941577542,0.0915866427951389
病例27,far,NBI,mid_fusion,3,0,0.55,0.23292484360270804,0.2749164452823721,0.7513009904282721,0.08245849609375
病例27,far,NBI,mid_fusion,3,0,0.6,0.24046619247579057,0.25186391293169935,0.7552298581195721,0.08003743489583333
病例27,far,NBI,mid_fusion,3,0,0.65,0.24783614705630302,0.2292398663124518,0.7592232169856008,0.0776638454861111
病例27,far,NBI,mid_fusion,3,0,0.7,0.2561487702459508,0.20858685405775987,0.7619716455218277,0.07537163628472222
病例27,far,NBI,mid_fusion,3,0,0.75,0.26608963921501416,0.1922186991173194,0.7620573055669956,0.07328965928819445
病例27,far,NBI,mid_fusion,3,0,0.8,0.28168651983888937,0.17387950981232325,0.759239130431344,0.07060411241319445
病例27,far,NBI,mid_fusion,3,0,0.85,0.30396777787299684,0.1533978918502014,0.7526991334935698,0.06722005208333333
病例27,far,NBI,mid_fusion,3,0,0.9,0.3457022881138058,0.12786014225726283,0.7342758222699832,0.061896430121527776
病例27,far,NBI,mid_fusion,3,0,0.95,0.43199931442282974,0.09323849515811124,0.6838277018277852,0.052327473958333336
病例27,near,WLI,mid_fusion,3,0,0.05,0.0,15.10836792658947,0.11690185811881942,1.0
病例27,near,WLI,mid_fusion,3,0,0.1,0.0,1.2136770810574613,0.6223400639043363,0.1374240451388889
病例27,near,WLI,mid_fusion,3,0,0.15,0.0,0.9844876556696526,0.6701317715934475,0.1231960720486111
病例27,near,WLI,mid_fusion,3,0,0.2,0.0,0.6923749180686039,0.7428385944950789,0.10506184895833333
病例27,near,WLI,mid_fusion,3,0,0.25,0.0,0.5463185492680795,0.7854476811498329,0.09599473741319445
病例27,near,WLI,mid_fusion,3,0,0.3,0.0,0.49595805112519115,0.8012955182037759,0.0928683810763889
病例27,near,WLI,mid_fusion,3,0,0.35,0.0,0.46984924623115576,0.8097660223768863,0.09124755859375
病例27,near,WLI,mid_fusion,3,0,0.4,0.00010924186148131964,0.4498579855800743,0.8163210702304735,0.0899997287326389
病例27,near,WLI,mid_fusion,3,0,0.45,0.00021848372296263927,0.4355473017260214,0.821064908263486,0.08910454644097222
病例27,near,WLI,mid_fusion,3,0,0.5,0.00043696744592527855,0.41905178064234216,0.8265582655789224,0.08806694878472222
病例27,near,WLI,mid_fusion,3,0,0.55,0.0007646930303692375,0.3025999563032554,0.8682074889617568,0.08081732855902778
病例27,near,WLI,mid_fusion,3,0,0.6,0.002075595368145073,0.27900371422329034,0.8765532792742092,0.07927110460069445
病例27,near,WLI,mid_fusion,3,0,0.65,0.004041948874808827,0.2570461000655451,0.8841155934790336,0.0777859157986111
病例27,near,WLI,mid_fusion,3,0,0.7,0.008302381472580292,0.2351977277692812,0.8906548932995307,0.07616509331597222
病例27,near,WLI,mid_fusion,3,0,0.75,0.01267205593183308,0.21498798339523706,0.8966269841225365,0.07463921440972222
病例27,near,WLI,mid_fusion,3,0,0.8,0.020865195542932053,0.19084553200786541,0.9024365686623921,0.0726318359375
病例27,near,WLI,mid_fusion,3,0,0.85,0.03736071662661132,0.16386279222197947,0.905373471689585,0.06993272569444445
病例27,near,WLI,mid_fusion,3,0,0.9,0.06947782390211929,0.1273760104872187,0.9043422868621703,0.065673828125
病例27,near,WLI,mid_fusion,3,0,0.95,0.14310683854052872,0.06030150753768844,0.8939031338980404,0.056939019097222224
病例27,near,NBI,mid_fusion,3,0,0.05,0.0,0.9424085148984377,0.6797152706269062,1.0
病例27,near,NBI,mid_fusion,3,0,0.1,0.0,0.31949311062518115,0.8622573573671004,0.6793077256944444
病例27,near,NBI,mid_fusion,3,0,0.15,0.0,0.24390757962958085,0.8913023059216107,0.6403944227430556
病例27,near,NBI,mid_fusion,3,0,0.2,0.004175777853887294,0.11648707748241431,0.9428763859953959,0.5726453993055556
病例27,near,NBI,mid_fusion,3,0,0.25,0.019192770766920463,0.07865479358221145,0.9524887746089007,0.5454372829861112
病例27,near,NBI,mid_fusion,3,0,0.3,0.031693758726980534,0.06196485496746318,0.9538689124476377,0.5304090711805556
病例27,near,NBI,mid_fusion,3,0,0.35,0.043575625049398006,0.053837236873304,0.951542196622074,0.5201076931423612
病例27,near,NBI,mid_fusion,3,0,0.4,0.050241062254656584,0.04947703980820402,0.9501218949720299,0.5144314236111112
病例27,near,NBI,mid_fusion,3,0,0.45,0.054535395315752036,0.04627604921358379,0.9493852553878946,0.5105726453993056
病例27,near,NBI,mid_fusion,3,0,0.5,0.06067392048897437,0.04343072424058803,0.9474950006305201,0.5059475368923612
病例27,near,NBI,mid_fusion,3,0,0.55,0.15989145612140054,0.008812603735806307,0.9087554057802429,0.4370456271701389
病例27,near,NBI,mid_fusion,3,0,0.6,0.17751666359301316,0.006678610006059489,0.8993007295163444,0.4268731011284722
病例27,near,NBI,mid_fusion,3,0,0.65,0.19568195589746293,0.004821245093131702,0.8891720487254974,0.41656494140625
病例27,near,NBI,mid_fusion,3,0,0.7,0.22113180704481386,0.004030877045077324,0.8737097977783965,0.4030558268229167
病例27,near,NBI,mid_fusion,3,0,0.75,0.2553152251231657,0.003543483415443792,0.8519308292198682,0.3852064344618056
病例27,near,NBI,mid_fusion,3,0,0.8,0.28955133440472114,0.0032273361962220407,0.8291516772739068,0.3674180772569444
病例27,near,NBI,mid_fusion,3,0,0.85,0.33341676107173907,0.002463313749769476,0.7987593130439459,0.3444417317708333
病例27,near,NBI,mid_fusion,3,0,0.9,0.41246673867797773,0.0011723792712806597,0.7396376601295638,0.3030802408854167
病例27,near,NBI,mid_fusion,3,0,0.95,0.5976236267355165,1.317280080090629e-05,0.5738439428517731,0.2071601019965278
病例31,near,WLI,mid_fusion,3,0,0.05,0.0,1.1900164857198021,0.6269560075793102,1.0
病例31,near,WLI,mid_fusion,3,0,0.1,0.03808052754303367,0.1614709420623487,0.9060222424278478,0.5129597981770834
病例31,near,WLI,mid_fusion,3,0,0.15,0.050199759397602885,0.1137514666349824,0.9205490100107812,0.4856363932291667
病例31,near,WLI,mid_fusion,3,0,0.2,0.10562742273247093,0.03120405162555138,0.9289400004620644,0.4226345486111111
病例31,near,WLI,mid_fusion,3,0,0.25,0.16151549806181403,0.0030149559638205283,0.9106540850061209,0.3842434353298611
病例31,near,WLI,mid_fusion,3,0,0.3,0.18946696172639646,0.0014703479823558242,0.8946264056908834,0.3707750108506944
病例31,near,WLI,mid_fusion,3,0,0.35,0.20425955354888536,0.0008762679894847842,0.8858210435810414,0.3637491861979167
病例31,near,WLI,mid_fusion,3,0,0.4,0.21343808943874293,0.00046041199447505605,0.8803045162140919,0.3593682183159722
病例31,near,WLI,mid_fusion,3,0,0.45,0.21995811736050258,8.911199893065602e-05,0.8763870580179243,0.3562215169270833
病例31,near,WLI,mid_fusion,3,0,0.5,0.22741382127103416,4.455599946532801e-05,0.8716831583614391,0.3527967664930556
病例31,near,WLI,mid_fusion,3,0,0.55,0.34143262390280854,2.9703999643552004e-05,0.7941258115058929,0.3007269965277778
病例31,near,WLI,mid_fusion,3,0,0.6,0.35891342769303886,2.9703999643552004e-05,0.7812811091596398,0.2927449544270833
病例31,near,WLI,mid_fusion,3,0,0.65,0.37446347150643833,2.9703999643552004e-05,0.7696229362904226,0.28564453125
病例31,near,WLI,mid_fusion,3,0,0.7,0.39176605129880737,2.9703999643552004e-05,0.7563858670550613,0.2777438693576389
病例31,near,WLI,mid_fusion,3,0,0.75,0.410553831073354,2.9703999643552004e-05,0.7416862111167513,0.2691650390625
病例31,near,WLI,mid_fusion,3,0,0.8,0.43290609080512693,2.9703999643552004e-05,0.7237385799303199,0.2589586046006944
病例31,near,WLI,mid_fusion,3,0,0.85,0.46630823840430113,2.9703999643552004e-05,0.695943525036366,0.2437065972222222
病例31,near,WLI,mid_fusion,3,0,0.9,0.5318055576183333,2.9703999643552004e-05,0.6377697077590482,0.2137993706597222
病例31,near,WLI,mid_fusion,3,0,0.95,0.7111583074661003,0.0,0.4482190391679459,0.1318901909722222
病例31,near,NBI,mid_fusion,3,0,0.05,0.0,0.1275808277001193,0.940034791609421,1.0
病例31,near,NBI,mid_fusion,3,0,0.1,0.007715718961245527,0.03400575046646071,0.9794099221830239,0.9101698133680556
病例31,near,NBI,mid_fusion,3,0,0.15,0.021365429908543114,0.02439360107668308,0.9771550736806226,0.8895399305555556
病例31,near,NBI,mid_fusion,3,0,0.2,0.07716483650934451,0.004412259505092833,0.9576717057489356,0.8223334418402778
病例31,near,NBI,mid_fusion,3,0,0.25,0.11462698436974275,0.0015829076560731656,0.9384140929883821,0.7866007486979166
病例31,near,NBI,mid_fusion,3,0,0.3,0.13003548160156608,0.0005811641635824182,0.9301719027856304,0.7720472547743056
病例31,near,NBI,mid_fusion,3,0,0.35,0.1409628972562934,0.00034411036001590555,0.9240032078300162,0.76214599609375
病例31,near,NBI,mid_fusion,3,0,0.4,0.1475545223748203,0.000198819319120301,0.9202473232782221,0.7561713324652778
病例31,near,NBI,mid_fusion,3,0,0.45,0.1529532315786254,0.00014529104089560456,0.9171182434246765,0.7513359917534722
病例31,near,NBI,mid_fusion,3,0,0.5,0.16020248982962715,7.646896889242346e-05,0.9128859038083685,0.7448459201388888
病例31,near,NBI,mid_fusion,3,0,0.55,0.26420028752332303,1.5293793778484692e-05,0.8477858640677158,0.6525607638888888
病例31,near,NBI,mid_fusion,3,0,0.6,0.28247637108861223,7.646896889242346e-06,0.835529039869622,0.6363457573784722
病例31,near,NBI,mid_fusion,3,0,0.65,0.3000412932432019,7.646896889242346e-06,0.823497130107408,0.6207682291666666
病例31,near,NBI,mid_fusion,3,0,0.7,0.3193114734040926,7.646896889242346e-06,0.8100078257226009,0.6036783854166666
病例31,near,NBI,mid_fusion,3,0,0.75,0.34034043984950907,0.0,0.7949335827528049,0.58502197265625
病例31,near,NBI,mid_fusion,3,0,0.8,0.3666992934267274,0.0,0.7754857437142303,0.5616455078125
病例31,near,NBI,mid_fusion,3,0,0.85,0.4112807022910103,0.0,0.7411243742776563,0.5221082899305556
病例31,near,NBI,mid_fusion,3,0,0.9,0.5012005628116111,0.0,0.6655986449045334,0.4423624674479167
病例31,near,NBI,mid_fusion,3,0,0.95,0.7457024439482458,0.0,0.4054820243006301,0.22552490234375
病例4,far,WLI,mid_fusion,3,0,0.05,0.0,4.569842109239254,0.30442131892123014,1.0
病例4,far,WLI,mid_fusion,3,0,0.1,0.018017677721538113,0.7389514240386794,0.72179803981353,0.3089735243055556
病例4,far,WLI,mid_fusion,3,0,0.15,0.03263579360882375,0.6329228677192718,0.744044160370796,0.2873128255208333
病例4,far,WLI,mid_fusion,3,0,0.2,0.10935257233512125,0.44084762408400696,0.7640139977954054,0.23905436197916666
病例4,far,WLI,mid_fusion,3,0,0.25,0.14852307924756364,0.3347057490367908,0.7789622820796189,0.21296522352430555
病例4,far,WLI,mid_fusion,3,0,0.3,0.1644632469592808,0.29493087557603687,0.7843693486032687,0.20296223958333334
病例4,far,WLI,mid_fusion,3,0,0.35,0.17156455390194153,0.27570446475787563,0.7874338030683288,0.1982354058159722
病例4,far,WLI,mid_fusion,3,0,0.4,0.17692830701820655,0.26482586688826776,0.7884215287186098,0.1953192816840278
病例4,far,WLI,mid_fusion,3,0,0.45,0.18164992067689054,0.25515600211528294,0.7893394542194241,0.19273546006944445
病例4,far,WLI,mid_fusion,3,0,0.5,0.18580494069653244,0.2448062249754476,0.7908640616386152,0.1901312934027778
病例4,far,WLI,mid_fusion,3,0,0.55,0.2202916068595603,0.1364735211906021,0.813814583372797,0.16448974609375
病例4,far,WLI,mid_fusion,3,0,0.6,0.22754400543929892,0.12548160459318577,0.813995143890431,0.16121419270833334
病例4,far,WLI,mid_fusion,3,0,0.65,0.2346075394726902,0.11686938127974617,0.8132688487070031,0.15839979383680555
病例4,far,WLI,mid_fusion,3,0,0.7,0.24367303769736345,0.1068595603233361,0.811863925717042,0.1549750434027778
病例4,far,WLI,mid_fusion,3,0,0.75,0.2541361335650072,0.09684973936692604,0.8095277140029322,0.1512993706597222
病例4,far,WLI,mid_fusion,3,0,0.8,0.2673944247185918,0.08476240840069502,0.8062270072520811,0.14674886067708334
病例4,far,WLI,mid_fusion,3,0,0.85,0.2883206164538793,0.07078643197099041,0.7985335565475036,0.14048258463541666
病例4,far,WLI,mid_fusion,3,0,0.9,0.32299614716325453,0.053448666616302785,0.7824587444320649,0.13114420572916666
病例4,far,WLI,mid_fusion,3,0,0.95,0.4042834479111581,0.023759159930497847,0.735690628351132,0.11121961805555555
病例4,far,NBI,mid_fusion,3,0,0.05,0.0,1.7797236412992252,0.5291392148743265,1.0
病例4,far,NBI,mid_fusion,3,0,0.1,0.0003770241483967048,0.5523403774011726,0.7834148359354208,0.5583157009548612
病例4,far,NBI,mid_fusion,3,0,0.15,0.0019982279865025355,0.4441155956038984,0.8173249862977782,0.518798828125
病例4,far,NBI,mid_fusion,3,0,0.2,0.04105792976040115,0.23113465417459989,0.8757155030678399,0.4281277126736111
病例4,far,NBI,mid_fusion,3,0,0.25,0.11120327256960809,0.18336569457273738,0.8578446534807792,0.3857082790798611
病例4,far,NBI,mid_fusion,3,0,0.3,0.1455124700737082,0.16168680603992686,0.847632582840108,0.3655666775173611
病例4,far,NBI,mid_fusion,3,0,0.35,0.16227119346994176,0.14964088449865215,0.8430528152974246,0.3552042643229167
病例4,far,NBI,mid_fusion,3,0,0.4,0.17180990442437838,0.14338228363526684,0.840131566365632,0.3495212131076389
病例4,far,NBI,mid_fusion,3,0,0.45,0.17869059513261826,0.13836786246159066,0.8382088403628125,0.3452419704861111
病例4,far,NBI,mid_fusion,3,0,0.5,0.1855712858408581,0.13310837559145663,0.8363678601496101,0.3408745659722222
病例4,far,NBI,mid_fusion,3,0,0.55,0.275284181951854,0.08081512620883367,0.8027730794119706,0.2897881401909722
病例4,far,NBI,mid_fusion,3,0,0.6,0.2862555846701981,0.07346315531509794,0.7987258190401465,0.2831963433159722
病例4,far,NBI,mid_fusion,3,0,0.65,0.29504024732784134,0.06782664429656719,0.7953126827651819,0.2780083550347222
病例4,far,NBI,mid_fusion,3,0,0.7,0.30557807227552924,0.06147378739608272,0.79096033066639,0.2719319661458333
病例4,far,NBI,mid_fusion,3,0,0.75,0.3183968933210172,0.05508322808075857,0.7849467034270619,0.2650214301215278
病例4,far,NBI,mid_fusion,3,0,0.8,0.334552378079816,0.04859841272833525,0.7764641187783596,0.2568766276041667
病例4,far,NBI,mid_fusion,3,0,0.85,0.35809753614719025,0.04079401285652346,0.7629450382012918,0.2455986870659722
病例4,far,NBI,mid_fusion,3,0,0.9,0.3971195355062492,0.02812600147039418,0.739274156263593,0.22700330946180555
病例4,far,NBI,mid_fusion,3,0,0.95,0.4938450807774238,0.012931928290006976,0.6663936562293953,0.1867404513888889
病例4,near,WLI,mid_fusion,3,0,0.05,0.0,1.6230721337721248,0.5520177148437666,1.0
病例4,near,WLI,mid_fusion,3,0,0.1,0.0,0.8334430312194254,0.705855024421651,0.6989678276909722
病例4,near,WLI,mid_fusion,3,0,0.15,0.0,0.7586231432891577,0.7249993551544243,0.6704440646701388
病例4,near,WLI,mid_fusion,3,0,0.2,0.003877968513741884,0.4503602241394646,0.8143300685667646,0.5514458550347222
病例4,near,WLI,mid_fusion,3,0,0.25,0.019727830650182337,0.3161789557947167,0.8537278748202071,0.4942491319444444
病例4,near,WLI,mid_fusion,3,0,0.3,0.028373209997331672,0.27026594325358,0.8667915066486283,0.47344970703125
病例4,near,WLI,mid_fusion,3,0,0.35,0.03445699546384417,0.247015921017522,0.8727839908659237,0.4622667100694444
病例4,near,WLI,mid_fusion,3,0,0.4,0.03819265320643956,0.23454593969581072,0.8758220753548484,0.4560885959201389
病例4,near,WLI,mid_fusion,3,0,0.45,0.04203504402739482,0.22645201458685404,0.8770898311840867,0.4515380859375
病例4,near,WLI,mid_fusion,3,0,0.5,0.045130303299831004,0.2184292448634706,0.878728350194088,0.4472995334201389
病例4,near,WLI,mid_fusion,3,0,0.55,0.10362003024103887,0.08720092502001245,0.9037997614491433,0.3749728732638889
病例4,near,WLI,mid_fusion,3,0,0.6,0.11484479231521835,0.07715022680779152,0.9021584429468483,0.3668619791666667
病例4,near,WLI,mid_fusion,3,0,0.65,0.12610513208218446,0.0696433336298141,0.899282419271345,0.3597073025173611
病例4,near,WLI,mid_fusion,3,0,0.7,0.14024726496486703,0.061922974295116964,0.8947948198127368,0.3513726128472222
病例4,near,WLI,mid_fusion,3,0,0.75,0.15769812327670552,0.05365116072222716,0.8885260975212388,0.3415662977430556
病例4,near,WLI,mid_fusion,3,0,0.8,0.18256693053455483,0.044240860980165435,0.8781699696133181,0.3284979926215278
病例4,near,WLI,mid_fusion,3,0,0.85,0.21958551987903585,0.03289157698123277,0.860764212487506,0.31005859375
病例4,near,WLI,mid_fusion,3,0,0.9,0.2902072400604821,0.016330160989059858,0.8224127625359952,0.2768215603298611
病例4,near,WLI,mid_fusion,3,0,0.95,0.4559459219069643,0.00046251000622609626,0.7044975525474177,0.2075873480902778
病例4,near,NBI,mid_fusion,3,0,0.05,0.0,0.8280273728057126,0.707206733297954,1.0
病例4,near,NBI,mid_fusion,3,0,0.1,0.0313522761083011,0.17432807696122185,0.9040211499407593,0.6252509223090278
病例4,near,NBI,mid_fusion,3,0,0.15,0.060968957651492614,0.14171129624119805,0.9025923344111971,0.5912068684895834
病例4,near,NBI,mid_fusion,3,0,0.2,0.15058762273132997,0.08948229693543588,0.8761820727748412,0.51361083984375
病例4,near,NBI,mid_fusion,3,0,0.25,0.2030149757016761,0.06668402261231776,0.855286002221195,0.4724595811631944
病例4,near,NBI,mid_fusion,3,0,0.3,0.2250818208866409,0.06125409104433204,0.8440582528199118,0.4574178059895833
病例4,near,NBI,mid_fusion,3,0,0.35,0.23611524347912327,0.058588713676485174,0.8382945145836701,0.4499240451388889
病例4,near,NBI,mid_fusion,3,0,0.4,0.24280967965883168,0.05640682336606169,0.8350149017028716,0.445068359375
病例4,near,NBI,mid_fusion,3,0,0.45,0.24799166914608747,0.054299315679857185,0.8326470103766316,0.4410807291666667
病例4,near,NBI,mid_fusion,3,0,0.5,0.2532604383615987,0.0520926311613607,0.8302492746426073,0.4369913736979167
病例4,near,NBI,mid_fusion,3,0,0.55,0.3287216106317564,0.026976098383417635,0.790550997167058,0.3819715711805556
病例4,near,NBI,mid_fusion,3,0,0.6,0.3410691262521075,0.02251314093027869,0.7837678423964966,0.3727756076388889
病例4,near,NBI,mid_fusion,3,0,0.65,0.3514578994346921,0.018831201031439055,0.7779206971153424,0.3650783962673611
病例4,near,NBI,mid_fusion,3,0,0.7,0.36280124962808685,0.015074878508380442,0.7712993044659914,0.3568183051215278
病例4,near,NBI,mid_fusion,3,0,0.75,0.37561985520182484,0.012012793811365665,0.7631176229937097,0.3481309678819444
病例4,near,NBI,mid_fusion,3,0,0.8,0.39218238619458495,0.008715164137657444,0.7520015951403786,0.3372667100694444
病例4,near,NBI,mid_fusion,3,0,0.85,0.41592284042447686,0.004289397996627988,0.7354437888289973,0.3218587239583333
病例4,near,NBI,mid_fusion,3,0,0.9,0.4618789050877715,0.0008801943865912922,0.6993120781035432,0.2948540581597222
病例4,near,NBI,mid_fusion,3,0,0.95,0.6326862045026281,0.0,0.5372779777496874,0.2009345160590278
病例43,far,WLI,mid_fusion,3,0,0.05,0.0,4.240457743976117,0.3204893105685157,1.0
病例43,far,WLI,mid_fusion,3,0,0.1,0.09115786480915487,0.17606084298812993,0.8718315861231197,0.2070244683159722
病例43,far,WLI,mid_fusion,3,0,0.15,0.13782074063543961,0.12758547160423628,0.8666142744858423,0.1888699001736111
病例43,far,WLI,mid_fusion,3,0,0.2,0.2380766223612197,0.03834671973843201,0.8464545167386954,0.1527099609375
病例43,far,WLI,mid_fusion,3,0,0.25,0.2980311322766366,0.018977894662022887,0.8157938212439786,0.1375732421875
病例43,far,WLI,mid_fusion,3,0,0.3,0.3163337834956287,0.011905608074490013,0.8064137497363102,0.13273111979166666
病例43,far,WLI,mid_fusion,3,0,0.35,0.3250764091264482,0.008849243016561235,0.8016801046882484,0.13047960069444445
病例43,far,WLI,mid_fusion,3,0,0.4,0.3327884000284313,0.007107825716113441,0.796994396330453,0.12867567274305555
病例43,far,WLI,mid_fusion,3,0,0.45,0.33861681711564434,0.0056862605728907525,0.7934680651471103,0.1272922092013889
病例43,far,WLI,mid_fusion,3,0,0.5,0.34636434714620795,0.0044423910725709,0.7884256778463435,0.1255764431423611
病例43,far,WLI,mid_fusion,3,0,0.55,0.40845120477645885,0.0023811216148980027,0.7422519509459481,0.11333550347222222
病例43,far,WLI,mid_fusion,3,0,0.6,0.41882863032198453,0.0020257303290923305,0.7341743737076094,0.11128743489583333
病例43,far,WLI,mid_fusion,3,0,0.65,0.428068803752932,0.0014571042718032553,0.727005782434209,0.10941569010416667
病例43,far,WLI,mid_fusion,3,0,0.7,0.4379131423697491,0.0009595564716753146,0.7192196630346758,0.10744222005208333
病例43,far,WLI,mid_fusion,3,0,0.75,0.4504939938872699,0.0006397043144502096,0.7089733596205489,0.10498046875
病例43,far,WLI,mid_fusion,3,0,0.8,0.4659535148198166,0.00024877390006397044,0.6961456499566938,0.1019558376736111
病例43,far,WLI,mid_fusion,3,0,0.85,0.4868505224251901,7.107825716113441e-05,0.6782216585624881,0.0979342990451389
病例43,far,WLI,mid_fusion,3,0,0.9,0.5177340251617031,0.0,0.650714491223145,0.09202745225694445
病例43,far,WLI,mid_fusion,3,0,0.95,0.5845120477645888,0.0,0.5870596801310928,0.07928466796875
病例43,far,NBI,mid_fusion,3,0,0.05,0.0,2.2917959593704653,0.46600537838530565,1.0
病例43,far,NBI,mid_fusion,3,0,0.1,0.0,1.436655876771961,0.5819610899992972,0.7402208116319444
病例43,far,NBI,mid_fusion,3,0,0.15,0.0,1.3518473043866504,0.5966858923976684,0.7144571940104166
病例43,far,NBI,mid_fusion,3,0,0.2,0.000200915280723295,0.4908137068869293,0.8028538904866108,0.4528266059027778
病例43,far,NBI,mid_fusion,3,0,0.25,0.0066748521040294675,0.260855006139078,0.8813183330683714,0.3810017903645833
病例43,far,NBI,mid_fusion,3,0,0.3,0.011385199240986717,0.21011273579640585,0.8992608536724818,0.3641560872395833
病例43,far,NBI,mid_fusion,3,0,0.35,0.015983926777542137,0.18580198682888716,0.9070033025701338,0.3553738064236111
病例43,far,NBI,mid_fusion,3,0,0.4,0.018551177586784238,0.172072775979462,0.911482683196418,0.3504231770833333
病例43,far,NBI,mid_fusion,3,0,0.45,0.021319343676749637,0.1633664471481192,0.9137807051359376,0.3469373914930556
病例43,far,NBI,mid_fusion,3,0,0.5,0.02457863600848309,0.15381180935372252,0.9162184547951685,0.3430447048611111
病例43,far,NBI,mid_fusion,3,0,0.55,0.0764817501953343,0.07683893291662015,0.9233533468730628,0.30389404296875
病例43,far,NBI,mid_fusion,3,0,0.6,0.09195222681102802,0.0672619712021431,0.9193978572386879,0.2962849934895833
病例43,far,NBI,mid_fusion,3,0,0.65,0.1060609443018194,0.06063176693827436,0.9147164639359092,0.2899848090277778
病例43,far,NBI,mid_fusion,3,0,0.7,0.12255832124120995,0.05464895635673624,0.9082821093486756,0.2831556532118056
病例43,far,NBI,mid_fusion,3,0,0.75,0.14220337091193214,0.04882241321576069,0.8998091491319214,0.2754177517361111
病例43,far,NBI,mid_fusion,3,0,0.8,0.16872418796740707,0.042571715593258175,0.8872395430004083,0.2654622395833333
病例43,far,NBI,mid_fusion,3,0,0.85,0.21299252148677308,0.03460207612456748,0.864079216656008,0.24959309895833334
病例43,far,NBI,mid_fusion,3,0,0.9,0.2832012501395245,0.02256948320125014,0.8242058653650463,0.224609375
病例43,far,NBI,mid_fusion,3,0,0.95,0.45145663578524386,0.010938720839379395,0.7034942811733921,0.16996256510416666
病例43,near,WLI,mid_fusion,3,0,0.05,0.0,2.9080861890752963,0.40749080658987535,1.0
病例43,near,WLI,mid_fusion,3,0,0.1,0.0,0.5857782725080173,0.7734615226920037,0.4057685004340278
病例43,near,WLI,mid_fusion,3,0,0.15,0.0015637009355702208,0.4161829795128674,0.8269927337378142,0.3619723849826389
病例43,near,WLI,mid_fusion,3,0,0.2,0.02674193633881954,0.1639500675836845,0.9107751832228689,0.2909884982638889
病例43,near,WLI,mid_fusion,3,0,0.25,0.047838647266173706,0.0943786276536535,0.9305084306755802,0.2677883572048611
病例43,near,WLI,mid_fusion,3,0,0.3,0.058095465267286844,0.0754816993983727,0.9337870148966949,0.2603285047743056
病例43,near,WLI,mid_fusion,3,0,0.35,0.06636452784182767,0.0670801197953937,0.9333015406205761,0.2560628255208333
病例43,near,WLI,mid_fusion,3,0,0.4,0.07285786223529724,0.0625215340171212,0.9319586530251865,0.25323486328125
病例43,near,WLI,mid_fusion,3,0,0.45,0.07746945482494501,0.05904958787204156,0.9311059692097702,0.2511664496527778
病例43,near,WLI,mid_fusion,3,0,0.5,0.08306167342503512,0.05494155999045877,0.93001438152588,0.2486843532986111
病例43,near,WLI,mid_fusion,3,0,0.55,0.15350772574275795,0.024701174100871963,0.9047619047606232,0.22292073567708334
病例43,near,WLI,mid_fusion,3,0,0.6,0.17160955182740983,0.01908245209509422,0.8967822456842257,0.2168511284722222
病例43,near,WLI,mid_fusion,3,0,0.65,0.18944634385518538,0.015318968487450638,0.8878534517783083,0.21132405598958334
病例43,near,WLI,mid_fusion,3,0,0.7,0.20717712226021043,0.012589117701624658,0.878273634760895,0.2060885959201389
病例43,near,WLI,mid_fusion,3,0,0.75,0.22583551986430256,0.010203811189737882,0.8677182663445508,0.20070393880208334
病例43,near,WLI,mid_fusion,3,0,0.8,0.248707958972728,0.007314939969786117,0.8544172167452536,0.19411214192708334
病例43,near,WLI,mid_fusion,3,0,0.85,0.27950491638175506,0.004903130052211709,0.8351638223670371,0.1856146918402778
病例43,near,WLI,mid_fusion,3,0,0.9,0.32956984972568976,0.0034984495507672736,0.801025982044046,0.17244466145833334
病例43,near,WLI,mid_fusion,3,0,0.95,0.44284540563462405,0.0006890885478784024,0.715289474130701,0.14274088541666666
病例43,near,NBI,mid_fusion,3,0,0.05,0.0,0.6739624012351285,0.7479536731987451,1.0
病例43,near,NBI,mid_fusion,3,0,0.1,0.01646081191535737,0.26455362818999184,0.8749987375645736,0.7455919053819444
病例43,near,NBI,mid_fusion,3,0,0.15,0.0250999000999001,0.22284533648170013,0.8871820036669918,0.71551513671875
病例43,near,NBI,mid_fusion,3,0,0.2,0.09604032331305058,0.0805558078285351,0.9110129739371948,0.588134765625
病例43,near,NBI,mid_fusion,3,0,0.25,0.13451321405866862,0.027926618835709745,0.9142079418654246,0.5337117513020834
病例43,near,NBI,mid_fusion,3,0,0.3,0.15098537825810554,0.01689219871038053,0.9100289601123664,0.5172797309027778
病例43,near,NBI,mid_fusion,3,0,0.35,0.1577513395695214,0.011681500317863955,0.9086088335603619,0.5101250542534722
病例43,near,NBI,mid_fusion,3,0,0.4,0.16220143492870764,0.009183997820361457,0.9072078772190593,0.5059746636284722
病例43,near,NBI,mid_fusion,3,0,0.45,0.16616338207247297,0.007401689219871038,0.9057345968636326,0.5025431315104166
病例43,near,NBI,mid_fusion,3,0,0.5,0.17044319317046588,0.005698846607937517,0.904023159144334,0.4989691840277778
病例43,near,NBI,mid_fusion,3,0,0.55,0.226920806466261,0.0031559349741167924,0.8704694340581789,0.4637112087673611
病例43,near,NBI,mid_fusion,3,0,0.6,0.2347538824811552,0.0024861502134229407,0.8657941380456307,0.4586317274305556
病例43,near,NBI,mid_fusion,3,0,0.65,0.24237126509853782,0.0019639451457633276,0.8611410396190549,0.4537692599826389
病例43,near,NBI,mid_fusion,3,0,0.7,0.2532467532467532,0.0014303877940241576,0.8543189994409819,0.4469536675347222
病例43,near,NBI,mid_fusion,3,0,0.75,0.2648374352919807,0.0010898192716374535,0.846838364618945,0.4398261176215278
病例43,near,NBI,mid_fusion,3,0,0.8,0.2783353010625738,0.0007946598855689765,0.8379468522613901,0.4315863715277778
病例43,near,NBI,mid_fusion,3,0,0.85,0.30276541640178006,0.00043138679502315865,0.8214037340175323,0.4167751736111111
病例43,near,NBI,mid_fusion,3,0,0.9,0.346925801471256,0.00012487512487512488,0.7900732693794488,0.3902113172743056
病例43,near,NBI,mid_fusion,3,0,0.95,0.4404686222868041,0.0,0.7175634754245883,0.3342556423611111
病例45,far,WLI,mid_fusion,3,0,0.05,0.0,7.652505574463091,0.20720008753893226,1.0
病例45,far,WLI,mid_fusion,3,0,0.1,0.0,1.6479873254312873,0.548247518859,0.3060370551215278
病例45,far,WLI,mid_fusion,3,0,0.15,0.0008214998239643235,1.215467668114071,0.6216413551390522,0.2559543185763889
病例45,far,WLI,mid_fusion,3,0,0.2,0.010034033564135665,0.6678793568829949,0.744938734958064,0.19160291883680555
病例45,far,WLI,mid_fusion,3,0,0.25,0.02552517310174862,0.44889097523764815,0.8042325480016362,0.16450330946180555
病例45,far,WLI,mid_fusion,3,0,0.3,0.03338809998826429,0.3970191292101866,0.8179042228325565,0.1575995551215278
病例45,far,WLI,mid_fusion,3,0,0.35,0.03831709893205023,0.37131792043187417,0.8244171131043929,0.1540595160590278
病例45,far,WLI,mid_fusion,3,0,0.4,0.04260063372843563,0.3561788522473888,0.8276351831164968,0.15181477864583334
病例45,far,WLI,mid_fusion,3,0,0.45,0.04600399014200211,0.34373899777021477,0.8303794882250616,0.14998372395833334
病例45,far,WLI,mid_fusion,3,0,0.5,0.04928998943785941,0.3293627508508391,0.8339295365035028,0.1479424370659722
病例45,far,WLI,mid_fusion,3,0,0.55,0.09417908696162422,0.22139420255838516,0.851649564159628,0.1302761501736111
病例45,far,WLI,mid_fusion,3,0,0.6,0.10556272737941556,0.20566834878535384,0.8518021793773349,0.1271430121527778
病例45,far,WLI,mid_fusion,3,0,0.65,0.11465790400187771,0.19281774439619762,0.8520442737721593,0.1246066623263889
病例45,far,WLI,mid_fusion,3,0,0.7,0.12610022297852364,0.17867621171224035,0.8515151515127172,0.12164984809027778
病例45,far,WLI,mid_fusion,3,0,0.75,0.139654970073935,0.16165942964440794,0.8509823268207116,0.11811659071180555
病例45,far,WLI,mid_fusion,3,0,0.8,0.15473535969956578,0.14229550522239173,0.8505550307013151,0.1141357421875
病例45,far,WLI,mid_fusion,3,0,0.85,0.17744396197629386,0.11647693932637014,0.8484188228148027,0.10852728949652778
病例45,far,WLI,mid_fusion,3,0,0.9,0.22162891679380353,0.07986151860110316,0.8377541998205199,0.09918891059027778
病例45,far,WLI,mid_fusion,3,0,0.95,0.3099988264288229,0.031040957634080508,0.8018411183061649,0.08333333333333333
病例45,far,NBI,mid_fusion,3,0,0.05,0.0,9.099034312718308,0.1801958570131619,1.0
病例45,far,NBI,mid_fusion,3,0,0.1,0.0,2.041983425792754,0.49480658115374415,0.3012152777777778
病例45,far,NBI,mid_fusion,3,0,0.15,0.0,1.5430449969180193,0.5644861980967979,0.2518107096354167
病例45,far,NBI,mid_fusion,3,0,0.2,0.0,0.666461201287583,0.7500577915887549,0.1650119357638889
病例45,far,NBI,mid_fusion,3,0,0.25,0.0002054653790836244,0.4599684953085405,0.8129193930090132,0.14454481336805555
病例45,far,NBI,mid_fusion,3,0,0.3,0.0012327922745017466,0.40134237381001303,0.8322680059330205,0.1386379665798611
病例45,far,NBI,mid_fusion,3,0,0.35,0.0025340730086980344,0.3760701321827272,0.8404893813456819,0.13600667317708334
病例45,far,NBI,mid_fusion,3,0,0.4,0.003218957605643449,0.3574412711458119,0.8468028160794588,0.13409423828125
病例45,far,NBI,mid_fusion,3,0,0.45,0.00417779604136703,0.3411410177385111,0.8522360940130935,0.13238525390625
病例45,far,NBI,mid_fusion,3,0,0.5,0.0058215190740360245,0.32497774125059925,0.8573622349511034,0.1306220160590278
病例45,far,NBI,mid_fusion,3,0,0.55,0.013560715019519212,0.24354496267378947,0.8847051597024426,0.1217922634548611
病例45,far,NBI,mid_fusion,3,0,0.6,0.017875487980275325,0.22614889391137594,0.8894953943464023,0.11964246961805555
病例45,far,NBI,mid_fusion,3,0,0.65,0.02177933018286419,0.21080747893979865,0.8937488267289476,0.11773681640625
病例45,far,NBI,mid_fusion,3,0,0.7,0.026710499280871172,0.19313745633860693,0.898520485581378,0.11549886067708333
病例45,far,NBI,mid_fusion,3,0,0.75,0.033490856790630776,0.17238545305116088,0.9037463976916307,0.11277262369791667
病例45,far,NBI,mid_fusion,3,0,0.8,0.04506540647900829,0.14951030751318403,0.9075405994698228,0.10936143663194445
病例45,far,NBI,mid_fusion,3,0,0.85,0.059516471474556534,0.12314225053078556,0.9114865089080632,0.1053195529513889
病例45,far,NBI,mid_fusion,3,0,0.9,0.08437778234367509,0.0863639476748168,0.9147138312034665,0.0992160373263889
病例45,far,NBI,mid_fusion,3,0,0.95,0.14670228066570784,0.02842271077323471,0.906933575974861,0.0873074001736111
病例45,near,WLI,mid_fusion,3,0,0.05,0.0,5.445600384665822,0.26861500707422015,1.0
病例45,near,WLI,mid_fusion,3,0,0.1,0.0034969620142501203,1.4760239541897977,0.5739353734210623,0.3835991753472222
病例45,near,WLI,mid_fusion,3,0,0.15,0.010884294269353499,1.077370284565284,0.6451134678973585,0.3206041124131944
病例45,near,WLI,mid_fusion,3,0,0.2,0.04786466757004852,0.4694234383879005,0.7863821798606694,0.2205471462673611
病例45,near,WLI,mid_fusion,3,0,0.25,0.08829829085981554,0.21480089172531364,0.8574658773210462,0.1747707790798611
病例45,near,WLI,mid_fusion,3,0,0.3,0.11675481925077588,0.16400751846833064,0.8628589729884427,0.1624755859375
病例45,near,WLI,mid_fusion,3,0,0.35,0.13327796476810772,0.1435065786597893,0.8623119074522434,0.1567314995659722
病例45,near,WLI,mid_fusion,3,0,0.4,0.14512392359138,0.12986842680421384,0.8614469772032564,0.1527777777777778
病例45,near,WLI,mid_fusion,3,0,0.45,0.15360405647593653,0.12191283822179481,0.8600235403831752,0.15022786458333334
病例45,near,WLI,mid_fusion,3,0,0.5,0.1639200944179744,0.11408838571491017,0.8574438517038206,0.14741346571180555
病例45,near,WLI,mid_fusion,3,0,0.55,0.2701840276259999,0.03837915810639507,0.8254925712570135,0.11918131510416667
病例45,near,WLI,mid_fusion,3,0,0.6,0.2868820212440442,0.030904401800935438,0.8177853526472059,0.11543104383680555
病例45,near,WLI,mid_fusion,3,0,0.65,0.3011758534772916,0.024260173973860207,0.8111316877627257,0.1121826171875
病例45,near,WLI,mid_fusion,3,0,0.7,0.3169996065917734,0.01787821829785374,0.8031148004399704,0.1087375217013889
病例45,near,WLI,mid_fusion,3,0,0.75,0.3361017615946147,0.011933382873628535,0.7923209348406481,0.10485161675347222
病例45,near,WLI,mid_fusion,3,0,0.8,0.35909428683830924,0.004764610744415788,0.7788992775159931,0.10017225477430555
病例45,near,WLI,mid_fusion,3,0,0.85,0.38986755256371025,0.0010490886042750361,0.757372690521291,0.0948215060763889
病例45,near,WLI,mid_fusion,3,0,0.9,0.4430650872054902,4.37120251781265e-05,0.7154046997368949,0.08641221788194445
病例45,near,WLI,mid_fusion,3,0,0.95,0.556672640643441,0.0,0.6143129713176828,0.06877983940972222
病例45,near,NBI,mid_fusion,3,0,0.05,0.0,0.814954766447166,0.7104909904194951,1.0
病例45,near,NBI,mid_fusion,3,0,0.1,0.0,0.44215644039633206,0.8189483551980874,0.7945963541666666
病例45,near,NBI,mid_fusion,3,0,0.15,0.0,0.423706074219952,0.825182567008529,0.7844306098090278
病例45,near,NBI,mid_fusion,3,0,0.2,0.0,0.191248692227214,0.9127215943554313,0.6563517252604166
病例45,near,NBI,mid_fusion,3,0,0.25,0.00038156194227337065,0.07461382238907009,0.9638442686662411,0.5918782552083334
病例45,near,NBI,mid_fusion,3,0,0.3,0.0005169548895316635,0.0629207951258539,0.9692408689418899,0.5853610568576388
病例45,near,NBI,mid_fusion,3,0,0.35,0.0007261985352944797,0.057271216690257865,0.9717986162642911,0.5821329752604166
病例45,near,NBI,mid_fusion,3,0,0.4,0.0008615914825527725,0.0536032986645332,0.9734672462893279,0.5800374348958334
病例45,near,NBI,mid_fusion,3,0,0.45,0.001156994276570866,0.05116622561388393,0.9744765930358658,0.5785319010416666
病例45,near,NBI,mid_fusion,3,0,0.5,0.0018955012616160994,0.04833528217121054,0.9754545509217472,0.5765652126736112
病例45,near,NBI,mid_fusion,3,0,0.55,0.01204997230598806,0.030906517324143023,0.9787223665112127,0.5613674587673612
病例45,near,NBI,mid_fusion,3,0,0.6,0.014339343959628284,0.028420210474490736,0.9787696933394168,0.5587361653645834
病例45,near,NBI,mid_fusion,3,0,0.65,0.016973352206289618,0.02565080928057111,0.9787799871313589,0.5557590060763888
病例45,near,NBI,mid_fusion,3,0,0.7,0.02064127023201428,0.02257369684288264,0.9784133737474541,0.5520426432291666
病例45,near,NBI,mid_fusion,3,0,0.75,0.025318481137300758,0.01938580835743738,0.9775813540066061,0.5477091471354166
病例45,near,NBI,mid_fusion,3,0,0.8,0.031891193304203334,0.016493322666010217,0.975620042296854,0.5424940321180556
病例45,near,NBI,mid_fusion,3,0,0.85,0.042858022032125055,0.012197673702997108,0.9720435752717379,0.5340847439236112
病例45,near,NBI,mid_fusion,3,0,0.9,0.06921041294848913,0.006191150224629208,0.9610726313776697,0.5162556966145834
病例45,near,NBI,mid_fusion,3,0,0.95,0.197599852298603,3.6925349252261676e-05,0.8903502482256159,0.4421251085069444
病例48,far,WLI,mid_fusion,3,0,0.05,0.0,16.709464328609176,0.10689776921835538,0.9999525282118056
病例48,far,WLI,mid_fusion,3,0,0.1,0.0,3.8770117703579148,0.3403090002445428,0.2753770616319444
病例48,far,WLI,mid_fusion,3,0,0.15,0.0,3.3551525342301227,0.37347208827601436,0.24591064453125
病例48,far,WLI,mid_fusion,3,0,0.2,0.0015613740091280327,2.358635599327408,0.45830691622664965,0.18955485026041666
病例48,far,WLI,mid_fusion,3,0,0.25,0.008407398510689407,1.864160461205861,0.5143444537877633,0.1612481011284722
病例48,far,WLI,mid_fusion,3,0,0.3,0.013692049003122748,1.7082632716790775,0.5339228243537794,0.15214708116319445
病例48,far,WLI,mid_fusion,3,0,0.35,0.015613740091280326,1.6434061974537593,0.5426916073479798,0.14837646484375
病例48,far,WLI,mid_fusion,3,0,0.4,0.01705500840739851,1.6101369204900313,0.5471319695128121,0.1464165581597222
病例48,far,WLI,mid_fusion,3,0,0.45,0.019337016574585635,1.5844343021859235,0.5501465485276079,0.14483642578125
病例48,far,WLI,mid_fusion,3,0,0.5,0.02426134998798943,1.560413163583954,0.5518646831038928,0.14320203993055555
病例48,far,WLI,mid_fusion,3,0,0.55,0.23180398750900794,1.203939466730723,0.516932029416807,0.1113552517361111
病例48,far,WLI,mid_fusion,3,0,0.6,0.2566658659620466,1.1844823444631276,0.5077737211284908,0.1088528103298611
病例48,far,WLI,mid_fusion,3,0,0.65,0.2749219312995436,1.1661061734326208,0.5015785975386275,0.1067843967013889
病例48,far,WLI,mid_fusion,3,0,0.7,0.29377852510208985,1.1422051405236608,0.49586776859295045,0.1043701171875
病例48,far,WLI,mid_fusion,3,0,0.75,0.32440547681960125,1.121426855632957,0.4830814153191211,0.1014675564236111
病例48,far,WLI,mid_fusion,3,0,0.8,0.35827528224837857,1.095964448714869,0.4688075809402965,0.0981174045138889
病例48,far,WLI,mid_fusion,3,0,0.85,0.4158059092000961,1.0473216430458803,0.4439981743475856,0.09212239583333333
病例48,far,WLI,mid_fusion,3,0,0.9,0.5314676915685803,0.9207302426134999,0.39219826069274516,0.07844373914930555
病例48,far,WLI,mid_fusion,3,0,0.95,0.6807590679798222,0.6088157578669229,0.3311530555015813,0.05240207248263889
病例48,far,NBI,mid_fusion,3,0,0.05,0.0,2.777823324451732,0.41860066063209506,1.0
病例48,far,NBI,mid_fusion,3,0,0.1,0.0,1.1224123795859808,0.6405303838385213,0.5618082682291666
病例48,far,NBI,mid_fusion,3,0,0.15,0.0,1.0193687230989956,0.6623901164166391,0.5345323350694444
病例48,far,NBI,mid_fusion,3,0,0.2,0.0,0.5061744209879073,0.7980290530654992,0.3986884223090278
病例48,far,NBI,mid_fusion,3,0,0.25,0.0,0.2937589670014347,0.8719311962460942,0.3424614800347222
病例48,far,NBI,mid_fusion,3,0,0.3,0.0006405001024800163,0.2228171756507481,0.8994419848726025,0.3235134548611111
病例48,far,NBI,mid_fusion,3,0,0.35,0.0015115802418528388,0.1833111293297807,0.9152888680120769,0.3128255208333333
病例48,far,NBI,mid_fusion,3,0,0.4,0.0024851403976224634,0.16832342693174832,0.9211351242640251,0.3086005316840278
病例48,far,NBI,mid_fusion,3,0,0.45,0.003561180569788891,0.15776798524287763,0.9251097130205569,0.3055216471354167
病例48,far,NBI,mid_fusion,3,0,0.5,0.004585980733756917,0.147853043656487,0.9288753944714917,0.3026258680555556
病例48,far,NBI,mid_fusion,3,0,0.55,0.029565484730477556,0.07496413199426112,0.9488952352310375,0.2767198350694444
病例48,far,NBI,mid_fusion,3,0,0.6,0.034996925599508094,0.0665351506456241,0.9500220694861592,0.2730509440104167
病例48,far,NBI,mid_fusion,3,0,0.65,0.04030026644804263,0.05974584955933593,0.9504586224820795,0.2698499891493056
病例48,far,NBI,mid_fusion,3,0,0.7,0.049472227915556465,0.052700348432055746,0.9489960352974178,0.2655571831597222
病例48,far,NBI,mid_fusion,3,0,0.75,0.07181287149005944,0.04521930723508916,0.9406953496209842,0.2576633029513889
病例48,far,NBI,mid_fusion,3,0,0.8,0.1094998975199836,0.03766140602582496,0.9236779165547121,0.24568684895833334
病例48,far,NBI,mid_fusion,3,0,0.85,0.16284074605451937,0.03015474482475917,0.8966454002868949,0.2295803493923611
病例48,far,NBI,mid_fusion,3,0,0.9,0.28307542529206803,0.02100840336134454,0.8250313260104296,0.19533284505208334
病例48,far,NBI,mid_fusion,3,0,0.95,0.5510606681697069,0.01127280180364829,0.61489604351151,0.12181939019097222
病例48,near,WLI,mid_fusion,3,0,0.05,0.0,1.9400646010288312,0.5076058903899056,1.0
病例48,near,WLI,mid_fusion,3,0,0.1,0.0,1.099673007138015,0.6452293501259833,0.7141587999131944
病例48,near,WLI,mid_fusion,3,0,0.15,0.00017944730230888862,0.9607010407943534,0.6754354063114213,0.6668294270833334
病例48,near,WLI,mid_fusion,3,0,0.2,0.002911034015233082,0.447760896438968,0.8156647827817747,0.4914347330729167
病例48,near,WLI,mid_fusion,3,0,0.25,0.008952426526298999,0.32501894165968814,0.8558023415970594,0.4476318359375
病例48,near,WLI,mid_fusion,3,0,0.3,0.016249950153527138,0.28117398412888306,0.8686826004658051,0.43023681640625
病例48,near,WLI,mid_fusion,3,0,0.35,0.02147386050963034,0.2571479842086374,0.8753745719170275,0.4202880859375
病例48,near,WLI,mid_fusion,3,0,0.4,0.024983052199226384,0.24386888383777963,0.8788347141591226,0.4145779079861111
病例48,near,WLI,mid_fusion,3,0,0.45,0.027973840571041193,0.2346373170634446,0.8809917504713155,0.4104207356770833
病例48,near,WLI,mid_fusion,3,0,0.5,0.03138333931491008,0.22359133867687522,0.8836904718586207,0.4055040147569444
病例48,near,WLI,mid_fusion,3,0,0.55,0.0763448578378594,0.13618056386330105,0.8968240908334252,0.3604804144965278
病例48,near,WLI,mid_fusion,3,0,0.6,0.08382182876739643,0.1250348925310045,0.8976800976792209,0.3541463216145833
病例48,near,WLI,mid_fusion,3,0,0.65,0.0910196594488974,0.11522510667145193,0.8981107543183762,0.3483615451388889
病例48,near,WLI,mid_fusion,3,0,0.7,0.09927423535510627,0.10435857558719146,0.8984417728181354,0.34185791015625
病例48,near,WLI,mid_fusion,3,0,0.75,0.10964230171073094,0.09267456234796825,0.8979760097319465,0.3343573676215278
病例48,near,WLI,mid_fusion,3,0,0.8,0.12405790166287833,0.07859791841129321,0.8963153384738072,0.3246663411458333
病例48,near,WLI,mid_fusion,3,0,0.85,0.1476053754436336,0.06133110021134904,0.8908221418813194,0.3107842339409722
病例48,near,WLI,mid_fusion,3,0,0.9,0.1912509470829844,0.04027595007377278,0.8747843340225211,0.2887776692708333
病例48,near,WLI,mid_fusion,3,0,0.95,0.29784264465446425,0.012361925270167882,0.8190719851135957,0.24302842881944445
病例48,near,NBI,mid_fusion,3,0,0.05,0.0,0.4605098948119094,0.812839649300448,1.0
病例48,near,NBI,mid_fusion,3,0,0.1,0.0,0.0904993958122858,0.9567091978143965,0.7466566297743056
病例48,near,NBI,mid_fusion,3,0,0.15,9.904716626057329e-06,0.07865335472752125,0.9621564441729109,0.7385389539930556
病例48,near,NBI,mid_fusion,3,0,0.2,0.0024860838731403895,0.05751668944751491,0.9708020050120634,0.7223714192708334
病例48,near,NBI,mid_fusion,3,0,0.25,0.0051504526455498105,0.028674154632435965,0.9832843038874477,0.7007988823784722
病例48,near,NBI,mid_fusion,3,0,0.3,0.006655969572710525,0.02172104356094372,0.9859175698586911,0.69500732421875
病例48,near,NBI,mid_fusion,3,0,0.35,0.0077652978348289456,0.01760068144450387,0.9873790761735156,0.6914265950520834
病例48,near,NBI,mid_fusion,3,0,0.4,0.008854816663695251,0.01535231077038886,0.9879356303677619,0.6891411675347222
病例48,near,NBI,mid_fusion,3,0,0.45,0.010449476040490482,0.014034983459123235,0.9877796782768022,0.6871473524305556
病例48,near,NBI,mid_fusion,3,0,0.5,0.01260870426497098,0.012856322180622413,0.9872690629807589,0.6848619249131944
病例48,near,NBI,mid_fusion,3,0,0.55,0.024514173649491888,0.007369109169786652,0.9839205167008916,0.6729532877604166
病例48,near,NBI,mid_fusion,3,0,0.6,0.02958538856203324,0.005883401675878053,0.9820529140830336,0.6684638129340278
病例48,near,NBI,mid_fusion,3,0,0.65,0.03482498365721757,0.004585883797864543,0.9799920551508364,0.6639879014756944
病例48,near,NBI,mid_fusion,3,0,0.7,0.04198609377785702,0.002902081971434797,0.9771085676181307,0.6579318576388888
病例48,near,NBI,mid_fusion,3,0,0.75,0.05327747073156237,0.0018224678591945485,0.9717225218442773,0.6494615342881944
病例48,near,NBI,mid_fusion,3,0,0.8,0.07127434084110854,0.00036647451516412115,0.9628629373855863,0.6361423068576388
病例48,near,NBI,mid_fusion,3,0,0.85,0.09918583229333809,3.9618866504229316e-05,0.9477995352079849,0.6168077256944444
病例48,near,NBI,mid_fusion,3,0,0.9,0.15581109724450784,0.0,0.9155123984247981,0.5780097113715278
病例48,near,NBI,mid_fusion,3,0,0.95,0.35794655414908577,0.0,0.782012847965267,0.4396091037326389
病例49,far,WLI,mid_fusion,3,0,0.05,0.0,13.153868304856978,0.13197950251142881,0.9999932183159722
病例49,far,WLI,mid_fusion,3,0,0.1,0.035035515454021886,1.9227298905740065,0.49641992987878025,0.20402018229166666
病例49,far,WLI,mid_fusion,3,0,0.15,0.09358802073334613,1.5129583413323096,0.5301630968741258,0.1709323459201389
病例49,far,WLI,mid_fusion,3,0,0.2,0.354578613937416,0.1363985409867537,0.7244518666124847,0.05523681640625
病例49,far,WLI,mid_fusion,3,0,0.25,0.5385870608562104,0.04146669226339029,0.614038449252002,0.035529242621527776
病例49,far,WLI,mid_fusion,3,0,0.3,0.5934920330197735,0.02706853522749088,0.56712420488405,0.030632866753472224
病例49,far,WLI,mid_fusion,3,0,0.35,0.6166250719907852,0.022365137262430407,0.5454421304162141,0.028666178385416668
病例49,far,WLI,mid_fusion,3,0,0.4,0.6315991553081206,0.019485505855250527,0.5308804204956713,0.02740478515625
病例49,far,WLI,mid_fusion,3,0,0.45,0.64455749664043,0.016797849875215973,0.5180470061519442,0.026299370659722224
病例49,far,WLI,mid_fusion,3,0,0.5,0.6585717028220388,0.014110193895181417,0.5037530094851738,0.025119357638888888
病例49,far,WLI,mid_fusion,3,0,0.55,0.8529468228066808,9.59877135726627e-05,0.25638021922637116,0.010396321614583334
病例49,far,WLI,mid_fusion,3,0,0.6,0.8856786331349588,0.0,0.20518563183560007,0.008076985677083334
病例49,far,WLI,mid_fusion,3,0,0.65,0.9146669226339028,0.0,0.1572477226482953,0.006028917100694444
病例49,far,WLI,mid_fusion,3,0,0.7,0.9555576886158572,0.0,0.08510247219846427,0.003139919704861111
病例49,far,WLI,mid_fusion,3,0,0.75,0.9973123440199655,0.0,0.005360903695143012,0.00018988715277777778
病例49,far,WLI,mid_fusion,3,0,0.8,1.0,0.0,0.0,0.0
病例49,far,WLI,mid_fusion,3,0,0.85,1.0,0.0,0.0,0.0
病例49,far,WLI,mid_fusion,3,0,0.9,1.0,0.0,0.0,0.0
病例49,far,WLI,mid_fusion,3,0,0.95,1.0,0.0,0.0,0.0
病例49,far,NBI,mid_fusion,3,0,0.05,0.0,1.9352071182594501,0.5082324614424849,1.0
病例49,far,NBI,mid_fusion,3,0,0.1,0.0,1.1260425582737823,0.6397865552742626,0.7243245442708334
病例49,far,NBI,mid_fusion,3,0,0.15,0.0,1.063976750204033,0.6527464674350153,0.7031792534722222
病例49,far,NBI,mid_fusion,3,0,0.2,0.0,0.7937575890280072,0.7158817242602665,0.6111178927951388
病例49,far,NBI,mid_fusion,3,0,0.25,0.0,0.6483269303501403,0.7551937704813781,0.5615709092881944
病例49,far,NBI,mid_fusion,3,0,0.3,0.0,0.5903218743157433,0.7721048182580711,0.54180908203125
病例49,far,NBI,mid_fusion,3,0,0.35,3.981129446423951e-05,0.5600652905229213,0.7812111221690865,0.5314873589409722
病例49,far,NBI,mid_fusion,3,0,0.4,0.0004777355335708741,0.5407568127077652,0.7869389418248598,0.5247599283854166
病例49,far,NBI,mid_fusion,3,0,0.45,0.003364054382228238,0.5288134243684933,0.7892741446029516,0.5197075737847222
病例49,far,NBI,mid_fusion,3,0,0.5,0.004757449688476621,0.5174273941517209,0.7921792931887346,0.5153537326388888
病例49,far,NBI,mid_fusion,3,0,0.55,0.013953858709715947,0.39046917610526105,0.8298251932750673,0.4689670138888889
病例49,far,NBI,mid_fusion,3,0,0.6,0.02088102394649362,0.37573899715349246,0.831573697601177,0.4615885416666667
病例49,far,NBI,mid_fusion,3,0,0.65,0.02822620777514581,0.3618846666799371,0.8328329182155372,0.4543660481770833
病例49,far,NBI,mid_fusion,3,0,0.7,0.03758186197424209,0.344745904413082,0.8342867003141933,0.4453396267361111
病例49,far,NBI,mid_fusion,3,0,0.75,0.050221947966638134,0.3259350677787288,0.8347080691005163,0.4346245659722222
病例49,far,NBI,mid_fusion,3,0,0.8,0.06519099468519218,0.302028385452953,0.8358309899255724,0.4213799370659722
病例49,far,NBI,mid_fusion,3,0,0.85,0.08436013296972351,0.2719708581324522,0.8371140774703709,0.4046088324652778
病例49,far,NBI,mid_fusion,3,0,0.9,0.11692577184147143,0.21619523458805262,0.8413157470526154,0.37451171875
病例49,far,NBI,mid_fusion,3,0,0.95,0.29169735453948287,0.10993888966299739,0.779107320757169,0.2787679036458333
病例49,near,WLI,mid_fusion,3,0,0.05,0.0,0.5876266459941644,0.772909029629647,0.9999864366319444
病例49,near,WLI,mid_fusion,3,0,0.1,0.0,0.3019262034734111,0.868837583490398,0.8200344509548612
病例49,near,WLI,mid_fusion,3,0,0.15,2.153385660604886e-05,0.2827826049506336,0.876113123537433,0.8079630533854166
病例49,near,WLI,mid_fusion,3,0,0.2,0.0007859857661207834,0.2491359540036823,0.8888420649358831,0.7862887912326388
病例49,near,WLI,mid_fusion,3,0,0.25,0.0035423194116950374,0.2134435866791563,0.9018119454901599,0.7620713975694444
病例49,near,WLI,mid_fusion,3,0,0.3,0.005932577494966461,0.18014147743790174,0.914417581981779,0.7395901150173612
病例49,near,WLI,mid_fusion,3,0,0.35,0.0075260828838140765,0.14369542513216405,0.9292090261637143,0.7156304253472222
病例49,near,WLI,mid_fusion,3,0,0.4,0.009130355200964717,0.11976054351454074,0.9389325048840024,0.6995442708333334
病例49,near,WLI,mid_fusion,3,0,0.45,0.011068402295509113,0.11426941007999827,0.9404061656909576,0.6948649088541666
病例49,near,WLI,mid_fusion,3,0,0.5,0.014729157918537421,0.10983343561915221,0.9405458740815468,0.6897650824652778
病例49,near,WLI,mid_fusion,3,0,0.55,0.04700840897100466,0.060359400066754956,0.9466720857348649,0.6382717556423612
病例49,near,WLI,mid_fusion,3,0,0.6,0.05556811697190908,0.05163818814130517,0.946291311781742,0.6273871527777778
病例49,near,WLI,mid_fusion,3,0,0.65,0.064343163538874,0.044069037544278995,0.9452387815365418,0.6170925564236112
病例49,near,WLI,mid_fusion,3,0,0.7,0.07520699419662565,0.03643528537743467,0.9430753267852063,0.6054416232638888
病例49,near,WLI,mid_fusion,3,0,0.75,0.08762126253001282,0.029641353618226257,0.9396182270784117,0.5933430989583334
病例49,near,WLI,mid_fusion,3,0,0.8,0.10607577764139668,0.02116778104374603,0.9335574695836611,0.5763821072048612
病例49,near,WLI,mid_fusion,3,0,0.85,0.1359647706105925,0.013921638295810588,0.920186447576858,0.5529920789930556
病例49,near,WLI,mid_fusion,3,0,0.9,0.18825974137838217,0.0049420200910882135,0.8936513204679166,0.5143975151909722
病例49,near,WLI,mid_fusion,3,0,0.95,0.3451231198251451,4.306771321209772e-05,0.7914302815796652,0.4125094943576389
病例49,near,NBI,mid_fusion,3,0,0.05,0.0,0.3527080581241744,0.8500842223466646,1.0
病例49,near,NBI,mid_fusion,3,0,0.1,0.00018347277264054015,0.15272273594598562,0.9289647295473445,0.8520236545138888
病例49,near,NBI,mid_fusion,3,0,0.15,0.0007522383678262146,0.137567884925877,0.9352681062976279,0.8403998480902778
病例49,near,NBI,mid_fusion,3,0,0.2,0.01832892998678996,0.0599864230148246,0.961641287400099,0.7700534396701388
病例49,near,NBI,mid_fusion,3,0,0.25,0.06866468516072215,0.029135476295317774,0.9501139410496848,0.7100355360243056
病例49,near,NBI,mid_fusion,3,0,0.3,0.08703948334067224,0.01556766475854983,0.9467951004871225,0.6864217122395834
病例49,near,NBI,mid_fusion,3,0,0.35,0.09845148979891384,0.010219433436078087,0.9431568441151339,0.6740315755208334
病例49,near,NBI,mid_fusion,3,0,0.4,0.10865257595772787,0.009081902245706737,0.9380484837948379,0.6656494140625
病例49,near,NBI,mid_fusion,3,0,0.45,0.11593644503155731,0.008357184793776604,0.9343202982219438,0.65972900390625
病例49,near,NBI,mid_fusion,3,0,0.5,0.12346800234845148,0.007760898282694848,0.930356421278691,0.6537204318576388
病例49,near,NBI,mid_fusion,3,0,0.55,0.23029502421840597,0.004210700132100396,0.8678033417622768,0.5721232096354166
病例49,near,NBI,mid_fusion,3,0,0.6,0.24764237487156907,0.0033025099075297227,0.8570652259101702,0.5586276584201388
病例49,near,NBI,mid_fusion,3,0,0.65,0.2666042859239689,0.0024218405988551297,0.8450147448969734,0.5439588758680556
病例49,near,NBI,mid_fusion,3,0,0.7,0.2884742404227213,0.0016604285923968883,0.830646154504752,0.5272284613715278
病例49,near,NBI,mid_fusion,3,0,0.75,0.31118816967562013,0.0010916629972112137,0.8152084814856633,0.5100165473090278
病例49,near,NBI,mid_fusion,3,0,0.8,0.342727139292529,0.0005687655951856744,0.7929259951964979,0.4863145616319444
病例49,near,NBI,mid_fusion,3,0,0.85,0.3924574343167474,0.00022016732716864817,0.7557614730194993,0.4492933485243056
病例49,near,NBI,mid_fusion,3,0,0.9,0.5135127697049758,2.752091589608102e-05,0.6545340097007847,0.3596598307291667
病例49,near,NBI,mid_fusion,3,0,0.95,0.8982001321003963,0.0,0.18478831022839617,0.07525634765625
病例50,far,WLI,mid_fusion,3,0,0.05,0.0,2.6508950456807545,0.4300247544515797,1.0
病例50,far,WLI,mid_fusion,3,0,0.1,0.0,0.8530045309366412,0.7010153605825731,0.5075480143229166
病例50,far,WLI,mid_fusion,3,0,0.15,0.0,0.7270048775656738,0.7334053622168553,0.4730360243055556
病例50,far,WLI,mid_fusion,3,0,0.2,0.0,0.5574537621629652,0.7820278237627118,0.4265950520833333
病例50,far,WLI,mid_fusion,3,0,0.25,0.0,0.46552279085889725,0.8111869853376068,0.4014146592881944
病例50,far,WLI,mid_fusion,3,0,0.3,0.00012379608309193098,0.4301913887444601,0.8229204874263124,0.3917032877604167
病例50,far,WLI,mid_fusion,3,0,0.35,0.0003218698160390205,0.4131570477110104,0.8286335837121571,0.3869832356770833
病例50,far,WLI,mid_fusion,3,0,0.4,0.0004951843323677239,0.40104979078461955,0.832728247864152,0.3836195203993056
病例50,far,WLI,mid_fusion,3,0,0.45,0.000891331798261903,0.391269900220357,0.835941788802283,0.3808322482638889
病例50,far,WLI,mid_fusion,3,0,0.5,0.0014607937804847855,0.38186139790537027,0.8389673607779753,0.3780992296006944
病例50,far,WLI,mid_fusion,3,0,0.55,0.006165044937978163,0.2791601673723043,0.8744717005785428,0.3486802842881944
病例50,far,WLI,mid_fusion,3,0,0.6,0.011735868677115057,0.26311619500359007,0.8779184216594144,0.3427598741319444
病例50,far,WLI,mid_fusion,3,0,0.65,0.017207655549778406,0.24922627448067544,0.8806309554172751,0.3374565972222222
病例50,far,WLI,mid_fusion,3,0,0.7,0.026319047265344526,0.23276139542944863,0.8825800080783669,0.3304511176215278
病例50,far,WLI,mid_fusion,3,0,0.75,0.038005397509222806,0.21748495877590432,0.8827746032457283,0.3230658637152778
病例50,far,WLI,mid_fusion,3,0,0.8,0.054024610661318674,0.20205996682264973,0.8807819541928826,0.314453125
病例50,far,WLI,mid_fusion,3,0,0.85,0.08153210032434574,0.18141078016291565,0.8747818704889936,0.3012627495659722
病例50,far,WLI,mid_fusion,3,0,0.9,0.13813166951397657,0.15103122137215577,0.8563450964945986,0.2774386935763889
病例50,far,WLI,mid_fusion,3,0,0.95,0.3197652826264577,0.10448389412958974,0.7622879180933614,0.2149386935763889
病例50,far,NBI,mid_fusion,3,0,0.05,0.0,3.6526046761114443,0.3538191886036384,0.9999932183159722
病例50,far,NBI,mid_fusion,3,0,0.1,0.0,1.380020824787808,0.5917123306847346,0.5115424262152778
病例50,far,NBI,mid_fusion,3,0,0.15,0.0,1.1095510049537753,0.6431796734679068,0.4534098307291667
病例50,far,NBI,mid_fusion,3,0,0.2,0.0,0.6541823115514467,0.7535277404620199,0.3555365668402778
病例50,far,NBI,mid_fusion,3,0,0.25,0.0001893162528003029,0.5375319471176601,0.7880769996010892,0.3304239908854167
病例50,far,NBI,mid_fusion,3,0,0.3,0.000978133972801565,0.4985012463319976,0.800010106879248,0.3218655056423611
病例50,far,NBI,mid_fusion,3,0,0.35,0.0016722935664026757,0.4779288801943647,0.806320081548412,0.3172946506076389
病例50,far,NBI,mid_fusion,3,0,0.4,0.0022402423248035846,0.46565487647114506,0.8100623775174387,0.3145345052083333
病例50,far,NBI,mid_fusion,3,0,0.45,0.0027135329568043418,0.45558956236392895,0.8131568453404171,0.3122694227430556
病例50,far,NBI,mid_fusion,3,0,0.5,0.0031552708800050484,0.44483008866311174,0.8165253799224432,0.3098619249131944
病例50,far,NBI,mid_fusion,3,0,0.55,0.013378348531221405,0.3326602088789323,0.8507992653549408,0.2835557725694444
病例50,far,NBI,mid_fusion,3,0,0.6,0.015902565235225444,0.31432808506610294,0.8563231014210417,0.2790730794270833
病例50,far,NBI,mid_fusion,3,0,0.65,0.019878206544031805,0.2971949641876755,0.8607689643216339,0.2745361328125
病例50,far,NBI,mid_fusion,3,0,0.7,0.025273719748840438,0.278768182248446,0.865079809575938,0.2694159613715278
病例50,far,NBI,mid_fusion,3,0,0.75,0.031079418168049728,0.25866910674281385,0.8699273360800154,0.2638481987847222
病例50,far,NBI,mid_fusion,3,0,0.8,0.04240684062726785,0.23509923326917617,0.8734404904078491,0.25634765625
病例50,far,NBI,mid_fusion,3,0,0.85,0.061527782160098445,0.20297857571072478,0.8764826356644765,0.2453342013888889
病例50,far,NBI,mid_fusion,3,0,0.9,0.09954879626415927,0.1458050673650333,0.8800962190820945,0.22487386067708334
病例50,far,NBI,mid_fusion,3,0,0.95,0.2638121982772221,0.06398889344650238,0.8179061574311292,0.17198350694444445
病例50,near,WLI,mid_fusion,3,0,0.05,0.0,4.073318424221572,0.3293092606543531,1.0
病例50,near,WLI,mid_fusion,3,0,0.1,0.0,1.4400137622570102,0.5813930228830799,0.4809502495659722
病例50,near,WLI,mid_fusion,3,0,0.15,0.00013762257010149664,1.173886117323241,0.6300829313235079,0.428466796875
病例50,near,WLI,mid_fusion,3,0,0.2,0.001926715981420953,0.7834164803027697,0.7176537529059452,0.3511488172743056
病例50,near,WLI,mid_fusion,3,0,0.25,0.015448133493892999,0.6639600894546706,0.7434754933153932,0.3249376085069444
病例50,near,WLI,mid_fusion,3,0,0.3,0.025769826251505246,0.6189231033889558,0.7513864932987244,0.31402587890625
病例50,near,WLI,mid_fusion,3,0,0.35,0.031549974195768105,0.6009977636332359,0.7538195792761829,0.3093532986111111
病例50,near,WLI,mid_fusion,3,0,0.4,0.03540340615861001,0.5892310338895579,0.7554124509939033,0.3062744140625
病例50,near,WLI,mid_fusion,3,0,0.45,0.03812145191811457,0.5775331154309307,0.7575601560796152,0.3034328884548611
病例50,near,WLI,mid_fusion,3,0,0.5,0.04135558231549974,0.5670049888181662,0.759127070617972,0.30072021484375
病例50,near,WLI,mid_fusion,3,0,0.55,0.09616377085842077,0.49409943230689835,0.7538452708896438,0.2755466037326389
病例50,near,WLI,mid_fusion,3,0,0.6,0.10187510751763289,0.47940822294856356,0.755509891031134,0.2715250651041667
病例50,near,WLI,mid_fusion,3,0,0.65,0.10707035953896439,0.4675038706347841,0.756581057049301,0.2681545681423611
病例50,near,WLI,mid_fusion,3,0,0.7,0.11350421469120936,0.45401685876483744,0.7575227483194062,0.2642279730902778
病例50,near,WLI,mid_fusion,3,0,0.75,0.12162394632719765,0.4364699810768966,0.7589066749888395,0.2591688368055556
病例50,near,WLI,mid_fusion,3,0,0.8,0.1322552898675383,0.4193359710992603,0.7588229984644239,0.2536960177951389
病例50,near,WLI,mid_fusion,3,0,0.85,0.14983657319800447,0.4001032169275761,0.7556112775965451,0.24643961588541666
病例50,near,WLI,mid_fusion,3,0,0.9,0.18331326337519352,0.3717185618441424,0.746376128037062,0.2342461480034722
病例50,near,WLI,mid_fusion,3,0,0.95,0.25721658351969723,0.3187682779975916,0.720606151636842,0.20924207899305555
病例50,near,NBI,mid_fusion,3,0,0.05,0.0,1.1037193442997162,0.6443881608278391,1.0
病例50,near,NBI,mid_fusion,3,0,0.1,0.0,0.6687829027149644,0.7494052805735236,0.7932535807291666
病例50,near,NBI,mid_fusion,3,0,0.15,2.853351975232905e-05,0.6322885309517355,0.7597816837662478,0.7758924696180556
病例50,near,NBI,mid_fusion,3,0,0.2,0.04954845704991939,0.35909434608306107,0.8230635706029521,0.6224907769097222
病例50,near,NBI,mid_fusion,3,0,0.25,0.19619648181701455,0.19952063686816088,0.8024697512439182,0.4769287109375
病例50,near,NBI,mid_fusion,3,0,0.3,0.27245231335511394,0.1619419913543435,0.7700996677735049,0.4228176540798611
病例50,near,NBI,mid_fusion,3,0,0.35,0.3129984449231735,0.15058565049291656,0.7477213086747506,0.3981458875868056
病例50,near,NBI,mid_fusion,3,0,0.4,0.33300044226955616,0.14437960994678498,0.7364549285230289,0.3856879340277778
病例50,near,NBI,mid_fusion,3,0,0.45,0.3468534661093119,0.14017091578331645,0.7284226604820019,0.3771023220486111
病例50,near,NBI,mid_fusion,3,0,0.5,0.3612771603441142,0.1361334227383619,0.7197459909161852,0.3683268229166667
病例50,near,NBI,mid_fusion,3,0,0.55,0.4991083275077397,0.08782617379766881,0.6305608936936452,0.27984619140625
病例50,near,NBI,mid_fusion,3,0,0.6,0.5087811907037793,0.08156306621203259,0.6246496312618494,0.2722710503472222
病例50,near,NBI,mid_fusion,3,0,0.65,0.5178976502646484,0.0759704963405761,0.6188444281653522,0.2652791341145833
病例50,near,NBI,mid_fusion,3,0,0.7,0.5287118542507812,0.0696931219950637,0.6116727770982746,0.2571546766493056
病例50,near,NBI,mid_fusion,3,0,0.75,0.5412523361819297,0.06340148088967515,0.6027630937646657,0.2482028537326389
病例50,near,NBI,mid_fusion,3,0,0.8,0.5569885723253392,0.0559399654744411,0.5910951211613737,0.2371758355034722
病例50,near,NBI,mid_fusion,3,0,0.85,0.5789308490148802,0.04481189277103277,0.5744929341684758,0.22145589192708334
病例50,near,NBI,mid_fusion,3,0,0.9,0.6150114847417003,0.02566590101721998,0.5458296671616798,0.19520399305555555
病例50,near,NBI,mid_fusion,3,0,0.95,0.7515729102763471,0.0007276047536843907,0.39775232134449817,0.1184353298611111
病例60,far,WLI,mid_fusion,3,0,0.05,0.0,34.513728323699425,0.05477391906595774,0.9999796549479166
病例60,far,WLI,mid_fusion,3,0,0.1,0.12042389210019268,1.535645472061657,0.5150916784166778,0.06800672743055555
病例60,far,WLI,mid_fusion,3,0,0.15,0.16353564547206165,0.9886801541425819,0.5921568627400497,0.0513916015625
病例60,far,WLI,mid_fusion,3,0,0.2,0.2916666666666667,0.553709055876686,0.6262776831279143,0.03553602430555555
病例60,far,WLI,mid_fusion,3,0,0.25,0.3338150289017341,0.4754335260115607,0.6221322537042044,0.032145182291666664
病例60,far,WLI,mid_fusion,3,0,0.3,0.35452793834296725,0.444364161849711,0.6177250201611417,0.030687120225694444
病例60,far,WLI,mid_fusion,3,0,0.35,0.3682562620423892,0.4253371868978805,0.6142137922887927,0.029764811197916668
病例60,far,WLI,mid_fusion,3,0,0.4,0.38102119460500966,0.4094412331406551,0.610306340529443,0.028957790798611112
病例60,far,WLI,mid_fusion,3,0,0.45,0.3901734104046243,0.39739884393063585,0.6076313894815498,0.028361002604166668
病例60,far,WLI,mid_fusion,3,0,0.5,0.4029383429672447,0.3805394990366089,0.6038241383436387,0.02752685546875
病例60,far,WLI,mid_fusion,3,0,0.55,0.43545279383429675,0.3094894026974952,0.6024932527875274,0.024610731336805556
病例60,far,WLI,mid_fusion,3,0,0.6,0.4539980732177264,0.2897398843930636,0.5948569929074409,0.023532443576388888
病例60,far,WLI,mid_fusion,3,0,0.65,0.467485549132948,0.273121387283237,0.5898359343658819,0.022684733072916668
病例60,far,WLI,mid_fusion,3,0,0.7,0.4828998073217726,0.25216763005780346,0.584535801788939,0.021660698784722224
病例60,far,WLI,mid_fusion,3,0,0.75,0.5019267822736031,0.22736030828516376,0.5773310999361065,0.020426432291666668
病例60,far,WLI,mid_fusion,3,0,0.8,0.5267341040462428,0.1958092485549133,0.5670995670913839,0.018839518229166668
病例60,far,WLI,mid_fusion,3,0,0.85,0.559971098265896,0.15486512524084778,0.5517970401608004,0.016750759548611112
病例60,far,WLI,mid_fusion,3,0,0.9,0.611271676300578,0.09248554913294797,0.5248780487719532,0.0135498046875
病例60,far,WLI,mid_fusion,3,0,0.95,0.7516859344894027,0.007466281310211946,0.3954737245800638,0.0072021484375
病例60,far,NBI,mid_fusion,3,0,0.05,0.0,1.7752682100508188,0.5297636853123293,0.9999593098958334
病例60,far,NBI,mid_fusion,3,0,0.1,0.0,0.519235836627141,0.7938915328690267,0.5473971896701388
病例60,far,NBI,mid_fusion,3,0,0.15,0.0,0.35686053077357427,0.8485864877808269,0.4888916015625
病例60,far,NBI,mid_fusion,3,0,0.2,0.0001693958215697346,0.1429512516469038,0.933208017847853,0.4117567274305556
病例60,far,NBI,mid_fusion,3,0,0.25,0.0007716920760399022,0.08490495012234142,0.9588909961158142,0.390625
病例60,far,NBI,mid_fusion,3,0,0.3,0.0014492753623188406,0.05964615095049878,0.9703160436014244,0.3812798394097222
病例60,far,NBI,mid_fusion,3,0,0.35,0.0022397891963109352,0.04696028609072087,0.9759379947706323,0.3764241536458333
病例60,far,NBI,mid_fusion,3,0,0.4,0.0032938076416337285,0.03922454357236966,0.9791160129048256,0.3732571072048611
病例60,far,NBI,mid_fusion,3,0,0.45,0.004630152456239413,0.03508375682288726,0.9804408683874558,0.3712836371527778
病例60,far,NBI,mid_fusion,3,0,0.5,0.006982872200263505,0.03137587050630529,0.9810517311902813,0.3690999348958333
病例60,far,NBI,mid_fusion,3,0,0.55,0.01733483907396951,0.0132128740824393,0.9846945992578486,0.35882568359375
病例60,far,NBI,mid_fusion,3,0,0.6,0.024129493694711086,0.011669489930359496,0.9819882952319343,0.3558213975694444
病例60,far,NBI,mid_fusion,3,0,0.65,0.03433088650479955,0.010427253905514775,0.9773502238299101,0.3516981336805556
病例60,far,NBI,mid_fusion,3,0,0.7,0.0489553924336533,0.0088085827216262,0.9705263764432178,0.3458455403645833
病例60,far,NBI,mid_fusion,3,0,0.75,0.06235648409561453,0.00722755505364201,0.9642217727487741,0.3404473198784722
病例60,far,NBI,mid_fusion,3,0,0.8,0.07600225861095426,0.005270092226613966,0.9578739927016469,0.3348253038194444
病例60,far,NBI,mid_fusion,3,0,0.85,0.10380199510634293,0.002672689629211368,0.943927364277911,0.3238728841145833
病例60,far,NBI,mid_fusion,3,0,0.9,0.15277620929794844,0.001204592508940335,0.9166963658385688,0.3056979709201389
病例60,far,NBI,mid_fusion,3,0,0.95,0.2585733107472238,0.0,0.8515163960994666,0.2671440972222222
病例60,near,WLI,mid_fusion,3,0,0.05,0.0,4.62496661706917,0.30188831364762886,0.9998643663194444
病例60,near,WLI,mid_fusion,3,0,0.1,0.0518484605699897,0.522643165083362,0.7674871066354227,0.2614407009548611
病例60,near,WLI,mid_fusion,3,0,0.15,0.05699896989813437,0.413643126931441,0.800291403592682,0.24114990234375
病例60,near,WLI,mid_fusion,3,0,0.2,0.07351875166914654,0.21323108618518943,0.8659867341828935,0.20258924696180555
病例60,near,WLI,mid_fusion,3,0,0.25,0.08149250314753348,0.1540193048720003,0.8863648914807976,0.1906467013888889
病例60,near,WLI,mid_fusion,3,0,0.3,0.08637594902903362,0.1331883560337263,0.8927286622287597,0.18607584635416666
病例60,near,WLI,mid_fusion,3,0,0.35,0.09015298920300636,0.12250581816794476,0.8953632438503936,0.1835055881076389
病例60,near,WLI,mid_fusion,3,0,0.4,0.09347220632558849,0.11563847239708519,0.8965907590119492,0.1816948784722222
病例60,near,WLI,mid_fusion,3,0,0.45,0.09744000610430735,0.11121284956697569,0.8963870943279154,0.1802029079861111
病例60,near,WLI,mid_fusion,3,0,0.5,0.1023616039067567,0.10613864408072947,0.8959463833497154,0.17842610677083334
病例60,near,WLI,mid_fusion,3,0,0.55,0.12464232574110107,0.07290832093395902,0.8986018094213398,0.16855875651041666
病例60,near,WLI,mid_fusion,3,0,0.6,0.13456182518789822,0.0661172790049979,0.8961049221756813,0.16558837890625
病例60,near,WLI,mid_fusion,3,0,0.65,0.1447865400022891,0.059936667811224295,0.8931033108871008,0.16267225477430555
病例60,near,WLI,mid_fusion,3,0,0.7,0.15764373736217618,0.05341268932890771,0.8886697524634963,0.15922715928819445
病例60,near,WLI,mid_fusion,3,0,0.75,0.17477394986837588,0.04498111479913014,0.8824969400226795,0.15468343098958334
病例60,near,WLI,mid_fusion,3,0,0.8,0.19671130441417725,0.034451184617145476,0.8742137059086255,0.14891221788194445
病例60,near,WLI,mid_fusion,3,0,0.85,0.23181107168745946,0.02025867002403571,0.8590566802464769,0.14015028211805555
病例60,near,WLI,mid_fusion,3,0,0.9,0.3067795963526764,0.007019953454656442,0.8154381240865805,0.12447102864583333
病例60,near,WLI,mid_fusion,3,0,0.95,0.45210026324825453,0.0,0.7079266489186928,0.09739176432291667
病例60,near,NBI,mid_fusion,3,0,0.05,0.0,0.24228919012274952,0.8919456102313738,1.0
病例60,near,NBI,mid_fusion,3,0,0.1,0.04278119918784805,0.00979805723817788,0.9732695445838927,0.7784152560763888
病例60,near,NBI,mid_fusion,3,0,0.15,0.11533568666436389,0.005594075671668197,0.9360247450612672,0.7166273328993056
病例60,near,NBI,mid_fusion,3,0,0.2,0.2344035653807594,0.0022831242575633757,0.8661183175909178,0.6181165907118056
病例60,near,NBI,mid_fusion,3,0,0.25,0.26555009814906866,0.0013479700413658307,0.8462389702666325,0.5922919379340278
病例60,near,NBI,mid_fusion,3,0,0.3,0.2796026858303074,0.000648710582407306,0.8371621720843941,0.5804172092013888
病例60,near,NBI,mid_fusion,3,0,0.35,0.2884908632905634,0.0003454173230999941,0.8312728847588334,0.5730183919270834
病例60,near,NBI,mid_fusion,3,0,0.4,0.29432925853222913,0.00014322181689511952,0.8273712804045796,0.5681559244791666
病例60,near,NBI,mid_fusion,3,0,0.45,0.29919037549390465,7.582331482682797e-05,0.8240527019660092,0.5641886393229166
病例60,near,NBI,mid_fusion,3,0,0.5,0.3048434248548826,0.0,0.8201679836982158,0.5595770941840278
病例60,near,NBI,mid_fusion,3,0,0.55,0.3657885203501352,0.0,0.7761681857545386,0.5105183919270834
病例60,near,NBI,mid_fusion,3,0,0.6,0.37608364154106677,0.0,0.7684094752893489,0.5022311740451388
病例60,near,NBI,mid_fusion,3,0,0.65,0.3854183340775251,0.0,0.7612890433399282,0.4947170681423611
病例60,near,NBI,mid_fusion,3,0,0.7,0.3981482261556737,0.0,0.7514450259022529,0.4844699435763889
病例60,near,NBI,mid_fusion,3,0,0.75,0.4128074003555271,0.0,0.7399134796567107,0.4726698133680556
病例60,near,NBI,mid_fusion,3,0,0.8,0.43118191698189506,0.0,0.7251549292745308,0.4578789605034722
病例60,near,NBI,mid_fusion,3,0,0.85,0.4588827013319629,0.0,0.7022402501554168,0.4355807834201389
病例60,near,NBI,mid_fusion,3,0,0.9,0.5015291035156744,0.0,0.6653060765524978,0.4012518988715278
病例60,near,NBI,mid_fusion,3,0,0.95,0.6063169246063507,0.0,0.5649535139575611,0.3169013129340278
病例65,far,WLI,mid_fusion,3,0,0.05,0.0,10.249237107110162,0.16327547442426757,0.9999932183159722
病例65,far,WLI,mid_fusion,3,0,0.1,0.0,3.2770826975892584,0.37899728213673306,0.3802083333333333
病例65,far,WLI,mid_fusion,3,0,0.15,0.0,2.891364052487031,0.4088838979343551,0.3459201388888889
病例65,far,WLI,mid_fusion,3,0,0.2,0.0,1.9526243515410437,0.5059929358620641,0.2624715169270833
病例65,far,WLI,mid_fusion,3,0,0.25,0.0,1.4813091241989624,0.5744965266351665,0.2205742730034722
病例65,far,WLI,mid_fusion,3,0,0.3,0.0,1.3522276472383277,0.5966181925750514,0.2090996636284722
病例65,far,WLI,mid_fusion,3,0,0.35,0.0,1.2844827586206897,0.6089238845130214,0.20307752821180555
病例65,far,WLI,mid_fusion,3,0,0.4,0.0,1.2461092462618248,0.6161222091642394,0.19966634114583334
病例65,far,WLI,mid_fusion,3,0,0.45,0.0,1.2175007628928898,0.6216004742131083,0.19712320963541666
病例65,far,WLI,mid_fusion,3,0,0.5,0.0,1.1915624046383888,0.6266523246070834,0.1948174370659722
病例65,far,WLI,mid_fusion,3,0,0.55,0.0,0.8702319194385109,0.6968078037352237,0.1662529839409722
病例65,far,WLI,mid_fusion,3,0,0.6,0.0,0.8303326212999694,0.7066307277608985,0.16270616319444445
病例65,far,WLI,mid_fusion,3,0,0.65,0.0,0.7961550198352151,0.7152679253500075,0.15966796875
病例65,far,WLI,mid_fusion,3,0,0.7,0.0,0.7593072932560269,0.7248195968903623,0.15639241536458334
病例65,far,WLI,mid_fusion,3,0,0.75,0.0003051571559353067,0.7185688129386634,0.7355392775932881,0.1527438693576389
病例65,far,WLI,mid_fusion,3,0,0.8,0.00137320720170888,0.6689044858101922,0.7487273351234092,0.14823404947916666
病例65,far,WLI,mid_fusion,3,0,0.85,0.0049588037839487335,0.607415318889228,0.764693811741082,0.1424492730034722
病例65,far,WLI,mid_fusion,3,0,0.9,0.017165090021361,0.5202929508696978,0.7852854225693051,0.13361952039930555
病例65,far,WLI,mid_fusion,3,0,0.95,0.07552639609398841,0.3552792187976808,0.8110296824254224,0.11376274956597222
病例65,far,NBI,mid_fusion,3,0,0.05,0.0,5.951343705799151,0.2515298135760569,0.9998779296875
病例65,far,NBI,mid_fusion,3,0,0.1,0.0,0.7210749646393211,0.7350036386306009,0.24755859375
病例65,far,NBI,mid_fusion,3,0,0.15,0.0027345591702027344,0.4561999057048562,0.8129443867927035,0.20906575520833334
病例65,far,NBI,mid_fusion,3,0,0.2,0.023903818953323903,0.18651579443658653,0.9027011707233584,0.1672295464409722
病例65,far,NBI,mid_fusion,3,0,0.25,0.0404997642621405,0.12055634134842055,0.9225712860942867,0.15535481770833334
病例65,far,NBI,mid_fusion,3,0,0.3,0.04884488448844884,0.1008015087223008,0.9270713662034671,0.1513129340277778
病例65,far,NBI,mid_fusion,3,0,0.35,0.05403111739745403,0.08981612446958982,0.929340651703538,0.14898681640625
病例65,far,NBI,mid_fusion,3,0,0.4,0.058934464875058934,0.08227251296558227,0.9302108819738315,0.14719645182291666
病例65,far,NBI,mid_fusion,3,0,0.45,0.06369636963696369,0.07652050919377652,0.9303382366697968,0.1456841362847222
病例65,far,NBI,mid_fusion,3,0,0.5,0.0702970297029703,0.06907119283356906,0.930273151858918,0.14366319444444445
病例65,far,NBI,mid_fusion,3,0,0.55,0.09476661951909476,0.04479019330504479,0.928433268856556,0.1366509331597222
病例65,far,NBI,mid_fusion,3,0,0.6,0.10386610089580386,0.03861386138613861,0.926357344768188,0.1344536675347222
病例65,far,NBI,mid_fusion,3,0,0.65,0.11244695898161244,0.033946251768033946,0.9238130290739202,0.13254801432291666
病例65,far,NBI,mid_fusion,3,0,0.7,0.12201791607732201,0.02956152758132956,0.9205368397614362,0.13054063585069445
病例65,far,NBI,mid_fusion,3,0,0.75,0.13446487505893445,0.025506836397925507,0.9154055199558319,0.1281670464409722
病例65,far,NBI,mid_fusion,3,0,0.8,0.1488920320603489,0.020744931636020744,0.9093748425749096,0.12540690104166666
病例65,far,NBI,mid_fusion,3,0,0.85,0.1691183404054691,0.014992927864214993,0.9002579755283383,0.1216701931423611
病例65,far,NBI,mid_fusion,3,0,0.9,0.2033946251768034,0.007307873644507308,0.8831969890988651,0.1156344943576389
病例65,far,NBI,mid_fusion,3,0,0.95,0.29905704856199905,0.00033003300330033004,0.8240217270789713,0.10087076822916667
病例65,near,WLI,mid_fusion,3,0,0.05,0.0,5.867681989660472,0.25420447885758096,1.0
病例65,near,WLI,mid_fusion,3,0,0.1,0.0,0.8623725024451586,0.6987210778080987,0.27117919921875
病例65,near,WLI,mid_fusion,3,0,0.15,9.314889851427506e-05,0.642727399748498,0.7567500881199212,0.23918321397569445
病例65,near,WLI,mid_fusion,3,0,0.2,0.0011177867821713008,0.33645382143356156,0.8554505205200122,0.19443766276041666
病例65,near,WLI,mid_fusion,3,0,0.25,0.0026547436076568395,0.27604676074705414,0.8774071949502634,0.1854180230034722
病例65,near,WLI,mid_fusion,3,0,0.3,0.0034465092450281774,0.25914023566671324,0.8835893624031971,0.18284098307291666
病例65,near,WLI,mid_fusion,3,0,0.35,0.00433142378091379,0.24810209119277166,0.887495848553455,0.18110487196180555
病例65,near,WLI,mid_fusion,3,0,0.4,0.005169763867542266,0.23692422337105865,0.8915230184880597,0.1793551974826389
病例65,near,WLI,mid_fusion,3,0,0.45,0.006147827301942154,0.22891341809883098,0.8942482975361042,0.1780463324652778
病例65,near,WLI,mid_fusion,3,0,0.5,0.0073587629826277305,0.2215080806669461,0.8966344131239027,0.1767917209201389
病例65,near,WLI,mid_fusion,3,0,0.55,0.009361464300684644,0.19230590098272088,0.9076168124580593,0.1722479926215278
病例65,near,WLI,mid_fusion,3,0,0.6,0.011364165618741559,0.1815472032043221,0.9111082496332065,0.17038981119791666
病例65,near,WLI,mid_fusion,3,0,0.65,0.01359973918308416,0.17227888780215175,0.9138924248615635,0.16871473524305555
病例65,near,WLI,mid_fusion,3,0,0.7,0.018210609659540775,0.1623119556611243,0.9158050221545838,0.1665920681423611
病例65,near,WLI,mid_fusion,3,0,0.75,0.023566671324111593,0.15141353453495413,0.9177665419026906,0.16422526041666666
病例65,near,WLI,mid_fusion,3,0,0.8,0.029015881887196684,0.1386055609892413,0.9205431063010916,0.1615668402777778
病例65,near,WLI,mid_fusion,3,0,0.85,0.03972800521633832,0.12216478040147176,0.9222580067970069,0.15761311848958334
病例65,near,WLI,mid_fusion,3,0,0.9,0.060733081831307344,0.10143915048204555,0.9205313127603603,0.15153672960069445
病例65,near,WLI,mid_fusion,3,0,0.95,0.10656233990033068,0.06194401751199292,0.9138243140222136,0.13911268446180555
病例65,near,NBI,mid_fusion,3,0,0.05,0.0,0.6931644639391886,0.7426208190322784,1.0
病例65,near,NBI,mid_fusion,3,0,0.1,4.5930025605989275e-05,0.28027649875414806,0.8770639984284269,0.7561170789930556
病例65,near,NBI,mid_fusion,3,0,0.15,0.00037892271124941154,0.20975094443615153,0.9048915868028475,0.7142673068576388
病例65,near,NBI,mid_fusion,3,0,0.2,0.0432546016144404,0.06559955907175419,0.9461742862977526,0.6038072374131944
病例65,near,NBI,mid_fusion,3,0,0.25,0.08143393539941898,0.032219912962601474,0.9417394580080629,0.5615437825520834
病例65,near,NBI,mid_fusion,3,0,0.3,0.10043748349389704,0.02281574021977517,0.935885030282923,0.5447658962673612
病例65,near,NBI,mid_fusion,3,0,0.35,0.11078322176164614,0.018578695357622663,0.9321929845674145,0.5361531575520834
病例65,near,NBI,mid_fusion,3,0,0.4,0.11697229271205319,0.016259229064520205,0.929851820055421,0.5311279296875
病例65,near,NBI,mid_fusion,3,0,0.45,0.12216238560552997,0.01396272778422074,0.9280446723917769,0.5267062717013888
病例65,near,NBI,mid_fusion,3,0,0.5,0.12831700903673254,0.012573344509639563,0.9252276078922806,0.5222507052951388
病例65,near,NBI,mid_fusion,3,0,0.55,0.18705002928039133,0.008600397294721491,0.8925912618109946,0.4852159288194444
病例65,near,NBI,mid_fusion,3,0,0.6,0.19459403598617506,0.007842551872222669,0.888356953784409,0.4803127712673611
病例65,near,NBI,mid_fusion,3,0,0.65,0.2025973429480187,0.007015811411314862,0.8838334022712248,0.47509765625
病例65,near,NBI,mid_fusion,3,0,0.7,0.21345979400383516,0.006200553456808552,0.8774723303950108,0.46820068359375
病例65,near,NBI,mid_fusion,3,0,0.75,0.22605610352627772,0.005408260515105237,0.8699164956564384,0.4602932400173611
病例65,near,NBI,mid_fusion,3,0,0.8,0.24114411693784518,0.004294457394159997,0.86079543604349,0.4507242838541667
病例65,near,NBI,mid_fusion,3,0,0.85,0.26147963577489697,0.002767284042760854,0.8482462561073755,0.4378119574652778
病例65,near,NBI,mid_fusion,3,0,0.9,0.299739347104686,0.001010460563331764,0.8232205288799941,0.4141777886284722
病例65,near,NBI,mid_fusion,3,0,0.95,0.394033689673782,0.0,0.7546438632360793,0.3578898111979167
病例66,far,WLI,mid_fusion,3,0,0.05,0.0,41.940011648223646,0.04551660149774967,1.0
病例66,far,WLI,mid_fusion,3,0,0.1,0.0017472335468841002,7.256552125800815,0.21572637739462028,0.19224039713541666
病例66,far,WLI,mid_fusion,3,0,0.15,0.0049504950495049506,6.489807804309843,0.23454713937524607,0.1743096245659722
病例66,far,WLI,mid_fusion,3,0,0.2,0.0122306348281887,4.556785090273733,0.30185992702544334,0.1291232638888889
病例66,far,WLI,mid_fusion,3,0,0.25,0.017472335468841003,3.373034362259755,0.36691860148786404,0.10143364800347222
病例66,far,WLI,mid_fusion,3,0,0.3,0.0192195690157251,3.1225975538730344,0.3843651925798324,0.09556070963541667
病例66,far,WLI,mid_fusion,3,0,0.35,0.0221316249271986,3.0276645311589983,0.3907149921438669,0.09328206380208333
病例66,far,WLI,mid_fusion,3,0,0.4,0.02649970879440885,2.9653465346534653,0.3942216981108831,0.09172905815972222
病例66,far,WLI,mid_fusion,3,0,0.45,0.029120559114735003,2.9199184624344787,0.3970229234867697,0.0906100802951389
病例66,far,WLI,mid_fusion,3,0,0.5,0.034944670937682006,2.875946418171229,0.398700673722337,0.0894504123263889
病例66,far,WLI,mid_fusion,3,0,0.55,0.054746651135701804,2.4470005824111825,0.4304183517839261,0.07899983723958333
病例66,far,WLI,mid_fusion,3,0,0.6,0.0646476412347117,2.36808386721025,0.43470023006878666,0.0769314236111111
病例66,far,WLI,mid_fusion,3,0,0.65,0.0728013977868375,2.2996505532906233,0.438718566996633,0.07514784071180555
病例66,far,WLI,mid_fusion,3,0,0.7,0.08619685497961561,2.2268491555037855,0.44138125043644855,0.07314046223958333
病例66,far,WLI,mid_fusion,3,0,0.75,0.0978450786255096,2.1528829353523586,0.4449551166933935,0.07114664713541667
病例66,far,WLI,mid_fusion,3,0,0.8,0.11764705882352941,2.0637740244612695,0.44719946867059845,0.06861029730902778
病例66,far,WLI,mid_fusion,3,0,0.85,0.1391962725684333,1.946709376820035,0.4521606118512263,0.06538221571180555
病例66,far,WLI,mid_fusion,3,0,0.9,0.18083867210250437,1.767909143855562,0.4567299886308107,0.060248480902777776
病例66,far,WLI,mid_fusion,3,0,0.95,0.2885847408270239,1.423412929528247,0.45387830933159423,0.04971652560763889
病例66,far,NBI,mid_fusion,3,0,0.05,0.0,21.35754359363154,0.08562544224658983,0.9999457465277778
病例66,far,NBI,mid_fusion,3,0,0.1,0.08976497346474602,3.356633813495072,0.34564560241731496,0.19083658854166666
病例66,far,NBI,mid_fusion,3,0,0.15,0.10477634571645186,2.607581501137225,0.3976293103434886,0.15666368272569445
病例66,far,NBI,mid_fusion,3,0,0.2,0.20303260045489008,1.2316906747536012,0.5262841694176115,0.0907321506076389
病例66,far,NBI,mid_fusion,3,0,0.25,0.25473843821076575,0.43457164518574676,0.6837785197503911,0.05276828342013889
病例66,far,NBI,mid_fusion,3,0,0.3,0.2844579226686884,0.24473085670962852,0.7300433168260362,0.042948404947916664
病例66,far,NBI,mid_fusion,3,0,0.35,0.3028051554207733,0.22153146322971948,0.7267267267209836,0.04109022352430555
病例66,far,NBI,mid_fusion,3,0,0.4,0.312357846853677,0.21137225170583776,0.7242095177201835,0.04020860460069445
病例66,far,NBI,mid_fusion,3,0,0.45,0.3238817285822593,0.20333586050037908,0.7194836627614402,0.03933376736111111
病例66,far,NBI,mid_fusion,3,0,0.5,0.33874147081122064,0.19438968915845337,0.712698153287198,0.03826904296875
病例66,far,NBI,mid_fusion,3,0,0.55,0.3912054586808188,0.13176648976497346,0.6995382873011626,0.033121744791666664
病例66,far,NBI,mid_fusion,3,0,0.6,0.40500379075056864,0.12100075815011373,0.6934700008774987,0.032023111979166664
病例66,far,NBI,mid_fusion,3,0,0.65,0.4166793025018954,0.11220621683093253,0.6880701126749412,0.031107584635416668
病例66,far,NBI,mid_fusion,3,0,0.7,0.4319939347990902,0.10280515542077331,0.6799165078439067,0.030002170138888888
病例66,far,NBI,mid_fusion,3,0,0.75,0.4486732373009856,0.09128127369219105,0.6712821932920586,0.028740776909722224
病例66,far,NBI,mid_fusion,3,0,0.8,0.4705079605761941,0.0759666413949962,0.6596146580972835,0.027079264322916668
病例66,far,NBI,mid_fusion,3,0,0.85,0.5032600454890068,0.0576194086429113,0.6391571553932381,0.024793836805555556
病例66,far,NBI,mid_fusion,3,0,0.9,0.5519332827899924,0.033055344958301744,0.605036855030661,0.021518283420138888
病例66,far,NBI,mid_fusion,3,0,0.95,0.6554965883244882,0.005155420773313116,0.5105044376978934,0.015638563368055556
病例66,near,WLI,mid_fusion,3,0,0.05,0.0,5.055687885010267,0.28345925054987403,1.0
病例66,near,WLI,mid_fusion,3,0,0.1,0.009199178644763861,0.9462012320328542,0.6747021645496466,0.3198649088541667
病例66,near,WLI,mid_fusion,3,0,0.15,0.0151129363449692,0.8638193018480493,0.6914626762380828,0.3052842881944444
病例66,near,WLI,mid_fusion,3,0,0.2,0.029486652977412733,0.6197125256673511,0.7493658041591366,0.2626003689236111
病例66,near,WLI,mid_fusion,3,0,0.25,0.0546611909650924,0.4804517453798768,0.7794067853985586,0.2354465060763889
病例66,near,WLI,mid_fusion,3,0,0.3,0.06969199178644764,0.42459958932238195,0.7901014962840673,0.22374131944444445
病例66,near,WLI,mid_fusion,3,0,0.35,0.07897330595482546,0.39609856262833676,0.7949735918599217,0.2175021701388889
病例66,near,WLI,mid_fusion,3,0,0.4,0.08492813141683778,0.3793429158110883,0.7976516493926906,0.2137518988715278
病例66,near,WLI,mid_fusion,3,0,0.45,0.08993839835728953,0.3693634496919918,0.7985010089348542,0.2112765842013889
病例66,near,WLI,mid_fusion,3,0,0.5,0.09597535934291582,0.3602464065708419,0.7985127414513494,0.2087741427951389
病例66,near,WLI,mid_fusion,3,0,0.55,0.18476386036960984,0.13650924024640657,0.8353918989987682,0.15716552734375
病例66,near,WLI,mid_fusion,3,0,0.6,0.20981519507186858,0.11047227926078029,0.8314859229471457,0.14872911241319445
病例66,near,WLI,mid_fusion,3,0,0.65,0.23170431211498974,0.09014373716632444,0.8268181115045924,0.1417575412326389
病例66,near,WLI,mid_fusion,3,0,0.7,0.25712525667351127,0.07199178644763861,0.8186549601719346,0.13456217447916666
病例66,near,WLI,mid_fusion,3,0,0.75,0.286694045174538,0.046036960985626284,0.8108776844052034,0.1253933376736111
病例66,near,WLI,mid_fusion,3,0,0.8,0.33059548254620125,0.019301848049281315,0.7928015564183054,0.11372884114583333
病例66,near,WLI,mid_fusion,3,0,0.85,0.42390143737166325,0.002874743326488706,0.7297128589244442,0.0956081814236111
病例66,near,WLI,mid_fusion,3,0,0.9,0.6071047227926079,0.0,0.5641418757538575,0.06488037109375
病例66,near,WLI,mid_fusion,3,0,0.95,0.8899383983572895,0.0,0.19829818719867442,0.018174913194444444
病例66,near,NBI,mid_fusion,3,0,0.05,0.0,4.075938037865749,0.3291672804322067,1.0
病例66,near,NBI,mid_fusion,3,0,0.1,0.0,2.4090877796901893,0.45360856937599264,0.6716172960069444
病例66,near,NBI,mid_fusion,3,0,0.15,0.0,2.307263339070568,0.4643319533906108,0.6515570746527778
病例66,near,NBI,mid_fusion,3,0,0.2,0.0,1.8335628227194491,0.5217078974538484,0.5582343207465278
病例66,near,NBI,mid_fusion,3,0,0.25,0.0,1.3908777969018933,0.5898177757468253,0.4710218641493056
病例66,near,NBI,mid_fusion,3,0,0.3,0.0,1.2523924268502582,0.6149319447083943,0.4437391493055556
病例66,near,NBI,mid_fusion,3,0,0.35,0.0,1.1816867469879517,0.62859739472819,0.4298095703125
病例66,near,NBI,mid_fusion,3,0,0.4,0.0,1.1496041308089502,0.6350004371768875,0.4234890407986111
病例66,near,NBI,mid_fusion,3,0,0.45,6.884681583476765e-05,1.1292598967297762,0.6390988196202115,0.4194675021701389
病例66,near,NBI,mid_fusion,3,0,0.5,0.0001376936316695353,1.107986230636833,0.6434433946583039,0.4152628580729167
病例66,near,NBI,mid_fusion,3,0,0.55,0.0031325301204819275,0.7930464716006884,0.714622379606013,0.3526272243923611
病例66,near,NBI,mid_fusion,3,0,0.6,0.005886402753872633,0.7384165232358003,0.7276140085654729,0.3413221571180556
病例66,near,NBI,mid_fusion,3,0,0.65,0.012633390705679863,0.7022719449225473,0.7342002201337008,0.3328721788194444
病例66,near,NBI,mid_fusion,3,0,0.7,0.020654044750430294,0.66592082616179,0.7404515583307432,0.3241305881076389
病例66,near,NBI,mid_fusion,3,0,0.75,0.030671256454388986,0.6247504302925989,0.7473393667550262,0.3140462239583333
病例66,near,NBI,mid_fusion,3,0,0.8,0.04271944922547332,0.571566265060241,0.7570886024246803,0.3011949327256944
病例66,near,NBI,mid_fusion,3,0,0.85,0.06454388984509467,0.4732185886402754,0.7767392671343155,0.2775200737847222
病例66,near,NBI,mid_fusion,3,0,0.9,0.13187607573149743,0.2851635111876076,0.8063242370456951,0.2272067599826389
病例66,near,NBI,mid_fusion,3,0,0.95,0.4544578313253012,0.07273666092943201,0.6742251813391031,0.12180582682291667
病例68,far,WLI,mid_fusion,3,0,0.05,0.0,7.414997431946585,0.21242703616811084,1.0
病例68,far,WLI,mid_fusion,3,0,0.1,0.00827483878331336,0.849854476973121,0.6980097604066876,0.2188449435763889
病例68,far,WLI,mid_fusion,3,0,0.15,0.010158077954688123,0.6825885978428351,0.740780285718805,0.19874403211805555
病例68,far,WLI,mid_fusion,3,0,0.2,0.04234434742909319,0.47794327455344404,0.7863820614335237,0.1706000434027778
病例68,far,WLI,mid_fusion,3,0,0.25,0.05780973577583747,0.3982765508189237,0.8051302057914631,0.1592949761284722
病例68,far,WLI,mid_fusion,3,0,0.3,0.06511442104662443,0.369571420418878,0.8113716847011927,0.15501573350694445
病例68,far,WLI,mid_fusion,3,0,0.35,0.06916623865776408,0.3531358785596074,0.8151016940662258,0.1525811089409722
病例68,far,WLI,mid_fusion,3,0,0.4,0.07196256348798721,0.3408662900188324,0.8180491976436992,0.1507907443576389
病例68,far,WLI,mid_fusion,3,0,0.45,0.0741311419277521,0.3314500941619586,0.8203261281738836,0.1494140625
病例68,far,WLI,mid_fusion,3,0,0.5,0.07766934885578954,0.31809621640130115,0.823352607043421,0.1474066840277778
病例68,far,WLI,mid_fusion,3,0,0.55,0.11185299320892542,0.18124750328140157,0.8583641277346579,0.1270819769965278
病例68,far,WLI,mid_fusion,3,0,0.6,0.12126918906579924,0.16315699366546824,0.8607043040780863,0.1238132052951389
病例68,far,WLI,mid_fusion,3,0,0.65,0.12908748501968842,0.1487758945386064,0.8624226498237901,0.12117513020833333
病例68,far,WLI,mid_fusion,3,0,0.7,0.13781886663242596,0.13194087770358956,0.8647225481473694,0.1181369357638889
病例68,far,WLI,mid_fusion,3,0,0.75,0.14797694458711408,0.11316555384351995,0.8671158090345362,0.11469862196180555
病例68,far,WLI,mid_fusion,3,0,0.8,0.1615590937624836,0.0923928551047195,0.8684754980171766,0.11061604817708333
病例68,far,WLI,mid_fusion,3,0,0.85,0.18193231752553787,0.06511442104662443,0.868814206488473,0.1049533420138889
病例68,far,WLI,mid_fusion,3,0,0.9,0.22062432231923756,0.03281401586486332,0.8601480081849783,0.09651692708333333
病例68,far,WLI,mid_fusion,3,0,0.95,0.32939565142954974,0.0,0.8028284484498093,0.07969156901041667
病例68,far,NBI,mid_fusion,3,0,0.05,0.0,8.413969226840324,0.19204973208909593,0.9999660915798612
病例68,far,NBI,mid_fusion,3,0,0.1,0.0,0.7623699163634042,0.7240159937117803,0.1872016059027778
病例68,far,NBI,mid_fusion,3,0,0.15,0.0,0.5797101449275363,0.7752808988744857,0.16779920789930555
病例68,far,NBI,mid_fusion,3,0,0.2,0.0,0.465108855263998,0.8113231980502672,0.15562608506944445
病例68,far,NBI,mid_fusion,3,0,0.25,0.0012768945923514014,0.4146715188661176,0.827650062165478,0.15013292100694445
病例68,far,NBI,mid_fusion,3,0,0.3,0.0024260997254676626,0.3821107067611569,0.8384084994477546,0.1465521918402778
病例68,far,NBI,mid_fusion,3,0,0.35,0.0028091681031730833,0.36512800868288325,0.844247452769265,0.1447075737847222
病例68,far,NBI,mid_fusion,3,0,0.4,0.0035114601289663538,0.35197599438166377,0.848629839058154,0.14323594835069445
病例68,far,NBI,mid_fusion,3,0,0.45,0.004022217965906914,0.342590819127881,0.8517841054878599,0.1421847873263889
病例68,far,NBI,mid_fusion,3,0,0.5,0.005107578369405606,0.33058800995977783,0.8556446299119931,0.14079454210069445
病例68,far,NBI,mid_fusion,3,0,0.55,0.008619038498371959,0.2969418374513184,0.866469505047524,0.1368476019965278
病例68,far,NBI,mid_fusion,3,0,0.6,0.01053438038689906,0.28251292855774757,0.8710166919550637,0.13511149088541666
病例68,far,NBI,mid_fusion,3,0,0.65,0.011811274979250462,0.27185085871161335,0.8744879798839671,0.1338433159722222
病例68,far,NBI,mid_fusion,3,0,0.7,0.013918151056630275,0.25889037859924663,0.8784802206840188,0.13224283854166666
病例68,far,NBI,mid_fusion,3,0,0.75,0.016344250782097936,0.2442060907872055,0.8830491474397963,0.1304253472222222
病例68,far,NBI,mid_fusion,3,0,0.8,0.020685692396092702,0.22262657217646684,0.8895010003163631,0.12767198350694445
病例68,far,NBI,mid_fusion,3,0,0.85,0.02809168103173083,0.1990040222179659,0.895391583092976,0.12437608506944445
病例68,far,NBI,mid_fusion,3,0,0.9,0.04826661559088297,0.1465874992019409,0.9071380758202788,0.1166653103298611
病例68,far,NBI,mid_fusion,3,0,0.95,0.10374768562855137,0.032560812104960736,0.9293303763499079,0.0986599392361111
病例68,near,WLI,mid_fusion,3,0,0.05,0.0,6.769932022975181,0.22805193868769608,0.9999593098958334
病例68,near,WLI,mid_fusion,3,0,0.1,0.0,0.421141381672551,0.826056675225643,0.1828952365451389
病例68,near,WLI,mid_fusion,3,0,0.15,0.0,0.26558465510881596,0.8827743406036126,0.1628757052951389
病例68,near,WLI,mid_fusion,3,0,0.2,0.002898245244243031,0.14865363334562892,0.9293713163042009,0.1474541558159722
病例68,near,WLI,mid_fusion,3,0,0.25,0.004268324814248828,0.12773357221900195,0.9378365635135671,0.1445855034722222
病例68,near,WLI,mid_fusion,3,0,0.3,0.005111450703483164,0.11619328661010697,0.9425390644477496,0.14299180772569445
病例68,near,WLI,mid_fusion,3,0,0.35,0.005901881224640354,0.10834167676661222,0.9456614366611217,0.1418796115451389
病例68,near,WLI,mid_fusion,3,0,0.4,0.007851609843494757,0.10112241134004321,0.9479407914586951,0.14069959852430555
病例68,near,WLI,mid_fusion,3,0,0.45,0.00911629867734626,0.09374505980924276,0.9506572295223694,0.13958740234375
病例68,near,WLI,mid_fusion,3,0,0.5,0.011066027296200664,0.08647309901459661,0.9530024120833998,0.1384006076388889
病例68,near,WLI,mid_fusion,3,0,0.55,0.024397955419718606,0.06249670653949518,0.9573648421517765,0.1335991753472222
病例68,near,WLI,mid_fusion,3,0,0.6,0.02792854508088739,0.054750487432154715,0.9592075501106019,0.1321478949652778
病例68,near,WLI,mid_fusion,3,0,0.65,0.03372503556937345,0.044896453601728406,0.9609076141042789,0.1301337348090278
病例68,near,WLI,mid_fusion,3,0,0.7,0.03952152605785952,0.03578015492438215,0.9622785946177381,0.12821451822916666
病例68,near,WLI,mid_fusion,3,0,0.75,0.046161142435579915,0.028929757074353163,0.9621282589604216,0.12647840711805555
病例68,near,WLI,mid_fusion,3,0,0.8,0.058702640037940665,0.023502134162407123,0.9581612401411839,0.12416585286458333
病例68,near,WLI,mid_fusion,3,0,0.85,0.08025504558149339,0.017494862201612477,0.9495416587303823,0.12061903211805555
病例68,near,WLI,mid_fusion,3,0,0.9,0.11582441903356695,0.009432470885809138,0.9338527897566888,0.11500379774305555
病例68,near,WLI,mid_fusion,3,0,0.95,0.21510249249091004,0.0002634768403857301,0.8793576762969585,0.1010470920138889
病例68,near,NBI,mid_fusion,3,0,0.05,0.0,0.32996608701926544,0.8583815923938333,1.0
病例68,near,NBI,mid_fusion,3,0,0.1,0.00044195107872140846,0.12941049137744426,0.9390068758654402,0.8488701714409722
病例68,near,NBI,mid_fusion,3,0,0.15,0.0004870481275705318,0.11819034562378238,0.9439593856738486,0.8403998480902778
病例68,near,NBI,mid_fusion,3,0,0.2,0.0010101738942203623,0.09368460927916877,0.954749395523231,0.8215806749131944
病例68,near,NBI,mid_fusion,3,0,0.25,0.003283065156216177,0.08204957067609496,0.9589503507938063,0.8111233181423612
病例68,near,NBI,mid_fusion,3,0,0.3,0.011986795584096977,0.07579911970560646,0.9574641965916478,0.7998792860243056
病例68,near,NBI,mid_fusion,3,0,0.35,0.018967818745941264,0.0721552781585973,0.9556187154330917,0.7918904622395834
病例68,near,NBI,mid_fusion,3,0,0.4,0.022584602063640956,0.06995454217476009,0.9548009656553619,0.7875162760416666
病例68,near,NBI,mid_fusion,3,0,0.45,0.025705317844000288,0.068313009596652,0.9539714220106356,0.783935546875
病例68,near,NBI,mid_fusion,3,0,0.5,0.02903348004906559,0.06652716646222671,0.9530989238644569,0.78009033203125
病例68,near,NBI,mid_fusion,3,0,0.55,0.09239483368208384,0.04723464896457176,0.9285724172610451,0.7179429796006944
病例68,near,NBI,mid_fusion,3,0,0.6,0.10295656252254852,0.04249043942564398,0.9250093005948079,0.7064344618055556
病例68,near,NBI,mid_fusion,3,0,0.65,0.11306732087452197,0.03794465690165236,0.9215472202043336,0.6954142252604166
病例68,near,NBI,mid_fusion,3,0,0.7,0.12561331986434807,0.032659282776535105,0.9170064037680469,0.6820068359375
病例68,near,NBI,mid_fusion,3,0,0.75,0.14020672487192437,0.024947687423335016,0.9123728854109959,0.6652357313368056
病例68,near,NBI,mid_fusion,3,0,0.8,0.15972472761382495,0.017479616133920198,0.9046137115054378,0.6449449327256944
病例68,near,NBI,mid_fusion,3,0,0.85,0.19249224330759795,0.011057796377805037,0.888071101235499,0.615478515625
病例68,near,NBI,mid_fusion,3,0,0.9,0.25257053178440003,0.004248142001587416,0.8533870203690537,0.565185546875
病例68,near,NBI,mid_fusion,3,0,0.95,0.41377444260047624,0.0005411645861894798,0.7388931835746789,0.4411892361111111
病例7,far,WLI,mid_fusion,3,0,0.05,0.0,23.113654946852,0.07963795012041437,0.9999932183159722
病例7,far,WLI,mid_fusion,3,0,0.1,0.020114472608340147,3.319051512673753,0.3698422985514618,0.1782769097222222
病例7,far,WLI,mid_fusion,3,0,0.15,0.06852003270645952,1.8698282910874897,0.4900838890062805,0.11617024739583333
病例7,far,WLI,mid_fusion,3,0,0.2,0.15862632869991825,0.7125102207686018,0.6588973554417692,0.06443956163194445
病例7,far,WLI,mid_fusion,3,0,0.25,0.20964840556009812,0.40899427636958297,0.7187151461021732,0.049736870659722224
病例7,far,WLI,mid_fusion,3,0,0.3,0.2312346688470973,0.3255928045789043,0.7341297727747783,0.04538302951388889
病例7,far,WLI,mid_fusion,3,0,0.35,0.24513491414554375,0.2778413736713001,0.7427192276690047,0.042826334635416664
病例7,far,WLI,mid_fusion,3,0,0.4,0.25756336876533115,0.24955028618152086,0.7454232000595564,0.0411376953125
病例7,far,WLI,mid_fusion,3,0,0.45,0.26933769419460346,0.23008994276369582,0.7452877397769366,0.03984239366319445
病例7,far,WLI,mid_fusion,3,0,0.5,0.28258381030253477,0.20572363041700736,0.7460884353678053,0.03828260633680555
病例7,far,WLI,mid_fusion,3,0,0.55,0.36745707277187245,0.03499591169255928,0.7586545062198817,0.027682834201388888
病例7,far,WLI,mid_fusion,3,0,0.6,0.3928045789043336,0.022076860179885527,0.7453578239411286,0.026095920138888888
病例7,far,WLI,mid_fusion,3,0,0.65,0.41439084219133276,0.013736713000817661,0.7323108384383199,0.024854871961805556
病例7,far,WLI,mid_fusion,3,0,0.7,0.4392477514309076,0.008994276369582993,0.7144494218073294,0.023627387152777776
病例7,far,WLI,mid_fusion,3,0,0.75,0.4660670482420278,0.005396565821749796,0.693721449052441,0.022365993923611112
病例7,far,WLI,mid_fusion,3,0,0.8,0.5025347506132462,0.0014717906786590352,0.6637573641646982,0.02069091796875
病例7,far,WLI,mid_fusion,3,0,0.85,0.5604251839738348,0.0,0.6107008974143961,0.018229166666666668
病例7,far,WLI,mid_fusion,3,0,0.9,0.6546197874080131,0.0,0.5134313844595425,0.014322916666666666
病例7,far,WLI,mid_fusion,3,0,0.95,0.8778413736713001,0.0,0.21772078111020518,0.00506591796875
病例7,far,NBI,mid_fusion,3,0,0.05,0.0,7.659030837004405,0.20706011128328192,0.999755859375
病例7,far,NBI,mid_fusion,3,0,0.1,0.2422907488986784,1.5188252569750367,0.4625064983947394,0.2628445095486111
病例7,far,NBI,mid_fusion,3,0,0.15,0.34913362701908957,1.0669016152716593,0.47897125567218723,0.1983303493923611
病例7,far,NBI,mid_fusion,3,0,0.2,0.5521292217327459,0.5868428781204111,0.4402297855130041,0.11946614583333333
病例7,far,NBI,mid_fusion,3,0,0.25,0.6379441997063142,0.47923641703377384,0.3932627280834718,0.0971340603298611
病例7,far,NBI,mid_fusion,3,0,0.3,0.6888105726872247,0.4311894273127753,0.3572006472479868,0.08571370442708333
病例7,far,NBI,mid_fusion,3,0,0.35,0.7115418502202643,0.4098678414096916,0.33969703257819844,0.08062744140625
病例7,far,NBI,mid_fusion,3,0,0.4,0.724287812041116,0.39788546255506607,0.3294844347722968,0.07777235243055555
病例7,far,NBI,mid_fusion,3,0,0.45,0.7343318649045522,0.3881350954478708,0.3212814320204529,0.07548692491319445
病例7,far,NBI,mid_fusion,3,0,0.5,0.7443171806167401,0.37797356828193834,0.3130190917904828,0.07316080729166667
病例7,far,NBI,mid_fusion,3,0,0.55,0.9484287812041116,0.20299559471365639,0.08221358677802232,0.029391818576388888
病例7,far,NBI,mid_fusion,3,0,0.6,0.9608810572687224,0.1843171806167401,0.06394930145439555,0.025797526041666668
病例7,far,NBI,mid_fusion,3,0,0.65,0.9680469897209986,0.16928046989721,0.053200332501818,0.023234049479166668
病例7,far,NBI,mid_fusion,3,0,0.7,0.9736857562408223,0.1518942731277533,0.0446682287250378,0.020575629340277776
病例7,far,NBI,mid_fusion,3,0,0.75,0.9813215859030837,0.12992657856093978,0.032523651239925726,0.017157660590277776
病例7,far,NBI,mid_fusion,3,0,0.8,0.9908957415565345,0.08863436123348017,0.01658729734059293,0.011284722222222222
病例7,far,NBI,mid_fusion,3,0,0.85,0.9987077826725403,0.05315712187958884,0.0024509803921432096,0.00628662109375
病例7,far,NBI,mid_fusion,3,0,0.9,1.0,0.009221732745961822,0.0,0.001064724392361111
病例7,far,NBI,mid_fusion,3,0,0.95,1.0,0.0,0.0,0.0
病例7,near,WLI,mid_fusion,3,0,0.05,0.0,12.230506953790938,0.1405431307888823,0.9999864366319444
病例7,near,WLI,mid_fusion,3,0,0.1,0.0,1.1562135486765366,0.6336706845558515,0.1629706488715278
病例7,near,WLI,mid_fusion,3,0,0.15,0.0,1.0794078061911172,0.6494755244736321,0.15716552734375
病例7,near,WLI,mid_fusion,3,0,0.2,0.0,0.8405563032750112,0.7040874344535217,0.13911268446180555
病例7,near,WLI,mid_fusion,3,0,0.25,0.0,0.7101839389860924,0.7379572918366563,0.12925889756944445
病例7,near,WLI,mid_fusion,3,0,0.3,0.0,0.6499775684163301,0.7547233696730726,0.12470838758680555
病例7,near,WLI,mid_fusion,3,0,0.35,0.0,0.614535666218035,0.7649541851101103,0.12202962239583333
病例7,near,WLI,mid_fusion,3,0,0.4,0.0,0.5924629878869448,0.7714671373662427,0.120361328125
病例7,near,WLI,mid_fusion,3,0,0.45,0.0,0.5730820995962315,0.7772779579426813,0.118896484375
病例7,near,WLI,mid_fusion,3,0,0.5,0.0,0.5508299685957828,0.78405853177817,0.1172146267361111
病例7,near,WLI,mid_fusion,3,0,0.55,0.0,0.4078061911170929,0.8306316377833776,0.10640462239583333
病例7,near,WLI,mid_fusion,3,0,0.6,0.0,0.3747868999551368,0.8421808289536321,0.1039089626736111
病例7,near,WLI,mid_fusion,3,0,0.65,0.0,0.34589502018842533,0.8525530694172784,0.10172526041666667
病例7,near,WLI,mid_fusion,3,0,0.7,0.0,0.3149394347240915,0.8639534883687443,0.09938557942708333
病例7,near,WLI,mid_fusion,3,0,0.75,0.0006280843427545985,0.2807537012113055,0.8765937352397426,0.09675428602430555
病例7,near,WLI,mid_fusion,3,0,0.8,0.0026020637056976222,0.24342754598474653,0.8902058140430439,0.0937839084201389
病例7,near,WLI,mid_fusion,3,0,0.85,0.00816509645580978,0.20358905338716912,0.9035474905962745,0.09035237630208333
病例7,near,WLI,mid_fusion,3,0,0.9,0.017855540601166443,0.14697173620457604,0.9225841796918429,0.08534071180555555
病例7,near,WLI,mid_fusion,3,0,0.95,0.05563032750112158,0.05563032750112158,0.9443696724946417,0.07558186848958333
病例7,near,NBI,mid_fusion,3,0,0.05,0.0,3.14485298251532,0.3887380274608171,0.9999525282118056
病例7,near,NBI,mid_fusion,3,0,0.1,0.0,0.3183785911058638,0.8626718723466029,0.3180609809027778
病例7,near,NBI,mid_fusion,3,0,0.15,8.433125316242199e-05,0.20599314105807612,0.9065793330178449,0.2909274631076389
病例7,near,NBI,mid_fusion,3,0,0.2,0.01422387136672851,0.07159723393489627,0.9582860812404073,0.2550930447048611
病例7,near,NBI,mid_fusion,3,0,0.25,0.04264350368246472,0.03581267217630854,0.9606374726733508,0.23960367838541666
病例7,near,NBI,mid_fusion,3,0,0.3,0.056136504188452244,0.025777253049980322,0.9584118285080802,0.23392740885416666
病例7,near,NBI,mid_fusion,3,0,0.35,0.06454151908697363,0.02167313206274245,0.9559484653046322,0.23090955946180555
病例7,near,NBI,mid_fusion,3,0,0.4,0.07044470680834317,0.019311856974194637,0.9539442368980456,0.2289157443576389
病例7,near,NBI,mid_fusion,3,0,0.45,0.07584190701073817,0.017653342328667002,0.9518515301529403,0.22721354166666666
病例7,near,NBI,mid_fusion,3,0,0.5,0.08199808849159498,0.015938606847697757,0.9493589929926024,0.2253146701388889
病例7,near,NBI,mid_fusion,3,0,0.55,0.1330466070725811,0.009107775341541575,0.9242272134719965,0.21135118272569445
病例7,near,NBI,mid_fusion,3,0,0.6,0.1468488221734975,0.007111935683364255,0.917237106546206,0.20753987630208334
病例7,near,NBI,mid_fusion,3,0,0.65,0.15812109967954124,0.005818856468207118,0.9112733911442092,0.20450846354166666
病例7,near,NBI,mid_fusion,3,0,0.7,0.16843762298307752,0.004581998088491595,0.9057701434484517,0.20172119140625
病例7,near,NBI,mid_fusion,3,0,0.75,0.17999100466632934,0.0032045876201720357,0.8995204983103354,0.1986016167534722
病例7,near,NBI,mid_fusion,3,0,0.8,0.19472086355203239,0.0016022938100860179,0.8913469616340095,0.19466145833333334
病例7,near,NBI,mid_fusion,3,0,0.85,0.21628155394389162,0.00030921459492888067,0.8785945009046268,0.18914794921875
病例7,near,NBI,mid_fusion,3,0,0.9,0.2522909990442458,0.0,0.8556447332429581,0.1803860134548611
病例7,near,NBI,mid_fusion,3,0,0.95,0.34041715859897675,0.0,0.794877875265431,0.1591254340277778
病例74,far,WLI,mid_fusion,3,0,0.05,0.0,7.068746579091407,0.22053764349418747,0.9997287326388888
病例74,far,WLI,mid_fusion,3,0,0.1,0.0,1.7929939792008758,0.5272879448172714,0.3460557725694444
病例74,far,WLI,mid_fusion,3,0,0.15,5.4734537493158185e-05,1.411056376573618,0.5863059420071145,0.2987263997395833
病例74,far,WLI,mid_fusion,3,0,0.2,0.014066776135741654,0.910727969348659,0.6807376894284405,0.23499891493055555
病例74,far,WLI,mid_fusion,3,0,0.25,0.0361247947454844,0.737383689107827,0.713648889607891,0.2107883029513889
病例74,far,WLI,mid_fusion,3,0,0.3,0.04833059660645868,0.678215654077723,0.7237345987330924,0.20194498697916666
病例74,far,WLI,mid_fusion,3,0,0.35,0.056431308155446086,0.6463054187192119,0.7286598896787018,0.1969875759548611
病例74,far,WLI,mid_fusion,3,0,0.4,0.06091954022988506,0.6262178434592228,0.7321413331041816,0.1939425998263889
病例74,far,WLI,mid_fusion,3,0,0.45,0.06464148877941982,0.6113847837985769,0.7345526445856679,0.1916436089409722
病例74,far,WLI,mid_fusion,3,0,0.5,0.06852764094143404,0.5935413245758073,0.7377958900530265,0.18895128038194445
病例74,far,WLI,mid_fusion,3,0,0.55,0.12911877394636015,0.45292829775588395,0.7495289240607934,0.16402180989583334
病例74,far,WLI,mid_fusion,3,0,0.6,0.138752052545156,0.4358511220580186,0.7498570339288271,0.1607123480902778
病例74,far,WLI,mid_fusion,3,0,0.65,0.14734537493158184,0.4225506294471812,0.7495188606602446,0.15799967447916666
病例74,far,WLI,mid_fusion,3,0,0.7,0.1568144499178982,0.4062944718117132,0.7496715168603103,0.1548122829861111
病例74,far,WLI,mid_fusion,3,0,0.75,0.1675424192665572,0.3867542419266557,0.7502281415692434,0.15106201171875
病例74,far,WLI,mid_fusion,3,0,0.8,0.18007662835249041,0.36354679802955664,0.751027774990597,0.1466335720486111
病例74,far,WLI,mid_fusion,3,0,0.85,0.19835796387520527,0.3319649698960044,0.7514430106955916,0.14045545789930555
病例74,far,WLI,mid_fusion,3,0,0.9,0.22873563218390805,0.28620689655172415,0.749720670389067,0.13102213541666666
病例74,far,WLI,mid_fusion,3,0,0.95,0.2912424740010947,0.20103995621237,0.742233176657279,0.11272515190972222
病例74,far,NBI,mid_fusion,3,0,0.05,0.0,6.876502323593825,0.22531397245092563,1.0
病例74,far,NBI,mid_fusion,3,0,0.1,0.0,2.2045296725602266,0.4756774611557485,0.4068467881944444
病例74,far,NBI,mid_fusion,3,0,0.15,0.0,1.6906148175845308,0.5419151276550948,0.3416002061631944
病例74,far,NBI,mid_fusion,3,0,0.2,0.0,0.8528924736926446,0.7010428953908497,0.23524305555555555
病例74,far,NBI,mid_fusion,3,0,0.25,0.0,0.659580150632979,0.7519983932501466,0.2107001410590278
病例74,far,NBI,mid_fusion,3,0,0.3,0.0,0.582500934779125,0.7744430885044068,0.20091417100694445
病例74,far,NBI,mid_fusion,3,0,0.35,0.0,0.5445756102772288,0.7859856833957093,0.1960991753472222
病例74,far,NBI,mid_fusion,3,0,0.4,5.34159500026708e-05,0.5214465039260723,0.7931699256386391,0.19315592447916666
病例74,far,NBI,mid_fusion,3,0,0.45,0.0001068319000053416,0.5045670637252283,0.7984899543556744,0.1910061306423611
病例74,far,NBI,mid_fusion,3,0,0.5,0.000267079750013354,0.48555098552427756,0.8045221054424215,0.1885715060763889
病例74,far,NBI,mid_fusion,3,0,0.55,0.0008546552000427328,0.29047593611452377,0.872760358340629,0.1637301974826389
病例74,far,NBI,mid_fusion,3,0,0.6,0.0011751509000587576,0.26318038566315904,0.8831322171561548,0.1602240668402778
病例74,far,NBI,mid_fusion,3,0,0.65,0.0020298061001014903,0.23994444741199722,0.8918751193410066,0.15716552734375
病例74,far,NBI,mid_fusion,3,0,0.7,0.004219860050210993,0.21286256076064314,0.9017122956348512,0.1534491644965278
病例74,far,NBI,mid_fusion,3,0,0.75,0.009614871000480743,0.18294962875914747,0.9113967606338353,0.14896647135416666
病例74,far,NBI,mid_fusion,3,0,0.8,0.02547940815127397,0.15485283905774264,0.9153120610051292,0.14338514539930555
病例74,far,NBI,mid_fusion,3,0,0.85,0.054751348752737565,0.12558089845627904,0.9129178704062295,0.1359524197048611
病例74,far,NBI,mid_fusion,3,0,0.9,0.10255862400512793,0.08546552000427328,0.9051775227603438,0.1247897677951389
病例74,far,NBI,mid_fusion,3,0,0.95,0.2147321190107366,0.035681854601784094,0.8624816661752347,0.10422770182291667
病例74,near,WLI,mid_fusion,3,0,0.05,0.0,6.4326326931801,0.23717385456813583,1.0
病例74,near,WLI,mid_fusion,3,0,0.1,0.0,1.4259287262462825,0.5837833066038168,0.3263888888888889
病例74,near,WLI,mid_fusion,3,0,0.15,0.0,1.2585815817329502,0.6137639797660931,0.3038736979166667
病例74,near,WLI,mid_fusion,3,0,0.2,0.0,0.9480820605877313,0.6784071674035624,0.2620985243055556
病例74,near,WLI,mid_fusion,3,0,0.25,0.0,0.8096678259992943,0.7118279184070759,0.2434760199652778
病例74,near,WLI,mid_fusion,3,0,0.3,0.00015121729925903524,0.762689651696154,0.7238623508361788,0.23713514539930555
病例74,near,WLI,mid_fusion,3,0,0.35,0.0006552749634558193,0.7349160743989113,0.7309798138063767,0.2333306206597222
病例74,near,WLI,mid_fusion,3,0,0.4,0.0010585210948132466,0.7177781138162206,0.7354027125800408,0.23097059461805555
病例74,near,WLI,mid_fusion,3,0,0.45,0.0018650133575281013,0.7022531377589596,0.7392529819111506,0.22877332899305555
病例74,near,WLI,mid_fusion,3,0,0.5,0.0024698825545642423,0.6875346539644135,0.7430212694048264,0.2267116970486111
病例74,near,WLI,mid_fusion,3,0,0.55,0.008367357225666616,0.5451887695952417,0.7817914480989075,0.20676676432291666
病例74,near,WLI,mid_fusion,3,0,0.6,0.011492514743686677,0.5149957155098543,0.7896993979890276,0.20228407118055555
病例74,near,WLI,mid_fusion,3,0,0.65,0.015071324159483845,0.49372448208075004,0.7947289217863206,0.1989407009548611
病例74,near,WLI,mid_fusion,3,0,0.7,0.01991027773577297,0.4733101466807803,0.798964518314468,0.19554307725694445
病例74,near,WLI,mid_fusion,3,0,0.75,0.02636221583749181,0.4505267402590856,0.8032769841748211,0.19160970052083334
病例74,near,WLI,mid_fusion,3,0,0.8,0.03604012299007006,0.4249710166843087,0.807021985903686,0.18686930338541666
病例74,near,WLI,mid_fusion,3,0,0.85,0.05554715459448561,0.3945763395332426,0.8075596931281623,0.18015543619791666
病例74,near,WLI,mid_fusion,3,0,0.9,0.0863954836433288,0.34195271939109834,0.8100920711522077,0.16892496744791666
病例74,near,WLI,mid_fusion,3,0,0.95,0.1494026916679268,0.218962649327083,0.8220078912737542,0.14390055338541666
病例74,near,NBI,mid_fusion,3,0,0.05,0.0,2.7577726809378187,0.42036476606206896,0.9999932183159722
病例74,near,NBI,mid_fusion,3,0,0.1,0.0,2.207288481141692,0.4753655493231278,0.8535020616319444
病例74,near,NBI,mid_fusion,3,0,0.15,0.00010193679918450561,2.17703873598369,0.47877098039665,0.8454250759548612
病例74,near,NBI,mid_fusion,3,0,0.2,0.0004841997961264016,2.1307084607543323,0.48400074042050717,0.8329942491319444
病例74,near,NBI,mid_fusion,3,0,0.25,0.0009174311926605505,2.089296636085627,0.48874261350855913,0.8218587239583334
病例74,near,NBI,mid_fusion,3,0,0.3,0.0014016309887869521,2.0451834862385323,0.493893293335879,0.8099907769097222
病例74,near,NBI,mid_fusion,3,0,0.35,0.0020387359836901123,2.012869520897044,0.4976331924894382,0.8012220594618056
病例74,near,NBI,mid_fusion,3,0,0.4,0.0025484199796126403,1.9955912334352701,0.4995947334491696,0.7964884440104166
病例74,near,NBI,mid_fusion,3,0,0.45,0.002854230377166157,1.983639143730887,0.5009794758200703,0.7932264539930556
病例74,near,NBI,mid_fusion,3,0,0.5,0.003109072375127421,1.9687054026503568,0.502769744874685,0.7891845703125
病例74,near,NBI,mid_fusion,3,0,0.55,0.0034658511722731908,1.7552242609582058,0.5312357779902518,0.7322794596354166
病例74,near,NBI,mid_fusion,3,0,0.6,0.003746177370030581,1.7122833843017329,0.5372758945317666,0.7207777235243056
病例74,near,NBI,mid_fusion,3,0,0.65,0.004332313965341488,1.6705912334352702,0.543151865650515,0.7095269097222222
病例74,near,NBI,mid_fusion,3,0,0.7,0.0054281345565749236,1.6145514780835881,0.5511431839682033,0.6943223741319444
病例74,near,NBI,mid_fusion,3,0,0.75,0.007237512742099898,1.5464576962283385,0.561006343651264,0.67572021484375
病例74,near,NBI,mid_fusion,3,0,0.8,0.014118246687054026,1.4505606523955148,0.5737804606732319,0.6483696831597222
病例74,near,NBI,mid_fusion,3,0,0.85,0.038837920489296636,1.3200815494393476,0.5858523097948166,0.6070692274305556
病例74,near,NBI,mid_fusion,3,0,0.9,0.07336901121304791,1.0654943934760448,0.6193797855391578,0.5301310221354166
病例74,near,NBI,mid_fusion,3,0,0.95,0.3822375127420999,0.24658511722731907,0.6627117022285458,0.2300143771701389
病例82,near,WLI,mid_fusion,3,0,0.05,0.0,2.131365470375876,0.4841014464442938,1.0
病例82,near,WLI,mid_fusion,3,0,0.1,0.047865788914843915,0.19161180717774473,0.8882901266967594,0.3652547200520833
病例82,near,WLI,mid_fusion,3,0,0.15,0.10004247186239117,0.06372902951794436,0.9165999783703724,0.3077528211805556
病例82,near,WLI,mid_fusion,3,0,0.2,0.22372053514546614,0.00906774262051391,0.8696117613463821,0.2508002387152778
病例82,near,WLI,mid_fusion,3,0,0.25,0.2883202378424294,0.0032915693353153534,0.8299611184021026,0.2283257378472222
病例82,near,WLI,mid_fusion,3,0,0.3,0.31269908685495856,0.0021448290507538755,0.8136407059168212,0.22017415364583334
病例82,near,WLI,mid_fusion,3,0,0.35,0.32556806115948184,0.0015077511148863878,0.8048403446517931,0.21586100260416666
病例82,near,WLI,mid_fusion,3,0,0.4,0.33425355701847526,0.0009768528349968146,0.7988685880274203,0.2129177517361111
病例82,near,WLI,mid_fusion,3,0,0.45,0.3412826502442132,0.0007432575918454024,0.7938933251423091,0.2105984157986111
病例82,near,WLI,mid_fusion,3,0,0.5,0.34848163091951584,0.0004884264174984073,0.7887599141300775,0.2082180447048611
病例82,near,WLI,mid_fusion,3,0,0.55,0.4195370566999363,0.00027606710554257805,0.7344197106267926,0.1854587131076389
病例82,near,WLI,mid_fusion,3,0,0.6,0.4401783818220429,0.00019112338076024635,0.7177141612546553,0.1788397894965278
病例82,near,WLI,mid_fusion,3,0,0.65,0.45517094924612445,2.1235931195582926e-05,0.7053486741711612,0.17399766710069445
病例82,near,WLI,mid_fusion,3,0,0.7,0.4719048630282438,0.0,0.6911809666740443,0.1686469184027778
病例82,near,WLI,mid_fusion,3,0,0.75,0.49133574007220215,0.0,0.6743240009562176,0.1624416775173611
病例82,near,WLI,mid_fusion,3,0,0.8,0.5160968358462519,0.0,0.6522031569748956,0.1545342339409722
病例82,near,WLI,mid_fusion,3,0,0.85,0.5468039923550647,0.0,0.623723166400281,0.14472791883680555
病例82,near,WLI,mid_fusion,3,0,0.9,0.5971119133574008,0.0,0.574369531651215,0.128662109375
病例82,near,WLI,mid_fusion,3,0,0.95,0.720620089190911,0.0,0.43674268831053226,0.08921983506944445
病例82,near,NBI,mid_fusion,3,0,0.05,0.0,0.760185262554761,0.7245890437614985,1.0
病例82,near,NBI,mid_fusion,3,0,0.1,0.0,0.34492020101942156,0.852907488762095,0.7640787760416666
病例82,near,NBI,mid_fusion,3,0,0.15,0.0,0.30066966683776397,0.8693121089165019,0.7389390733506944
病例82,near,NBI,mid_fusion,3,0,0.2,0.0010743318252897712,0.16964893223353586,0.9212739723006136,0.6638929578993056
病例82,near,NBI,mid_fusion,3,0,0.25,0.003784035429076194,0.11352106287228582,0.944398236947734,0.6304660373263888
病例82,near,NBI,mid_fusion,3,0,0.3,0.007233834290284459,0.10808971864443198,0.9451063950675047,0.6254204644097222
病例82,near,NBI,mid_fusion,3,0,0.35,0.00962123834648395,0.10475928998603369,0.9454066865693467,0.6221720377604166
病例82,near,NBI,mid_fusion,3,0,0.4,0.011340169266947584,0.10209733446337126,0.9457433385283697,0.6196831597222222
病例82,near,NBI,mid_fusion,3,0,0.45,0.013071037207692216,0.09970993040717176,0.9459508935716883,0.6173434787326388
病例82,near,NBI,mid_fusion,3,0,0.5,0.016091103338784572,0.09731058933069127,0.9455119013473212,0.6142645941840278
病例82,near,NBI,mid_fusion,3,0,0.55,0.040156136225275446,0.06786196029747055,0.9467289114419242,0.5838623046875
病例82,near,NBI,mid_fusion,3,0,0.6,0.047951010468766785,0.05945829801964834,0.9466025755142445,0.5746595594618056
病例82,near,NBI,mid_fusion,3,0,0.65,0.05553101834720017,0.051209817005479094,0.9465140204798626,0.5656670464409722
病例82,near,NBI,mid_fusion,3,0,0.7,0.06300359304310459,0.043307509579458774,0.9463157640925963,0.5569322374131944
病例82,near,NBI,mid_fusion,3,0,0.75,0.07243383906509257,0.03404438184140475,0.9457189801004408,0.5463121202256944
病例82,near,NBI,mid_fusion,3,0,0.8,0.08815489477516622,0.026977665835054253,0.9406172847101418,0.5333658854166666
病例82,near,NBI,mid_fusion,3,0,0.85,0.1169231136523701,0.01980351664617478,0.9281475440681712,0.5129462348090278
病例82,near,NBI,mid_fusion,3,0,0.9,0.1707948861805116,0.010432955725591778,0.9014872300658602,0.4770168728298611
病例82,near,NBI,mid_fusion,3,0,0.95,0.3088703997708092,0.001981545366645578,0.8164019261540949,0.3937717013888889
