case,scale,ref_modality,config,fold,seed,threshold,missed_frac,over_ratio,dice,pred_area_frac
病例27,far,WLI,mid_fusion_wide,3,2,0.05,0.020792079207920793,5.457260726072607,0.26335293464936566,0.2645195855034722
病例27,far,WLI,mid_fusion_wide,3,2,0.1,0.03762376237623762,3.4823432343234324,0.35350810728791177,0.18266465928819445
病例27,far,WLI,mid_fusion_wide,3,2,0.15,0.05247524752475247,2.974752475247525,0.38499446846898994,0.16119384765625
病例27,far,WLI,mid_fusion_wide,3,2,0.2,0.06188118811881188,2.833993399339934,0.3931671219599807,0.1550225151909722
病例27,far,WLI,mid_fusion_wide,3,2,0.25,0.06897689768976897,2.7612211221122114,0.3968348865820403,0.1517401801215278
病例27,far,WLI,mid_fusion_wide,3,2,0.3,0.0735973597359736,2.711881188118812,0.39945922868791994,0.14952256944444445
病例27,far,WLI,mid_fusion_wide,3,2,0.35,0.08184818481848184,2.661056105610561,0.4010090090075639,0.1470947265625
病例27,far,WLI,mid_fusion_wide,3,2,0.4,0.08877887788778878,2.607260726072607,0.40333065517345945,0.1445990668402778
病例27,far,WLI,mid_fusion_wide,3,2,0.45,0.1037953795379538,2.2254125412541255,0.43488008968076675,0.1282891167534722
病例27,far,WLI,mid_fusion_wide,3,2,0.5,0.11155115511551156,2.1110561056105612,0.44427940751559897,0.12327067057291667
病例27,far,WLI,mid_fusion_wide,3,2,0.55,0.11798679867986799,2.009405940594059,0.4533118480177537,0.11882866753472222
病例27,far,WLI,mid_fusion_wide,3,2,0.6,0.1268976897689769,1.885148514851485,0.4646322722262804,0.11335584852430555
病例27,far,WLI,mid_fusion_wide,3,2,0.65,0.1363036303630363,1.7841584158415842,0.4735365963970255,0.10881890190972222
病例27,far,WLI,mid_fusion_wide,3,2,0.7,0.14752475247524752,1.6838283828382838,0.4821278581405407,0.10423448350694445
病例27,far,WLI,mid_fusion_wide,3,2,0.75,0.16402640264026402,1.5656765676567657,0.491510623845486,0.09870062934027778
病例27,far,WLI,mid_fusion_wide,3,2,0.8,0.18333333333333332,1.4290429042904291,0.5032284305226334,0.09229193793402778
病例27,far,WLI,mid_fusion_wide,3,2,0.85,0.21155115511551156,1.2594059405940594,0.5173795343772746,0.08416069878472222
病例27,far,WLI,mid_fusion_wide,3,2,0.9,0.25544554455445545,1.0103960396039604,0.5405211141027821,0.07212320963541667
病例27,far,WLI,mid_fusion_wide,3,2,0.95,0.3788778877887789,0.3914191419141914,0.617251557882771,0.04161241319444445
病例27,far,NBI,mid_fusion_wide,3,2,0.05,0.07609906590110549,1.3331048076099066,0.5673314739763002,0.17860921223958334
病例27,far,NBI,mid_fusion_wide,3,2,0.1,0.13351615391207472,0.4818750535607164,0.7379483998075468,0.10670301649305555
病例27,far,NBI,mid_fusion_wide,3,2,0.15,0.16016796640671865,0.3827234553089382,0.7557354925746839,0.09674750434027778
病例27,far,NBI,mid_fusion_wide,3,2,0.2,0.16856628674265148,0.35864255720284516,0.7592737517578679,0.09417724609375
病例27,far,NBI,mid_fusion_wide,3,2,0.25,0.17336532693461307,0.3448453166509555,0.76135601246789,0.09270562065972222
病例27,far,NBI,mid_fusion_wide,3,2,0.3,0.17910703573571,0.3350758419744623,0.7615072740251152,0.09147813585069445
病例27,far,NBI,mid_fusion_wide,3,2,0.35,0.18519153312194703,0.3268489159310995,0.7609139290114004,0.09034559461805555
病例27,far,NBI,mid_fusion_wide,3,2,0.4,0.19144742480075413,0.31725083554717626,0.760703055709261,0.08909098307291667
病例27,far,NBI,mid_fusion_wide,3,2,0.45,0.20224526523266775,0.25212100437055446,0.7783444816020972,0.08308241102430555
病例27,far,NBI,mid_fusion_wide,3,2,0.5,0.20884394549661497,0.23446739223583854,0.7811481998528529,0.08116319444444445
病例27,far,NBI,mid_fusion_wide,3,2,0.55,0.21484274573656698,0.21947039163595852,0.7833447332387853,0.0795016818576389
病例27,far,NBI,mid_fusion_wide,3,2,0.6,0.22135572885422916,0.20224526523266775,0.7861561756401204,0.07762315538194445
病例27,far,NBI,mid_fusion_wide,3,2,0.65,0.23026823206787214,0.18544862456080213,0.7873767258348131,0.0755886501736111
病例27,far,NBI,mid_fusion_wide,3,2,0.7,0.23978061530551031,0.1620533036249893,0.7909589407481121,0.07298448350694445
病例27,far,NBI,mid_fusion_wide,3,2,0.75,0.2528065815408347,0.13617276544691062,0.7934658961605612,0.06990559895833333
病例27,far,NBI,mid_fusion_wide,3,2,0.8,0.2744022624046619,0.10900677007455652,0.7910127055269478,0.06604682074652778
病例27,far,NBI,mid_fusion_wide,3,2,0.85,0.31073785242951407,0.0883537578198646,0.7754905269210071,0.06153700086805555
病例27,far,NBI,mid_fusion_wide,3,2,0.9,0.36918330619590367,0.0635872825434913,0.7445883066925724,0.054951985677083336
病例27,far,NBI,mid_fusion_wide,3,2,0.95,0.49858599708629703,0.022966835204387692,0.6578592309385098,0.041497124565972224
病例27,near,WLI,mid_fusion_wide,3,2,0.05,0.0,2.3618090452261304,0.4585253456209714,0.20869954427083334
病例27,near,WLI,mid_fusion_wide,3,2,0.1,0.0,1.0978807078872623,0.6456026518067367,0.13023546006944445
病例27,near,WLI,mid_fusion_wide,3,2,0.15,0.0,0.8332969193795062,0.7058914250435461,0.11381022135416667
病例27,near,WLI,mid_fusion_wide,3,2,0.2,0.0,0.7318112300633602,0.7321150077948889,0.1075100368923611
病例27,near,WLI,mid_fusion_wide,3,2,0.25,0.0,0.6630980991916102,0.7510050045091845,0.1032443576388889
病例27,near,WLI,mid_fusion_wide,3,2,0.3,0.0,0.6121913917413153,0.7656406824993073,0.10008409288194445
病例27,near,WLI,mid_fusion_wide,3,2,0.35,0.00021848372296263927,0.5773432379287743,0.7758891102506215,0.09790717230902778
病例27,near,WLI,mid_fusion_wide,3,2,0.4,0.0007646930303692375,0.5331002840288398,0.7891807946128762,0.0951266818576389
病例27,near,WLI,mid_fusion_wide,3,2,0.45,0.002403320952589032,0.2274415556041075,0.8967007069869565,0.0760498046875
病例27,near,WLI,mid_fusion_wide,3,2,0.5,0.004041948874808827,0.20286213677081058,0.9059022257506661,0.07442220052083333
病例27,near,WLI,mid_fusion_wide,3,2,0.55,0.005571334935547302,0.18068603889010268,0.9143689417863775,0.07295057508680555
病例27,near,WLI,mid_fusion_wide,3,2,0.6,0.00917631636443085,0.15730828053310028,0.9224979658211834,0.07127549913194445
病例27,near,WLI,mid_fusion_wide,3,2,0.65,0.013545990823683636,0.13283810356128467,0.9309278350467478,0.0694851345486111
病例27,near,WLI,mid_fusion_wide,3,2,0.7,0.020428228097006774,0.10705702425169325,0.9389037223132878,0.06745741102430555
病例27,near,WLI,mid_fusion_wide,3,2,0.75,0.032991042167358535,0.07854489840506883,0.9454739652820001,0.0649074978298611
病例27,near,WLI,mid_fusion_wide,3,2,0.8,0.054183963294734544,0.04981428883548176,0.9478870155411216,0.061808268229166664
病例27,near,WLI,mid_fusion_wide,3,2,0.85,0.09820843347170635,0.025781079309591434,0.935675828841396,0.05758327907986111
病例27,near,WLI,mid_fusion_wide,3,2,0.9,0.19095477386934673,0.0034957395674022284,0.8927193828297207,0.05044216579861111
病例27,near,WLI,mid_fusion_wide,3,2,0.95,0.4542276600393271,0.0,0.7061484098890024,0.033881293402777776
病例27,near,NBI,mid_fusion_wide,3,2,0.05,0.0,0.9262191427141239,0.6834758104083967,0.9916653103298612
病例27,near,NBI,mid_fusion_wide,3,2,0.1,0.0,0.5674183944990384,0.7789926271012868,0.80694580078125
病例27,near,NBI,mid_fusion_wide,3,2,0.15,6.586400400453144e-05,0.20828832626393023,0.9056461956030032,0.6220228407118056
病例27,near,NBI,mid_fusion_wide,3,2,0.2,0.0008825776536607213,0.17247148088626604,0.9201717883697573,0.6031629774305556
病例27,near,NBI,mid_fusion_wide,3,2,0.25,0.0016992913033169112,0.16367204995126064,0.9235090541292416,0.5982123480902778
病例27,near,NBI,mid_fusion_wide,3,2,0.3,0.0022262033353531627,0.15745448797323286,0.9259100799446703,0.5947401258680556
病例27,near,NBI,mid_fusion_wide,3,2,0.35,0.0025818689569776327,0.15276497088811022,0.9277518088079154,0.5921427408854166
病例27,near,NBI,mid_fusion_wide,3,2,0.4,0.0031219537898147906,0.14717970334852595,0.9298985033539788,0.5889892578125
病例27,near,NBI,mid_fusion_wide,3,2,0.45,0.02480438390810654,0.11743551914007956,0.9320282009310512,0.5625135633680556
病例27,near,NBI,mid_fusion_wide,3,2,0.5,0.0314171299101615,0.1127064836525542,0.9307527262824886,0.5566745334201388
病例27,near,NBI,mid_fusion_wide,3,2,0.55,0.04345706984218985,0.10876781621308322,0.9262944395539613,0.5484483506944444
病例27,near,NBI,mid_fusion_wide,3,2,0.6,0.05533893616460732,0.10330110388070711,0.9225376119992265,0.5395168728298612
病例27,near,NBI,mid_fusion_wide,3,2,0.65,0.06864346497352267,0.09846668598677451,0.9176725592497225,0.5301784939236112
病例27,near,NBI,mid_fusion_wide,3,2,0.7,0.08742787891561504,0.0915246199646969,0.910706656412287,0.5169338650173612
病例27,near,NBI,mid_fusion_wide,3,2,0.75,0.11419501014305662,0.07973496324788576,0.9013350132691061,0.4970838758680556
病例27,near,NBI,mid_fusion_wide,3,2,0.8,0.1468108649261006,0.06561372078931423,0.8892931678377023,0.4730224609375
病例27,near,NBI,mid_fusion_wide,3,2,0.85,0.19535263587744026,0.05022788945385568,0.8676026730860035,0.4401109483506944
病例27,near,NBI,mid_fusion_wide,3,2,0.9,0.32312880364623126,0.027768264088310457,0.7941517394859634,0.3627658420138889
病例27,near,NBI,mid_fusion_wide,3,2,0.95,0.7172985220117502,0.00021076481281450063,0.44071834153007905,0.14565022786458334
病例31,near,WLI,mid_fusion_wide,3,2,0.05,0.0,0.9728208403261499,0.6727616992148036,0.9008246527777778
病例31,near,WLI,mid_fusion_wide,3,2,0.1,0.0030892159629294083,0.2734253167188962,0.8782054636795594,0.5800577799479166
病例31,near,WLI,mid_fusion_wide,3,2,0.15,0.1287222824553326,0.04053110751362671,0.9114695006363137,0.4163479275173611
病例31,near,WLI,mid_fusion_wide,3,2,0.2,0.1921700256939597,0.008034931903580816,0.8897467774644297,0.3725382486979167
病例31,near,WLI,mid_fusion_wide,3,2,0.25,0.2034278415588659,0.005391275935304689,0.8841157853085156,0.3661905924479167
病例31,near,WLI,mid_fusion_wide,3,2,0.3,0.21025976147688286,0.004247671949027937,0.8804298333477821,0.362548828125
病例31,near,WLI,mid_fusion_wide,3,2,0.35,0.21532429341610848,0.0033714039595431526,0.8776901927877684,0.3598361545138889
病例31,near,WLI,mid_fusion_wide,3,2,0.4,0.22325526132093687,0.002420875970949488,0.8731561944346722,0.3557807074652778
病例31,near,WLI,mid_fusion_wide,3,2,0.45,0.37048313555420237,0.0018416479779002242,0.7717701040588015,0.2882893880208333
病例31,near,WLI,mid_fusion_wide,3,2,0.5,0.38955310332536275,0.0016040159807518082,0.757354363788101,0.2794731987847222
病例31,near,WLI,mid_fusion_wide,3,2,0.55,0.4109399830687202,0.0010990479868114242,0.7408818777020549,0.2694769965277778
病例31,near,WLI,mid_fusion_wide,3,2,0.6,0.43257934680904786,2.9703999643552004e-05,0.7240046239262408,0.2591078016493056
病例31,near,WLI,mid_fusion_wide,3,2,0.65,0.4582584545008985,2.9703999643552004e-05,0.7027521698497213,0.2473822699652778
病例31,near,WLI,mid_fusion_wide,3,2,0.7,0.48424945418900656,2.9703999643552004e-05,0.6805083334143187,0.23551432291666666
病例31,near,WLI,mid_fusion_wide,3,2,0.75,0.5209784497482586,2.9703999643552004e-05,0.6477416504321413,0.2187432183159722
病例31,near,WLI,mid_fusion_wide,3,2,0.8,0.5744010931071869,2.9703999643552004e-05,0.5970684140884923,0.19434950086805555
病例31,near,WLI,mid_fusion_wide,3,2,0.85,0.6319971484160343,2.9703999643552004e-05,0.5380030615230125,0.16805013020833334
病例31,near,WLI,mid_fusion_wide,3,2,0.9,0.7381146871426237,1.4851999821776002e-05,0.41506502677524265,0.11958821614583333
病例31,near,WLI,mid_fusion_wide,3,2,0.95,0.9626769244478769,0.0,0.07196036882184302,0.017042371961805556
病例31,near,NBI,mid_fusion_wide,3,2,0.05,0.0,0.11140764077937174,0.9472353710252878,0.98565673828125
病例31,near,NBI,mid_fusion_wide,3,2,0.1,0.0,0.05239653748508855,0.9744705584282275,0.9333224826388888
病例31,near,NBI,mid_fusion_wide,3,2,0.15,7.646896889242346e-06,0.017939620102162542,0.9911061090075786,0.9027574327256944
病例31,near,NBI,mid_fusion_wide,3,2,0.2,0.0009099807298198391,0.01140917015874958,0.9938725909693957,0.8961656358506944
病例31,near,NBI,mid_fusion_wide,3,2,0.25,0.0029975835805829995,0.008870400391521122,0.9940833816215064,0.8920627170138888
病例31,near,NBI,mid_fusion_wide,3,2,0.3,0.00528400575046646,0.00681338512831493,0.9939559264009895,0.8882107204861112
病例31,near,NBI,mid_fusion_wide,3,2,0.35,0.007646896889242346,0.005345180925580399,0.993496476460233,0.8848130967881944
病例31,near,NBI,mid_fusion_wide,3,2,0.4,0.01127917291163246,0.004159911907747836,0.9922528807077957,0.8805406358506944
病例31,near,NBI,mid_fusion_wide,3,2,0.45,0.0900575046646071,0.0006882207200318111,0.95250483276396,0.8075968424479166
病例31,near,NBI,mid_fusion_wide,3,2,0.5,0.10146667482335668,0.0003517572569051479,0.9463798873228819,0.79718017578125
病例31,near,NBI,mid_fusion_wide,3,2,0.55,0.11735692655920228,0.00014529104089560456,0.9375913831753673,0.7829047309027778
病例31,near,NBI,mid_fusion_wide,3,2,0.6,0.141360535894534,3.0587587556969384e-05,0.9239288741140433,0.7615152994791666
病例31,near,NBI,mid_fusion_wide,3,2,0.65,0.17761447404643196,0.0,0.9025373766869746,0.7293362087673612
病例31,near,NBI,mid_fusion_wide,3,2,0.7,0.21110788242131343,0.0,0.8819895954890069,0.6996324327256944
病例31,near,NBI,mid_fusion_wide,3,2,0.75,0.2564080995931851,0.0,0.8529425953779596,0.6594577365451388
病例31,near,NBI,mid_fusion_wide,3,2,0.8,0.3292983207414431,0.0,0.8028981925198059,0.5948147243923612
病例31,near,NBI,mid_fusion_wide,3,2,0.85,0.46683540819135594,0.0,0.69550861617462,0.47283935546875
病例31,near,NBI,mid_fusion_wide,3,2,0.9,0.7747606521273667,0.0,0.36766587404097456,0.19975450303819445
病例31,near,NBI,mid_fusion_wide,3,2,0.95,1.0,0.0,0.0,0.0
病例4,far,WLI,mid_fusion_wide,3,2,0.05,0.02787640704087029,1.0091032711339427,0.6521634463089615,0.3557061089409722
病例4,far,WLI,mid_fusion_wide,3,2,0.1,0.08113620911082571,0.3612601042532296,0.8059770724259393,0.2298312717013889
病例4,far,WLI,mid_fusion_wide,3,2,0.15,0.16733398806376068,0.18799576943416182,0.8241517898853646,0.18324788411458334
病例4,far,WLI,mid_fusion_wide,3,2,0.2,0.19252851854649844,0.15271587217647503,0.8238717385423674,0.1723904079861111
病例4,far,WLI,mid_fusion_wide,3,2,0.25,0.20129183349701593,0.14191282012540607,0.8231469947040969,0.1688774956597222
病例4,far,WLI,mid_fusion_wide,3,2,0.3,0.20695776988743672,0.1359447004608295,0.8222370173086428,0.16678873697916666
病例4,far,WLI,mid_fusion_wide,3,2,0.35,0.21186824809246807,0.1300143537055224,0.8217640456059909,0.16484239366319445
病例4,far,WLI,mid_fusion_wide,3,2,0.4,0.21742086575508046,0.12162876784769963,0.8219471554375507,0.16233995225694445
病例4,far,WLI,mid_fusion_wide,3,2,0.45,0.313590692755156,0.054128578983153285,0.7887323943644855,0.13295491536458334
病例4,far,WLI,mid_fusion_wide,3,2,0.5,0.3271889400921659,0.047027272040492556,0.7824119830428007,0.1292385525173611
病例4,far,WLI,mid_fusion_wide,3,2,0.55,0.3406360957920979,0.040832514920299164,0.7756326231348434,0.12571207682291666
病例4,far,WLI,mid_fusion_wide,3,2,0.6,0.355291984588653,0.034713303618644706,0.7677740041817148,0.1219821506076389
病例4,far,WLI,mid_fusion_wide,3,2,0.65,0.373536299765808,0.02912291304676286,0.7567875884080384,0.1177029079861111
病例4,far,WLI,mid_fusion_wide,3,2,0.7,0.3954445871421017,0.0234192037470726,0.7427086475307021,0.11274549696180555
病例4,far,WLI,mid_fusion_wide,3,2,0.75,0.4213945758102289,0.017602175719573922,0.7249751526321052,0.10704210069444445
病例4,far,WLI,mid_fusion_wide,3,2,0.8,0.45576792324544835,0.011785147692075244,0.6995193474760899,0.0998263888888889
病例4,far,WLI,mid_fusion_wide,3,2,0.85,0.5058925738460376,0.006799123668504948,0.6584119793616248,0.0899319118923611
病例4,far,WLI,mid_fusion_wide,3,2,0.9,0.6192868474729923,0.0019641912820125406,0.5506897964743869,0.06870524088541667
病例4,far,WLI,mid_fusion_wide,3,2,0.95,0.7450706353403339,0.00018886454634735967,0.4062236667858245,0.04580349392361111
病例4,far,NBI,mid_fusion_wide,3,2,0.05,0.0,1.618319603370596,0.5527427699133834,0.9419352213541666
病例4,far,NBI,mid_fusion_wide,3,2,0.1,0.005372594114653044,0.7086357381190265,0.7358716875866556,0.6127454969618056
病例4,far,NBI,mid_fusion_wide,3,2,0.15,0.04298075291722435,0.3954794804607235,0.8136193536489918,0.4865587022569444
病例4,far,NBI,mid_fusion_wide,3,2,0.2,0.06418836126453899,0.2979056308556563,0.8378962292805946,0.4438273111979167
病例4,far,NBI,mid_fusion_wide,3,2,0.25,0.0699191283201689,0.273681829321168,0.8440844118621044,0.4330512152777778
病例4,far,NBI,mid_fusion_wide,3,2,0.3,0.07299187512960205,0.2589967387411164,0.8481299747321529,0.4266628689236111
病例4,far,NBI,mid_fusion_wide,3,2,0.35,0.07570644899805833,0.2482138480969706,0.8509002559756598,0.4218071831597222
病例4,far,NBI,mid_fusion_wide,3,2,0.4,0.07830791562199559,0.23539502705148266,0.8545710365553107,0.416259765625
病例4,far,NBI,mid_fusion_wide,3,2,0.45,0.1763718966199785,0.08085282862367335,0.8649370960229791,0.3253851996527778
病例4,far,NBI,mid_fusion_wide,3,2,0.5,0.19088732633325164,0.06976831866081022,0.8612708063682175,0.3161756727430556
病例4,far,NBI,mid_fusion_wide,3,2,0.55,0.20436593963843383,0.0609271023809075,0.8571051429142944,0.3081461588541667
病例4,far,NBI,mid_fusion_wide,3,2,0.6,0.21784455294361604,0.0510867721077535,0.853302895688494,0.2997572157118056
病例4,far,NBI,mid_fusion_wide,3,2,0.65,0.23379267442079665,0.04071860802684412,0.8480782873587948,0.2902899848090278
病例4,far,NBI,mid_fusion_wide,3,2,0.7,0.252285708899655,0.030444699983033913,0.8409982401449855,0.2799411349826389
病例4,far,NBI,mid_fusion_wide,3,2,0.75,0.27562350368541105,0.018756951382736066,0.8311199550105646,0.2673407660590278
病例4,far,NBI,mid_fusion_wide,3,2,0.8,0.30744434181009295,0.007295417271476238,0.8148427449753639,0.25177001953125
病例4,far,NBI,mid_fusion_wide,3,2,0.85,0.3558165400493902,0.00041472656323637526,0.7833931293763444,0.23189290364583334
病例4,far,NBI,mid_fusion_wide,3,2,0.9,0.46098742624465094,0.0,0.7004654581079122,0.19390869140625
病例4,far,NBI,mid_fusion_wide,3,2,0.95,0.7115011216468414,0.0,0.44780617693896535,0.1037868923611111
病例4,near,WLI,mid_fusion_wide,3,2,0.05,0.0,1.3965311749533043,0.5888360497755327,0.91363525390625
病例4,near,WLI,mid_fusion_wide,3,2,0.1,0.018660499866583653,0.5895401583207329,0.7634270214910094,0.5988701714409722
病例4,near,WLI,mid_fusion_wide,3,2,0.15,0.09235969047407276,0.25503869074090546,0.8393666461025381,0.4432508680555556
病例4,near,WLI,mid_fusion_wide,3,2,0.2,0.1398736991906075,0.17128880192119542,0.8468247574338446,0.3932088216145833
病例4,near,WLI,mid_fusion_wide,3,2,0.25,0.1551721070888553,0.15422929823000978,0.8452263363492127,0.3808729383680556
病例4,near,WLI,mid_fusion_wide,3,2,0.3,0.16321266565863204,0.14300453615583028,0.8453285891415123,0.3735283745659722
病例4,near,WLI,mid_fusion_wide,3,2,0.35,0.16920750689317798,0.13496397758605355,0.8452649201385953,0.3681776258680556
病例4,near,WLI,mid_fusion_wide,3,2,0.4,0.1770168104598417,0.12571377746153162,0.8446497361831151,0.3616739908854167
病例4,near,WLI,mid_fusion_wide,3,2,0.45,0.3933291826025082,0.06629903050787156,0.7252621057772524,0.2565578884548611
病例4,near,WLI,mid_fusion_wide,3,2,0.5,0.4114738059236859,0.06252779507248955,0.7129096903476707,0.2482028537326389
病例4,near,WLI,mid_fusion_wide,3,2,0.55,0.4270568353642266,0.059023392333007206,0.7021506196785492,0.24092610677083334
病例4,near,WLI,mid_fusion_wide,3,2,0.6,0.4418037890242818,0.05512763497287201,0.691982843217567,0.2338189019097222
病例4,near,WLI,mid_fusion_wide,3,2,0.65,0.4576002846215423,0.050591479142577604,0.6809826912331871,0.2260674370659722
病例4,near,WLI,mid_fusion_wide,3,2,0.7,0.47560259717157344,0.045005781375077825,0.6682762060202799,0.2170749240451389
病例4,near,WLI,mid_fusion_wide,3,2,0.75,0.49668238014764743,0.03822823089922619,0.6530037619138994,0.2064548068576389
病例4,near,WLI,mid_fusion_wide,3,2,0.8,0.5241127812861336,0.030685760028462156,0.6317479809183492,0.1931220160590278
病例4,near,WLI,mid_fusion_wide,3,2,0.85,0.5666281241661478,0.02207595837409944,0.5955168789256697,0.17363145616319445
病例4,near,WLI,mid_fusion_wide,3,2,0.9,0.6463399448545761,0.008467490883216224,0.5192759755517431,0.1380547417534722
病例4,near,WLI,mid_fusion_wide,3,2,0.95,0.899172818642711,0.0,0.18318439636057854,0.03843858506944445
病例4,near,NBI,mid_fusion_wide,3,2,0.05,0.0,0.7642318754338986,0.7235283037480946,0.9651014539930556
病例4,near,NBI,mid_fusion_wide,3,2,0.1,0.006570465139343449,0.28503421600714074,0.8720169758959291,0.6993679470486112
病例4,near,NBI,mid_fusion_wide,3,2,0.15,0.05454725776058713,0.13579787761578896,0.908542905135209,0.5914849175347222
病例4,near,NBI,mid_fusion_wide,3,2,0.2,0.07885797877615788,0.10037935138351681,0.9113354265804154,0.5588107638888888
病例4,near,NBI,mid_fusion_wide,3,2,0.25,0.0873004066250124,0.09005256372111475,0.911445372948987,0.5485432942708334
病例4,near,NBI,mid_fusion_wide,3,2,0.3,0.09199890905484479,0.08430030744818011,0.911509766219946,0.5428263346354166
病例4,near,NBI,mid_fusion_wide,3,2,0.35,0.09569324605772092,0.07939105424972727,0.9117384212527033,0.5381198459201388
病例4,near,NBI,mid_fusion_wide,3,2,0.4,0.10018099771893285,0.07305613408707726,0.9121905240662862,0.5321994357638888
病例4,near,NBI,mid_fusion_wide,3,2,0.45,0.22448675989288902,0.021422195775066943,0.8631509230890643,0.4359537760416667
病例4,near,NBI,mid_fusion_wide,3,2,0.5,0.24033025885153228,0.017988197956957254,0.8546860725412992,0.4254082573784722
病例4,near,NBI,mid_fusion_wide,3,2,0.55,0.25363235148269364,0.015260835068927898,0.8473610133702693,0.4166395399305556
病例4,near,NBI,mid_fusion_wide,3,2,0.6,0.26762868193989886,0.01288059109392046,0.839272902918163,0.4076809353298611
病例4,near,NBI,mid_fusion_wide,3,2,0.65,0.2830878706734107,0.010872260240007934,0.8298629547242378,0.3981255425347222
病例4,near,NBI,mid_fusion_wide,3,2,0.7,0.2999975205791927,0.009037488842606366,0.8191762538258068,0.3878716362847222
病例4,near,NBI,mid_fusion_wide,3,2,0.75,0.319981652286026,0.007140731925022315,0.8061105273593747,0.3759019639756944
病例4,near,NBI,mid_fusion_wide,3,2,0.8,0.3444287414459982,0.00495884161459883,0.789592743289567,0.3613349066840278
病例4,near,NBI,mid_fusion_wide,3,2,0.85,0.3797604879500149,0.0023802439750074383,0.7644915079413811,0.3405965169270833
病例4,near,NBI,mid_fusion_wide,3,2,0.9,0.4484280472081722,0.0002355449766934444,0.7108767725179063,0.3018595377604167
病例4,near,NBI,mid_fusion_wide,3,2,0.95,0.7551943865912922,0.0,0.3933234406585002,0.1339179144965278
病例43,far,WLI,mid_fusion_wide,3,2,0.05,0.2489160565782927,0.3456535645745966,0.7164310654586318,0.2092827690972222
病例43,far,WLI,mid_fusion_wide,3,2,0.1,0.36850522425190135,0.02036392067666501,0.7645869191033464,0.1243896484375
病例43,far,WLI,mid_fusion_wide,3,2,0.15,0.4166607434785699,0.012900703674745896,0.7308916842909253,0.11377631293402778
病例43,far,WLI,mid_fusion_wide,3,2,0.2,0.431764873125311,0.010519582059847892,0.7198523287470008,0.1104397243923611
病例43,far,WLI,mid_fusion_wide,3,2,0.25,0.4396545596701969,0.008564929987916697,0.7143116024085663,0.10856119791666667
病例43,far,WLI,mid_fusion_wide,3,2,0.3,0.44551851588599045,0.007036747458952306,0.7101825299269193,0.1071506076388889
病例43,far,WLI,mid_fusion_wide,3,2,0.35,0.4515246286161063,0.005792877958632455,0.705766680384356,0.10576714409722222
病例43,far,WLI,mid_fusion_wide,3,2,0.4,0.4613689672329234,0.0045490084583126025,0.6980793146315276,0.10365125868055555
病例43,far,WLI,mid_fusion_wide,3,2,0.45,0.5041936171725069,0.003980382401023527,0.6611691666058597,0.0953708224826389
病例43,far,WLI,mid_fusion_wide,3,2,0.5,0.5154950600611273,0.0033762172151538842,0.6512683322967294,0.09309895833333333
病例43,far,WLI,mid_fusion_wide,3,2,0.55,0.5254815551922667,0.002949747672187078,0.6423399802741145,0.09111192491319445
病例43,far,WLI,mid_fusion_wide,3,2,0.6,0.5363209894093397,0.002238965100575734,0.6326124903010264,0.08890787760416667
病例43,far,WLI,mid_fusion_wide,3,2,0.65,0.5479422844551851,0.0017058781718672258,0.6219136556969102,0.08658854166666667
病例43,far,WLI,mid_fusion_wide,3,2,0.7,0.5620513185016703,0.001030634728836449,0.608693504567526,0.0837673611111111
病例43,far,WLI,mid_fusion_wide,3,2,0.75,0.5775819176913782,0.00046200867154737367,0.5937507805265285,0.08069525824652778
病例43,far,WLI,mid_fusion_wide,3,2,0.8,0.597306134053593,0.00014215651432226883,0.5741139513070349,0.0768703884548611
病例43,far,WLI,mid_fusion_wide,3,2,0.85,0.622929845760182,0.0,0.5476411685750293,0.07195366753472222
病例43,far,WLI,mid_fusion_wide,3,2,0.9,0.6596062264553273,0.0,0.5079011560067136,0.06495496961805555
病例43,far,WLI,mid_fusion_wide,3,2,0.95,0.7303646314592366,0.0,0.42474457662582293,0.05145263671875
病例43,far,NBI,mid_fusion_wide,3,2,0.05,0.0,1.6560107154816386,0.5470443485106966,0.8068576388888888
病例43,far,NBI,mid_fusion_wide,3,2,0.1,8.929568032146445e-05,0.6353834133273802,0.7588608023848274,0.4967787000868056
病例43,far,NBI,mid_fusion_wide,3,2,0.15,0.013126465007255275,0.3130260073668936,0.8581883832884977,0.3948906792534722
病例43,far,NBI,mid_fusion_wide,3,2,0.2,0.03612010269003237,0.22915503962495815,0.8790374298880472,0.3624267578125
病例43,far,NBI,mid_fusion_wide,3,2,0.25,0.04219220895189195,0.20544703649960933,0.8855246999567759,0.3533799913194444
病例43,far,NBI,mid_fusion_wide,3,2,0.3,0.045094318562339544,0.19232057149235407,0.8894318240880704,0.3485107421875
病例43,far,NBI,mid_fusion_wide,3,2,0.35,0.04833128697399263,0.18258734233731444,0.8918036902212336,0.3445705837673611
病例43,far,NBI,mid_fusion_wide,3,2,0.4,0.05357740819287867,0.17051010157383636,0.8941451891836861,0.3393079969618056
病例43,far,NBI,mid_fusion_wide,3,2,0.45,0.16095546377943967,0.06491795959370465,0.8813666635389722,0.2746107313368056
病例43,far,NBI,mid_fusion_wide,3,2,0.5,0.17941734568590245,0.057863600848308966,0.8736823340651569,0.2668592664930556
病例43,far,NBI,mid_fusion_wide,3,2,0.55,0.19609331398593594,0.05121107266435986,0.8666907340543121,0.2597724066840278
病例43,far,NBI,mid_fusion_wide,3,2,0.6,0.21270231052572833,0.04484875544145552,0.859426594045571,0.2527940538194444
病例43,far,NBI,mid_fusion_wide,3,2,0.65,0.2301149681884139,0.038106931577184956,0.8516465198967124,0.2454562717013889
病例43,far,NBI,mid_fusion_wide,3,2,0.7,0.24955910257841277,0.03169996651411988,0.8421791033547843,0.2376030815972222
病例43,far,NBI,mid_fusion_wide,3,2,0.75,0.2722178814599844,0.024891170889608214,0.8304823527902708,0.22865125868055555
病例43,far,NBI,mid_fusion_wide,3,2,0.8,0.2996093313985936,0.016519700859470923,0.8158733048137202,0.21778700086805555
病例43,far,NBI,mid_fusion_wide,3,2,0.85,0.34385534099787923,0.007590132827324478,0.7887611201299009,0.2016330295138889
病例43,far,NBI,mid_fusion_wide,3,2,0.9,0.4424154481526956,0.000781337202812814,0.7156015872323469,0.1696234809027778
病例43,far,NBI,mid_fusion_wide,3,2,0.95,0.732559437437214,0.0,0.4220167327161215,0.08124457465277778
病例43,near,WLI,mid_fusion_wide,3,2,0.05,0.0012456600673186504,0.7304603641567942,0.7318986948408057,0.4424709743923611
病例43,near,WLI,mid_fusion_wide,3,2,0.1,0.0178632954334632,0.29410829291563967,0.8629446352670863,0.3265652126736111
病例43,near,WLI,mid_fusion_wide,3,2,0.15,0.05894357424929103,0.10524502398558215,0.919763240035592,0.2677273220486111
病例43,near,WLI,mid_fusion_wide,3,2,0.2,0.08936948397869127,0.08860088521374997,0.9109806053041627,0.2556830512152778
病例43,near,WLI,mid_fusion_wide,3,2,0.25,0.09986483263099308,0.0828761495852217,0.9078467275218083,0.2515326605902778
病例43,near,WLI,mid_fusion_wide,3,2,0.3,0.10622564999602449,0.07898014894913996,0.9061181718019908,0.2489081488715278
病例43,near,WLI,mid_fusion_wide,3,2,0.35,0.11171185497336408,0.0760912777291882,0.9043956933526209,0.24676513671875
病例43,near,WLI,mid_fusion_wide,3,2,0.4,0.11854973364077284,0.07219527709310647,0.9023645761251036,0.2440185546875
病例43,near,WLI,mid_fusion_wide,3,2,0.45,0.22925445919800694,0.04304153083671252,0.8498743351440033,0.20823160807291666
病例43,near,WLI,mid_fusion_wide,3,2,0.5,0.2451034957992102,0.03763483607643582,0.8422686814311703,0.2027926974826389
病例43,near,WLI,mid_fusion_wide,3,2,0.55,0.2591237974079669,0.031910100447907555,0.8358324986158624,0.19774034288194445
病例43,near,WLI,mid_fusion_wide,3,2,0.6,0.2745487795181681,0.028226127057326866,0.8273485672820285,0.19285074869791666
病例43,near,WLI,mid_fusion_wide,3,2,0.65,0.29254459198006943,0.023853065118867773,0.8172494029746843,0.1871270073784722
病例43,near,WLI,mid_fusion_wide,3,2,0.7,0.3117330576979142,0.018923431660968434,0.8063153972726328,0.18095567491319445
病例43,near,WLI,mid_fusion_wide,3,2,0.75,0.3344199729665262,0.013596247117754631,0.7927458686478325,0.17378743489583334
病例43,near,WLI,mid_fusion_wide,3,2,0.8,0.36360022262860775,0.009382205613421325,0.7733706942351911,0.16524251302083334
病例43,near,WLI,mid_fusion_wide,3,2,0.85,0.4022686915268612,0.004876626646524078,0.7459482701581895,0.15419514973958334
病例43,near,WLI,mid_fusion_wide,3,2,0.9,0.469269301105192,0.002597333757387824,0.6922598264585124,0.1364678276909722
病例43,near,WLI,mid_fusion_wide,3,2,0.95,0.7760727253452069,0.000371047679626832,0.3658050829104087,0.057393391927083336
病例43,near,NBI,mid_fusion_wide,3,2,0.05,0.0,0.6532444827899373,0.7537940860602887,0.9876234266493056
病例43,near,NBI,mid_fusion_wide,3,2,0.1,0.0008287167378076469,0.18960584869675778,0.9129949949426036,0.7101576063368056
病例43,near,NBI,mid_fusion_wide,3,2,0.15,0.018038779402415765,0.06090500408682227,0.9613563616959182,0.6229926215277778
病例43,near,NBI,mid_fusion_wide,3,2,0.2,0.03423848878394333,0.04750930887294524,0.959395528489126,0.6053127712673612
病例43,near,NBI,mid_fusion_wide,3,2,0.25,0.03904050494959586,0.042468894741622014,0.9593150421010215,0.5994330512152778
病例43,near,NBI,mid_fusion_wide,3,2,0.3,0.04126555262918899,0.038166379075469985,0.9602223952968624,0.5955335828993056
病例43,near,NBI,mid_fusion_wide,3,2,0.35,0.04361547543365725,0.034692580147125604,0.9606705057295395,0.5920545789930556
病例43,near,NBI,mid_fusion_wide,3,2,0.4,0.0464421941694669,0.03142312233221324,0.9607727634064267,0.5884128146701388
病例43,near,NBI,mid_fusion_wide,3,2,0.45,0.09160158023794387,0.013282172373081463,0.9454208191302154,0.55059814453125
病例43,near,NBI,mid_fusion_wide,3,2,0.5,0.10064935064935066,0.010058123694487331,0.9420200242568539,0.5432671440972222
病例43,near,NBI,mid_fusion_wide,3,2,0.55,0.1110707474343838,0.007787666878575969,0.9373346580633373,0.5356852213541666
病例43,near,NBI,mid_fusion_wide,3,2,0.6,0.12123104168558714,0.005426391790028154,0.9327790329863336,0.5282050238715278
病例43,near,NBI,mid_fusion_wide,3,2,0.65,0.13258332576514395,0.003246753246753247,0.9273893544838197,0.5201212565104166
病例43,near,NBI,mid_fusion_wide,3,2,0.7,0.14528653165016803,0.0015098537825810553,0.9209166355774713,0.5114949544270834
病例43,near,NBI,mid_fusion_wide,3,2,0.75,0.16293933339387884,0.0006357279084551812,0.9109890720841425,0.50042724609375
病例43,near,NBI,mid_fusion_wide,3,2,0.8,0.1886068476977568,0.0001589319771137953,0.8957988669969821,0.4848090277777778
病例43,near,NBI,mid_fusion_wide,3,2,0.85,0.23482199618563254,0.0,0.866969792463315,0.4571058485243056
病例43,near,NBI,mid_fusion_wide,3,2,0.9,0.34300926346380894,0.0,0.7929926487206904,0.3924763997395833
病例43,near,NBI,mid_fusion_wide,3,2,0.95,0.7304627190990828,0.0,0.4246228684350273,0.1610175238715278
病例45,far,WLI,mid_fusion_wide,3,2,0.05,0.0026992137073113486,1.7671047999061142,0.5298583074828459,0.3194919162326389
病例45,far,WLI,mid_fusion_wide,3,2,0.1,0.030219457810116184,0.7047294918436803,0.7252023958385985,0.19352891710069445
病例45,far,WLI,mid_fusion_wide,3,2,0.15,0.07857059030630208,0.4160309822790752,0.788402158903506,0.1545749240451389
病例45,far,WLI,mid_fusion_wide,3,2,0.2,0.09740640769862692,0.3571177091890623,0.7988574396239967,0.14558919270833334
病例45,far,WLI,mid_fusion_wide,3,2,0.25,0.10444783476117826,0.3334702499706607,0.8035380524895266,0.14204237196180555
病例45,far,WLI,mid_fusion_wide,3,2,0.3,0.1094355122638188,0.3187419316981575,0.806193726592106,0.1397637261284722
病例45,far,WLI,mid_fusion_wide,3,2,0.35,0.11412979697218636,0.3057739701912921,0.8084069611758811,0.1377224392361111
病例45,far,WLI,mid_fusion_wide,3,2,0.4,0.11970426006337284,0.2891092594765873,0.8115550025673864,0.13515218098958334
病例45,far,WLI,mid_fusion_wide,3,2,0.45,0.18565896021593709,0.16658842858819387,0.8221807517970847,0.1133694118923611
病例45,far,WLI,mid_fusion_wide,3,2,0.5,0.19821617181082032,0.1478699683135782,0.8224884126863826,0.10975477430555555
病例45,far,WLI,mid_fusion_wide,3,2,0.55,0.2103626334937214,0.13273090012909283,0.821525594454316,0.1066012912326389
病例45,far,WLI,mid_fusion_wide,3,2,0.6,0.22444548761882407,0.11788522473888041,0.81920168587821,0.10325792100694445
病例45,far,WLI,mid_fusion_wide,3,2,0.65,0.24163830536322028,0.10227672808355827,0.8151628875057076,0.09946695963541667
病例45,far,WLI,mid_fusion_wide,3,2,0.7,0.2631146579040019,0.08766576692876422,0.8077442593400407,0.09529622395833333
病例45,far,WLI,mid_fusion_wide,3,2,0.75,0.2875836169463678,0.07053162774322262,0.7991443146262986,0.0904880099826389
病例45,far,WLI,mid_fusion_wide,3,2,0.8,0.32032625278723154,0.05210656026287994,0.7849422288456445,0.08457438151041667
病例45,far,WLI,mid_fusion_wide,3,2,0.85,0.36498063607557796,0.033974885576810235,0.7609605175236053,0.07731797960069445
病例45,far,WLI,mid_fusion_wide,3,2,0.9,0.4334585142588898,0.011970426006337284,0.7178171815147473,0.0668606228298611
病例45,far,WLI,mid_fusion_wide,3,2,0.95,0.5748151625396081,0.0,0.5966732542794932,0.049140082465277776
病例45,far,NBI,mid_fusion_wide,3,2,0.05,0.0,2.0336278337100198,0.4958315646481096,0.3003879123263889
病例45,far,NBI,mid_fusion_wide,3,2,0.1,0.0,0.771180056160537,0.7217142009769124,0.1753811306423611
病例45,far,NBI,mid_fusion_wide,3,2,0.15,0.0002054653790836244,0.49982877885076366,0.7999561607781462,0.1484917534722222
病例45,far,NBI,mid_fusion_wide,3,2,0.2,0.001164303814807205,0.4460653379905486,0.8170765869213483,0.1430731879340278
病例45,far,NBI,mid_fusion_wide,3,2,0.25,0.00232860762961441,0.4211355386617355,0.8249285046837926,0.14048936631944445
病例45,far,NBI,mid_fusion_wide,3,2,0.3,0.0035613999041161563,0.40586261214985275,0.8295700764031544,0.13885498046875
病例45,far,NBI,mid_fusion_wide,3,2,0.35,0.004588726799534279,0.3914115471543045,0.834088952651839,0.1373223198784722
病例45,far,NBI,mid_fusion_wide,3,2,0.4,0.0062324498322032735,0.37333059379494554,0.8396504831872008,0.1353691948784722
病例45,far,NBI,mid_fusion_wide,3,2,0.45,0.025957126224231217,0.2699130196561879,0.8681479672785125,0.12317572699652778
病例45,far,NBI,mid_fusion_wide,3,2,0.5,0.03150469145948907,0.2495719471269091,0.8732785771602751,0.12061225043402778
病例45,far,NBI,mid_fusion_wide,3,2,0.55,0.038079583590165056,0.23060064379152112,0.8774560334836552,0.11808268229166667
病例45,far,NBI,mid_fusion_wide,3,2,0.6,0.04725703718923362,0.21279364427094036,0.8799139757712771,0.11541069878472222
病例45,far,NBI,mid_fusion_wide,3,2,0.65,0.060201356071501955,0.19334292171769057,0.8811404353660787,0.11220296223958333
病例45,far,NBI,mid_fusion_wide,3,2,0.7,0.07835079789055543,0.17368673378535718,0.8797149767899597,0.10845947265625
病例45,far,NBI,mid_fusion_wide,3,2,0.75,0.10204780494486679,0.15053763440860216,0.876696756934548,0.10382080078125
病例45,far,NBI,mid_fusion_wide,3,2,0.8,0.1288267926854325,0.12642969659612355,0.8722186032129728,0.0987820095486111
病例45,far,NBI,mid_fusion_wide,3,2,0.85,0.1667693993562085,0.0947880282172454,0.8643387446241187,0.0918918185763889
病例45,far,NBI,mid_fusion_wide,3,2,0.9,0.23327169371960824,0.06026984453119649,0.8393312340649297,0.08188883463541667
病例45,far,NBI,mid_fusion_wide,3,2,0.95,0.37100198616533114,0.014245599616464625,0.7655566206778412,0.0636935763888889
病例45,near,WLI,mid_fusion_wide,3,2,0.05,0.014075272107356734,1.4051230493508764,0.5814867808750255,0.3709581163194444
病例45,near,WLI,mid_fusion_wide,3,2,0.1,0.09472395856100013,0.5913362766096953,0.7252035367228833,0.23219129774305555
病例45,near,WLI,mid_fusion_wide,3,2,0.15,0.21794815753813873,0.38143113170433185,0.7229563179360671,0.1805080837673611
病例45,near,WLI,mid_fusion_wide,3,2,0.2,0.25772610045023386,0.34606810333522753,0.7108738880152572,0.1688503689236111
病例45,near,WLI,mid_fusion_wide,3,2,0.25,0.27175766053241246,0.33186169515233643,0.7069956926718008,0.16446940104166666
病例45,near,WLI,mid_fusion_wide,3,2,0.3,0.28045635354285964,0.32333785024260175,0.7044399272478775,0.1617974175347222
病例45,near,WLI,mid_fusion_wide,3,2,0.35,0.2876251256720724,0.3158630939371421,0.7024568965502103,0.15952555338541666
病例45,near,WLI,mid_fusion_wide,3,2,0.4,0.2980722996896446,0.30681470472526995,0.6988727858277868,0.1565009223090278
病例45,near,WLI,mid_fusion_wide,3,2,0.45,0.43532805874896185,0.2502076321195961,0.6222693224773663,0.12642415364583334
病例45,near,WLI,mid_fusion_wide,3,2,0.5,0.4534248371727062,0.23910477772435196,0.6121759565234335,0.12189398871527778
病例45,near,WLI,mid_fusion_wide,3,2,0.55,0.47047252699217557,0.2304060847139048,0.601758481941777,0.11789957682291667
病例45,near,WLI,mid_fusion_wide,3,2,0.6,0.48830703326485114,0.2215325436027451,0.5904516910025208,0.11375596788194445
病例45,near,WLI,mid_fusion_wide,3,2,0.65,0.5090702452244612,0.21204703413909168,0.5765548397017979,0.10906304253472222
病例45,near,WLI,mid_fusion_wide,3,2,0.7,0.5331118590724309,0.2012064518949163,0.5597861691240801,0.10365125868055555
病例45,near,WLI,mid_fusion_wide,3,2,0.75,0.5615683874633912,0.18713117978755955,0.5394213187035081,0.09705268012152778
病例45,near,WLI,mid_fusion_wide,3,2,0.8,0.5951829348253704,0.17100144249683089,0.5137864077655651,0.08933512369791667
病例45,near,WLI,mid_fusion_wide,3,2,0.85,0.6408182891113345,0.15050050268828954,0.4758375075991666,0.0790744357638889
病例45,near,WLI,mid_fusion_wide,3,2,0.9,0.7163526686191372,0.12278707872535735,0.40335664335538973,0.06305609809027778
病例45,near,WLI,mid_fusion_wide,3,2,0.95,0.8881846395943525,0.07855050924509333,0.1878672150404382,0.029534233940972224
病例45,near,NBI,mid_fusion_wide,3,2,0.05,0.0,0.79444888916241,0.7157046270395685,0.9887017144097222
病例45,near,NBI,mid_fusion_wide,3,2,0.1,0.0,0.4444458120499723,0.8181813604293988,0.7958577473958334
病例45,near,NBI,mid_fusion_wide,3,2,0.15,0.0,0.11265924056865038,0.9466742016855062,0.6130506727430556
病例45,near,NBI,mid_fusion_wide,3,2,0.2,0.0,0.07419533509754446,0.9642293404853106,0.59185791015625
病例45,near,NBI,mid_fusion_wide,3,2,0.25,0.0,0.06534555972675242,0.96836095566662,0.5869818793402778
病例45,near,NBI,mid_fusion_wide,3,2,0.3,9.846759800603115e-05,0.06080374176872423,0.9704459390038522,0.5844251844618056
病例45,near,NBI,mid_fusion_wide,3,2,0.35,0.00040617884177487847,0.05734506738876238,0.9719236937211446,0.5823499891493056
病例45,near,NBI,mid_fusion_wide,3,2,0.4,0.001501630869591975,0.05361560711428395,0.973141239413058,0.5796915690104166
病例45,near,NBI,mid_fusion_wide,3,2,0.45,0.005477260139085482,0.03160809895993599,0.9816964638266834,0.5653754340277778
病例45,near,NBI,mid_fusion_wide,3,2,0.5,0.008209735983752846,0.02814942457997415,0.9819998781299238,0.5619642469618056
病例45,near,NBI,mid_fusion_wide,3,2,0.55,0.011114530124930765,0.02571235152932488,0.9817199833812033,0.55902099609375
病例45,near,NBI,mid_fusion_wide,3,2,0.6,0.014720905901901655,0.022856791187149977,0.9812872737519346,0.5554606119791666
病例45,near,NBI,mid_fusion_wide,3,2,0.65,0.01975506184996,0.019656594251953968,0.9802932017078936,0.5509236653645834
病例45,near,NBI,mid_fusion_wide,3,2,0.7,0.026413933165117854,0.01707181980429565,0.9781550846770389,0.5458306206597222
病例45,near,NBI,mid_fusion_wide,3,2,0.75,0.0358791310234476,0.014597821404394116,0.9744900815490234,0.5392523871527778
病例45,near,NBI,mid_fusion_wide,3,2,0.8,0.05156009600590806,0.011545325866207152,0.9678031135582565,0.5289306640625
病例45,near,NBI,mid_fusion_wide,3,2,0.85,0.0902824789217798,0.0056372699858452825,0.9499206364500717,0.5043402777777778
病例45,near,NBI,mid_fusion_wide,3,2,0.9,0.20262169979691058,8.615914825527725e-05,0.8872256650796814,0.4393853081597222
病例45,near,NBI,mid_fusion_wide,3,2,0.95,0.7519355037233061,0.0,0.3975187132019078,0.13667805989583334
病例48,far,WLI,mid_fusion_wide,3,2,0.05,0.0,6.596925294258948,0.23264131437001223,0.428955078125
病例48,far,WLI,mid_fusion_wide,3,2,0.1,0.0,3.806870045640163,0.34441962438912793,0.2714165581597222
病例48,far,WLI,mid_fusion_wide,3,2,0.15,0.004323804948354552,2.9239730963247657,0.4047752740401729,0.2213202582465278
病例48,far,WLI,mid_fusion_wide,3,2,0.2,0.004684122027384098,2.6915685803507086,0.42472388078716466,0.20817735460069445
病例48,far,WLI,mid_fusion_wide,3,2,0.25,0.005044439106413644,2.616502522219553,0.43151452011868335,0.20391845703125
病例48,far,WLI,mid_fusion_wide,3,2,0.3,0.00540475618544319,2.57170309872688,0.43562429311545375,0.20136854383680555
病例48,far,WLI,mid_fusion_wide,3,2,0.35,0.0055248618784530384,2.5318280086476097,0.43942047444557814,0.19911024305555555
病例48,far,WLI,mid_fusion_wide,3,2,0.4,0.006125390343502282,2.4773000240211385,0.44456980148697295,0.19599745008680555
病例48,far,WLI,mid_fusion_wide,3,2,0.45,0.014172471775162144,1.7971414845063656,0.5211924945216332,0.1571384006076389
病例48,far,WLI,mid_fusion_wide,3,2,0.5,0.01453278885419169,1.7011770357914966,0.5346147581021841,0.1516994900173611
病例48,far,WLI,mid_fusion_wide,3,2,0.55,0.015373528705260629,1.609416286331972,0.547921400880404,0.14647081163194445
病例48,far,WLI,mid_fusion_wide,3,2,0.6,0.01717511410040836,1.5100888782128272,0.5627535932860094,0.14076063368055555
病例48,far,WLI,mid_fusion_wide,3,2,0.65,0.023060293057890945,1.400792697573865,0.5784589126317304,0.13425699869791666
病例48,far,WLI,mid_fusion_wide,3,2,0.7,0.042997838097525824,1.2946192649531587,0.5886307391105949,0.12713623046875
病例48,far,WLI,mid_fusion_wide,3,2,0.75,0.055969252942589476,1.1954119625270239,0.6014002065855565,0.12080213758680555
病例48,far,WLI,mid_fusion_wide,3,2,0.8,0.080951237088638,1.0795099687725198,0.6129936713906393,0.11284722222222222
病例48,far,WLI,mid_fusion_wide,3,2,0.85,0.1085755464809032,0.9250540475618544,0.6330063965857867,0.1025661892361111
病例48,far,WLI,mid_fusion_wide,3,2,0.9,0.2201537352870526,0.6797982224357435,0.6341129937954288,0.08241780598958333
病例48,far,WLI,mid_fusion_wide,3,2,0.95,0.7874129233725679,0.2379293778525102,0.2931191521048843,0.025438096788194444
病例48,far,NBI,mid_fusion_wide,3,2,0.05,0.0,2.7249180159868827,0.42328776779445987,0.9859958224826388
病例48,far,NBI,mid_fusion_wide,3,2,0.1,0.0,2.306594589055134,0.46440405722926653,0.8752644856770834
病例48,far,NBI,mid_fusion_wide,3,2,0.15,0.0,1.1215156794425087,0.6407143853768984,0.5615709092881944
病例48,far,NBI,mid_fusion_wide,3,2,0.2,0.0,0.8549907767985243,0.7005276571299216,0.4910210503472222
病例48,far,NBI,mid_fusion_wide,3,2,0.25,0.0,0.7881481861037097,0.7173219881089092,0.47332763671875
病例48,far,NBI,mid_fusion_wide,3,2,0.3,0.0,0.7458239393318303,0.7283788196867474,0.4621242947048611
病例48,far,NBI,mid_fusion_wide,3,2,0.35,0.0,0.7156948145111703,0.7364597779217384,0.4541490342881944
病例48,far,NBI,mid_fusion_wide,3,2,0.4,0.0,0.6789813486370158,0.7465524166547954,0.4444308810763889
病例48,far,NBI,mid_fusion_wide,3,2,0.45,0.0,0.3212236113957778,0.861614533894548,0.3497314453125
病例48,far,NBI,mid_fusion_wide,3,2,0.5,0.0,0.29560360729657714,0.8712305528884721,0.3429497612847222
病例48,far,NBI,mid_fusion_wide,3,2,0.55,0.0,0.2704447632711621,0.8808846761443456,0.3362901475694444
病例48,far,NBI,mid_fusion_wide,3,2,0.6,0.00020496003279360525,0.2460288993646239,0.890359232935705,0.32977294921875
病例48,far,NBI,mid_fusion_wide,3,2,0.65,0.002228940356630457,0.2227915556466489,0.8986650975495267,0.3230862087673611
病例48,far,NBI,mid_fusion_wide,3,2,0.7,0.007173601147776184,0.19373847099815536,0.9081152016486911,0.3140869140625
病例48,far,NBI,mid_fusion_wide,3,2,0.75,0.01368108218897315,0.16261016601762657,0.9179632080297125,0.3041246202256944
病例48,far,NBI,mid_fusion_wide,3,2,0.8,0.03007788481246157,0.11564869850379177,0.9301262837195591,0.287353515625
病例48,far,NBI,mid_fusion_wide,3,2,0.85,0.06584341053494569,0.051419348227095714,0.9409426975123664,0.2608846028645833
病例48,far,NBI,mid_fusion_wide,3,2,0.9,0.18023672883787661,0.01877946300471408,0.8917532956148215,0.22196451822916666
病例48,far,NBI,mid_fusion_wide,3,2,0.95,0.8371080139372822,0.0052777208444353355,0.2788841126408481,0.044514973958333336
病例48,near,WLI,mid_fusion_wide,3,2,0.05,0.0019141045579614787,1.3290066594887746,0.599974830253675,0.7915106879340278
病例48,near,WLI,mid_fusion_wide,3,2,0.1,0.04771304382501894,0.3783746062128644,0.8171816719700089,0.4525960286458333
病例48,near,WLI,mid_fusion_wide,3,2,0.15,0.09698129760338159,0.18046417035530565,0.8668357337663364,0.3685234917534722
病例48,near,WLI,mid_fusion_wide,3,2,0.2,0.12375882282569685,0.1477250069785062,0.8658654319762921,0.3482801649305556
病例48,near,WLI,mid_fusion_wide,3,2,0.25,0.12980021533676278,0.1361606252741556,0.867441144026089,0.3422919379340278
病例48,near,WLI,mid_fusion_wide,3,2,0.3,0.13356860868524942,0.12934162778641783,0.868266464193506,0.3386908637152778
病例48,near,WLI,mid_fusion_wide,3,2,0.35,0.1366590900027914,0.1240379630737329,0.8688236769492161,0.3358357747395833
病例48,near,WLI,mid_fusion_wide,3,2,0.4,0.1404474219404235,0.11668062367906847,0.8698898260615139,0.3320448133680556
病例48,near,WLI,mid_fusion_wide,3,2,0.45,0.2302308888623041,0.05742313673884436,0.8425704651838778,0.2813517252604167
病例48,near,WLI,mid_fusion_wide,3,2,0.5,0.2423535510627268,0.05132192846034215,0.837655824615784,0.2751532660590278
病例48,near,WLI,mid_fusion_wide,3,2,0.55,0.2519639510308251,0.045440044662439685,0.8341745414109681,0.2698838975694444
病例48,near,WLI,mid_fusion_wide,3,2,0.6,0.26245164892132233,0.03993699405830044,0.8298784044500943,0.2644449869791667
病例48,near,WLI,mid_fusion_wide,3,2,0.65,0.27509271443952626,0.03355664553176217,0.824477855635503,0.2579752604166667
病例48,near,WLI,mid_fusion_wide,3,2,0.7,0.2896678231048371,0.026578139330860947,0.8179261419066983,0.2506442599826389
病例48,near,WLI,mid_fusion_wide,3,2,0.75,0.30729353590939906,0.018802089564142442,0.8094688894315993,0.24200439453125
病例48,near,WLI,mid_fusion_wide,3,2,0.8,0.3323762810543526,0.012361925270167882,0.7947969332279489,0.23128255208333334
病例48,near,WLI,mid_fusion_wide,3,2,0.85,0.37027953901981897,0.00693862902261036,0.7695194006203697,0.2165459526909722
病例48,near,WLI,mid_fusion_wide,3,2,0.9,0.43611676037803565,0.0013757626510348129,0.7204983185560984,0.1922607421875
病例48,near,WLI,mid_fusion_wide,3,2,0.95,0.6646927463412688,0.0,0.5022173776701823,0.1140475802951389
病例48,near,NBI,mid_fusion_wide,3,2,0.05,0.0,0.3758740912422496,0.8417954500919896,0.9420505099826388
病例48,near,NBI,mid_fusion_wide,3,2,0.1,9.904716626057329e-06,0.08882549870248212,0.9574709209966488,0.7455037434895834
病例48,near,NBI,mid_fusion_wide,3,2,0.15,0.00114894712862265,0.06788692775499693,0.9665966970502695,0.7303873697916666
病例48,near,NBI,mid_fusion_wide,3,2,0.2,0.0021295140746023255,0.0564271706186486,0.9714955208619946,0.7218695746527778
病例48,near,NBI,mid_fusion_wide,3,2,0.25,0.0030308432875735423,0.05170262078801925,0.9732834392128268,0.718017578125
病例48,near,NBI,mid_fusion_wide,3,2,0.3,0.003654840435015154,0.04791901903686536,0.9747714312011673,0.7149997287326388
病例48,near,NBI,mid_fusion_wide,3,2,0.35,0.004377884748717339,0.045106079515065074,0.9757518103627639,0.7125786675347222
病例48,near,NBI,mid_fusion_wide,3,2,0.4,0.00559616489372239,0.0420356173609873,0.9766102634684433,0.7096421983506944
病例48,near,NBI,mid_fusion_wide,3,2,0.45,0.011519185436104673,0.026277213208930093,0.9812402292856041,0.6947970920138888
病例48,near,NBI,mid_fusion_wide,3,2,0.5,0.0145302192904261,0.02376141518591153,0.9809421461524525,0.6910129123263888
病例48,near,NBI,mid_fusion_wide,3,2,0.55,0.01847229650759692,0.021552663378300748,0.9800182955467748,0.6868014865451388
病例48,near,NBI,mid_fusion_wide,3,2,0.6,0.023850557635546048,0.019542005903211108,0.9782568775461795,0.6817423502604166
病例48,near,NBI,mid_fusion_wide,3,2,0.65,0.029466531962520554,0.017670014460886275,0.9762918902218488,0.6766153971354166
病例48,near,NBI,mid_fusion_wide,3,2,0.7,0.03668707038291635,0.01571878528555298,0.9735194462651591,0.6703355577256944
病例48,near,NBI,mid_fusion_wide,3,2,0.75,0.04922644163150492,0.013926031576236604,0.9678564226653721,0.6605224609375
病例48,near,NBI,mid_fusion_wide,3,2,0.8,0.06942215883203581,0.011340900536835641,0.9584106906044281,0.6449245876736112
病例48,near,NBI,mid_fusion_wide,3,2,0.85,0.10970464135021098,0.006903587488361958,0.9385366362990741,0.6143052842881944
病例48,near,NBI,mid_fusion_wide,3,2,0.9,0.21606148848081455,0.00026742734890354786,0.8787533932502047,0.5369398328993056
病例48,near,NBI,mid_fusion_wide,3,2,0.95,0.7649412650304075,0.0,0.38064381606141384,0.1609429253472222
病例49,far,WLI,mid_fusion_wide,3,2,0.05,0.0,4.101459013246305,0.32779045071922003,0.3604261610243056
病例49,far,WLI,mid_fusion_wide,3,2,0.1,0.000959877135726627,1.0171818007295066,0.6624447061048835,0.1424492730034722
病例49,far,WLI,mid_fusion_wide,3,2,0.15,0.01276636590516414,0.5367632942983298,0.7822779996167245,0.10767279730902778
病例49,far,WLI,mid_fusion_wide,3,2,0.2,0.018045690151660587,0.4441351507007103,0.8094955489582215,0.10075547960069445
病例49,far,WLI,mid_fusion_wide,3,2,0.25,0.020925321558840467,0.3891341908235746,0.826848249023886,0.09666612413194445
病例49,far,WLI,mid_fusion_wide,3,2,0.3,0.022845075830293722,0.35371472451526204,0.8384466499162441,0.0940280490451389
病例49,far,WLI,mid_fusion_wide,3,2,0.35,0.024092916106738336,0.3259742752927625,0.8479212710026774,0.09197998046875
病例49,far,WLI,mid_fusion_wide,3,2,0.4,0.02697254751391822,0.298521789210981,0.8567082188850339,0.08983696831597222
病例49,far,WLI,mid_fusion_wide,3,2,0.45,0.049337684776348624,0.18026492608946054,0.892252252248233,0.07990180121527778
病例49,far,WLI,mid_fusion_wide,3,2,0.5,0.05730466500287963,0.15818775196774812,0.8974276968022231,0.07777913411458333
病例49,far,WLI,mid_fusion_wide,3,2,0.55,0.06575158379727394,0.1407179880975235,0.9004949807979807,0.07594807942708333
病例49,far,WLI,mid_fusion_wide,3,2,0.6,0.07707813399884815,0.12344019965444424,0.9020122895027815,0.07392713758680555
病例49,far,WLI,mid_fusion_wide,3,2,0.65,0.09569975043194472,0.10721827606066424,0.8991219698372822,0.07146538628472222
病例49,far,WLI,mid_fusion_wide,3,2,0.7,0.12075254367440967,0.08965252447686696,0.8931357254246629,0.0684543185763889
病例49,far,WLI,mid_fusion_wide,3,2,0.75,0.15473219427913226,0.07247072374736034,0.8815256018775638,0.06483968098958333
病例49,far,WLI,mid_fusion_wide,3,2,0.8,0.20598963332693415,0.054808984449990404,0.8589377498527649,0.05997043185763889
病例49,far,WLI,mid_fusion_wide,3,2,0.85,0.28479554617009023,0.03618736801689384,0.8167269538484231,0.05308702256944445
病例49,far,WLI,mid_fusion_wide,3,2,0.9,0.4421194087156844,0.012286427337300825,0.7106003178829282,0.040283203125
病例49,far,WLI,mid_fusion_wide,3,2,0.95,0.8330773660971396,0.0,0.2860903183327623,0.011793348524305556
病例49,far,NBI,mid_fusion_wide,3,2,0.05,0.0,1.877839042936481,0.5157511639483829,0.9804551866319444
病例49,far,NBI,mid_fusion_wide,3,2,0.1,0.0,1.2203356092123336,0.6210532822347502,0.7564493815104166
病例49,far,NBI,mid_fusion_wide,3,2,0.15,0.0,0.6131337460437526,0.7653645753978142,0.5495808919270834
病例49,far,NBI,mid_fusion_wide,3,2,0.2,0.0013336783645520234,0.5111173039791389,0.7958186605748582,0.5143703884548612
病例49,far,NBI,mid_fusion_wide,3,2,0.25,0.0015128291896411013,0.48878316778470055,0.8028778820830209,0.5067003038194444
病例49,far,NBI,mid_fusion_wide,3,2,0.3,0.0017516969564265383,0.4753269502557876,0.8071299239521932,0.5020345052083334
病例49,far,NBI,mid_fusion_wide,3,2,0.35,0.0025081115512470887,0.4653940322869598,0.8100187508075698,0.4983927408854167
病例49,far,NBI,mid_fusion_wide,3,2,0.4,0.00404084638812031,0.45323168182813467,0.813296488946023,0.4937269422743056
病例49,far,NBI,mid_fusion_wide,3,2,0.45,0.0857535282759719,0.2101240121822561,0.8607222503318335,0.3830634223090278
病例49,far,NBI,mid_fusion_wide,3,2,0.5,0.09922965145211697,0.19746402054262793,0.8585984118994976,0.3741590711805556
病例49,far,NBI,mid_fusion_wide,3,2,0.55,0.111869737444513,0.1861377072675518,0.8563312700917841,0.3659939236111111
病例49,far,NBI,mid_fusion_wide,3,2,0.6,0.1267790672213707,0.17329856480283456,0.8533717209239737,0.3565402560763889
病例49,far,NBI,mid_fusion_wide,3,2,0.65,0.14296235842108407,0.15809065031749509,0.850603552165428,0.3458455403645833
病例49,far,NBI,mid_fusion_wide,3,2,0.7,0.16332583553954258,0.1423054720624241,0.8455611659851883,0.3335300021701389
病例49,far,NBI,mid_fusion_wide,3,2,0.75,0.18780978163504986,0.12441029520074845,0.8387793070122637,0.319091796875
病例49,far,NBI,mid_fusion_wide,3,2,0.8,0.22063419392081535,0.1020960646535422,0.8284683502779034,0.3003065321180556
病例49,far,NBI,mid_fusion_wide,3,2,0.85,0.26992057646754386,0.07142146226884567,0.8105235243411079,0.2730645073784722
病例49,far,NBI,mid_fusion_wide,3,2,0.9,0.4099568047455063,0.0321476202798734,0.7274645986198647,0.21197509765625
病例49,far,NBI,mid_fusion_wide,3,2,0.95,0.8845074347592412,0.003145092262674921,0.2064878908123094,0.04041883680555555
病例49,near,WLI,mid_fusion_wide,3,2,0.05,0.0,0.5537538895528494,0.78316082382917,0.9786512586805556
病例49,near,WLI,mid_fusion_wide,3,2,0.1,0.0,0.3258180173778223,0.8599125060755689,0.8350830078125
病例49,near,WLI,mid_fusion_wide,3,2,0.15,0.0,0.25026648147549985,0.8887836247232563,0.7874959309895834
病例49,near,WLI,mid_fusion_wide,3,2,0.2,1.076692830302443e-05,0.1744888400788139,0.9197510385766815,0.7397596571180556
病例49,near,WLI,mid_fusion_wide,3,2,0.25,9.690235472721988e-05,0.1606425702811245,0.9256023721122639,0.7309841579861112
病例49,near,WLI,mid_fusion_wide,3,2,0.3,0.00015073699624234201,0.1530088181142802,0.9288575701042111,0.7261420355902778
病例49,near,WLI,mid_fusion_wide,3,2,0.35,0.00029070706418165963,0.14790529409864658,0.9309950667785009,0.72283935546875
病例49,near,WLI,mid_fusion_wide,3,2,0.4,0.0004414440604240016,0.14223112288295273,0.9333862851450393,0.7191704644097222
病例49,near,WLI,mid_fusion_wide,3,2,0.45,0.01360939737502288,0.10323330856939823,0.9440843372247529,0.6863132052951388
病例49,near,WLI,mid_fusion_wide,3,2,0.5,0.01883135760198973,0.09778524284806787,0.9439061148596519,0.6795925564236112
病例49,near,WLI,mid_fusion_wide,3,2,0.55,0.024387092606350334,0.09284322275697966,0.9433247272419508,0.6729804144965278
病例49,near,WLI,mid_fusion_wide,3,2,0.6,0.030147399248468404,0.08737362317904325,0.9428740402676818,0.6659071180555556
病例49,near,WLI,mid_fusion_wide,3,2,0.65,0.03645681923404072,0.08134414332934957,0.9423924432528222,0.6581353081597222
病例49,near,WLI,mid_fusion_wide,3,2,0.7,0.04379986433670338,0.07225685584159695,0.9427857131477981,0.6477864583333334
病例49,near,WLI,mid_fusion_wide,3,2,0.75,0.05773226956081699,0.054642161137848984,0.9437258380191927,0.6279161241319444
病例49,near,WLI,mid_fusion_wide,3,2,0.8,0.08008441271789571,0.03528322404901106,0.9409944215906224,0.6016438802083334
病例49,near,WLI,mid_fusion_wide,3,2,0.85,0.12577925643593138,0.017302453782960258,0.9243563544869197,0.5615370008680556
病例49,near,WLI,mid_fusion_wide,3,2,0.9,0.25078329403404503,0.000775218837817759,0.8562516150461711,0.4723917643229167
病例49,near,WLI,mid_fusion_wide,3,2,0.95,0.8304854807971833,0.0,0.28988869555584107,0.10677083333333333
病例49,near,NBI,mid_fusion_wide,3,2,0.05,0.0,0.3482680170262733,0.8516915384011049,0.9967176649305556
病例49,near,NBI,mid_fusion_wide,3,2,0.1,0.0,0.17341846469983854,0.9202093533678372,0.8674587673611112
病例49,near,NBI,mid_fusion_wide,3,2,0.15,9.173638632027008e-05,0.13150410979010715,0.9382588522899797,0.8364054361979166
病例49,near,NBI,mid_fusion_wide,3,2,0.2,0.0005228974020255394,0.10734074563334801,0.9488025777231782,0.8182237413194444
病例49,near,NBI,mid_fusion_wide,3,2,0.25,0.0007981065609863496,0.09761668868339939,0.9530647066539997,0.8108317057291666
病例49,near,NBI,mid_fusion_wide,3,2,0.3,0.001247614853955673,0.08927785116688683,0.9566455195679681,0.8043348524305556
病例49,near,NBI,mid_fusion_wide,3,2,0.35,0.0018347277264054015,0.08317738147658887,0.9591551592666885,0.7993910047743056
病例49,near,NBI,mid_fusion_wide,3,2,0.4,0.0026787024805518863,0.07634302069572875,0.9618927121024208,0.7937147352430556
病例49,near,NBI,mid_fusion_wide,3,2,0.45,0.07748972552473213,0.02114523704682225,0.9492528578301495,0.6976047092013888
病例49,near,NBI,mid_fusion_wide,3,2,0.5,0.08585608395714076,0.01777851166886834,0.946356751109501,0.6889309353298612
病例49,near,NBI,mid_fusion_wide,3,2,0.55,0.09375458681931602,0.015558491119917804,0.9431195463306746,0.6814507378472222
病例49,near,NBI,mid_fusion_wide,3,2,0.6,0.10272640540143843,0.013723763393512403,0.9390631450594108,0.6734619140625
病例49,near,NBI,mid_fusion_wide,3,2,0.65,0.1147071774548657,0.011540437399089975,0.9334429559409327,0.6629909939236112
病例49,near,NBI,mid_fusion_wide,3,2,0.7,0.1282658153530016,0.00873330397768971,0.9271462441332934,0.6508924696180556
病例49,near,NBI,mid_fusion_wide,3,2,0.75,0.14685160722148832,0.00557757228827242,0.9179926560582985,0.6348198784722222
病例49,near,NBI,mid_fusion_wide,3,2,0.8,0.18402319095846176,0.0029539116395126963,0.8972049344854713,0.6054009331597222
病例49,near,NBI,mid_fusion_wide,3,2,0.85,0.2519356377513577,0.0008898429473066197,0.8554419092573535,0.5536702473958334
病例49,near,NBI,mid_fusion_wide,3,2,0.9,0.5088709085571701,0.0001284309408483781,0.6586777723776237,0.3631659613715278
病例49,near,NBI,mid_fusion_wide,3,2,0.95,0.996275502715397,0.0,0.007421353757282046,0.002753363715277778
病例50,far,WLI,mid_fusion_wide,3,2,0.05,0.0,1.6052142910198322,0.5547520448313968,0.7135823567708334
病例50,far,WLI,mid_fusion_wide,3,2,0.1,0.0007180172819331996,0.6451756666419074,0.7557557088947768,0.4504258897569444
病例50,far,WLI,mid_fusion_wide,3,2,0.15,0.021515759241377604,0.3997623115204635,0.8228619020344357,0.3775092230902778
病例50,far,WLI,mid_fusion_wide,3,2,0.2,0.055534922875040235,0.36881329074748076,0.8165598141935583,0.3597140842013889
病例50,far,WLI,mid_fusion_wide,3,2,0.25,0.06395305652529154,0.3573002550199312,0.8163150735205922,0.3542548285590278
病例50,far,WLI,mid_fusion_wide,3,2,0.3,0.06892965906558716,0.3484364554705489,0.8169050799952025,0.3504638671875
病例50,far,WLI,mid_fusion_wide,3,2,0.35,0.07368342865631732,0.34051350615266535,0.8172792310624026,0.3469916449652778
病例50,far,WLI,mid_fusion_wide,3,2,0.4,0.0801455841937161,0.3298670430067593,0.8177496038025865,0.3423055013020833
病例50,far,WLI,mid_fusion_wide,3,2,0.45,0.21555373987967022,0.26982594270717275,0.7637218271655252,0.2887708875868056
病例50,far,WLI,mid_fusion_wide,3,2,0.5,0.2300626408180445,0.2577186857807819,0.7594358629943715,0.2814805772569444
病例50,far,WLI,mid_fusion_wide,3,2,0.55,0.24328406249226275,0.24521528138849688,0.7559859503305184,0.2744344075520833
病例50,far,WLI,mid_fusion_wide,3,2,0.6,0.2589318873950828,0.23038451063408355,0.7517990580838282,0.2660861545138889
病例50,far,WLI,mid_fusion_wide,3,2,0.65,0.27616430216147964,0.21488524103097378,0.7467146852601475,0.2571207682291667
病例50,far,WLI,mid_fusion_wide,3,2,0.7,0.29584787937309664,0.1972814380153012,0.7406539317932462,0.24690755208333334
病例50,far,WLI,mid_fusion_wide,3,2,0.75,0.31892346926143256,0.17616182623981777,0.7334293179748128,0.23480224609375
病例50,far,WLI,mid_fusion_wide,3,2,0.8,0.3491544727524821,0.15018940800713065,0.7227461439048655,0.21940782335069445
病例50,far,WLI,mid_fusion_wide,3,2,0.85,0.39557800391195624,0.12283047364381391,0.6998652561556437,0.19919840494791666
病例50,far,WLI,mid_fusion_wide,3,2,0.9,0.48020500631360025,0.09094060263933249,0.6454131824879406,0.16728379991319445
病例50,far,WLI,mid_fusion_wide,3,2,0.95,0.7512193914184555,0.034068682066899406,0.3878563294918498,0.07747395833333333
病例50,far,NBI,mid_fusion_wide,3,2,0.05,0.0,2.2476572113715965,0.4708477874919434,0.6980251736111112
病例50,far,NBI,mid_fusion_wide,3,2,0.1,0.00012621083520020194,1.020635471555233,0.6620564301301988,0.4342719184027778
病例50,far,NBI,mid_fusion_wide,3,2,0.15,0.010191524942416307,0.7518063925788029,0.722062377718124,0.37432861328125
病例50,far,NBI,mid_fusion_wide,3,2,0.2,0.01366232291042186,0.674376045183479,0.7414083438076733,0.3569403754340278
病例50,far,NBI,mid_fusion_wide,3,2,0.25,0.015523932729624839,0.6534565992490455,0.7463996937936624,0.3520439995659722
病例50,far,NBI,mid_fusion_wide,3,2,0.3,0.01700691004322721,0.6414350171962263,0.7491103202837969,0.3491414388020833
病例50,far,NBI,mid_fusion_wide,3,2,0.35,0.018679203609629887,0.6309595178746096,0.7513135485732129,0.3465304904513889
病例50,far,NBI,mid_fusion_wide,3,2,0.4,0.021108762187233773,0.6162244028649859,0.7544104952147137,0.3428412543402778
病例50,far,NBI,mid_fusion_wide,3,2,0.45,0.08238412267693182,0.4466916984823147,0.7762237762227403,0.2932332356770833
病例50,far,NBI,mid_fusion_wide,3,2,0.5,0.09752942290095605,0.42734988798788376,0.774712550277259,0.2858208550347222
病例50,far,NBI,mid_fusion_wide,3,2,0.55,0.11336888271858139,0.40908086959265455,0.7724236510063877,0.2784898546006944
病例50,far,NBI,mid_fusion_wide,3,2,0.6,0.129366106080207,0.3903070078566245,0.7701518365513423,0.2710164388020833
病例50,far,NBI,mid_fusion_wide,3,2,0.65,0.14823462594263717,0.3696715363013915,0.7668598375081432,0.2625257703993056
病例50,far,NBI,mid_fusion_wide,3,2,0.7,0.16855457040986968,0.34565992490455305,0.763808171131808,0.2529975043402778
病例50,far,NBI,mid_fusion_wide,3,2,0.75,0.19414381724671062,0.3184930426277096,0.7586852228663705,0.24165852864583334
病例50,far,NBI,mid_fusion_wide,3,2,0.8,0.2244344176947591,0.28728741362445964,0.7519349016477226,0.22844102647569445
病例50,far,NBI,mid_fusion_wide,3,2,0.85,0.26835578834442936,0.24421796611239074,0.7405822327961218,0.2097439236111111
病例50,far,NBI,mid_fusion_wide,3,2,0.9,0.41157353358785853,0.16527308869466445,0.6710687297576987,0.1619940863715278
病例50,far,NBI,mid_fusion_wide,3,2,0.95,0.8611049758621777,0.030006626068848012,0.2376504885811217,0.03630235460069445
病例50,near,WLI,mid_fusion_wide,3,2,0.05,0.0,1.702700842938242,0.5401462567013816,0.5327284071180556
病例50,near,WLI,mid_fusion_wide,3,2,0.1,0.0069843454326509544,0.7366248064682608,0.7275798177385991,0.3409288194444444
病例50,near,WLI,mid_fusion_wide,3,2,0.15,0.041114742817822125,0.5502838465508343,0.76430500898029,0.2974717881944444
病例50,near,WLI,mid_fusion_wide,3,2,0.2,0.06678135214175125,0.5200068811285051,0.7608095031053942,0.2864447699652778
病例50,near,WLI,mid_fusion_wide,3,2,0.25,0.07555479098572165,0.5055221056253225,0.7608704886222537,0.2818603515625
病例50,near,WLI,mid_fusion_wide,3,2,0.3,0.08205745742301737,0.49499397901255804,0.7608509667473323,0.27850341796875
病例50,near,WLI,mid_fusion_wide,3,2,0.35,0.08687424737656976,0.4859452950283847,0.7612327725899393,0.2757703993055556
病例50,near,WLI,mid_fusion_wide,3,2,0.4,0.09313607431618785,0.4752451402029933,0.76139580564914,0.2724270290798611
病例50,near,WLI,mid_fusion_wide,3,2,0.45,0.1655255461895751,0.42346464820230517,0.7391469974237141,0.2479519314236111
病例50,near,WLI,mid_fusion_wide,3,2,0.5,0.1752279373817306,0.41245484259418547,0.7373164167616496,0.2438693576388889
病例50,near,WLI,mid_fusion_wide,3,2,0.55,0.18434543265095477,0.4019955272664717,0.7356025816049155,0.24001057942708334
病例50,near,WLI,mid_fusion_wide,3,2,0.6,0.1945639084809909,0.391536211938758,0.7332237099667478,0.2359347873263889
病例50,near,WLI,mid_fusion_wide,3,2,0.65,0.20557371408911063,0.378943746774471,0.7310547895316831,0.23128255208333334
病例50,near,WLI,mid_fusion_wide,3,2,0.7,0.2180973679683468,0.3645621881988646,0.7285492169831398,0.2259792751736111
病例50,near,WLI,mid_fusion_wide,3,2,0.75,0.23409599174264578,0.3479786685016343,0.7246419270821539,0.21955702039930555
病例50,near,WLI,mid_fusion_wide,3,2,0.8,0.25494581111302256,0.3270944434887322,0.7191126903204226,0.2113308376736111
病例50,near,WLI,mid_fusion_wide,3,2,0.85,0.2829520041286771,0.2985377601926716,0.7115033371443737,0.20018174913194445
病例50,near,WLI,mid_fusion_wide,3,2,0.9,0.3353173920522966,0.25098916222260453,0.693942060739787,0.1804877387152778
病例50,near,WLI,mid_fusion_wide,3,2,0.95,0.5633579907104765,0.11832100464476174,0.5616107976533652,0.10938856336805555
病例50,near,NBI,mid_fusion_wide,3,2,0.05,0.0,1.0734738133622472,0.6507294746758093,0.9856228298611112
病例50,near,NBI,mid_fusion_wide,3,2,0.1,0.0,0.6872012897150928,0.7442687705062041,0.8020087348090278
病例50,near,NBI,mid_fusion_wide,3,2,0.15,2.853351975232905e-05,0.6052102207067753,0.76767886969099,0.7630208333333334
病例50,near,NBI,mid_fusion_wide,3,2,0.2,7.133379938082262e-05,0.49274535260297037,0.8022939691728992,0.7095404730902778
病例50,near,NBI,mid_fusion_wide,3,2,0.25,0.0001712011185139743,0.4677071890203016,0.8103863966183442,0.6975911458333334
病例50,near,NBI,mid_fusion_wide,3,2,0.3,0.000299601957399455,0.4553664417274193,0.8143977034333348,0.6916639539930556
病例50,near,NBI,mid_fusion_wide,3,2,0.35,0.0005136033555419229,0.446321315965931,0.8173057853163216,0.6872626410590278
病例50,near,NBI,mid_fusion_wide,3,2,0.4,0.0006990712339320617,0.436092049134721,0.8206486081164936,0.68231201171875
病例50,near,NBI,mid_fusion_wide,3,2,0.45,0.03451129214044198,0.2907708330361092,0.8558312466797836,0.5971611870659722
病例50,near,NBI,mid_fusion_wide,3,2,0.5,0.04389882013895824,0.2838086542165409,0.8536961312589306,0.5893893771701388
病例50,near,NBI,mid_fusion_wide,3,2,0.55,0.05439915540781533,0.27790221562780876,0.8505505222898323,0.5815904405381944
病例50,near,NBI,mid_fusion_wide,3,2,0.6,0.07218980497339249,0.27066896837059334,0.8440472945782268,0.5696953667534722
病例50,near,NBI,mid_fusion_wide,3,2,0.65,0.09654316408200533,0.26287931747820753,0.8340873917476149,0.5544162326388888
病例50,near,NBI,mid_fusion_wide,3,2,0.7,0.12628935842380837,0.2524360492488551,0.8218723998169325,0.5353122287326388
病例50,near,NBI,mid_fusion_wide,3,2,0.75,0.15767623015137033,0.2353872711968385,0.8108189764676887,0.5122884114583334
病例50,near,NBI,mid_fusion_wide,3,2,0.8,0.2044141355056853,0.21267458947398457,0.7923134301844973,0.4792751736111111
病例50,near,NBI,mid_fusion_wide,3,2,0.85,0.2660608049305922,0.1771503573823349,0.7680845663430969,0.4330851236979167
病例50,near,NBI,mid_fusion_wide,3,2,0.9,0.4318690882113763,0.08876777994949567,0.6857762814600982,0.312255859375
病例50,near,NBI,mid_fusion_wide,3,2,0.95,0.9336024995363303,0.0,0.12452673685883778,0.031561957465277776
病例60,far,WLI,mid_fusion_wide,3,2,0.05,0.24229287090558768,5.059248554913295,0.222300734877677,0.1637912326388889
病例60,far,WLI,mid_fusion_wide,3,2,0.1,0.38945086705202314,2.217003853564547,0.31902844198138036,0.0796169704861111
病例60,far,WLI,mid_fusion_wide,3,2,0.15,0.4985549132947977,1.5036127167630058,0.3337340706873949,0.05645751953125
病例60,far,WLI,mid_fusion_wide,3,2,0.2,0.5337186897880539,1.3591040462427746,0.3300656380502083,0.051398383246527776
病例60,far,WLI,mid_fusion_wide,3,2,0.25,0.5500963391136802,1.3000963391136802,0.32720266245991236,0.049275716145833336
病例60,far,WLI,mid_fusion_wide,3,2,0.3,0.5621387283236994,1.2608381502890174,0.3244979919649755,0.047831217447916664
病例60,far,WLI,mid_fusion_wide,3,2,0.35,0.5729768786127167,1.2263969171483622,0.3218662067684318,0.04655626085069445
病例60,far,WLI,mid_fusion_wide,3,2,0.4,0.588150289017341,1.180635838150289,0.31772575250540946,0.044840494791666664
病例60,far,WLI,mid_fusion_wide,3,2,0.45,0.6852119460500964,0.8427263969171483,0.29180620673931895,0.0325927734375
病例60,far,WLI,mid_fusion_wide,3,2,0.5,0.7061657032755299,0.7817919075144508,0.2831283360375594,0.030287000868055556
病例60,far,WLI,mid_fusion_wide,3,2,0.55,0.7290462427745664,0.728082851637765,0.27108433734613147,0.028130425347222224
病例60,far,WLI,mid_fusion_wide,3,2,0.6,0.7521676300578035,0.6726878612716763,0.25808878855959255,0.025919596354166668
病例60,far,WLI,mid_fusion_wide,3,2,0.65,0.7822736030828517,0.6136801541425819,0.2377695949468994,0.023410373263888888
病例60,far,WLI,mid_fusion_wide,3,2,0.7,0.8203275529865125,0.5392581888246628,0.20905142216324715,0.020243326822916668
病例60,far,WLI,mid_fusion_wide,3,2,0.75,0.8704238921001927,0.4662813102119461,0.162390582551126,0.016777886284722224
病例60,far,WLI,mid_fusion_wide,3,2,0.8,0.9376204238921002,0.39234104046242774,0.08576158940255361,0.012803819444444444
病例60,far,WLI,mid_fusion_wide,3,2,0.85,1.0,0.29552023121387283,0.0,0.008321126302083334
病例60,far,WLI,mid_fusion_wide,3,2,0.9,1.0,0.15390173410404626,0.0,0.00433349609375
病例60,far,WLI,mid_fusion_wide,3,2,0.95,1.0,0.0,0.0,0.0
病例60,far,NBI,mid_fusion_wide,3,2,0.05,0.0,1.6197063805759457,0.5525310038215675,0.94390869140625
病例60,far,NBI,mid_fusion_wide,3,2,0.1,0.0,0.5410314323357802,0.7870819599268271,0.5552503797743056
病例60,far,NBI,mid_fusion_wide,3,2,0.15,0.0,0.22763034067381893,0.8978150294870492,0.4423285590277778
病例60,far,NBI,mid_fusion_wide,3,2,0.2,0.0001693958215697346,0.13670242800677584,0.9359374174102437,0.4095052083333333
病例60,far,NBI,mid_fusion_wide,3,2,0.25,0.0003764351590438547,0.12307547524938829,0.9418420095931496,0.4045206705729167
病例60,far,NBI,mid_fusion_wide,3,2,0.3,0.0009410878976096367,0.11537737624694147,0.9449884279856284,0.4015435112847222
病例60,far,NBI,mid_fusion_wide,3,2,0.35,0.0016751364577451534,0.10999435347261434,0.9470338793903075,0.3993394639756944
病例60,far,NBI,mid_fusion_wide,3,2,0.4,0.0028609072087332956,0.101562205910032,0.9502439374363698,0.3958740234375
病例60,far,NBI,mid_fusion_wide,3,2,0.45,0.012064746847355543,0.03152644456992283,0.9784144500149324,0.3673231336805556
病例60,far,NBI,mid_fusion_wide,3,2,0.5,0.01727837380011293,0.025974025974025976,0.9784674200249447,0.3634440104166667
病例60,far,NBI,mid_fusion_wide,3,2,0.55,0.02249200075287032,0.021494447581404102,0.9779958006525201,0.3599514431423611
病例60,far,NBI,mid_fusion_wide,3,2,0.6,0.028929041972520234,0.017052512704686617,0.9768718817739666,0.3560316297743056
病例60,far,NBI,mid_fusion_wide,3,2,0.65,0.03769998117824205,0.012987012987012988,0.9743394284724916,0.3514065212673611
病例60,far,NBI,mid_fusion_wide,3,2,0.7,0.04961415396198005,0.009185017880670054,0.9699938527730041,0.3457438151041667
病例60,far,NBI,mid_fusion_wide,3,2,0.75,0.06723131940523244,0.005552418595896857,0.9624501131245328,0.3380872938368056
病例60,far,NBI,mid_fusion_wide,3,2,0.8,0.09629211368341803,0.0021645021645021645,0.9483403944331384,0.3263956705729167
病例60,far,NBI,mid_fusion_wide,3,2,0.85,0.1427442123094297,9.410878976096367e-05,0.9230956313769387,0.3089124891493056
病例60,far,NBI,mid_fusion_wide,3,2,0.9,0.23412384716732543,0.0,0.8674177422955762,0.2759535047743056
病例60,far,NBI,mid_fusion_wide,3,2,0.95,0.5431959345002824,0.0,0.6271317829449262,0.16459147135416666
病例60,near,WLI,mid_fusion_wide,3,2,0.05,0.0,1.1412384113540117,0.6366915649473047,0.380615234375
病例60,near,WLI,mid_fusion_wide,3,2,0.1,0.0,0.4836519018732593,0.8052658258947061,0.2637261284722222
病例60,near,WLI,mid_fusion_wide,3,2,0.15,0.0,0.2912136126053947,0.8728998418102191,0.2295193142361111
病例60,near,WLI,mid_fusion_wide,3,2,0.2,0.0,0.2297890198771508,0.8969458465208368,0.2186008029513889
病例60,near,WLI,mid_fusion_wide,3,2,0.25,0.00041967113044141775,0.20727938651711114,0.9058847935811737,0.21452501085069445
病例60,near,WLI,mid_fusion_wide,3,2,0.3,0.0008011903399336157,0.19304872000305215,0.9115748072589903,0.21192762586805555
病例60,near,WLI,mid_fusion_wide,3,2,0.35,0.0013353172332226928,0.18187020716493074,0.9159813836285895,0.2098456488715278
病例60,near,WLI,mid_fusion_wide,3,2,0.4,0.002212811415054748,0.1701957193544695,0.9204751429812222,0.2076144748263889
病例60,near,WLI,mid_fusion_wide,3,2,0.45,0.016329022166266072,0.07573156308420129,0.9552974304804548,0.18831380208333334
病例60,near,WLI,mid_fusion_wide,3,2,0.5,0.021517683415359964,0.0632177330128572,0.9584976174886322,0.18516710069444445
病例60,near,WLI,mid_fusion_wide,3,2,0.55,0.026782648506352296,0.05230628362138034,0.9609538339813509,0.18229166666666666
病例60,near,WLI,mid_fusion_wide,3,2,0.6,0.032734348174430584,0.04131853038800504,0.9631318023800727,0.17928059895833334
病例60,near,WLI,mid_fusion_wide,3,2,0.65,0.041623745755598796,0.03158979054595399,0.9632086504707468,0.1759711371527778
病例60,near,WLI,mid_fusion_wide,3,2,0.7,0.053031170119415515,0.02208996222959826,0.9618492181880571,0.17225477430555555
病例60,near,WLI,mid_fusion_wide,3,2,0.75,0.07096257296554881,0.013543931936973027,0.956497829799563,0.1675482855902778
病例60,near,WLI,mid_fusion_wide,3,2,0.8,0.0998435771241082,0.005913547747129068,0.9445156124881015,0.16105821397569445
病例60,near,WLI,mid_fusion_wide,3,2,0.85,0.1605432833543169,0.00183129220556255,0.9118146782128552,0.1495429144965278
病例60,near,WLI,mid_fusion_wide,3,2,0.9,0.2837358360993476,0.00015260768379687917,0.8346040143127551,0.1273464626736111
病例60,near,WLI,mid_fusion_wide,3,2,0.95,0.603715997100454,0.0,0.5676266462632722,0.07044135199652778
病例60,near,NBI,mid_fusion_wide,3,2,0.05,0.0,0.2336369074197326,0.8954006774134202,0.9930352105034722
病例60,near,NBI,mid_fusion_wide,3,2,0.1,0.014212659123650977,0.023075562145631313,0.9814381453238966,0.8120998806423612
病例60,near,NBI,mid_fusion_wide,3,2,0.15,0.14578295997371457,0.008205767626814494,0.9173180617373623,0.6942206488715278
病例60,near,NBI,mid_fusion_wide,3,2,0.2,0.15802421291186802,0.005543526795116978,0.9114662897006719,0.6822238498263888
病例60,near,NBI,mid_fusion_wide,3,2,0.25,0.16150366058114357,0.003993361247546273,0.9101775050522135,0.6781751844618056
病例60,near,NBI,mid_fusion_wide,3,2,0.3,0.16419960066387523,0.0028475867123853174,0.9091467270273782,0.6750827365451388
病例60,near,NBI,mid_fusion_wide,3,2,0.35,0.16676916855522886,0.0017607858665341163,0.9081576434286582,0.6721394856770834
病例60,near,NBI,mid_fusion_wide,3,2,0.4,0.17037498841588244,0.000362266948617067,0.9067003047681518,0.6681111653645834
病例60,near,NBI,mid_fusion_wide,3,2,0.45,0.21361112749269148,0.0,0.8804229410623138,0.6330159505208334
病例60,near,NBI,mid_fusion_wide,3,2,0.5,0.22265095158260106,0.0,0.8747286292573805,0.6257392035590278
病例60,near,NBI,mid_fusion_wide,3,2,0.55,0.2316992004852692,0.0,0.868970708745036,0.6184556749131944
病例60,near,NBI,mid_fusion_wide,3,2,0.6,0.24315694583687877,0.0,0.8615943835953899,0.6092325846354166
病例60,near,NBI,mid_fusion_wide,3,2,0.65,0.2555329957791688,0.0,0.8535180114260619,0.5992702907986112
病例60,near,NBI,mid_fusion_wide,3,2,0.7,0.27161596333521487,0.0,0.8428497616420626,0.5863240559895834
病例60,near,NBI,mid_fusion_wide,3,2,0.75,0.29590469851807544,0.0,0.8263567194502295,0.5667724609375
病例60,near,NBI,mid_fusion_wide,3,2,0.8,0.32845817501706026,0.0,0.8034998765160486,0.5405680338541666
病例60,near,NBI,mid_fusion_wide,3,2,0.85,0.38826592078991046,0.0,0.7591005080808125,0.4924248589409722
病例60,near,NBI,mid_fusion_wide,3,2,0.9,0.5047136827384011,0.0,0.6624635182489534,0.3986884223090278
病例60,near,NBI,mid_fusion_wide,3,2,0.95,0.845463659570166,0.0,0.267702860478497,0.12439643012152778
病例65,far,WLI,mid_fusion_wide,3,2,0.05,0.0,3.989166920964297,0.33393625964851864,0.4435085720486111
病例65,far,WLI,mid_fusion_wide,3,2,0.1,0.0,2.4527006408300274,0.4491656101147086,0.3069254557291667
病例65,far,WLI,mid_fusion_wide,3,2,0.15,0.0,1.9372902044552944,0.5079635729499943,0.2611083984375
病例65,far,WLI,mid_fusion_wide,3,2,0.2,0.0,1.7395483674092158,0.5348239422242139,0.2435302734375
病例65,far,WLI,mid_fusion_wide,3,2,0.25,0.0,1.6801190112908149,0.5434606853364633,0.2382473415798611
病例65,far,WLI,mid_fusion_wide,3,2,0.3,0.0,1.6377021666158071,0.5497976217927777,0.23447672526041666
病例65,far,WLI,mid_fusion_wide,3,2,0.35,0.0,1.5974977113213304,0.5559419798105099,0.2309027777777778
病例65,far,WLI,mid_fusion_wide,3,2,0.4,0.0,1.5469942020140373,0.5638577020678714,0.2264133029513889
病例65,far,WLI,mid_fusion_wide,3,2,0.45,0.0,1.2226121452548062,0.6206145542336522,0.1975775824652778
病例65,far,WLI,mid_fusion_wide,3,2,0.5,0.0,1.185230393652731,0.6278980647618607,0.19425455729166666
病例65,far,WLI,mid_fusion_wide,3,2,0.55,0.0,1.1485352456515106,0.6352160112412221,0.19099256727430555
病例65,far,WLI,mid_fusion_wide,3,2,0.6,0.0,1.108712236801953,0.6433532111201665,0.18745252821180555
病例65,far,WLI,mid_fusion_wide,3,2,0.65,0.0,1.064769606347269,0.6525776018702796,0.18354627821180555
病例65,far,WLI,mid_fusion_wide,3,2,0.7,0.00022886786695148,1.0109093683246873,0.6641496047013375,0.1787380642361111
病例65,far,WLI,mid_fusion_wide,3,2,0.75,0.0022123893805309734,0.9494964906927067,0.67708953485187,0.1731024848090278
病例65,far,WLI,mid_fusion_wide,3,2,0.8,0.0045773573390296,0.8699267622825755,0.6948001810466338,0.16581895616319445
病例65,far,WLI,mid_fusion_wide,3,2,0.85,0.010375343301800427,0.7617485505035093,0.7193678081222254,0.15568712022569445
病例65,far,WLI,mid_fusion_wide,3,2,0.9,0.033185840707964605,0.5936832468721391,0.7551768316278188,0.13871934678819445
病例65,far,WLI,mid_fusion_wide,3,2,0.95,0.21956057369545315,0.32476350320415015,0.7414386664223901,0.09824625651041667
病例65,far,NBI,mid_fusion_wide,3,2,0.05,0.0,1.5922206506364922,0.5567586722833973,0.37286376953125
病例65,far,NBI,mid_fusion_wide,3,2,0.1,0.0,0.7636020744931636,0.7236931895715782,0.2536756727430556
病例65,far,NBI,mid_fusion_wide,3,2,0.15,0.0,0.563036303630363,0.7803244913712146,0.2248263888888889
病例65,far,NBI,mid_fusion_wide,3,2,0.2,0.0,0.49985855728429984,0.8000452642284334,0.21573893229166666
病例65,far,NBI,mid_fusion_wide,3,2,0.25,0.0,0.4735030645921735,0.8085698492255331,0.2119479709201389
病例65,far,NBI,mid_fusion_wide,3,2,0.3,0.0,0.4558227251296558,0.8143910305620979,0.2094048394097222
病例65,far,NBI,mid_fusion_wide,3,2,0.35,0.0,0.44002828854314,0.8196626282518508,0.20713297526041666
病例65,far,NBI,mid_fusion_wide,3,2,0.4,0.0,0.42277227722772276,0.8255006129938982,0.20465087890625
病例65,far,NBI,mid_fusion_wide,3,2,0.45,0.0,0.30306459217350307,0.8684081231557722,0.1874321831597222
病例65,far,NBI,mid_fusion_wide,3,2,0.5,0.00014144271570014144,0.2830740216878831,0.8759422564571654,0.1845364040798611
病例65,far,NBI,mid_fusion_wide,3,2,0.55,0.000942951438000943,0.2631305987741631,0.8832662929057684,0.1815524631076389
病例65,far,NBI,mid_fusion_wide,3,2,0.6,0.0031117397454031117,0.2421027817067421,0.8904799006066868,0.1782158745659722
病例65,far,NBI,mid_fusion_wide,3,2,0.65,0.006647807637906648,0.21683168316831683,0.8988864712639215,0.174072265625
病例65,far,NBI,mid_fusion_wide,3,2,0.7,0.010608203677510608,0.1873173031588873,0.9090712181577952,0.1692572699652778
病例65,far,NBI,mid_fusion_wide,3,2,0.75,0.015605846298915605,0.15638849599245638,0.9196581949501835,0.1640896267361111
病例65,far,NBI,mid_fusion_wide,3,2,0.8,0.024233851956624235,0.11914191419141915,0.9315598766661455,0.15749104817708334
病例65,far,NBI,mid_fusion_wide,3,2,0.85,0.047619047619047616,0.06916548797736917,0.9422301000514443,0.1469387478298611
病例65,far,NBI,mid_fusion_wide,3,2,0.9,0.11546440358321547,0.01782178217821782,0.9299363057301794,0.1297946506076389
病例65,far,NBI,mid_fusion_wide,3,2,0.95,0.4342762847713343,0.0,0.7226354301523001,0.08137342664930555
病例65,near,WLI,mid_fusion_wide,3,2,0.05,0.0,2.068417865958735,0.49159158815324994,0.4467909071180556
病例65,near,WLI,mid_fusion_wide,3,2,0.1,0.0,0.8797447720180709,0.6945059921387419,0.2737087673611111
病例65,near,WLI,mid_fusion_wide,3,2,0.15,0.00037259559405710026,0.6023007777933026,0.7683743242745706,0.23325602213541666
病例65,near,WLI,mid_fusion_wide,3,2,0.2,0.001304084579199851,0.538773229006567,0.7871590617070093,0.2238701714409722
病例65,near,WLI,mid_fusion_wide,3,2,0.25,0.002002701318056914,0.5094313259745703,0.7960324683752883,0.21949598524305555
病例65,near,WLI,mid_fusion_wide,3,2,0.3,0.002608169158399702,0.4901029295328583,0.8019247692321483,0.21659342447916666
病例65,near,WLI,mid_fusion_wide,3,2,0.35,0.003120488100228215,0.47245121326440315,0.8074086648167498,0.21394856770833334
病例65,near,WLI,mid_fusion_wide,3,2,0.4,0.00451772157794234,0.45270364677937686,0.8132407495466313,0.2108696831597222
病例65,near,WLI,mid_fusion_wide,3,2,0.45,0.008476549764799031,0.26472916957756976,0.878911733133352,0.18292236328125
病例65,near,WLI,mid_fusion_wide,3,2,0.5,0.012901122444227097,0.23678450002328721,0.8877253973886621,0.17820909288194445
病例65,near,WLI,mid_fusion_wide,3,2,0.55,0.016953099529598063,0.209957617251176,0.8965297540651223,0.1737128363715278
病例65,near,WLI,mid_fusion_wide,3,2,0.6,0.02230916119416888,0.18010339527735084,0.9061946902635307,0.1685858832465278
病例65,near,WLI,mid_fusion_wide,3,2,0.65,0.027991244003539657,0.16724884728238087,0.9087346512215694,0.1658867730034722
病例65,near,WLI,mid_fusion_wide,3,2,0.7,0.03507056029062457,0.1529970658096968,0.9112020055396244,0.16278076171875
病例65,near,WLI,mid_fusion_wide,3,2,0.75,0.0469004704019375,0.13529877509198454,0.9127564674377503,0.1584811740451389
病例65,near,WLI,mid_fusion_wide,3,2,0.8,0.06618229239439244,0.11569093195472964,0.9112600840792836,0.15281846788194445
病例65,near,WLI,mid_fusion_wide,3,2,0.85,0.09557076987564622,0.0930557496157608,0.905567991044335,0.14524332682291666
病例65,near,WLI,mid_fusion_wide,3,2,0.9,0.1644078058776955,0.05989474174467887,0.8816649466782602,0.13039143880208334
病例65,near,WLI,mid_fusion_wide,3,2,0.95,0.3792091658516138,0.0,0.7660344827564194,0.09039306640625
病例65,near,NBI,mid_fusion_wide,3,2,0.05,0.0,0.6802236792247012,0.7462063765430489,0.9923570421006944
病例65,near,NBI,mid_fusion_wide,3,2,0.1,0.0,0.40096912354028635,0.8329969679285153,0.8274264865451388
病例65,near,NBI,mid_fusion_wide,3,2,0.15,9.186005121197855e-05,0.1859247436530446,0.9148989819391922,0.7003648546006944
病例65,near,NBI,mid_fusion_wide,3,2,0.2,0.00044781774965839546,0.14508146838291863,0.9321425894391445,0.6760321723090278
病例65,near,NBI,mid_fusion_wide,3,2,0.25,0.000826740460907807,0.13181917348918923,0.9377539254033506,0.6679755316840278
病例65,near,NBI,mid_fusion_wide,3,2,0.3,0.0013204882361721917,0.12471150202666238,0.9406458869584583,0.6634860568576388
病例65,near,NBI,mid_fusion_wide,3,2,0.35,0.0018257185178380737,0.11802868330099094,0.9433634656909227,0.65924072265625
病例65,near,NBI,mid_fusion_wide,3,2,0.4,0.0030313816899952923,0.11101287188967608,0.9458988353972906,0.6543850368923612
病例65,near,NBI,mid_fusion_wide,3,2,0.45,0.05636762392495034,0.05101677594185259,0.9461637653121568,0.5874498155381944
病例65,near,NBI,mid_fusion_wide,3,2,0.5,0.0629471000930083,0.042760853839176015,0.9466071221430538,0.5786878797743056
病例65,near,NBI,mid_fusion_wide,3,2,0.55,0.07047962429239055,0.03608951761990607,0.9457831677205413,0.5702989366319444
病例65,near,NBI,mid_fusion_wide,3,2,0.6,0.07990676204801984,0.03015306181033196,0.9435661927045579,0.5612250434027778
病例65,near,NBI,mid_fusion_wide,3,2,0.65,0.0925375190896669,0.023745823238296455,0.9397872606081684,0.5499810112847222
病例65,near,NBI,mid_fusion_wide,3,2,0.7,0.10845227296214217,0.016431466660542664,0.9345465925224871,0.5362616644965278
病例65,near,NBI,mid_fusion_wide,3,2,0.75,0.12832849154313403,0.008921907473963417,0.9270175052962059,0.5200873480902778
病例65,near,NBI,mid_fusion_wide,3,2,0.8,0.1592508812823663,0.003249549311623741,0.9118760585826742,0.49847412109375
病例65,near,NBI,mid_fusion_wide,3,2,0.85,0.20781040085429847,0.0008726704865137962,0.8836163836158177,0.4683905707465278
病例65,near,NBI,mid_fusion_wide,3,2,0.9,0.3164234289060616,0.0,0.8120528437257882,0.4037272135416667
病例65,near,NBI,mid_fusion_wide,3,2,0.95,0.694117511970513,0.0,0.4684686268988565,0.1806572808159722
病例66,far,WLI,mid_fusion_wide,3,2,0.05,0.0,7.145311589982527,0.2186912911949731,0.1896904839409722
病例66,far,WLI,mid_fusion_wide,3,2,0.1,0.0,3.7559697146185207,0.3474653445292549,0.11075846354166667
病例66,far,WLI,mid_fusion_wide,3,2,0.15,0.0,3.22859638905067,0.3825118351412837,0.0984768337673611
病例66,far,WLI,mid_fusion_wide,3,2,0.2,0.0005824111822947001,3.0847408270238788,0.393149664927011,0.09511311848958333
病例66,far,WLI,mid_fusion_wide,3,2,0.25,0.004076878276062901,3.0142690739662203,0.3975588491694417,0.09339057074652778
病例66,far,WLI,mid_fusion_wide,3,2,0.3,0.009318578916715201,2.963890506697729,0.3999059597954631,0.09209526909722222
病例66,far,WLI,mid_fusion_wide,3,2,0.35,0.015142690739662202,2.929528246942341,0.4008058781678075,0.0911593967013889
病例66,far,WLI,mid_fusion_wide,3,2,0.4,0.021840419336051253,2.88788584740827,0.402034709752232,0.09003363715277778
病例66,far,WLI,mid_fusion_wide,3,2,0.45,0.026208503203261502,2.494175888177053,0.43589910708182295,0.08076307508680555
病例66,far,WLI,mid_fusion_wide,3,2,0.5,0.030867792661619105,2.42195690157251,0.4414085814679925,0.07897271050347222
病例66,far,WLI,mid_fusion_wide,3,2,0.55,0.03669190448456611,2.357600465928946,0.44588219436281246,0.07733832465277778
病例66,far,WLI,mid_fusion_wide,3,2,0.6,0.0425160163075131,2.292079207920792,0.4506270129483271,0.07567681206597222
病例66,far,WLI,mid_fusion_wide,3,2,0.65,0.049796156086196856,2.21869539895166,0.4558535903851924,0.07379828559027778
病例66,far,WLI,mid_fusion_wide,3,2,0.7,0.060861968549796155,2.1292952824694233,0.4616706033894376,0.07145860460069445
病例66,far,WLI,mid_fusion_wide,3,2,0.75,0.07076295864880605,2.0250436808386723,0.46999042639023497,0.06880018446180555
病例66,far,WLI,mid_fusion_wide,3,2,0.8,0.08881770529994176,1.8989516598718696,0.4782940996600558,0.06544325086805555
病例66,far,WLI,mid_fusion_wide,3,2,0.85,0.11793826441467677,1.7466511357018055,0.48615680924094246,0.06121826171875
病例66,far,WLI,mid_fusion_wide,3,2,0.9,0.1659871869539895,1.525043680838672,0.4965756393541692,0.054938422309027776
病例66,far,WLI,mid_fusion_wide,3,2,0.95,0.3223645894001165,1.1094933022714035,0.4862605788268074,0.041619194878472224
病例66,far,NBI,mid_fusion_wide,3,2,0.05,0.0,5.263229719484458,0.27535959583249753,0.2801242404513889
病例66,far,NBI,mid_fusion_wide,3,2,0.1,0.016376042456406368,2.6107657316148596,0.42818481848043505,0.1607598198784722
病例66,far,NBI,mid_fusion_wide,3,2,0.15,0.0577710386656558,1.5673995451099318,0.5369394279765967,0.11224365234375
病例66,far,NBI,mid_fusion_wide,3,2,0.2,0.0758150113722517,1.2890068233510235,0.5752442074438429,0.09898546006944445
病例66,far,NBI,mid_fusion_wide,3,2,0.25,0.08733889310083397,1.2039423805913572,0.5856767539136631,0.09466552734375
病例66,far,NBI,mid_fusion_wide,3,2,0.3,0.09734647460197118,1.1520849128127368,0.5909858036305421,0.09189860026041667
病例66,far,NBI,mid_fusion_wide,3,2,0.35,0.10583775587566338,1.1091736163760424,0.595446054422197,0.089599609375
病例66,far,NBI,mid_fusion_wide,3,2,0.4,0.12039423805913571,1.0553449583017438,0.5994007026214124,0.08654106987847222
病例66,far,NBI,mid_fusion_wide,3,2,0.45,0.20849128127369218,0.20697498104624715,0.7921092564431554,0.044657389322916664
病例66,far,NBI,mid_fusion_wide,3,2,0.5,0.2304776345716452,0.12463987869598181,0.8125200128016928,0.03999159071180555
病例66,far,NBI,mid_fusion_wide,3,2,0.55,0.25094768764215314,0.08157695223654284,0.8183550070337252,0.037150065104166664
病例66,far,NBI,mid_fusion_wide,3,2,0.6,0.27369219105382864,0.04291129643669447,0.8210490229617667,0.034403483072916664
病例66,far,NBI,mid_fusion_wide,3,2,0.65,0.29840788476118274,0.010007581501137225,0.8198086463428436,0.03182644314236111
病例66,far,NBI,mid_fusion_wide,3,2,0.7,0.333131159969674,0.004548900682335102,0.7979678853234331,0.030029296875
病例66,far,NBI,mid_fusion_wide,3,2,0.75,0.37225170583775585,0.0024260803639120547,0.7701609152565327,0.028184678819444444
病例66,far,NBI,mid_fusion_wide,3,2,0.8,0.4194086429112964,0.0016679302501895375,0.7338763775684343,0.026041666666666668
病例66,far,NBI,mid_fusion_wide,3,2,0.85,0.4796057619408643,0.0016679302501895375,0.683801554087629,0.023349338107638888
病例66,far,NBI,mid_fusion_wide,3,2,0.9,0.5772554965883245,0.0016679302501895375,0.5935703640558487,0.01898193359375
病例66,far,NBI,mid_fusion_wide,3,2,0.95,0.7614859742228961,0.0,0.38516160626364887,0.010667588975694444
病例66,near,WLI,mid_fusion_wide,3,2,0.05,0.0,1.800369609856263,0.5262646019510409,0.4624362521701389
病例66,near,WLI,mid_fusion_wide,3,2,0.1,0.0,0.9616427104722792,0.6753009040980152,0.3239339192708333
病例66,near,WLI,mid_fusion_wide,3,2,0.15,0.0,0.6871457905544148,0.744284142314549,0.2786051432291667
病例66,near,WLI,mid_fusion_wide,3,2,0.2,0.00012320328542094456,0.5945379876796715,0.7707917814278488,0.2632921006944444
病例66,near,WLI,mid_fusion_wide,3,2,0.25,0.00016427104722792606,0.5678850102669405,0.7787729511854987,0.2588840060763889
病例66,near,WLI,mid_fusion_wide,3,2,0.3,0.00028747433264887065,0.5507597535934292,0.7839430632474818,0.2560356987847222
病例66,near,WLI,mid_fusion_wide,3,2,0.35,0.0004106776180698152,0.5373716632443531,0.7880210441104201,0.2538045247395833
病例66,near,WLI,mid_fusion_wide,3,2,0.4,0.001108829568788501,0.5184804928131417,0.79359848608308,0.2505696614583333
病例66,near,WLI,mid_fusion_wide,3,2,0.45,0.004845995893223819,0.26743326488706365,0.8796602170819333,0.20849609375
病例66,near,WLI,mid_fusion_wide,3,2,0.5,0.009938398357289527,0.23917864476386036,0.8882502486995906,0.20298936631944445
病例66,near,WLI,mid_fusion_wide,3,2,0.55,0.014414784394250514,0.2161806981519507,0.8952679387445297,0.1984524197048611
病例66,near,WLI,mid_fusion_wide,3,2,0.6,0.01897330595482546,0.19256673511293634,0.9026772724679224,0.19380018446180555
病例66,near,WLI,mid_fusion_wide,3,2,0.65,0.026324435318275153,0.16698151950718687,0.9096978417248734,0.1883612738715278
病例66,near,WLI,mid_fusion_wide,3,2,0.7,0.03494866529774127,0.13811088295687884,0.9177145981392687,0.18216959635416666
病例66,near,WLI,mid_fusion_wide,3,2,0.75,0.049281314168377825,0.1082135523613963,0.9235065323607788,0.17486572265625
病例66,near,WLI,mid_fusion_wide,3,2,0.8,0.0782340862422998,0.07515400410677618,0.9231876606664818,0.16462537977430555
病例66,near,WLI,mid_fusion_wide,3,2,0.85,0.13342915811088296,0.045174537987679675,0.9065755837663926,0.15056016710069445
病例66,near,WLI,mid_fusion_wide,3,2,0.9,0.2829568788501027,0.017043121149897332,0.8269982237991071,0.12122260199652778
病例66,near,WLI,mid_fusion_wide,3,2,0.95,0.666652977412731,0.0024229979466119096,0.49910840558169123,0.05544704861111111
病例66,near,NBI,mid_fusion_wide,3,2,0.05,0.0,3.9125989672977624,0.33826072274827335,0.9678209092881944
病例66,near,NBI,mid_fusion_wide,3,2,0.1,0.0,2.153734939759036,0.4814943728966888,0.6213107638888888
病例66,near,NBI,mid_fusion_wide,3,2,0.15,0.0,1.672736660929432,0.5445530634619473,0.52655029296875
病例66,near,NBI,mid_fusion_wide,3,2,0.2,0.0,1.5192082616179001,0.5683096456128958,0.4963039822048611
病例66,near,NBI,mid_fusion_wide,3,2,0.25,0.0,1.4757659208261618,0.5754127422719638,0.4877454969618056
病例66,near,NBI,mid_fusion_wide,3,2,0.3,0.0,1.4492943201376935,0.5798287459326362,0.4825303819444444
病例66,near,NBI,mid_fusion_wide,3,2,0.35,0.0,1.4278485370051635,0.5834563512381291,0.4783053927951389
病例66,near,NBI,mid_fusion_wide,3,2,0.4,3.442340791738382e-05,1.4030636833046473,0.5876914362008258,0.4734157986111111
病例66,near,NBI,mid_fusion_wide,3,2,0.45,0.006265060240963855,1.0985886402753873,0.642710838008012,0.4122043185763889
病例66,near,NBI,mid_fusion_wide,3,2,0.5,0.008537005163511188,1.066643717728055,0.6484162182842382,0.4054633246527778
病例66,near,NBI,mid_fusion_wide,3,2,0.55,0.011910499139414802,1.0376936316695353,0.6531132322317056,0.3990953233506944
病例66,near,NBI,mid_fusion_wide,3,2,0.6,0.015834767641996556,1.0069191049913941,0.6580658526191918,0.3922593858506944
病例66,near,NBI,mid_fusion_wide,3,2,0.65,0.02082616179001721,0.9732185886402754,0.6633087317958384,0.3846367730034722
病例66,near,NBI,mid_fusion_wide,3,2,0.7,0.02784853700516351,0.9336660929432014,0.6691070201617396,0.3754611545138889
病例66,near,NBI,mid_fusion_wide,3,2,0.75,0.039518072289156624,0.8820309810671256,0.6757977596116551,0.3629896375868056
病例66,near,NBI,mid_fusion_wide,3,2,0.8,0.05549053356282272,0.8156626506024096,0.6843844705228236,0.3467678493923611
病例66,near,NBI,mid_fusion_wide,3,2,0.85,0.08203098106712564,0.7085025817555938,0.699013093224421,0.3204277886284722
病例66,near,NBI,mid_fusion_wide,3,2,0.9,0.14413080895008606,0.48540447504302925,0.7311141823731421,0.2642415364583333
病例66,near,NBI,mid_fusion_wide,3,2,0.95,0.7719449225473322,0.016075731497418245,0.3666094848089021,0.048095703125
病例68,far,WLI,mid_fusion_wide,3,2,0.05,0.0,2.097928436911488,0.4880514705875556,0.3681437174479167
病例68,far,WLI,mid_fusion_wide,3,2,0.1,0.0008560178051703475,0.5819779718084803,0.774193548385385,0.1878933376736111
病例68,far,WLI,mid_fusion_wide,3,2,0.15,0.002054442732408834,0.5164070079324317,0.7937992237663274,0.1799587673611111
病例68,far,WLI,mid_fusion_wide,3,2,0.2,0.0032528676596473207,0.4918678308508817,0.8010456796899628,0.17690022786458334
病例68,far,WLI,mid_fusion_wide,3,2,0.25,0.004394224733207784,0.4773725960166638,0.8051876124964111,0.1750420464409722
病例68,far,WLI,mid_fusion_wide,3,2,0.3,0.005649717514124294,0.46641556811048335,0.8081632653042482,0.1735907660590278
病例68,far,WLI,mid_fusion_wide,3,2,0.35,0.007190549563430919,0.45631455800947324,0.8107465747021839,0.1722073025173611
病例68,far,WLI,mid_fusion_wide,3,2,0.4,0.010728756491468356,0.4431318838098499,0.8134105999089378,0.1702202690972222
病例68,far,WLI,mid_fusion_wide,3,2,0.45,0.05153227187125492,0.4076927466757975,0.8050960350696221,0.1611599392361111
病例68,far,WLI,mid_fusion_wide,3,2,0.5,0.058437482166295726,0.3872053872053872,0.8086357732722115,0.1579047309027778
病例68,far,WLI,mid_fusion_wide,3,2,0.55,0.06494321748559037,0.36660389202762084,0.8125061985500037,0.15468343098958334
病例68,far,WLI,mid_fusion_wide,3,2,0.6,0.07247617417108942,0.34491810762997205,0.8163234555479248,0.1512112087673611
病例68,far,WLI,mid_fusion_wide,3,2,0.65,0.0820065057353193,0.322604576841865,0.8194182670245544,0.1474270290798611
病例68,far,WLI,mid_fusion_wide,3,2,0.7,0.09610226559379102,0.2963533641499743,0.821631435609333,0.1426323784722222
病例68,far,WLI,mid_fusion_wide,3,2,0.75,0.11653255721052332,0.26804770872567485,0.8212514256894479,0.1368408203125
病例68,far,WLI,mid_fusion_wide,3,2,0.8,0.15065913370998116,0.23683159276379614,0.8142575774132447,0.12907579210069445
病例68,far,WLI,mid_fusion_wide,3,2,0.85,0.19933801289733494,0.1955715345545854,0.8021726700949051,0.11838785807291667
病例68,far,WLI,mid_fusion_wide,3,2,0.9,0.28705130400045653,0.12720424584831364,0.7748798263272604,0.09983995225694445
病例68,far,WLI,mid_fusion_wide,3,2,0.95,0.5645152085830052,0.0,0.6067424664045211,0.051751030815972224
病例68,far,NBI,mid_fusion_wide,3,2,0.05,0.0,0.8631807444295473,0.6985238371299591,0.1979098849826389
病例68,far,NBI,mid_fusion_wide,3,2,0.1,0.0,0.4850284109046798,0.8048197723690239,0.1577419704861111
病例68,far,NBI,mid_fusion_wide,3,2,0.15,0.0010853604034986911,0.36678797165294,0.8444972202708358,0.14506700303819445
病例68,far,NBI,mid_fusion_wide,3,2,0.2,0.001979186618144672,0.343037732235204,0.8526235409598215,0.1424492730034722
病例68,far,NBI,mid_fusion_wide,3,2,0.25,0.0023622549958500928,0.32618272361616546,0.8586186054155212,0.1406182183159722
病例68,far,NBI,mid_fusion_wide,3,2,0.3,0.002873012832790653,0.3150098959330907,0.8625155322356413,0.1393771701388889
病例68,far,NBI,mid_fusion_wide,3,2,0.35,0.0030645470216433632,0.30377322352039837,0.8666333666309617,0.13816324869791666
病例68,far,NBI,mid_fusion_wide,3,2,0.4,0.003830683777054204,0.2931749984038818,0.8702660494147184,0.1369561089409722
病例68,far,NBI,mid_fusion_wide,3,2,0.45,0.007405988635638128,0.24561067483879206,0.8869555295636051,0.1315239800347222
病例68,far,NBI,mid_fusion_wide,3,2,0.5,0.00906595160569495,0.22894720040860628,0.8927811331582031,0.12957763671875
病例68,far,NBI,mid_fusion_wide,3,2,0.55,0.010406690927663921,0.2167528570516504,0.8970426529287081,0.1281399197048611
病例68,far,NBI,mid_fusion_wide,3,2,0.6,0.012705101193896444,0.20385622166890124,0.9011655011628754,0.12652587890625
病例68,far,NBI,mid_fusion_wide,3,2,0.65,0.015578114026687098,0.187703505075656,0.9064134971462394,0.12450493706597222
病例68,far,NBI,mid_fusion_wide,3,2,0.7,0.019600331992594013,0.16912468875694311,0.9122014969677076,0.1221042209201389
病例68,far,NBI,mid_fusion_wide,3,2,0.75,0.02726169954670242,0.1437783310987678,0.9191879581282036,0.11859809027777778
病例68,far,NBI,mid_fusion_wide,3,2,0.8,0.04175445316989083,0.11255825831577604,0.9254817326933081,0.1137424045138889
病例68,far,NBI,mid_fusion_wide,3,2,0.85,0.06607929515418502,0.07322990487135286,0.9305935492050048,0.10698106553819445
病例68,far,NBI,mid_fusion_wide,3,2,0.9,0.11734661303709379,0.024516376173146906,0.9256159614323594,0.09636094835069445
病例68,far,NBI,mid_fusion_wide,3,2,0.95,0.2954734086701143,0.0,0.8266536819206433,0.07483588324652778
病例68,near,WLI,mid_fusion_wide,3,2,0.05,0.0,0.890657111239922,0.6918842059196953,0.2433200412326389
病例68,near,WLI,mid_fusion_wide,3,2,0.1,0.0,0.28350108025504556,0.8758480638739192,0.16518147786458334
病例68,near,WLI,mid_fusion_wide,3,2,0.15,0.002898245244243031,0.20472150497971228,0.9057055332162892,0.1546698676215278
病例68,near,WLI,mid_fusion_wide,3,2,0.2,0.005533013648100332,0.1765821784265163,0.9161165048521454,0.15070936414930555
病例68,near,WLI,mid_fusion_wide,3,2,0.25,0.006481530273488961,0.15776993202297518,0.9236497244312953,0.1481662326388889
病例68,near,WLI,mid_fusion_wide,3,2,0.3,0.007166570058491859,0.14596616957369446,0.9284024834903706,0.14655897352430555
病例68,near,WLI,mid_fusion_wide,3,2,0.35,0.008220477420034778,0.13542709595826527,0.9324712643655062,0.14506700303819445
病例68,near,WLI,mid_fusion_wide,3,2,0.4,0.010433682879274911,0.12604732044053327,0.9354886918378612,0.14357503255208334
病例68,near,WLI,mid_fusion_wide,3,2,0.45,0.02940401538704748,0.10096432523581177,0.9370675620651784,0.1379055447048611
病例68,near,WLI,mid_fusion_wide,3,2,0.5,0.03509511513937925,0.09306002002423987,0.9377272494470791,0.13615587022569445
病例68,near,WLI,mid_fusion_wide,3,2,0.55,0.040733519523633875,0.08536649628497656,0.938326331793154,0.13444010416666666
病例68,near,WLI,mid_fusion_wide,3,2,0.6,0.0469515729567371,0.0767244559203246,0.9390690308654455,0.13252766927083334
病例68,near,WLI,mid_fusion_wide,3,2,0.65,0.05548822258523476,0.06845128313221267,0.9384293193692711,0.1303643120659722
病例68,near,WLI,mid_fusion_wide,3,2,0.7,0.06755546187490119,0.06075775939294936,0.9356245869109435,0.12782118055555555
病例68,near,WLI,mid_fusion_wide,3,2,0.75,0.08452337039574222,0.052589977340991724,0.9303309414133814,0.12458631727430555
病例68,near,WLI,mid_fusion_wide,3,2,0.8,0.10517995468198345,0.042156294461716814,0.9239349257279397,0.12058512369791667
病例68,near,WLI,mid_fusion_wide,3,2,0.85,0.13642830795173105,0.02408178321125573,0.9149684551367456,0.11423746744791667
病例68,near,WLI,mid_fusion_wide,3,2,0.9,0.2011909153185435,0.009854033830426306,0.8833143955922171,0.10407172309027778
病例68,near,WLI,mid_fusion_wide,3,2,0.95,0.40654476471518153,0.0002107814723085841,0.744767384185614,0.07640245225694445
病例68,near,NBI,mid_fusion_wide,3,2,0.05,0.0,0.31635579767660005,0.863425213866239,0.9897664388020834
病例68,near,NBI,mid_fusion_wide,3,2,0.1,0.0,0.1490277076268129,0.9306534266176472,0.86395263671875
病例68,near,NBI,mid_fusion_wide,3,2,0.15,0.0,0.12821090987805758,0.9397564831174315,0.8483005099826388
病例68,near,NBI,mid_fusion_wide,3,2,0.2,0.0,0.12261887582076629,0.9422322691942507,0.8440958658854166
病例68,near,NBI,mid_fusion_wide,3,2,0.25,0.0,0.1181993650335522,0.944198186919704,0.8407728407118056
病例68,near,NBI,mid_fusion_wide,3,2,0.3,0.0,0.11330182552853742,0.9463863494742147,0.8370903862847222
病例68,near,NBI,mid_fusion_wide,3,2,0.35,0.0,0.11000072155278158,0.9478669744374849,0.8346082899305556
病例68,near,NBI,mid_fusion_wide,3,2,0.4,9.92135074680713e-05,0.10608629771267768,0.949579220111373,0.8315904405381944
病例68,near,NBI,mid_fusion_wide,3,2,0.45,0.002967385814272314,0.09326069701998702,0.953964315764081,0.8197903103298612
病例68,near,NBI,mid_fusion_wide,3,2,0.5,0.004103831445270221,0.08933725377011328,0.9551891485069011,0.8159857855902778
病例68,near,NBI,mid_fusion_wide,3,2,0.55,0.005447723500974096,0.08430442311855112,0.9568261984402778,0.8111911349826388
病例68,near,NBI,mid_fusion_wide,3,2,0.6,0.007368857781946749,0.079064146042283,0.9582790942688901,0.8058064778645834
病例68,near,NBI,mid_fusion_wide,3,2,0.65,0.010534670611155206,0.0741666065372682,0.9589552401885677,0.79974365234375
病例68,near,NBI,mid_fusion_wide,3,2,0.7,0.01510751136445631,0.0681326214012555,0.959454888125998,0.7917683919270834
病例68,near,NBI,mid_fusion_wide,3,2,0.75,0.022792048488346924,0.06125983115664911,0.9587671287422365,0.78082275390625
病例68,near,NBI,mid_fusion_wide,3,2,0.8,0.03796269572119201,0.05232159607475287,0.9551796396456661,0.7626953125
病例68,near,NBI,mid_fusion_wide,3,2,0.85,0.0727776174327152,0.03656468720686918,0.9443206922362458,0.72467041015625
病例68,near,NBI,mid_fusion_wide,3,2,0.9,0.1982556461505159,0.01510751136445631,0.8825643622350884,0.6141899956597222
病例68,near,NBI,mid_fusion_wide,3,2,0.95,0.8191518147052457,0.0,0.30630217761561657,0.1359795464409722
病例7,far,WLI,mid_fusion_wide,3,2,0.05,0.0017988552739165986,3.311529026982829,0.3759894052777234,0.17872450086805555
病例7,far,WLI,mid_fusion_wide,3,2,0.1,0.011447260834014717,1.43892068683565,0.5768404981126158,0.10066731770833333
病例7,far,WLI,mid_fusion_wide,3,2,0.15,0.024039247751430907,0.9051512673753066,0.6774889317704762,0.07800971137152778
病例7,far,WLI,mid_fusion_wide,3,2,0.2,0.030417007358953394,0.7911692559280458,0.702404928321867,0.07301839192708333
病例7,far,WLI,mid_fusion_wide,3,2,0.25,0.034505314799672934,0.734096484055601,0.7152895565742955,0.07048204210069445
病例7,far,WLI,mid_fusion_wide,3,2,0.3,0.03859362224039248,0.6940310711365495,0.7241039536844186,0.06865098741319445
病例7,far,WLI,mid_fusion_wide,3,2,0.35,0.04153720359771055,0.6564186426819297,0.7330831769810313,0.06696912977430555
病例7,far,WLI,mid_fusion_wide,3,2,0.4,0.046443172526574,0.6191332788225674,0.7412916348796001,0.0652194552951389
病例7,far,WLI,mid_fusion_wide,3,2,0.45,0.06214227309893704,0.33246116107931317,0.8261903046832371,0.052680121527777776
病例7,far,WLI,mid_fusion_wide,3,2,0.5,0.07097301717089124,0.3015535568274734,0.8329912023399341,0.051032172309027776
病例7,far,WLI,mid_fusion_wide,3,2,0.55,0.0794766966475879,0.26950122649223224,0.8406511349996965,0.04935031467013889
病例7,far,WLI,mid_fusion_wide,3,2,0.6,0.08961569910057236,0.23941128372853637,0.8469496424703563,0.04768202039930555
病例7,far,WLI,mid_fusion_wide,3,2,0.65,0.10253475061324611,0.20490596892886345,0.8537647790848337,0.04571533203125
病例7,far,WLI,mid_fusion_wide,3,2,0.7,0.11757972199509403,0.17416189697465248,0.8581424936318531,0.043816460503472224
病例7,far,WLI,mid_fusion_wide,3,2,0.75,0.13785772690106296,0.14227309893704007,0.8602431263697459,0.04165310329861111
病例7,far,WLI,mid_fusion_wide,3,2,0.8,0.16467702371218315,0.10793131643499591,0.859715560036525,0.039116753472222224
病例7,far,WLI,mid_fusion_wide,3,2,0.85,0.21046606704824203,0.06361406377759607,0.8521002470803732,0.035380045572916664
病例7,far,WLI,mid_fusion_wide,3,2,0.9,0.29043336058871627,0.01668029435813573,0.8220917013942582,0.030117458767361112
病例7,far,WLI,mid_fusion_wide,3,2,0.95,0.5095666394112838,0.0,0.6581084046449626,0.020338270399305556
病例7,far,NBI,mid_fusion_wide,3,2,0.05,0.0,7.3657562408223205,0.21354388781563508,0.9658949110243056
病例7,far,NBI,mid_fusion_wide,3,2,0.1,0.0,5.055154185022026,0.2834806933410897,0.6991170247395834
病例7,far,NBI,mid_fusion_wide,3,2,0.15,0.013627019089574156,2.508663729809104,0.4388720468319584,0.4035305447048611
病例7,far,NBI,mid_fusion_wide,3,2,0.2,0.029955947136563875,2.0062261380323054,0.48791656818646906,0.3436347113715278
病例7,far,NBI,mid_fusion_wide,3,2,0.25,0.03812041116005874,1.92928046989721,0.494392198891279,0.3338080512152778
病例7,far,NBI,mid_fusion_wide,3,2,0.3,0.04346549192364171,1.8879882525697504,0.49760897132217374,0.3284233940972222
病例7,far,NBI,mid_fusion_wide,3,2,0.35,0.04763582966226138,1.8531571218795888,0.5005170630809235,0.3239203559027778
病例7,far,NBI,mid_fusion_wide,3,2,0.4,0.0515712187958884,1.8098678414096916,0.504712041884028,0.3184678819444444
病例7,far,NBI,mid_fusion_wide,3,2,0.45,0.13116005873715125,1.0394713656387664,0.5974875792693026,0.2203301323784722
病例7,far,NBI,mid_fusion_wide,3,2,0.5,0.14408223201174744,0.9794419970631424,0.6037454424912916,0.2119072808159722
病例7,far,NBI,mid_fusion_wide,3,2,0.55,0.15976505139500735,0.9205873715124816,0.6086845520485742,0.2033013237847222
病例7,far,NBI,mid_fusion_wide,3,2,0.6,0.17820851688693098,0.8588546255506608,0.6131294097010975,0.19404432508680555
病例7,far,NBI,mid_fusion_wide,3,2,0.65,0.1985315712187959,0.7978854625550661,0.6166674198928533,0.1846584743923611
病例7,far,NBI,mid_fusion_wide,3,2,0.7,0.22461086637298092,0.7262261380323054,0.6199107771762857,0.1733737521701389
病例7,far,NBI,mid_fusion_wide,3,2,0.75,0.2622026431718062,0.6333039647577092,0.6223246135537497,0.15830485026041666
病例7,far,NBI,mid_fusion_wide,3,2,0.8,0.3127165932452276,0.523935389133627,0.6216331084295234,0.13984510633680555
病例7,far,NBI,mid_fusion_wide,3,2,0.85,0.4057562408223201,0.37844346549192365,0.6024713413708427,0.1123046875
病例7,far,NBI,mid_fusion_wide,3,2,0.9,0.6158002936857563,0.15177679882525696,0.5002676864225611,0.061882866753472224
病例7,far,NBI,mid_fusion_wide,3,2,0.95,1.0,0.0,0.0,0.0
病例7,near,WLI,mid_fusion_wide,3,2,0.05,0.0,2.7113503813369224,0.42450674182900794,0.2805107964409722
病例7,near,WLI,mid_fusion_wide,3,2,0.1,0.0,1.3887842081650965,0.5901821647940315,0.1805487738715278
病例7,near,WLI,mid_fusion_wide,3,2,0.15,0.0,0.9191565724540153,0.6851294030838965,0.1450534396701389
病例7,near,WLI,mid_fusion_wide,3,2,0.2,0.0003589053387169134,0.8313144908030506,0.706221672844898,0.13838704427083334
病例7,near,WLI,mid_fusion_wide,3,2,0.25,0.0017048003589053386,0.8038582323912068,0.7125200128059157,0.13621012369791666
病例7,near,WLI,mid_fusion_wide,3,2,0.3,0.0031404217137729925,0.7817855540601166,0.717514854040566,0.1344333224826389
病例7,near,WLI,mid_fusion_wide,3,2,0.35,0.003858232391206819,0.7615971287572902,0.7224337074972428,0.13285319010416666
病例7,near,WLI,mid_fusion_wide,3,2,0.4,0.0052938537460744724,0.7397936294302377,0.7275232970182192,0.1310967339409722
病例7,near,WLI,mid_fusion_wide,3,2,0.45,0.007447285778375954,0.6004486316733961,0.7655628222403351,0.12040201822916667
病例7,near,WLI,mid_fusion_wide,3,2,0.5,0.010228802153432033,0.5610587707492148,0.7760385521799007,0.1172146267361111
病例7,near,WLI,mid_fusion_wide,3,2,0.55,0.013189771197846568,0.5237326155226559,0.7861329521058394,0.1141696506076389
病例7,near,WLI,mid_fusion_wide,3,2,0.6,0.01624046657694033,0.48281740690892777,0.7976718806809834,0.11084662543402778
病例7,near,WLI,mid_fusion_wide,3,2,0.65,0.02288021534320323,0.42288021534320325,0.8142664872109531,0.10581461588541667
病例7,near,WLI,mid_fusion_wide,3,2,0.7,0.03122476446837147,0.3799013010318528,0.824954156476066,0.10193549262152778
病例7,near,WLI,mid_fusion_wide,3,2,0.75,0.04315836698070884,0.32992373261552266,0.8368516047993532,0.0972561306423611
病例7,near,WLI,mid_fusion_wide,3,2,0.8,0.06047554957379991,0.2700762673844773,0.8504020141279526,0.09142388237847222
病例7,near,WLI,mid_fusion_wide,3,2,0.85,0.09223867205024674,0.19892328398384926,0.8617913880452243,0.0836452907986111
病例7,near,WLI,mid_fusion_wide,3,2,0.9,0.15998205473306415,0.10489008524001794,0.8638125115295081,0.07141791449652778
病例7,near,WLI,mid_fusion_wide,3,2,0.95,0.4025123373710184,0.0001794526693584567,0.7479501291657421,0.045172797309027776
病例7,near,NBI,mid_fusion_wide,3,2,0.05,0.0,1.3072749761061448,0.6047274612626922,0.5566338433159722
病例7,near,NBI,mid_fusion_wide,3,2,0.1,0.006352954404902457,0.18041266093214145,0.9140936126184198,0.2832438151041667
病例7,near,NBI,mid_fusion_wide,3,2,0.15,0.042727834935627144,0.07803451959296115,0.9406662615312128,0.24976942274305555
病例7,near,NBI,mid_fusion_wide,3,2,0.2,0.05523697082138641,0.06563782537808512,0.9398752761529406,0.24376085069444445
病例7,near,NBI,mid_fusion_wide,3,2,0.25,0.059369202226345084,0.058301006352954404,0.9411334552089141,0.2409939236111111
病例7,near,NBI,mid_fusion_wide,3,2,0.3,0.0617304773148929,0.05186372069488952,0.9429213102236776,0.23887125651041666
病例7,near,NBI,mid_fusion_wide,3,2,0.35,0.06411986282116153,0.04666329341654017,0.9441206913650884,0.23704020182291666
病例7,near,NBI,mid_fusion_wide,3,2,0.4,0.0667341316691966,0.041153651543261935,0.9453572140423341,0.2350802951388889
病例7,near,NBI,mid_fusion_wide,3,2,0.45,0.1223365379209535,0.031005790746050487,0.9196600833577524,0.21921793619791666
病例7,near,NBI,mid_fusion_wide,3,2,0.5,0.13023556530050037,0.027323326024624724,0.9169469675627647,0.2164238823784722
病例7,near,NBI,mid_fusion_wide,3,2,0.55,0.13959633440152922,0.024062517569011076,0.9131537337019107,0.21337890625
病例7,near,NBI,mid_fusion_wide,3,2,0.6,0.1487603305785124,0.020829819531118232,0.9094103337974542,0.21038818359375
病例7,near,NBI,mid_fusion_wide,3,2,0.65,0.1598920559959521,0.01790633608815427,0.9043073059277965,0.2069973415798611
病例7,near,NBI,mid_fusion_wide,3,2,0.7,0.17577444200820824,0.015348288075560802,0.8961048883713634,0.2025485568576389
病例7,near,NBI,mid_fusion_wide,3,2,0.75,0.1944116489571035,0.012593467138921684,0.8861471861458161,0.1973876953125
病例7,near,NBI,mid_fusion_wide,3,2,0.8,0.21886771237420588,0.009529431607353686,0.8724509819298403,0.19074842664930555
病例7,near,NBI,mid_fusion_wide,3,2,0.85,0.2564513408669253,0.006521616911227301,0.8497357726828313,0.18095567491319445
病例7,near,NBI,mid_fusion_wide,3,2,0.9,0.33338955416877497,0.0035981334682633386,0.7982361653413251,0.1616889105902778
病例7,near,NBI,mid_fusion_wide,3,2,0.95,0.6662731208185754,5.6220835441614665e-05,0.5004215140775156,0.08052571614583333
病例74,far,WLI,mid_fusion_wide,3,2,0.05,0.00060207991242474,1.9708264915161466,0.5034465644638477,0.3680148654513889
病例74,far,WLI,mid_fusion_wide,3,2,0.1,0.04132457580733443,0.6599343185550082,0.7322018310256005,0.20054796006944445
病例74,far,WLI,mid_fusion_wide,3,2,0.15,0.11707717569786535,0.34991789819376024,0.7908515958209765,0.15275065104166666
病例74,far,WLI,mid_fusion_wide,3,2,0.2,0.14367816091954022,0.3006568144499179,0.7940012180247817,0.14335123697916666
病例74,far,WLI,mid_fusion_wide,3,2,0.25,0.1531472359058566,0.2837985769020252,0.7949238317856631,0.14008924696180555
病例74,far,WLI,mid_fusion_wide,3,2,0.3,0.15878489326765188,0.2724685276409414,0.7959706864831655,0.13798692491319445
病例74,far,WLI,mid_fusion_wide,3,2,0.35,0.16365626710454298,0.2646414887794198,0.796144327209076,0.13641357421875
病例74,far,WLI,mid_fusion_wide,3,2,0.4,0.169896004378763,0.2524904214559387,0.797182580354813,0.13413492838541666
病例74,far,WLI,mid_fusion_wide,3,2,0.45,0.22900930487137383,0.18073344280240833,0.7900611363486734,0.117919921875
病例74,far,WLI,mid_fusion_wide,3,2,0.5,0.23902572523262178,0.16787082649151613,0.7890465380227325,0.1150851779513889
病例74,far,WLI,mid_fusion_wide,3,2,0.55,0.24860426929392446,0.1573617952928298,0.7873139678238542,0.11259629991319445
病例74,far,WLI,mid_fusion_wide,3,2,0.6,0.25938697318007664,0.14575807334428023,0.7852251624861153,0.10982259114583333
病例74,far,WLI,mid_fusion_wide,3,2,0.65,0.2704433497536946,0.13355227148330598,0.783160492374091,0.10694037543402778
病例74,far,WLI,mid_fusion_wide,3,2,0.7,0.28451012588943625,0.12063492063492064,0.7793477612806912,0.10359700520833333
病例74,far,WLI,mid_fusion_wide,3,2,0.75,0.3030103995621237,0.10706075533661741,0.7726941747549372,0.09962293836805555
病例74,far,WLI,mid_fusion_wide,3,2,0.8,0.32857142857142857,0.09293924466338259,0.7610981852000587,0.09470621744791667
病例74,far,WLI,mid_fusion_wide,3,2,0.85,0.364696223316913,0.0759168035030104,0.7425153531194264,0.08812120225694445
病例74,far,WLI,mid_fusion_wide,3,2,0.9,0.4234811165845649,0.051450465243568694,0.7082674915082262,0.07780626085069445
病例74,far,WLI,mid_fusion_wide,3,2,0.95,0.60311986863711,0.003503010399562124,0.5668164940372609,0.04960801866319445
病例74,far,NBI,mid_fusion_wide,3,2,0.05,0.0,3.569627690828481,0.3590904295616539,0.5801595052083334
病例74,far,NBI,mid_fusion_wide,3,2,0.1,0.0,1.2324662144116234,0.6187226307516835,0.2834337022569444
病例74,far,NBI,mid_fusion_wide,3,2,0.15,0.0,0.7836654024891833,0.7184771554108985,0.22645399305555555
病例74,far,NBI,mid_fusion_wide,3,2,0.2,0.0,0.7001228566850062,0.7407070367351665,0.2158474392361111
病例74,far,NBI,mid_fusion_wide,3,2,0.25,0.0,0.6750173601837509,0.7476586992536839,0.21266004774305555
病例74,far,NBI,mid_fusion_wide,3,2,0.3,0.0,0.6585118316329256,0.7523005826788179,0.2105645073784722
病例74,far,NBI,mid_fusion_wide,3,2,0.35,0.0,0.6437156134821858,0.7565110217591244,0.2086859809027778
病例74,far,NBI,mid_fusion_wide,3,2,0.4,0.0,0.6221889856311095,0.7627215318786663,0.20595296223958334
病例74,far,NBI,mid_fusion_wide,3,2,0.45,5.34159500026708e-05,0.4787137439239357,0.8068443850595719,0.18773057725694445
病例74,far,NBI,mid_fusion_wide,3,2,0.5,0.00016024785000801238,0.45280700817264036,0.8153149229009162,0.18442789713541666
病例74,far,NBI,mid_fusion_wide,3,2,0.55,0.0004273276000213664,0.42887666257144386,0.8232188812862696,0.18135579427083334
病例74,far,NBI,mid_fusion_wide,3,2,0.6,0.001068319000053416,0.40542706052027133,0.8309339731608661,0.17829725477430555
病例74,far,NBI,mid_fusion_wide,3,2,0.65,0.0024571337001228566,0.3778644303188932,0.8398920620624243,0.17462158203125
病例74,far,NBI,mid_fusion_wide,3,2,0.7,0.005875754500293788,0.35115645531755785,0.8477656812261473,0.17079671223958334
病例74,far,NBI,mid_fusion_wide,3,2,0.75,0.011858340900592916,0.31777148656588855,0.8570501980568068,0.1657986111111111
病例74,far,NBI,mid_fusion_wide,3,2,0.8,0.021740291651087016,0.27370332781368517,0.8688061861029227,0.15894911024305555
病例74,far,NBI,mid_fusion_wide,3,2,0.85,0.042519096202125954,0.21361038406068053,0.882027309630011,0.148681640625
病例74,far,NBI,mid_fusion_wide,3,2,0.9,0.09716361305485818,0.10747289140537364,0.8982064567532929,0.1282687717013889
病例74,far,NBI,mid_fusion_wide,3,2,0.95,0.43560707227178036,0.0003739116500186956,0.721376391067381,0.07170274522569445
病例74,near,WLI,mid_fusion_wide,3,2,0.05,0.0,1.5135843540501033,0.5692192924560737,0.3381822374131944
病例74,near,WLI,mid_fusion_wide,3,2,0.1,5.040576641967841e-05,0.6885427692928071,0.7438738586708216,0.2271728515625
病例74,near,WLI,mid_fusion_wide,3,2,0.15,0.002318665255305207,0.4936236705479107,0.8009307030838625,0.20064290364583334
病例74,near,WLI,mid_fusion_wide,3,2,0.2,0.0043348959120923436,0.43369121427491303,0.8196945804614082,0.19230821397569445
病例74,near,WLI,mid_fusion_wide,3,2,0.25,0.006149503503200766,0.4112102424517365,0.8264660267409429,0.18903944227430555
病例74,near,WLI,mid_fusion_wide,3,2,0.3,0.007258430364433691,0.39684459902212815,0.8308899529587805,0.1869574652777778
病例74,near,WLI,mid_fusion_wide,3,2,0.35,0.008619386057765008,0.3840415343515298,0.8346984679352487,0.1850518120659722
病例74,near,WLI,mid_fusion_wide,3,2,0.4,0.010232370583194718,0.3663491103382227,0.8401685813900688,0.18245442708333334
病例74,near,WLI,mid_fusion_wide,3,2,0.45,0.03694742678562427,0.22536418166238217,0.8801363552587061,0.15989176432291666
病例74,near,WLI,mid_fusion_wide,3,2,0.5,0.04355058218660215,0.20656283078784213,0.8843680089464849,0.15647379557291666
病例74,near,WLI,mid_fusion_wide,3,2,0.55,0.0513634759816523,0.19018095670144664,0.8870663650054509,0.15321858723958334
病例74,near,WLI,mid_fusion_wide,3,2,0.6,0.06134381773274863,0.17470638641060537,0.8883058649536377,0.14979383680555555
病例74,near,WLI,mid_fusion_wide,3,2,0.65,0.07298754977569434,0.15953425071828217,0.8885614204592618,0.1461859809027778
病例74,near,WLI,mid_fusion_wide,3,2,0.7,0.08705075860678461,0.14229547860275216,0.8884092804216206,0.1419745551215278
病例74,near,WLI,mid_fusion_wide,3,2,0.75,0.10494480568577046,0.1232925046625334,0.8869187353256908,0.13701036241319445
病例74,near,WLI,mid_fusion_wide,3,2,0.8,0.13312162911437067,0.1041383134230556,0.8796256041713433,0.1306423611111111
病例74,near,WLI,mid_fusion_wide,3,2,0.85,0.17495841524270375,0.08306870305963002,0.8647734777417387,0.12217881944444445
病例74,near,WLI,mid_fusion_wide,3,2,0.9,0.24648419779222744,0.05227077977720651,0.8345568736892266,0.10841200086805555
病例74,near,WLI,mid_fusion_wide,3,2,0.95,0.455012853470437,0.00015121729925903524,0.7054218046561446,0.07334391276041667
病例74,near,NBI,mid_fusion_wide,3,2,0.05,0.0,2.7294087665647297,0.42288584022134534,0.9924452039930556
病例74,near,NBI,mid_fusion_wide,3,2,0.1,0.0,2.231294597349643,0.47266857789848427,0.8598904079861112
病例74,near,NBI,mid_fusion_wide,3,2,0.15,0.0,2.1519367991845058,0.4817029007743081,0.8387722439236112
病例74,near,NBI,mid_fusion_wide,3,2,0.2,0.0001783893985728848,2.131625891946993,0.48400547749140505,0.8333197699652778
病例74,near,NBI,mid_fusion_wide,3,2,0.25,0.0002803261977573904,2.113455657492355,0.48610603403914093,0.8284573025173612
病例74,near,NBI,mid_fusion_wide,3,2,0.3,0.00040774719673802244,2.0982670744138634,0.48786069651710956,0.8243815104166666
病例74,near,NBI,mid_fusion_wide,3,2,0.35,0.00045871559633027525,2.0841233435270134,0.4895315239976227,0.8206041124131944
病例74,near,NBI,mid_fusion_wide,3,2,0.4,0.0005096839959225281,2.0650356778797145,0.49181150151700914,0.8155110677083334
病例74,near,NBI,mid_fusion_wide,3,2,0.45,0.0006116207951070336,1.635321100917431,0.5499137604640458,0.7011311848958334
病例74,near,NBI,mid_fusion_wide,3,2,0.5,0.0008154943934760449,1.587257900101937,0.557200920898902,0.6882866753472222
病例74,near,NBI,mid_fusion_wide,3,2,0.55,0.0019367991845056064,1.5321100917431192,0.5654471427329809,0.6733127170138888
病例74,near,NBI,mid_fusion_wide,3,2,0.6,0.004561671763506626,1.4650101936799185,0.5753232980818811,0.6547580295138888
病例74,near,NBI,mid_fusion_wide,3,2,0.65,0.010040774719673802,1.389347604485219,0.5858948448006199,0.6331651475694444
病例74,near,NBI,mid_fusion_wide,3,2,0.7,0.020132517838939858,1.3168705402650356,0.5944466775914516,0.6111924913194444
病例74,near,NBI,mid_fusion_wide,3,2,0.75,0.03547400611620795,1.236264016309888,0.602679957642495,0.5856594509548612
病例74,near,NBI,mid_fusion_wide,3,2,0.8,0.06075433231396534,1.1332823649337411,0.6113829769581711,0.5515272352430556
病例74,near,NBI,mid_fusion_wide,3,2,0.85,0.11001529051987767,0.9734454638124362,0.6216213810836307,0.4958835177951389
病例74,near,NBI,mid_fusion_wide,3,2,0.9,0.327420998980632,0.6049184505606524,0.5906298604654963,0.3399590386284722
病例74,near,NBI,mid_fusion_wide,3,2,0.95,0.9390927624872579,0.004740061162079511,0.11431031184208362,0.017469618055555556
病例82,near,WLI,mid_fusion_wide,3,2,0.05,0.0012529199405393926,1.1501380335527713,0.6343496469536661,0.6862453884548612
病例82,near,WLI,mid_fusion_wide,3,2,0.1,0.030877043958377575,0.2874283287322149,0.8589416625094259,0.4012790256076389
病例82,near,WLI,mid_fusion_wide,3,2,0.15,0.10248460394988321,0.05897218093013379,0.9174762023630293,0.3054538302951389
病例82,near,WLI,mid_fusion_wide,3,2,0.2,0.12529199405393926,0.046973879804629436,0.9103567166148274,0.2943386501736111
病例82,near,WLI,mid_fusion_wide,3,2,0.25,0.13287322149076236,0.04319388405181567,0.9078337427872119,0.29071044921875
病例82,near,WLI,mid_fusion_wide,3,2,0.3,0.1386918666383521,0.040242089615629646,0.9059010095585345,0.2879096137152778
病例82,near,WLI,mid_fusion_wide,3,2,0.35,0.14406455723083458,0.03794860904650669,0.9038942399326061,0.28546142578125
病例82,near,WLI,mid_fusion_wide,3,2,0.4,0.14867275430027607,0.03535782544064557,0.9024582414108973,0.2831624348958333
病例82,near,WLI,mid_fusion_wide,3,2,0.45,0.25355701847526013,0.02365682735187938,0.8433908390708983,0.24593098958333334
病例82,near,WLI,mid_fusion_wide,3,2,0.5,0.26986621363346786,0.02051390953493311,0.8341298915538536,0.2397189670138889
病例82,near,WLI,mid_fusion_wide,3,2,0.55,0.28343597366744533,0.01836908048417923,0.8260422531753212,0.23470052083333334
病例82,near,WLI,mid_fusion_wide,3,2,0.6,0.2991293268209811,0.01626672329581652,0.8163245115003508,0.22901746961805555
病例82,near,WLI,mid_fusion_wide,3,2,0.65,0.31947334890634954,0.013952006795497983,0.8032283533633235,0.22178141276041666
病例82,near,WLI,mid_fusion_wide,3,2,0.7,0.3421533234232321,0.011276279464854534,0.7882543034888634,0.21368408203125
病例82,near,WLI,mid_fusion_wide,3,2,0.75,0.3704395837757486,0.008260777235081758,0.7687779578596191,0.20368787977430555
病例82,near,WLI,mid_fusion_wide,3,2,0.8,0.40229348056912295,0.005287746867700149,0.7457375637534004,0.19256591796875
病例82,near,WLI,mid_fusion_wide,3,2,0.85,0.44646421745593545,0.0016351667020598852,0.7118648696616118,0.17729356553819445
病例82,near,WLI,mid_fusion_wide,3,2,0.9,0.5229985134848163,0.0,0.6459052219912499,0.15233018663194445
病例82,near,WLI,mid_fusion_wide,3,2,0.95,0.7442132087492036,0.0,0.4073729601751799,0.08168538411458333
病例82,near,NBI,mid_fusion_wide,3,2,0.05,0.0,0.746815799840044,0.7281158059872808,0.9924045138888888
病例82,near,NBI,mid_fusion_wide,3,2,0.1,0.0,0.37549090995905604,0.8419312368715681,0.7814466688368056
病例82,near,NBI,mid_fusion_wide,3,2,0.15,2.3874040561994914e-05,0.14945149391808818,0.9304580593561564,0.65301513671875
病例82,near,NBI,mid_fusion_wide,3,2,0.2,0.0001432442433719695,0.1333603905793036,0.937416762727084,0.6438056098090278
病例82,near,NBI,mid_fusion_wide,3,2,0.25,0.0002745514664629415,0.12732025831711888,0.9400131321232287,0.6402994791666666
病例82,near,NBI,mid_fusion_wide,3,2,0.3,0.0005371659126448856,0.12223508767741396,0.9421349041577677,0.6372612847222222
病例82,near,NBI,mid_fusion_wide,3,2,0.35,0.0009072135413558068,0.1187852888162057,0.9434847058685593,0.6350911458333334
病例82,near,NBI,mid_fusion_wide,3,2,0.4,0.0017666790015876236,0.11486994616403853,0.9448031589467099,0.6323784722222222
病例82,near,NBI,mid_fusion_wide,3,2,0.45,0.004476382605374046,0.10023515929953565,0.9500364531116433,0.6225246853298612
病例82,near,NBI,mid_fusion_wide,3,2,0.5,0.006636983276234586,0.09449345254437587,0.9515625535996755,0.6180352105034722
病例82,near,NBI,mid_fusion_wide,3,2,0.55,0.009776419610136918,0.0882503909374142,0.9528371238221038,0.6127048068576388
病例82,near,NBI,mid_fusion_wide,3,2,0.6,0.013273966552469173,0.08021677628830291,0.9547685874995929,0.6061537000868056
病例82,near,NBI,mid_fusion_wide,3,2,0.65,0.017583230873909256,0.070380671576761,0.9571492536439956,0.5981174045138888
病例82,near,NBI,mid_fusion_wide,3,2,0.7,0.02466188390054075,0.058324281092953574,0.9591937358387477,0.5872463650173612
病例82,near,NBI,mid_fusion_wide,3,2,0.75,0.036169171451422295,0.042925524930466856,0.9605857999423238,0.57196044921875
病例82,near,NBI,mid_fusion_wide,3,2,0.8,0.05695152376063887,0.025473601279648574,0.9581284223414379,0.5502387152777778
病例82,near,NBI,mid_fusion_wide,3,2,0.85,0.09737027443209625,0.012748737660105284,0.9425079616339939,0.5200466579861112
病例82,near,NBI,mid_fusion_wide,3,2,0.9,0.21993959867737814,0.0019934823869265754,0.8754621938796987,0.4443020290798611
病例82,near,NBI,mid_fusion_wide,3,2,0.95,0.7026607618206343,0.0,0.4583831729260978,0.16892496744791666
