case,scale,ref_modality,config,fold,seed,threshold,missed_frac,over_ratio,dice,pred_area_frac
病例14,far,WLI,mid_fusion,0,0,0.05,0.0,30.14828897338403,0.062211709047859776,1.0
病例14,far,WLI,mid_fusion,0,0,0.1,0.0,30.13223489649345,0.06224279159047672,0.9994845920138888
病例14,far,WLI,mid_fusion,0,0,0.15,0.0,3.4349387410223913,0.3679894282701699,0.14238145616319445
病例14,far,WLI,mid_fusion,0,0,0.2,0.0,2.9167722855935785,0.40677092283722815,0.12574598524305555
病例14,far,WLI,mid_fusion,0,0,0.25,0.0,2.0737220109843686,0.4909515167202958,0.09868028428819445
病例14,far,WLI,mid_fusion,0,0,0.3,0.0,1.591254752851711,0.5569084171486565,0.08319091796875
病例14,far,WLI,mid_fusion,0,0,0.35,0.0,1.3307984790874525,0.6004566210007581,0.0748291015625
病例14,far,WLI,mid_fusion,0,0,0.4,0.0,1.214195183776933,0.62223974762998,0.07108561197916667
病例14,far,WLI,mid_fusion,0,0,0.45,0.0,1.1457541191381495,0.6357775987064479,0.06888834635416667
病例14,far,WLI,mid_fusion,0,0,0.5,0.0,1.0857625686523025,0.6481380065673046,0.06696234809027778
病例14,far,WLI,mid_fusion,0,0,0.55,0.004647232784114913,0.49831009716941277,0.7983058026192434,0.047953287760416664
病例14,far,WLI,mid_fusion,0,0,0.6,0.018166455428812844,0.4351499788762146,0.8124453766752976,0.045491536458333336
病例14,far,WLI,mid_fusion,0,0,0.65,0.030840726658217153,0.3808618504435995,0.8248089887566309,0.043341742621527776
病例14,far,WLI,mid_fusion,0,0,0.7,0.04773975496408957,0.33840304182509506,0.8314275175135427,0.041436089409722224
病例14,far,WLI,mid_fusion,0,0,0.75,0.06822982678495987,0.2944655682298268,0.8370813170050566,0.03936767578125
病例14,far,WLI,mid_fusion,0,0,0.8,0.0940008449514153,0.24482467258132656,0.842467098793533,0.036946614583333336
病例14,far,WLI,mid_fusion,0,0,0.85,0.12568652302492606,0.17828474862695395,0.8519090254106009,0.033793131510416664
病例14,far,WLI,mid_fusion,0,0,0.9,0.1930713983945923,0.06653992395437262,0.8614274438960262,0.028042263454861112
病例14,far,WLI,mid_fusion,0,0,0.95,0.4269117025771018,0.0019011406844106464,0.7277360514923855,0.018459743923611112
病例14,far,NBI,mid_fusion,0,0,0.05,0.0,4.463356798814376,0.30943673113725195,1.0
病例14,far,NBI,mid_fusion,0,0,0.1,0.0,4.461985920711375,0.3095023765973605,0.9997490776909722
病例14,far,NBI,mid_fusion,0,0,0.15,0.07743608743979252,0.11670989255279733,0.9047965116262631,0.19022623697916666
病例14,far,NBI,mid_fusion,0,0,0.2,0.0918117821415339,0.05157465728047425,0.9268348016770771,0.17567274305555555
病例14,far,NBI,mid_fusion,0,0,0.25,0.18995924416450538,0.008077065579844387,0.891076195714595,0.1497463650173611
病例14,far,NBI,mid_fusion,0,0,0.3,0.249092256391256,0.0031493145609484993,0.8561953445125762,0.13802083333333334
病例14,far,NBI,mid_fusion,0,0,0.35,0.2788440163023342,0.0024453501296776586,0.8368013757505658,0.1324462890625
病例14,far,NBI,mid_fusion,0,0,0.4,0.2950722489811041,0.00025935531678399407,0.8268039893078964,0.12907579210069445
病例14,far,NBI,mid_fusion,0,0,0.45,0.3067802889959244,0.0,0.8188183807421907,0.1268853081597222
病例14,far,NBI,mid_fusion,0,0,0.5,0.3182660244535013,0.0,0.8107512667970682,0.1247829861111111
病例14,far,NBI,mid_fusion,0,0,0.55,0.4101889588736569,0.0,0.7419888601441609,0.10795762803819445
病例14,far,NBI,mid_fusion,0,0,0.6,0.4302704705446462,0.0,0.7258951542456962,0.1042819552951389
病例14,far,NBI,mid_fusion,0,0,0.65,0.44890700259355315,0.0,0.7105866615691033,0.10087076822916667
病例14,far,NBI,mid_fusion,0,0,0.7,0.46680251945164875,0.0,0.6955365989205299,0.09759521484375
病例14,far,NBI,mid_fusion,0,0,0.75,0.4856984068173398,0.0,0.6792591323904987,0.09413655598958333
病例14,far,NBI,mid_fusion,0,0,0.8,0.5081511670989255,0.0,0.6593815969187647,0.09002685546875
病例14,far,NBI,mid_fusion,0,0,0.85,0.536235642830678,0.0,0.6336598577451245,0.08488633897569445
病例14,far,NBI,mid_fusion,0,0,0.9,0.5844016302334197,0.0,0.5871698903326952,0.07607014973958333
病例14,far,NBI,mid_fusion,0,0,0.95,0.6848462393479067,0.0,0.47926526932477104,0.057685004340277776
病例14,near,WLI,mid_fusion,0,0,0.05,0.0,1.0108276172423667,0.664269182514974,1.0
病例14,near,WLI,mid_fusion,0,0,0.1,0.0,1.0108276172423667,0.664269182514974,1.0
病例14,near,WLI,mid_fusion,0,0,0.15,0.0,0.26179923906669755,0.8842517786079318,0.62750244140625
病例14,near,WLI,mid_fusion,0,0,0.2,0.0,0.22849817948752915,0.8974653954883198,0.6109415690104166
病例14,near,WLI,mid_fusion,0,0,0.25,0.006450205233802893,0.10126685849095199,0.9485792403079462,0.5444607204861112
病例14,near,WLI,mid_fusion,0,0,0.3,0.03128281354406731,0.05059251885287259,0.9594538013743031,0.5069105360243056
病例14,near,WLI,mid_fusion,0,0,0.35,0.09410753978535681,0.03165100707749792,0.9350938190615735,0.46624755859375
病例14,near,WLI,mid_fusion,0,0,0.4,0.12429940952666675,0.024396230789161474,0.9217431245328402,0.4476250542534722
病例14,near,WLI,mid_fusion,0,0,0.45,0.1422181614869564,0.01917333733346061,0.9140141965569977,0.4361165364583333
病例14,near,WLI,mid_fusion,0,0,0.5,0.15600496379430254,0.014591373361879696,0.9082117805880696,0.4269816080729167
病例14,near,WLI,mid_fusion,0,0,0.55,0.39527621333406066,0.0035182937638924875,0.7520307968857564,0.3024834526909722
病例14,near,WLI,mid_fusion,0,0,0.6,0.4329001377316551,0.0015682317164637056,0.7230335906524071,0.2828030056423611
病例14,near,WLI,mid_fusion,0,0,0.65,0.4563554294909383,0.0007363870668612183,0.7040291034951532,0.2707248263888889
病例14,near,WLI,mid_fusion,0,0,0.7,0.4787470510425332,0.0002590991531548731,0.6851775503247305,0.2593519422743056
病例14,near,WLI,mid_fusion,0,0,0.75,0.5091161991517912,2.727359506893401e-05,0.6585017835903608,0.2441338433159722
病例14,near,WLI,mid_fusion,0,0,0.8,0.5343579113880896,0.0,0.6354103668685994,0.2315673828125
病例14,near,WLI,mid_fusion,0,0,0.85,0.5627906342474533,0.0,0.6084143008951264,0.21742757161458334
病例14,near,WLI,mid_fusion,0,0,0.9,0.6116785534085175,0.0,0.5594114353624413,0.193115234375
病例14,near,WLI,mid_fusion,0,0,0.95,0.7407781156673167,0.0,0.41171756551828925,0.1289130316840278
病例14,near,NBI,mid_fusion,0,0,0.05,0.0,2.4064730750571766,0.4538777307683879,1.0
病例14,near,NBI,mid_fusion,0,0,0.1,0.0,2.4064730750571766,0.4538777307683879,1.0
病例14,near,NBI,mid_fusion,0,0,0.15,0.0,0.824335250768129,0.7081312317489321,0.5355495876736112
病例14,near,NBI,mid_fusion,0,0,0.2,0.0,0.7660729549287315,0.7230467281908188,0.5184461805555556
病例14,near,NBI,mid_fusion,0,0,0.25,0.0,0.5346177836301892,0.7890736082241523,0.45050048828125
病例14,near,NBI,mid_fusion,0,0,0.3,0.0004851341049275764,0.36756994016679373,0.8445112429723176,0.4013197157118056
病例14,near,NBI,mid_fusion,0,0,0.35,0.003095617621918821,0.2610945549472128,0.8829980970300556,0.3692966037326389
病例14,near,NBI,mid_fusion,0,0,0.4,0.010280222699655785,0.22223762330491834,0.8948814086821848,0.3557807074652778
病例14,near,NBI,mid_fusion,0,0,0.45,0.016956592048421003,0.2059971816018666,0.8981500047480416,0.3490532769097222
病例14,near,NBI,mid_fusion,0,0,0.5,0.022316168826668516,0.19509321505301822,0.8999393958715831,0.3442789713541667
病例14,near,NBI,mid_fusion,0,0,0.55,0.16864185552244323,0.043315545082819325,0.8869363762943635,0.2567681206597222
病例14,near,NBI,mid_fusion,0,0,0.6,0.19828123917111373,0.028992538175433732,0.8758549327399795,0.2438625759548611
病例14,near,NBI,mid_fusion,0,0,0.65,0.2199274609005013,0.020976274632106637,0.8662425284101661,0.23515489366319445
病例14,near,NBI,mid_fusion,0,0,0.7,0.24189710536650727,0.017072100168641857,0.8541162385142836,0.22755940755208334
病例14,near,NBI,mid_fusion,0,0,0.75,0.265599371635826,0.01446161665165061,0.839861035889146,0.21983506944444445
病例14,near,NBI,mid_fusion,0,0,0.8,0.2890937232887472,0.011643218518261833,0.8254117268375819,0.21211073133680555
病例14,near,NBI,mid_fusion,0,0,0.85,0.3173239078707233,0.008062466791415436,0.8075477885405775,0.20277235243055555
病例14,near,NBI,mid_fusion,0,0,0.9,0.3692101554739298,0.003257328990228013,0.7720583037609432,0.1861300998263889
病例14,near,NBI,mid_fusion,0,0,0.95,0.5402545798969668,0.0,0.6298980819132907,0.13496229383680555
病例17,far,WLI,mid_fusion,0,0,0.05,0.0,11.258375592318563,0.15084804213552946,1.0
病例17,far,WLI,mid_fusion,0,0,0.1,0.0,11.246737052124034,0.1509805767359183,0.9990505642361112
病例17,far,WLI,mid_fusion,0,0,0.15,0.0,1.3311164685343753,0.6003993012213616,0.19016520182291666
病例17,far,WLI,mid_fusion,0,0,0.2,0.0,1.1355889932662733,0.6378386977023229,0.17421468098958334
病例17,far,WLI,mid_fusion,0,0,0.25,0.002743370188710616,0.7403774212320227,0.7285536424623347,0.1417507595486111
病例17,far,WLI,mid_fusion,0,0,0.3,0.009144567295702054,0.6003824091778203,0.7647738209792596,0.12980821397569445
病例17,far,WLI,mid_fusion,0,0,0.35,0.012885526643943802,0.5368692326876715,0.7821876749751913,0.12432183159722222
病例17,far,WLI,mid_fusion,0,0,0.4,0.015462631972732562,0.5012054202344335,0.7921474198160859,0.12120225694444445
病例17,far,WLI,mid_fusion,0,0,0.45,0.017624075151716684,0.47767894255549087,0.7986618004839191,0.1191067165798611
病例17,far,WLI,mid_fusion,0,0,0.5,0.02045057777038823,0.4546512594563139,0.804822239674858,0.11699761284722222
病例17,far,WLI,mid_fusion,0,0,0.55,0.06891678443760911,0.33585501704214815,0.8214455975619881,0.10335286458333333
病例17,far,WLI,mid_fusion,0,0,0.6,0.08288303267104498,0.31099842048383075,0.8232221475978538,0.1001858181423611
病例17,far,WLI,mid_fusion,0,0,0.65,0.0973480754842464,0.2844791753262948,0.8254209586041833,0.09684244791666667
病例17,far,WLI,mid_fusion,0,0,0.7,0.11015046969822928,0.2613683597971569,0.8272983730694157,0.09391276041666667
病例17,far,WLI,mid_fusion,0,0,0.75,0.12237093690248566,0.23867320641782358,0.8293985937037773,0.091064453125
病例17,far,WLI,mid_fusion,0,0,0.8,0.1374179067254136,0.21365034499958432,0.830910910907584,0.0877956814236111
病例17,far,WLI,mid_fusion,0,0,0.85,0.16210823842380911,0.17840219469615096,0.8311206398910236,0.08290608723958333
病例17,far,WLI,mid_fusion,0,0,0.9,0.21015878294122536,0.12777454484994596,0.8237742229122825,0.0748562282986111
病例17,far,WLI,mid_fusion,0,0,0.95,0.3257959930168759,0.044558982459057275,0.7845223700082973,0.058634440104166664
病例17,far,NBI,mid_fusion,0,0,0.05,0.0,10.038778260218596,0.16612981456828005,1.0
病例17,far,NBI,mid_fusion,0,0,0.1,0.0,10.032115586165594,0.16622180743495646,0.9993964301215278
病例17,far,NBI,mid_fusion,0,0,0.15,0.0002994460248540201,1.0774816589309777,0.6497506386068611,0.18817138671875
病例17,far,NBI,mid_fusion,0,0,0.2,0.0014223686180565953,0.8995358586614762,0.6891225169821787,0.17194959852430555
病例17,far,NBI,mid_fusion,0,0,0.25,0.03308878574636922,0.529794879472975,0.774549488768629,0.1355862087673611
病例17,far,NBI,mid_fusion,0,0,0.3,0.1059290312921096,0.32849228926486,0.8045404021664436,0.1107516818576389
病例17,far,NBI,mid_fusion,0,0,0.35,0.1552627638868094,0.2669561311573589,0.8000567214946113,0.1007080078125
病例17,far,NBI,mid_fusion,0,0,0.4,0.17929330738134452,0.24217697260068874,0.795688779210351,0.0962863498263889
病例17,far,NBI,mid_fusion,0,0,0.45,0.194340470130259,0.2269052253331337,0.7927516481868337,0.0935397677951389
病例17,far,NBI,mid_fusion,0,0,0.5,0.20571941907471178,0.2137296002395568,0.7911121052798303,0.09131537543402778
病例17,far,NBI,mid_fusion,0,0,0.55,0.3341817637370864,0.14515646054798623,0.735314786487804,0.07346598307291667
病例17,far,NBI,mid_fusion,0,0,0.6,0.35723910765084593,0.12748914508159903,0.7261809108947174,0.06977674696180555
病例17,far,NBI,mid_fusion,0,0,0.65,0.37513100763587365,0.11236712082647103,0.7193829182077075,0.06678602430555555
病例17,far,NBI,mid_fusion,0,0,0.7,0.3914508159904177,0.09589758945949993,0.7140723822877983,0.0638156467013889
病例17,far,NBI,mid_fusion,0,0,0.75,0.4074711783201078,0.07995208863602336,0.7085627321932386,0.060919867621527776
病例17,far,NBI,mid_fusion,0,0,0.8,0.4249139092678545,0.06018865099565803,0.703351034605826,0.057549370659722224
病例17,far,NBI,mid_fusion,0,0,0.85,0.4490941757748166,0.03810450666267405,0.6933948930524196,0.05335828993055555
病例17,far,NBI,mid_fusion,0,0,0.9,0.49625692468932475,0.010106303338823177,0.6655128078297621,0.046549479166666664
病例17,far,NBI,mid_fusion,0,0,0.95,0.6250187153765534,0.0,0.5454347470978089,0.03396945529513889
病例17,near,WLI,mid_fusion,0,0,0.05,0.0,2.983897549509632,0.4012923580653653,1.0
病例17,near,WLI,mid_fusion,0,0,0.1,0.0,2.9833571988220355,0.40133587061984544,0.9998643663194444
病例17,near,WLI,mid_fusion,0,0,0.15,0.11185259233242374,0.2575311377083727,0.827847591225128,0.2875773111979167
病例17,near,WLI,mid_fusion,0,0,0.2,0.1385999513684381,0.1949315105503472,0.8378026829225239,0.2651502821180556
病例17,near,WLI,mid_fusion,0,0,0.25,0.21592413476346148,0.09150838894442494,0.8360870629912619,0.2197808159722222
病例17,near,WLI,mid_fusion,0,0,0.3,0.26922973009483153,0.046254018858238995,0.8224651452711257,0.1950412326388889
病例17,near,WLI,mid_fusion,0,0,0.35,0.30359603382595307,0.028557533839461812,0.8074429094997221,0.1819729275173611
病例17,near,WLI,mid_fusion,0,0,0.4,0.3219409396698457,0.021803150244508684,0.7977812038069237,0.17567274305555555
病例17,near,WLI,mid_fusion,0,0,0.45,0.3335854969875449,0.018642098722070625,0.7909698728522327,0.17195638020833334
病例17,near,WLI,mid_fusion,0,0,0.5,0.343798124983114,0.016507713506065436,0.7845974932149105,0.1688571506076389
病例17,near,WLI,mid_fusion,0,0,0.55,0.45019317537081566,0.005268419204063437,0.7071128253227924,0.13932969835069445
病例17,near,WLI,mid_fusion,0,0,0.6,0.4675924675114149,0.004836138653986437,0.6926781257677024,0.1348537868923611
病例17,near,WLI,mid_fusion,0,0,0.65,0.48418123362061977,0.004592980844568125,0.6785250999543696,0.13062879774305555
病例17,near,WLI,mid_fusion,0,0,0.7,0.49923000027017533,0.004592980844568125,0.6653146200497769,0.12685139973958334
病例17,near,WLI,mid_fusion,0,0,0.75,0.5146570124010483,0.004592980844568125,0.6514950949269198,0.12297905815972222
病例17,near,WLI,mid_fusion,0,0,0.8,0.532569637694864,0.004592980844568125,0.635085529695626,0.11848280164930555
病例17,near,WLI,mid_fusion,0,0,0.85,0.5559668224677816,0.004511928241428687,0.6130746992434709,0.11258951822916667
病例17,near,WLI,mid_fusion,0,0,0.9,0.5987625969254046,0.0042417528976305624,0.5709617269937699,0.1017795138888889
病例17,near,WLI,mid_fusion,0,0,0.95,0.7088860670575203,0.002539648231702375,0.45006474249101946,0.07371012369791667
病例17,near,NBI,mid_fusion,0,0,0.05,0.0,0.6557299737249882,0.7530886120902978,1.0
病例17,near,NBI,mid_fusion,0,0,0.1,0.0,0.6557299737249882,0.7530886120902978,1.0
病例17,near,NBI,mid_fusion,0,0,0.15,0.033427653888477175,0.166060320240742,0.9064592898356711,0.6840684678819444
病例17,near,NBI,mid_fusion,0,0,0.2,0.0357632104920389,0.13871858788654584,0.9170301946226782,0.6661444769965278
病例17,near,NBI,mid_fusion,0,0,0.25,0.06573244402524198,0.05862471647690269,0.9375996574314511,0.59967041015625
病例17,near,NBI,mid_fusion,0,0,0.3,0.08431583911608165,0.03717801881919648,0.9377867730764281,0.5754937065972222
病例17,near,NBI,mid_fusion,0,0,0.35,0.09750948819870196,0.02619641132744953,0.9358600413350008,0.5608927408854166
病例17,near,NBI,mid_fusion,0,0,0.4,0.10741314648880505,0.022985020997552157,0.9319272906317626,0.5529717339409722
病例17,near,NBI,mid_fusion,0,0,0.45,0.1145994744997642,0.020671921669024682,0.9290313459119952,0.5472344292534722
病例17,near,NBI,mid_fusion,0,0,0.5,0.1212917424599699,0.018673224190976667,0.926232564194579,0.5419854058159722
病例17,near,NBI,mid_fusion,0,0,0.55,0.2777178917110198,0.005580632846010465,0.8360410709638445,0.4396023220486111
病例17,near,NBI,mid_fusion,0,0,0.6,0.30611511599182556,0.003941251768510409,0.8173803776324742,0.4214613172743056
病例17,near,NBI,mid_fusion,0,0,0.65,0.33304138875788813,0.0034808776303083384,0.7985426777618552,0.4049207899305556
病例17,near,NBI,mid_fusion,0,0,0.7,0.35705944440701565,0.003323676705068607,0.7810903535151855,0.39031982421875
病例17,near,NBI,mid_fusion,0,0,0.75,0.3799770935794651,0.0032113903298973704,0.7639351973542398,0.3764105902777778
病例17,near,NBI,mid_fusion,0,0,0.8,0.40510678434278785,0.002908217116935031,0.7446397323901807,0.3610500759548611
病例17,near,NBI,mid_fusion,0,0,0.85,0.4430371218756316,0.0018639538278425296,0.7145923674234548,0.3375108506944444
病例17,near,NBI,mid_fusion,0,0,0.9,0.5108580924790586,0.0011902355768151093,0.6564199930679321,0.296142578125
病例17,near,NBI,mid_fusion,0,0,0.95,0.7051359788003324,0.0003256304879965865,0.4553217682293815,0.17828369140625
病例19,far,WLI,mid_fusion,0,0,0.05,0.0,63.503937007874015,0.03053251592737473,1.0
病例19,far,WLI,mid_fusion,0,0,0.1,0.0,63.50262467191601,0.030533127642076857,0.9999796549479166
病例19,far,WLI,mid_fusion,0,0,0.15,0.0,12.434383202099738,0.1385580507314648,0.20827229817708334
病例19,far,WLI,mid_fusion,0,0,0.2,0.0,10.305774278215223,0.16252532792946384,0.17527262369791666
病例19,far,WLI,mid_fusion,0,0,0.25,0.0,5.44838145231846,0.26851471192653714,0.09996880425347222
病例19,far,WLI,mid_fusion,0,0,0.3,0.0,2.958880139982502,0.40331686661606103,0.06137424045138889
病例19,far,WLI,mid_fusion,0,0,0.35,0.0,2.205599300087489,0.4755564801281926,0.04969618055555555
病例19,far,WLI,mid_fusion,0,0,0.4,0.0,2.0240594925634294,0.4970105446190128,0.046881781684027776
病例19,far,WLI,mid_fusion,0,0,0.45,0.0,1.9033245844269466,0.5123837274401839,0.04501003689236111
病例19,far,WLI,mid_fusion,0,0,0.5,0.0,1.8070866141732282,0.525336090997066,0.04351806640625
病例19,far,WLI,mid_fusion,0,0,0.55,0.0,1.458005249343832,0.5783681214348088,0.038106282552083336
病例19,far,WLI,mid_fusion,0,0,0.6,0.0,1.3223972003499562,0.6019749835338779,0.036003960503472224
病例19,far,WLI,mid_fusion,0,0,0.65,0.004374453193350831,1.2090988626421697,0.6213486213401399,0.0341796875
病例19,far,WLI,mid_fusion,0,0,0.7,0.014873140857392825,1.0988626421697287,0.6388652482178885,0.032307942708333336
病例19,far,WLI,mid_fusion,0,0,0.75,0.031496062992125984,0.968941382327209,0.6594192107124435,0.030036078559027776
病例19,far,WLI,mid_fusion,0,0,0.8,0.06386701662292213,0.8517060367454068,0.6715832417908115,0.027716742621527776
病例19,far,WLI,mid_fusion,0,0,0.85,0.1272965879265092,0.689413823272091,0.6812361276988008,0.024217393663194444
病例19,far,WLI,mid_fusion,0,0,0.9,0.23665791776027997,0.4335083114610674,0.6949422540682011,0.0185546875
病例19,far,WLI,mid_fusion,0,0,0.95,0.5905511811023622,0.11023622047244094,0.5388601036114318,0.008056640625
病例19,far,NBI,mid_fusion,0,0,0.05,0.0,24.928609108493053,0.07427045310587212,1.0
病例19,far,NBI,mid_fusion,0,0,0.1,0.0,24.925619834710744,0.07427869858804234,0.9998847113715278
病例19,far,NBI,mid_fusion,0,0,0.15,0.0,6.277474942852119,0.24161957768568293,0.2806735568576389
病例19,far,NBI,mid_fusion,0,0,0.2,0.0,5.401441885000879,0.27021761854920123,0.24688720703125
病例19,far,NBI,mid_fusion,0,0,0.25,0.01160541586073501,2.238966062950589,0.46761781955630954,0.12447102864583333
病例19,far,NBI,mid_fusion,0,0,0.3,0.03516792685071215,1.3416564093546686,0.5835992342023846,0.0889553493923611
病例19,far,NBI,mid_fusion,0,0,0.35,0.042729031123615265,0.9117285036047125,0.6673204216678884,0.07208251953125
病例19,far,NBI,mid_fusion,0,0,0.4,0.049938456128011253,0.742570775452787,0.7056749167328042,0.0652804904513889
病例19,far,NBI,mid_fusion,0,0,0.45,0.05591700369263232,0.6477932125901178,0.7284938941605936,0.061394585503472224
病例19,far,NBI,mid_fusion,0,0,0.5,0.0627747494285212,0.577633198522947,0.7453503006520392,0.05842420789930555
病例19,far,NBI,mid_fusion,0,0,0.55,0.07279760858097416,0.09108493054334448,0.9188011848674089,0.03927273220486111
病例19,far,NBI,mid_fusion,0,0,0.6,0.08035871285387726,0.07807279760858098,0.9206936009073083,0.03847927517361111
病例19,far,NBI,mid_fusion,0,0,0.65,0.0882714963952875,0.06752241955336732,0.9212864250095834,0.03776719835069445
病例19,far,NBI,mid_fusion,0,0,0.7,0.09759099701072622,0.05873043784068929,0.920290504788664,0.037068684895833336
病例19,far,NBI,mid_fusion,0,0,0.75,0.1097239317742219,0.049586776859504134,0.9178752719278654,0.036248101128472224
病例19,far,NBI,mid_fusion,0,0,0.8,0.12924213117636715,0.037629681730262,0.9125587395106186,0.0350341796875
病例19,far,NBI,mid_fusion,0,0,0.85,0.15772815192544398,0.02338667135572358,0.9029217719047792,0.03338623046875
病例19,far,NBI,mid_fusion,0,0,0.9,0.22067874098821874,0.004395990856339019,0.8738170346917012,0.030225965711805556
病例19,far,NBI,mid_fusion,0,0,0.95,0.3982767715843151,0.0,0.7513448237923883,0.023206922743055556
病例19,near,WLI,mid_fusion,0,0,0.05,0.0,25.679211145286775,0.07225639450130258,1.0
病例19,near,WLI,mid_fusion,0,0,0.1,0.0,25.6772209155057,0.07226159035635786,0.9999254014756944
病例19,near,WLI,mid_fusion,0,0,0.15,0.0,5.054459924009408,0.28350859194592587,0.2269354926215278
病例19,near,WLI,mid_fusion,0,0,0.2,0.0,4.42048127374706,0.3115031279932607,0.20317247178819445
病例19,near,WLI,mid_fusion,0,0,0.25,0.0,2.4090826850009046,0.4536090935185949,0.1277804904513889
病例19,near,WLI,mid_fusion,0,0,0.3,0.0,1.6935046137144925,0.5414911335331561,0.10095893012152778
病例19,near,WLI,mid_fusion,0,0,0.35,0.0,1.3839334177673241,0.5910281772945997,0.08935546875
病例19,near,WLI,mid_fusion,0,0,0.4,0.0,1.250949882395513,0.6152048085451068,0.08437093098958333
病例19,near,WLI,mid_fusion,0,0,0.45,0.0,1.1648272118690066,0.6319460324683744,0.0811428493923611
病例19,near,WLI,mid_fusion,0,0,0.5,0.0,1.093540799710512,0.6465083635475113,0.07847086588541667
病例19,near,WLI,mid_fusion,0,0,0.55,0.0,0.6701646462818889,0.749017482038562,0.06260172526041667
病例19,near,WLI,mid_fusion,0,0,0.6,0.0003618599601954044,0.6162475122127736,0.7642827500292967,0.060567220052083336
病例19,near,WLI,mid_fusion,0,0,0.65,0.0016283698208793198,0.5643206079247332,0.7791584298165831,0.058573404947916664
病例19,near,WLI,mid_fusion,0,0,0.7,0.0032567396417586395,0.5198118328206984,0.7921489682882151,0.056844075520833336
病例19,near,WLI,mid_fusion,0,0,0.75,0.008503709064592004,0.4789216573186177,0.8026951808934912,0.05511474609375
病例19,near,WLI,mid_fusion,0,0,0.8,0.015017188348109282,0.4311561425728243,0.8153362288391842,0.053080240885416664
病例19,near,WLI,mid_fusion,0,0,0.85,0.027863216935046137,0.3645739098968699,0.8320557491224773,0.050103081597222224
病例19,near,WLI,mid_fusion,0,0,0.9,0.06314456305409806,0.2627103311018636,0.8518548984054302,0.044962565104166664
病例19,near,WLI,mid_fusion,0,0,0.95,0.18472950967975393,0.11959471684458114,0.8427155414172178,0.035040961371527776
病例19,near,NBI,mid_fusion,0,0,0.05,0.0,15.45347020754296,0.11459039241000742,1.0
病例19,near,NBI,mid_fusion,0,0,0.1,0.0,15.451015398348583,0.11460651167541715,0.9998508029513888
病例19,near,NBI,mid_fusion,0,0,0.15,0.002901138138808302,1.3602990403927695,0.5939712187158298,0.1432766384548611
病例19,near,NBI,mid_fusion,0,0,0.2,0.0060254407498326265,1.1000892657888863,0.6425042374386292,0.12727186414930555
病例19,near,NBI,mid_fusion,0,0,0.25,0.013724615041285427,0.6096853380941754,0.759853857722932,0.09699842664930555
病例19,near,NBI,mid_fusion,0,0,0.3,0.0220932827493863,0.45871457264003573,0.8026743600274641,0.0873141818576389
病例19,near,NBI,mid_fusion,0,0,0.35,0.03146619058245927,0.3993528230305735,0.8180575844643605,0.08313666449652778
病例19,near,NBI,mid_fusion,0,0,0.4,0.04095068065164026,0.36487391207319797,0.8253709127535153,0.08046468098958333
病例19,near,NBI,mid_fusion,0,0,0.45,0.04853827270698505,0.33976790894889536,0.8305249829510541,0.07847764756944445
病例19,near,NBI,mid_fusion,0,0,0.5,0.05858067395670609,0.3184557018522651,0.8331605194251066,0.0765719943576389
病例19,near,NBI,mid_fusion,0,0,0.55,0.09495648292791788,0.240459718812765,0.8436654878258598,0.06962076822916667
病例19,near,NBI,mid_fusion,0,0,0.6,0.11381388083017184,0.21959384066056684,0.8416701992325049,0.06720648871527778
病例19,near,NBI,mid_fusion,0,0,0.65,0.13244811426020978,0.201852265119393,0.8384557316896448,0.06499565972222222
病例19,near,NBI,mid_fusion,0,0,0.7,0.15342557464851594,0.1857844231198393,0.8330954211000708,0.062744140625
病例19,near,NBI,mid_fusion,0,0,0.75,0.1797589823700067,0.17038607453693372,0.8241031390088335,0.06020779079861111
病例19,near,NBI,mid_fusion,0,0,0.8,0.21222941307743806,0.15454139700959607,0.8111679209466813,0.057271321614583336
病例19,near,NBI,mid_fusion,0,0,0.85,0.26322249497879935,0.13166703860745368,0.7886533293473356,0.05278184678819445
病例19,near,NBI,mid_fusion,0,0,0.9,0.3481365766569962,0.09160901584467752,0.7477759999952142,0.045186360677083336
病例19,near,NBI,mid_fusion,0,0,0.95,0.5782191475117161,0.03157777281856729,0.5804222648707836,0.027553982204861112
病例21,far,WLI,mid_fusion,0,0,0.05,0.0,15.960662525879917,0.11135446685871832,1.0
病例21,far,WLI,mid_fusion,0,0,0.1,0.0,15.960662525879917,0.11135446685871832,1.0
病例21,far,WLI,mid_fusion,0,0,0.15,0.4552564987347596,4.609385783298827,0.1770334928226356,0.3038872612847222
病例21,far,WLI,mid_fusion,0,0,0.2,0.47849091327352195,3.993328732459167,0.18912943728321627,0.2661946614583333
病例21,far,WLI,mid_fusion,0,0,0.25,0.7716816195077064,2.4989648033126293,0.12251195803078996,0.1608005099826389
病例21,far,WLI,mid_fusion,0,0,0.3,0.9924085576259489,1.4460547504025765,0.006187886742892425,0.08570692274305555
病例21,far,WLI,mid_fusion,0,0,0.35,1.0,0.9623878536922015,0.0,0.056742350260416664
病例21,far,WLI,mid_fusion,0,0,0.4,1.0,0.7783528870485392,0.0,0.045891655815972224
病例21,far,WLI,mid_fusion,0,0,0.45,1.0,0.7018633540372671,0.0,0.0413818359375
病例21,far,WLI,mid_fusion,0,0,0.5,1.0,0.6578099838969405,0.0,0.03878445095486111
病例21,far,WLI,mid_fusion,0,0,0.55,1.0,0.0,0.0,0.0
病例21,far,WLI,mid_fusion,0,0,0.6,1.0,0.0,0.0,0.0
病例21,far,WLI,mid_fusion,0,0,0.65,1.0,0.0,0.0,0.0
病例21,far,WLI,mid_fusion,0,0,0.7,1.0,0.0,0.0,0.0
病例21,far,WLI,mid_fusion,0,0,0.75,1.0,0.0,0.0,0.0
病例21,far,WLI,mid_fusion,0,0,0.8,1.0,0.0,0.0,0.0
病例21,far,WLI,mid_fusion,0,0,0.85,1.0,0.0,0.0,0.0
病例21,far,WLI,mid_fusion,0,0,0.9,1.0,0.0,0.0,0.0
病例21,far,WLI,mid_fusion,0,0,0.95,1.0,0.0,0.0,0.0
病例21,far,NBI,mid_fusion,0,0,0.05,0.0,10.61436672967864,0.15854937809071473,1.0
病例21,far,NBI,mid_fusion,0,0,0.1,0.0,10.610664776307498,0.15859592142646475,0.9996812608506944
病例21,far,NBI,mid_fusion,0,0,0.15,0.0,1.8223850031505986,0.5232335304652409,0.2430080837673611
病例21,far,NBI,mid_fusion,0,0,0.2,0.0,1.6698172652804033,0.5449862637350941,0.22987196180555555
病例21,far,NBI,mid_fusion,0,0,0.25,0.006222432262129805,1.3125393824826717,0.6011387188207801,0.1985744900173611
病例21,far,NBI,mid_fusion,0,0,0.3,0.027095148078134845,1.151386263390044,0.6228003831981476,0.18290201822916666
病例21,far,NBI,mid_fusion,0,0,0.35,0.04796786389413989,1.074354127284184,0.6291544127199096,0.1744723849826389
病例21,far,NBI,mid_fusion,0,0,0.4,0.05860113421550094,1.0363894139886578,0.6322805903808065,0.1702880859375
病例21,far,NBI,mid_fusion,0,0,0.45,0.06561121613106491,1.0076402016383113,0.6352002570126494,0.1672092013888889
病例21,far,NBI,mid_fusion,0,0,0.5,0.07364524259609326,0.981962822936358,0.6370382407089236,0.164306640625
病例21,far,NBI,mid_fusion,0,0,0.55,0.20077189666036546,0.8026937618147448,0.6143367439589079,0.13792588975694445
病例21,far,NBI,mid_fusion,0,0,0.6,0.21660365469439194,0.764413988657845,0.6149565647490804,0.1332668728298611
病例21,far,NBI,mid_fusion,0,0,0.65,0.2318840579710145,0.729127284183995,0.6151711086560001,0.1289130316840278
病例21,far,NBI,mid_fusion,0,0,0.7,0.24732199117832387,0.6940768746061752,0.6152459438558613,0.12456597222222222
病例21,far,NBI,mid_fusion,0,0,0.75,0.26480781348456206,0.6560333963453056,0.614908264433562,0.1197848849826389
病例21,far,NBI,mid_fusion,0,0,0.8,0.28497164461247637,0.6126339004410838,0.6143746616113482,0.11431206597222222
病例21,far,NBI,mid_fusion,0,0,0.85,0.308994959042218,0.543635790800252,0.6184484156335045,0.10630289713541667
病例21,far,NBI,mid_fusion,0,0,0.9,0.34955891619407686,0.4337586641461878,0.6241638637971952,0.0933498806423611
病例21,far,NBI,mid_fusion,0,0,0.95,0.4337586641461878,0.27299936988027723,0.6157338015476179,0.07225884331597222
病例21,near,WLI,mid_fusion,0,0,0.05,0.0,7.143141153081511,0.21874320504444278,1.0
病例21,near,WLI,mid_fusion,0,0,0.1,0.0,7.142809807819749,0.21875113253348147,0.9999593098958334
病例21,near,WLI,mid_fusion,0,0,0.15,5.52242102937928e-05,1.177766732935719,0.6293489972530858,0.2674289279513889
病例21,near,WLI,mid_fusion,0,0,0.2,0.0009388115749944776,1.084272144908328,0.6480396897880321,0.2558390299479167
病例21,near,WLI,mid_fusion,0,0,0.25,0.03252705986304396,0.6941683233929755,0.7269747079678673,0.20405409071180555
病例21,near,WLI,mid_fusion,0,0,0.3,0.08366467859509609,0.5321957146012812,0.7484776038595595,0.1778835720486111
病例21,near,WLI,mid_fusion,0,0,0.35,0.11591561740667108,0.44996686547382375,0.7575535312888736,0.1638251410590278
病例21,near,WLI,mid_fusion,0,0,0.4,0.13231720786392753,0.4202562403357632,0.7584841901985071,0.15816243489583334
病例21,near,WLI,mid_fusion,0,0,0.45,0.147117296222664,0.40252926883145573,0.756298817363051,0.1541680230034722
病例21,near,WLI,mid_fusion,0,0,0.5,0.16197260879169428,0.3904903909874089,0.7520939683779747,0.15086534288194445
病例21,near,WLI,mid_fusion,0,0,0.55,0.2607687210072896,0.19367130550033135,0.7648924316426248,0.11456298828125
病例21,near,WLI,mid_fusion,0,0,0.6,0.27661806936160815,0.18063839187099626,0.7598468588643197,0.11101616753472222
病例21,near,WLI,mid_fusion,0,0,0.65,0.2911420366688756,0.16959354981223768,0.7547258562376753,0.1078762478298611
病例21,near,WLI,mid_fusion,0,0,0.7,0.3066600397614314,0.1597084161696488,0.7483236477402821,0.10475667317708333
病例21,near,WLI,mid_fusion,0,0,0.75,0.3246079081069141,0.14855312569030263,0.7405837471214104,0.10118272569444445
病例21,near,WLI,mid_fusion,0,0,0.8,0.34708416169648776,0.13552021206096754,0.7301528485387366,0.09682210286458333
病例21,near,WLI,mid_fusion,0,0,0.85,0.3773470289374862,0.12083057212281864,0.7142630895419395,0.09130181206597222
病例21,near,WLI,mid_fusion,0,0,0.9,0.43290258449304175,0.09642147117296222,0.6818046011330816,0.08148193359375
病例21,near,WLI,mid_fusion,0,0,0.95,0.5645571018334438,0.041970399823282524,0.5894666018742217,0.05862765842013889
病例21,near,NBI,mid_fusion,0,0,0.05,0.0,0.4547750591949487,0.8147386020188353,1.0
病例21,near,NBI,mid_fusion,0,0,0.1,0.0,0.4547750591949487,0.8147386020188353,1.0
病例21,near,NBI,mid_fusion,0,0,0.15,0.3325473559589582,0.015814917127071823,0.7930440286955543,0.4696723090277778
病例21,near,NBI,mid_fusion,0,0,0.2,0.3648382004735596,0.006422651933701657,0.7738399312458163,0.4410196940104167
病例21,near,NBI,mid_fusion,0,0,0.25,0.47957774269928966,0.0051992896606156275,0.6822429302167772,0.3613077799479167
病例21,near,NBI,mid_fusion,0,0,0.3,0.5532261247040252,0.004488950276243094,0.6157036029907439,0.3101942274305556
病例21,near,NBI,mid_fusion,0,0,0.35,0.5779202841357538,0.0033445146014206787,0.5922162775724198,0.2924329969618056
病例21,near,NBI,mid_fusion,0,0,0.4,0.5878847671665351,0.002308602999210734,0.5827323075202051,0.2848714192708333
病例21,near,NBI,mid_fusion,0,0,0.45,0.593646408839779,0.0016081294396211522,0.5772224986156798,0.2804294162326389
病例21,near,NBI,mid_fusion,0,0,0.5,0.5988654301499605,0.0008385951065509077,0.572242864380614,0.2763129340277778
病例21,near,NBI,mid_fusion,0,0,0.55,0.7092837411207576,9.865824782951854e-06,0.45046931849416755,0.19984266493055555
病例21,near,NBI,mid_fusion,0,0,0.6,0.7256412786108919,9.865824782951854e-06,0.43057985600338267,0.1885986328125
病例21,near,NBI,mid_fusion,0,0,0.65,0.7378157063930545,9.865824782951854e-06,0.41544209604769927,0.1802300347222222
病例21,near,NBI,mid_fusion,0,0,0.7,0.7492600631412786,9.865824782951854e-06,0.4009433962260988,0.17236328125
病例21,near,NBI,mid_fusion,0,0,0.75,0.7602900552486188,9.865824782951854e-06,0.3867163252635035,0.16478135850694445
病例21,near,NBI,mid_fusion,0,0,0.8,0.772336227308603,0.0,0.37088945321259853,0.156494140625
病例21,near,NBI,mid_fusion,0,0,0.85,0.7900157853196528,0.0,0.3470858745634951,0.1443413628472222
病例21,near,NBI,mid_fusion,0,0,0.9,0.8251677190213101,0.0,0.2976293447314873,0.12017822265625
病例21,near,NBI,mid_fusion,0,0,0.95,0.9247829518547751,0.0,0.13991044556986354,0.051703559027777776
病例29,near,WLI,mid_fusion,0,0,0.05,0.0,5.562349799732977,0.2644680625682565,1.0
病例29,near,WLI,mid_fusion,0,0,0.1,0.0,5.551535380507343,0.26484680256698384,0.99835205078125
病例29,near,WLI,mid_fusion,0,0,0.15,0.34472630173564756,0.5943035157988429,0.5825749782373535,0.19041612413194445
病例29,near,WLI,mid_fusion,0,0,0.2,0.3636849132176235,0.4523364485981308,0.6093070825862752,0.1658935546875
病例29,near,WLI,mid_fusion,0,0,0.25,0.5340453938584779,0.23756119270137963,0.5470505251043757,0.1072048611111111
病例29,near,WLI,mid_fusion,0,0,0.3,0.6258566978193146,0.10623052959501558,0.5054713804698608,0.07320149739583333
病例29,near,WLI,mid_fusion,0,0,0.35,0.6782821539830886,0.05812194036493102,0.4663118851783057,0.057881673177083336
病例29,near,WLI,mid_fusion,0,0,0.4,0.7053404539385848,0.04530485091232755,0.43980205254096844,0.05180528428819445
病例29,near,WLI,mid_fusion,0,0,0.45,0.7185135736537606,0.039163328882955054,0.42628475147286843,0.04886203342013889
病例29,near,WLI,mid_fusion,0,0,0.5,0.7291499777481086,0.03546951490876724,0.41467652369292857,0.04667833116319445
病例29,near,WLI,mid_fusion,0,0,0.55,0.946906987093903,0.0011570983533600355,0.10072185402464974,0.008266872829861112
病例29,near,WLI,mid_fusion,0,0,0.6,0.9757454383622608,0.0,0.04736041711906426,0.003696017795138889
病例29,near,WLI,mid_fusion,0,0,0.65,0.9968402314196707,0.0,0.006299631782058029,0.00048149956597222225
病例29,near,WLI,mid_fusion,0,0,0.7,0.9999109924343569,0.0,0.00017799928800205588,1.3563368055555555e-05
病例29,near,WLI,mid_fusion,0,0,0.75,1.0,0.0,0.0,0.0
病例29,near,WLI,mid_fusion,0,0,0.8,1.0,0.0,0.0,0.0
病例29,near,WLI,mid_fusion,0,0,0.85,1.0,0.0,0.0,0.0
病例29,near,WLI,mid_fusion,0,0,0.9,1.0,0.0,0.0,0.0
病例29,near,WLI,mid_fusion,0,0,0.95,1.0,0.0,0.0,0.0
病例29,near,NBI,mid_fusion,0,0,0.05,0.0,5.2958883053669785,0.2741270036340326,1.0
病例29,near,NBI,mid_fusion,0,0,0.1,0.0,5.292173690277956,0.2742666432459311,0.9994099934895834
病例29,near,NBI,mid_fusion,0,0,0.15,0.05012595533922548,0.2113060928226805,0.8790327360355631,0.18443467881944445
病例29,near,NBI,mid_fusion,0,0,0.2,0.07138892446949319,0.129413773963537,0.9024294101763398,0.16805013020833334
病例29,near,NBI,mid_fusion,0,0,0.25,0.15784979292088297,0.05025404551470902,0.8900320382634131,0.14174397786458334
病例29,near,NBI,mid_fusion,0,0,0.3,0.20652405960462833,0.032107937321207466,0.8692845615902208,0.1311306423611111
病例29,near,NBI,mid_fusion,0,0,0.35,0.23355108663165536,0.02489219076896802,0.8557263734933721,0.12569173177083334
病例29,near,NBI,mid_fusion,0,0,0.4,0.24909269459032493,0.020280944451560565,0.8479136031606973,0.12249077690972222
病例29,near,NBI,mid_fusion,0,0,0.45,0.2595960889799752,0.017377567140600316,0.8424299837235725,0.120361328125
病例29,near,NBI,mid_fusion,0,0,0.5,0.270910721147688,0.015114640707057769,0.8360138062695258,0.11820475260416667
病例29,near,NBI,mid_fusion,0,0,0.55,0.3479783100636181,0.012253960121258699,0.7835501167275108,0.10550944010416667
病例29,near,NBI,mid_fusion,0,0,0.6,0.3630502540455147,0.010759574740617395,0.7731336321920315,0.1028781467013889
病例29,near,NBI,mid_fusion,0,0,0.65,0.37632893557064173,0.009137099184492549,0.7639244809351918,0.10051133897569445
病例29,near,NBI,mid_fusion,0,0,0.7,0.38918064984415696,0.007770803979334785,0.7547548075634948,0.09825303819444445
病例29,near,NBI,mid_fusion,0,0,0.75,0.40382562657444177,0.005934844797404039,0.7442368680522766,0.09563530815972222
病例29,near,NBI,mid_fusion,0,0,0.8,0.4236796037743905,0.0038854019896673924,0.7294244798683345,0.09215630425347222
病例29,near,NBI,mid_fusion,0,0,0.85,0.4559583279962427,0.0023056231587037274,0.7036474583739579,0.08677842881944445
病例29,near,NBI,mid_fusion,0,0,0.9,0.5158618333973785,0.001494385380641305,0.6517603103875506,0.07713487413194445
病例29,near,NBI,mid_fusion,0,0,0.95,0.6465565091157508,0.0012809017548354041,0.52179394244848,0.056342230902777776
病例40,far,WLI,mid_fusion,0,0,0.05,0.0,2.5404451487430673,0.4404854445940401,1.0
病例40,far,WLI,mid_fusion,0,0,0.1,0.0,2.5404451487430673,0.4404854445940401,1.0
病例40,far,WLI,mid_fusion,0,0,0.15,0.0,0.7424427957453961,0.7292768341790148,0.4921535915798611
病例40,far,WLI,mid_fusion,0,0,0.2,0.0005282239669619919,0.6700040817306538,0.74881499536724,0.4715440538194444
病例40,far,WLI,mid_fusion,0,0,0.25,0.01632692261518884,0.45095920670364237,0.8080670611431873,0.40521240234375
病例40,far,WLI,mid_fusion,0,0,0.3,0.05976133880765445,0.40437945688972127,0.8020399176651524,0.3797878689236111
病例40,far,WLI,mid_fusion,0,0,0.35,0.07774496386467862,0.3824581622607986,0.8003208700988651,0.3685167100694444
病例40,far,WLI,mid_fusion,0,0,0.4,0.08413167182885543,0.3716055607577613,0.8007683345395757,0.3636474609375
病例40,far,WLI,mid_fusion,0,0,0.45,0.09006218636701961,0.3639943335974453,0.8003209899998941,0.3598225911458333
病例40,far,WLI,mid_fusion,0,0,0.5,0.09661696559341161,0.3575596052726356,0.7991207017386327,0.3561537000868056
病例40,far,WLI,mid_fusion,0,0,0.55,0.18456625609258326,0.201733535018848,0.8084939235584868,0.2872992621527778
病例40,far,WLI,mid_fusion,0,0,0.6,0.1950346947105573,0.1813969122908113,0.8104919618024773,0.2785983615451389
病例40,far,WLI,mid_fusion,0,0,0.65,0.20756800883574636,0.1670388244615717,0.8088224482283926,0.2710028754340278
病例40,far,WLI,mid_fusion,0,0,0.7,0.21930898701049245,0.1534250522221422,0.8072845544593599,0.2638414171006944
病例40,far,WLI,mid_fusion,0,0,0.75,0.2333789526759346,0.13709812960695336,0.8053929976783304,0.2552558051215278
病例40,far,WLI,mid_fusion,0,0,0.8,0.2510984657494778,0.12173161420442268,0.8006931074306242,0.24591064453125
病例40,far,WLI,mid_fusion,0,0,0.85,0.2770534706715647,0.10413215203246176,0.7913687973076228,0.2336086697048611
病例40,far,WLI,mid_fusion,0,0,0.9,0.3287233787125741,0.07258277509664098,0.7698747074201158,0.21010335286458334
病例40,far,WLI,mid_fusion,0,0,0.95,0.4624600830752239,0.008547624192657687,0.6953550851789863,0.1542426215277778
病例40,far,NBI,mid_fusion,0,0,0.05,0.0,11.259394745593616,0.15083644754323267,1.0
病例40,far,NBI,mid_fusion,0,0,0.1,0.0,11.247588959095443,0.15097086769329432,0.9990370008680556
病例40,far,NBI,mid_fusion,0,0,0.15,0.011639507815098104,0.5245261057532424,0.7866335814696885,0.12340630425347222
病例40,far,NBI,mid_fusion,0,0,0.2,0.021366810774858663,0.3370468905886265,0.8452231357453588,0.10732014973958333
病例40,far,NBI,mid_fusion,0,0,0.25,0.09161955437312937,0.11805786498170935,0.8965290883691781,0.08372667100694445
病例40,far,NBI,mid_fusion,0,0,0.3,0.16835716661124045,0.05096441636182242,0.8835011482031289,0.0719943576388889
病例40,far,NBI,mid_fusion,0,0,0.35,0.21890588626538077,0.03550049883604922,0.8599542334056752,0.06660970052083333
病例40,far,NBI,mid_fusion,0,0,0.4,0.24700698370468907,0.032341203857665445,0.8435317127650017,0.0640597873263889
病例40,far,NBI,mid_fusion,0,0,0.45,0.26571333555038246,0.030678417026937146,0.8320693391076731,0.062398274739583336
病例40,far,NBI,mid_fusion,0,0,0.5,0.2830894579314932,0.029015630196208845,0.8212380952341846,0.060845269097222224
病例40,far,NBI,mid_fusion,0,0,0.55,0.40289324908546725,0.02610575324243432,0.7357098955094462,0.050835503472222224
病例40,far,NBI,mid_fusion,0,0,0.6,0.42958097771865644,0.02560691719321583,0.7147991873693035,0.04861789279513889
病例40,far,NBI,mid_fusion,0,0,0.65,0.4512803458596608,0.025440638510143,0.6971585507515731,0.046834309895833336
病例40,far,NBI,mid_fusion,0,0,0.7,0.47131692716993684,0.025440638510143,0.6803616326930917,0.04519992404513889
病例40,far,NBI,mid_fusion,0,0,0.75,0.49301629531094115,0.025440638510143,0.6616753472186324,0.04342990451388889
病例40,far,NBI,mid_fusion,0,0,0.8,0.5192883272364482,0.025440638510143,0.6383307573380529,0.04128689236111111
病例40,far,NBI,mid_fusion,0,0,0.85,0.5588626538077819,0.025440638510143,0.6015873015838912,0.03805881076388889
病例40,far,NBI,mid_fusion,0,0,0.9,0.6214665779847024,0.02427668772863319,0.5396787767407119,0.032857259114583336
病例40,far,NBI,mid_fusion,0,0,0.95,0.7427668772863318,0.016544728965746592,0.403890085500921,0.022332085503472224
病例40,near,WLI,mid_fusion,0,0,0.05,0.0,2.7941539728283242,0.4171747531127001,1.0
病例40,near,WLI,mid_fusion,0,0,0.1,0.0,2.793845203787567,0.41720162311848275,0.9999186197916666
病例40,near,WLI,mid_fusion,0,0,0.15,0.001723960477562783,0.5375411692054344,0.7873406932372886,0.40478515625
病例40,near,WLI,mid_fusion,0,0,0.2,0.003911074516261836,0.45803314121037464,0.8117680363181776,0.3832533094618056
病例40,near,WLI,mid_fusion,0,0,0.25,0.011964800329353643,0.30148723754631535,0.8630928298484344,0.3398708767361111
病例40,near,WLI,mid_fusion,0,0,0.3,0.02616817620419926,0.22877212844792094,0.8842550407690425,0.3169623480902778
病例40,near,WLI,mid_fusion,0,0,0.35,0.03864759160148209,0.19218299711815562,0.892813190751069,0.3040296766493056
病例40,near,WLI,mid_fusion,0,0,0.4,0.048270893371757925,0.1745574310415809,0.8952030591982971,0.2968478732638889
病例40,near,WLI,mid_fusion,0,0,0.45,0.055372581309180734,0.16472828324413338,0.8956549318098811,0.2923855251736111
病例40,near,WLI,mid_fusion,0,0,0.5,0.06291169205434335,0.1578067105804858,0.8946398742250975,0.28857421875
病例40,near,WLI,mid_fusion,0,0,0.55,0.1719071634417456,0.07786125977768629,0.8689535998260244,0.2387763129340278
病例40,near,WLI,mid_fusion,0,0,0.6,0.19967064635652532,0.07196891724989708,0.8549165120581943,0.22990587022569445
病例40,near,WLI,mid_fusion,0,0,0.65,0.22318855496088927,0.06710580485796624,0.8425664927006746,0.22242567274305555
病例40,near,WLI,mid_fusion,0,0,0.7,0.2413544668587896,0.06203684643886373,0.8333639537008248,0.2163018120659722
病例40,near,WLI,mid_fusion,0,0,0.75,0.2577449567723343,0.055655619596541785,0.8256862352222204,0.2103000217013889
病例40,near,WLI,mid_fusion,0,0,0.8,0.2765798682585426,0.04875977768629065,0.8164183871986288,0.2035183376736111
病例40,near,WLI,mid_fusion,0,0,0.85,0.30277377521613835,0.040345821325648415,0.8025292837139562,0.19439697265625
病例40,near,WLI,mid_fusion,0,0,0.9,0.3498610539316591,0.020172910662824207,0.7784641454197359,0.1766696506076389
病例40,near,WLI,mid_fusion,0,0,0.95,0.4967321943186496,0.0009005763688760807,0.6691641862522338,0.1328803168402778
病例40,near,NBI,mid_fusion,0,0,0.05,0.0,2.8466113632806387,0.41265945422228717,1.0
病例40,near,NBI,mid_fusion,0,0,0.1,0.0,2.845307038138467,0.4127705394635443,0.9996609157986112
病例40,near,NBI,mid_fusion,0,0,0.15,0.0,0.7831950748682631,0.7185985697006133,0.4635755750868056
病例40,near,NBI,mid_fusion,0,0,0.2,0.0,0.7186570668336203,0.7356573303772554,0.4467976888020833
病例40,near,NBI,mid_fusion,0,0,0.25,0.0,0.5409818959670266,0.7870973040667032,0.4006076388888889
病例40,near,NBI,mid_fusion,0,0,0.3,0.0,0.3935148953931236,0.835591206826114,0.3622707790798611
病例40,near,NBI,mid_fusion,0,0,0.35,0.0,0.34684614180622947,0.852207549685594,0.3501383463541667
病例40,near,NBI,mid_fusion,0,0,0.4,0.00013043251421714406,0.327959513747587,0.8590575446844186,0.3451944986979167
病例40,near,NBI,mid_fusion,0,0,0.45,0.0003912975426514322,0.31418584024625656,0.8640427522905352,0.3415459526909722
病例40,near,NBI,mid_fusion,0,0,0.5,0.0013304116450148693,0.30463818020556166,0.8671612209062041,0.3388197157118056
病例40,near,NBI,mid_fusion,0,0,0.55,0.04082537694996609,0.15161475452600826,0.9088302539690924,0.2887708875868056
病例40,near,NBI,mid_fusion,0,0,0.6,0.05454687744560964,0.13559764178014294,0.9086305233457742,0.2810397677951389
病例40,near,NBI,mid_fusion,0,0,0.65,0.06743360985026348,0.1245108780716857,0.9066906766753238,0.2748074001736111
病例40,near,NBI,mid_fusion,0,0,0.7,0.0816768404027756,0.1147284395053999,0.9033938538514102,0.2685614691840278
病例40,near,NBI,mid_fusion,0,0,0.75,0.09550268690979287,0.10358950279125581,0.9008547896789981,0.2620713975694444
病例40,near,NBI,mid_fusion,0,0,0.8,0.1132675953461679,0.09187666301455627,0.8963189536956857,0.2544080946180556
病例40,near,NBI,mid_fusion,0,0,0.85,0.14084102885167216,0.07645953983408985,0.8877358490554074,0.2432318793402778
病例40,near,NBI,mid_fusion,0,0,0.9,0.20707465957113788,0.04912088485417645,0.8609179612806978,0.2189059787326389
病例40,near,NBI,mid_fusion,0,0,0.95,0.4626180414253665,0.015077998643501853,0.6922973517934328,0.1436225043402778
病例44,far,WLI,mid_fusion,0,0,0.05,0.0,6.8597089707371675,0.22574104935101358,1.0
病例44,far,WLI,mid_fusion,0,0,0.1,0.0,6.8470763818559774,0.22606338113012045,0.9983927408854166
病例44,far,WLI,mid_fusion,0,0,0.15,0.0,0.9766003944352647,0.6719074564847218,0.2514851888020833
病例44,far,WLI,mid_fusion,0,0,0.2,0.0,0.7758115239059752,0.720510014016321,0.22593858506944445
病例44,far,WLI,mid_fusion,0,0,0.25,0.0024518948883321783,0.33345770481317627,0.8558949967967258,0.1693454318576389
病例44,far,WLI,mid_fusion,0,0,0.3,0.013751932199776131,0.21096956452214702,0.8977245160329491,0.15232340494791666
病例44,far,WLI,mid_fusion,0,0,0.35,0.02777037471350141,0.1707798091786152,0.9073498321081772,0.14542643229166666
病例44,far,WLI,mid_fusion,0,0,0.4,0.03587228825755557,0.15100474388358828,0.911647598405041,0.1418796115451389
病例44,far,WLI,mid_fusion,0,0,0.45,0.041415702787697885,0.13895847769308672,0.9140069119716558,0.1396416558159722
病例44,far,WLI,mid_fusion,0,0,0.5,0.04621288843878258,0.129150898139758,0.9158094068250273,0.1377834743923611
病例44,far,WLI,mid_fusion,0,0,0.55,0.10095410692393796,0.07270401364532808,0.9119269031117216,0.12363688151041667
病例44,far,WLI,mid_fusion,0,0,0.6,0.11529236181440222,0.06199029902457225,0.9089316028670146,0.1204494900173611
病例44,far,WLI,mid_fusion,0,0,0.65,0.13005703320718512,0.054368104045626565,0.9041604343224636,0.11760118272569445
病例44,far,WLI,mid_fusion,0,0,0.7,0.14770001599061883,0.04706572144341986,0.8974574844224689,0.11442735460069445
病例44,far,WLI,mid_fusion,0,0,0.75,0.16651564415542883,0.04082938009700975,0.8893754976655404,0.1112399631076389
病例44,far,WLI,mid_fusion,0,0,0.8,0.1890624167155269,0.03390011193433186,0.8791424691546643,0.10748969184027778
病例44,far,WLI,mid_fusion,0,0,0.85,0.21992431107083843,0.024359042694952295,0.8646205653830839,0.10234917534722222
病例44,far,WLI,mid_fusion,0,0,0.9,0.27370609242577687,0.008848142423111775,0.8371578656319321,0.0935329861111111
病例44,far,WLI,mid_fusion,0,0,0.95,0.39784659666329086,0.0,0.7516800851661731,0.07661268446180555
病例44,far,NBI,mid_fusion,0,0,0.05,0.0,6.861804222648752,0.22568767597993786,1.0
病例44,far,NBI,mid_fusion,0,0,0.1,0.0,6.860364683301343,0.22572434335215227,0.99981689453125
病例44,far,NBI,mid_fusion,0,0,0.15,0.0010663254425250586,0.8026764768607378,0.7131139741551124,0.2291598849826389
病例44,far,NBI,mid_fusion,0,0,0.2,0.0017061207080400938,0.5935700575815739,0.7703289243602116,0.2024807400173611
病例44,far,NBI,mid_fusion,0,0,0.25,0.0327361910855193,0.16965237790573684,0.9052894211554259,0.14461263020833334
病例44,far,NBI,mid_fusion,0,0,0.3,0.06648539134143741,0.056408615909575605,0.9382418347910451,0.12591552734375
病例44,far,NBI,mid_fusion,0,0,0.35,0.09191725314566006,0.03326935380678183,0.9355157640312657,0.11973741319444445
病例44,far,NBI,mid_fusion,0,0,0.4,0.10641927916400085,0.025005331627212624,0.9314992357901029,0.11684163411458333
病例44,far,NBI,mid_fusion,0,0,0.45,0.11708253358925144,0.019727020686713587,0.9280950512780135,0.11481391059027778
病例44,far,NBI,mid_fusion,0,0,0.5,0.1283322670078908,0.016101514182128386,0.9234897054228726,0.11292182074652778
病例44,far,NBI,mid_fusion,0,0,0.55,0.1764768607378972,0.007304329281296652,0.8996185095637624,0.1056789822048611
病例44,far,NBI,mid_fusion,0,0,0.6,0.19049904030710174,0.0047984644913627635,0.8923565194366794,0.10357666015625
病例44,far,NBI,mid_fusion,0,0,0.65,0.2038814246107912,0.00309234378332267,0.8849641438959137,0.1016574435763889
病例44,far,NBI,mid_fusion,0,0,0.7,0.21944977607165708,0.00218596715717637,0.8756766456294653,0.09956190321180555
病例44,far,NBI,mid_fusion,0,0,0.75,0.2377905736830881,0.0012262742589038175,0.8644595615998051,0.09710693359375
病例44,far,NBI,mid_fusion,0,0,0.8,0.2595969289827255,0.00042653017701002344,0.8506324461705594,0.09423149956597222
病例44,far,NBI,mid_fusion,0,0,0.85,0.29419918959266367,0.0,0.8275301619027707,0.08977593315972222
病例44,far,NBI,mid_fusion,0,0,0.9,0.3579654510556622,0.0,0.7819988310903889,0.0816650390625
病例44,far,NBI,mid_fusion,0,0,0.95,0.47696737044145876,0.0,0.6868304977921766,0.0665283203125
病例44,near,WLI,mid_fusion,0,0,0.05,0.0,1.1027893445895842,0.6445813034283278,1.0
病例44,near,WLI,mid_fusion,0,0,0.1,0.0,1.1027180423250242,0.6445961162814456,0.9999660915798612
病例44,near,WLI,mid_fusion,0,0,0.15,1.4260452911984484e-05,0.17285094974616394,0.9204426126214688,0.5577528211805556
病例44,near,WLI,mid_fusion,0,0,0.2,0.0006987621926872398,0.13091095773201758,0.9382175540062939,0.5374823676215278
病例44,near,WLI,mid_fusion,0,0,0.25,0.10547030973703725,0.02874907307056072,0.9302132455431013,0.4390733506944444
病例44,near,WLI,mid_fusion,0,0,0.3,0.19010609776966517,0.013433346643089384,0.88836921921735,0.39154052734375
病例44,near,WLI,mid_fusion,0,0,0.35,0.22209229365124636,0.00912668986367007,0.8706130200928304,0.3742811414930556
病例44,near,WLI,mid_fusion,0,0,0.4,0.23632422565740688,0.007044663738520336,0.8625593943779797,0.3665228949652778
病例44,near,WLI,mid_fusion,0,0,0.45,0.24486623695168558,0.005989390223033484,0.8575592929375956,0.3619588216145833
病例44,near,WLI,mid_fusion,0,0,0.5,0.25273800695910104,0.004905595801722663,0.8529572145937112,0.3576999240451389
病例44,near,WLI,mid_fusion,0,0,0.55,0.40499686270035934,0.0005846785693913639,0.7458105801278536,0.2832370334201389
病例44,near,WLI,mid_fusion,0,0,0.6,0.42437681820774625,0.00039929268153556554,0.7304758543927807,0.2739325629340278
病例44,near,WLI,mid_fusion,0,0,0.65,0.4443984940961725,0.0001853858878557983,0.7142385744920033,0.2643093532986111
病例44,near,WLI,mid_fusion,0,0,0.7,0.46143973532599397,1.4260452911984484e-05,0.7000769294930067,0.2561238606770833
病例44,near,WLI,mid_fusion,0,0,0.75,0.4791369573897667,0.0,0.6849571960349511,0.24770100911458334
病例44,near,WLI,mid_fusion,0,0,0.8,0.49911585191945695,0.0,0.6674521131036528,0.23819986979166666
病例44,near,WLI,mid_fusion,0,0,0.85,0.5259968056585477,0.0,0.6431508373396252,0.22541639539930555
病例44,near,WLI,mid_fusion,0,0,0.9,0.5980120928640693,0.0,0.5734541718790257,0.1911688910590278
病例44,near,WLI,mid_fusion,0,0,0.95,0.7869203125891279,0.0,0.3513036936022015,0.10133192274305555
病例44,near,NBI,mid_fusion,0,0,0.05,0.0,0.4823721009721231,0.8056809852221466,1.0
病例44,near,NBI,mid_fusion,0,0,0.1,0.0,0.4823721009721231,0.8056809852221466,1.0
病例44,near,NBI,mid_fusion,0,0,0.15,0.00024127150080926481,0.21229881475375229,0.9039174695505799,0.8176472981770834
病例44,near,NBI,mid_fusion,0,0,0.2,0.0013269932544509565,0.17911393041327797,0.917144822301094,0.7945285373263888
病例44,near,NBI,mid_fusion,0,0,0.25,0.01320961466930725,0.051290299880369546,0.9683526196883757,0.7002834743923612
病例44,near,NBI,mid_fusion,0,0,0.3,0.02445889839453922,0.02613774592100369,0.9747228960434654,0.6757269965277778
病例44,near,NBI,mid_fusion,0,0,0.35,0.03309440752767082,0.01825621022790104,0.9741327796622403,0.6645846896701388
病例44,near,NBI,mid_fusion,0,0,0.4,0.03968916188312406,0.012948237210097212,0.9733246385371481,0.65655517578125
病例44,near,NBI,mid_fusion,0,0,0.45,0.045710896424155295,0.008906939571542026,0.9721791228199953,0.6497667100694444
病例44,near,NBI,mid_fusion,0,0,0.5,0.05333105465804791,0.0063233239170428154,0.9694548823796935,0.64288330078125
病例44,near,NBI,mid_fusion,0,0,0.55,0.25438058568656824,0.0012365164416474823,0.8536701867459766,0.5038248697916666
病例44,near,NBI,mid_fusion,0,0,0.6,0.2904707810159541,0.0005227549184200738,0.8298335136147122,0.4789971245659722
病例44,near,NBI,mid_fusion,0,0,0.65,0.319895851135484,0.00018095362560694862,0.8095104192213796,0.4589165581597222
病例44,near,NBI,mid_fusion,0,0,0.7,0.3460436500356881,1.0052979200386034e-05,0.790773438686649,0.441162109375
病例44,near,NBI,mid_fusion,0,0,0.75,0.3721009721230887,0.0,0.771422572437337,0.4235772026909722
病例44,near,NBI,mid_fusion,0,0,0.8,0.39931438681853365,0.0,0.7505354058717221,0.4052191840277778
病例44,near,NBI,mid_fusion,0,0,0.85,0.4422707669417832,0.0,0.7160798182658397,0.3762410481770833
病例44,near,NBI,mid_fusion,0,0,0.9,0.5376232746574447,0.0,0.6323633538873886,0.3119167751736111
病例44,near,NBI,mid_fusion,0,0,0.95,0.7373156534939129,0.0,0.4160728645013128,0.17720540364583334
病例5,far,WLI,mid_fusion,0,0,0.05,0.0,31.717106722875528,0.059317070602673466,1.0
病例5,far,WLI,mid_fusion,0,0,0.1,0.0,31.705347237630352,0.05933776578233208,0.9996405707465278
病例5,far,WLI,mid_fusion,0,0,0.15,0.0,6.0221877080097626,0.2493085518302652,0.2146335177951389
病例5,far,WLI,mid_fusion,0,0,0.2,0.0,4.70002218770801,0.29850647415207304,0.1742214626736111
病例5,far,WLI,mid_fusion,0,0,0.25,0.0,1.8307077878855114,0.5220967274803238,0.0865207248263889
病例5,far,WLI,mid_fusion,0,0,0.3,0.0,1.143554470823164,0.6362224731745043,0.0655178493923611
病例5,far,WLI,mid_fusion,0,0,0.35,0.0,0.8715331706234746,0.6964920414101646,0.05720350477430555
病例5,far,WLI,mid_fusion,0,0,0.4,0.0,0.7723541158198358,0.7214085634195965,0.05417209201388889
病例5,far,WLI,mid_fusion,0,0,0.45,0.0,0.7126691812735745,0.737281203985463,0.052347819010416664
病例5,far,WLI,mid_fusion,0,0,0.5,0.00044375416019525185,0.6667406256933659,0.7497711575205976,0.05093044704861111
病例5,far,WLI,mid_fusion,0,0,0.55,0.002440647881073885,0.45751053916130463,0.812652507900473,0.044474283854166664
病例5,far,WLI,mid_fusion,0,0,0.6,0.004215664521854893,0.4000443754160195,0.8312650490754652,0.04266357421875
病例5,far,WLI,mid_fusion,0,0,0.65,0.007543820723319281,0.34546261371200354,0.8490082566114737,0.0408935546875
病例5,far,WLI,mid_fusion,0,0,0.7,0.015309518526736189,0.2988684268915021,0.8624174115734315,0.03923204210069445
病例5,far,WLI,mid_fusion,0,0,0.75,0.023740847570445974,0.2560461504326603,0.874664546259073,0.037665473090277776
病例5,far,WLI,mid_fusion,0,0,0.8,0.03993787441757266,0.20612380741069447,0.8864078664254182,0.03564453125
病例5,far,WLI,mid_fusion,0,0,0.85,0.07144441979143555,0.15176392278677614,0.8927047781474754,0.03302001953125
病例5,far,WLI,mid_fusion,0,0,0.9,0.14666074994453074,0.08253827379631684,0.8816045845171162,0.028605143229166668
病例5,far,WLI,mid_fusion,0,0,0.95,0.32571555358331483,0.0059906811626359,0.8025881420731205,0.020792643229166668
病例5,far,NBI,mid_fusion,0,0,0.05,0.0,30.62256058331546,0.06130726602195564,1.0
病例5,far,NBI,mid_fusion,0,0,0.1,0.0,30.608621059403816,0.0613334736343264,0.9995591905381944
病例5,far,NBI,mid_fusion,0,0,0.15,0.0,2.9176495818142825,0.4066983559356038,0.12388780381944445
病例5,far,NBI,mid_fusion,0,0,0.2,0.0,2.3770105082564874,0.4569328760389175,0.10679117838541667
病例5,far,NBI,mid_fusion,0,0,0.25,0.0,1.4306240617628136,0.5829843095543977,0.07686360677083333
病例5,far,NBI,mid_fusion,0,0,0.3,0.0,1.0255200514690113,0.6610433796380702,0.0640530056423611
病例5,far,NBI,mid_fusion,0,0,0.35,0.0,0.8117092000857817,0.7113111128006154,0.057291666666666664
病例5,far,NBI,mid_fusion,0,0,0.4,0.0002144542140253056,0.6974051040102938,0.7413532638885159,0.053670247395833336
病例5,far,NBI,mid_fusion,0,0,0.45,0.002144542140253056,0.6150546858245765,0.7637885751742959,0.051005045572916664
病例5,far,NBI,mid_fusion,0,0,0.5,0.004932446922582029,0.548788333690757,0.7823301298197409,0.048821343315972224
病例5,far,NBI,mid_fusion,0,0,0.55,0.020802058760454642,0.2877975552219601,0.8638728597023566,0.04006618923611111
病例5,far,NBI,mid_fusion,0,0,0.6,0.03881621273858031,0.22796482950889985,0.8781347962296421,0.037604437934027776
病例5,far,NBI,mid_fusion,0,0,0.65,0.05854600042890843,0.1844306240617628,0.8857056390508856,0.035603841145833336
病例5,far,NBI,mid_fusion,0,0,0.7,0.07891915076131246,0.14840231610551147,0.8901554404052833,0.033820258246527776
病例5,far,NBI,mid_fusion,0,0,0.75,0.1033669311601973,0.11623418400171563,0.8909013424153962,0.03202989366319445
病例5,far,NBI,mid_fusion,0,0,0.8,0.14025305597254986,0.07248552434055329,0.8899001109779144,0.02947998046875
病例5,far,NBI,mid_fusion,0,0,0.85,0.1951533347630281,0.037315033240403174,0.8738067520270801,0.026631673177083332
病例5,far,NBI,mid_fusion,0,0,0.9,0.31138751876474374,0.008363714346986918,0.811575887769347,0.022040473090277776
病例5,far,NBI,mid_fusion,0,0,0.95,0.6371434698691829,0.0,0.5324940991261606,0.011474609375
病例5,near,WLI,mid_fusion,0,0,0.05,0.0,8.981452650104922,0.18212526736885382,1.0
病例5,near,WLI,mid_fusion,0,0,0.1,0.0,8.965409869356257,0.18239172304793916,0.9983927408854166
病例5,near,WLI,mid_fusion,0,0,0.15,0.0,1.0341162932376633,0.6591705151358472,0.2037896050347222
病例5,near,WLI,mid_fusion,0,0,0.2,0.0,0.7897515738170987,0.7169097129529107,0.17930772569444445
病例5,near,WLI,mid_fusion,0,0,0.25,0.0004061463480674203,0.45765924321397145,0.8135864025762001,0.14599609375
病例5,near,WLI,mid_fusion,0,0,0.3,0.004670683002775333,0.32403709469979014,0.858276908706344,0.13218180338541666
病例5,near,WLI,mid_fusion,0,0,0.35,0.007242943207202328,0.2688688824206322,0.8779144593071805,0.1263970269097222
病例5,near,WLI,mid_fusion,0,0,0.4,0.009544439179584377,0.2411832396940364,0.8876486289708576,0.12339274088541667
病例5,near,WLI,mid_fusion,0,0,0.45,0.012049008326000135,0.22392201990117105,0.8933161953700167,0.12141248914930555
病例5,near,WLI,mid_fusion,0,0,0.5,0.015162796994517024,0.2118053205171597,0.896674986900568,0.11988661024305555
病例5,near,WLI,mid_fusion,0,0,0.55,0.021458065389562037,0.14607730318824882,0.9211456972602633,0.1126708984375
病例5,near,WLI,mid_fusion,0,0,0.6,0.028362553306708185,0.1277330264672037,0.9256464822308452,0.1101413302951389
病例5,near,WLI,mid_fusion,0,0,0.65,0.037162390848168955,0.11365328640086644,0.9273699308875754,0.10784912109375
病例5,near,WLI,mid_fusion,0,0,0.7,0.04839910647803425,0.10410884722128207,0.9258125061710105,0.10576714409722222
病例5,near,WLI,mid_fusion,0,0,0.75,0.06146348067420294,0.09497055438976511,0.9230718018677039,0.1035427517361111
病例5,near,WLI,mid_fusion,0,0,0.8,0.0800108305692818,0.08569687944222568,0.9173810327339946,0.10075547960069445
病例5,near,WLI,mid_fusion,0,0,0.85,0.10668110742570906,0.07276788736207947,0.9087278361132425,0.09678819444444445
病例5,near,WLI,mid_fusion,0,0,0.9,0.16008935219657483,0.0519867325526298,0.8879029661136788,0.08935546875
病例5,near,WLI,mid_fusion,0,0,0.95,0.2770595004399919,0.02199959385365193,0.8286135464317301,0.07463243272569445
病例5,near,NBI,mid_fusion,0,0,0.05,0.0,7.012606640221703,0.2219113825597514,1.0
病例5,near,NBI,mid_fusion,0,0,0.1,0.0,7.011465521925773,0.2219394831098892,0.9998575846354166
病例5,near,NBI,mid_fusion,0,0,0.15,0.0005433896647285769,0.8117154811715481,0.7110604244776916,0.2260403103298611
病例5,near,NBI,mid_fusion,0,0,0.2,0.0015758300277128729,0.6369070260283649,0.7577219679146403,0.2040947808159722
病例5,near,NBI,mid_fusion,0,0,0.25,0.028256262565886,0.2893549964679672,0.8595323351977613,0.15738932291666666
病例5,near,NBI,mid_fusion,0,0,0.3,0.06200076074553062,0.17866652176275608,0.8862988729985205,0.13936360677083334
病例5,near,NBI,mid_fusion,0,0,0.35,0.08004129761451938,0.1332934847579199,0.8960990843145713,0.13144938151041666
病例5,near,NBI,mid_fusion,0,0,0.4,0.09357170026626094,0.1131337281964897,0.8976483883094827,0.12724473741319445
病例5,near,NBI,mid_fusion,0,0,0.45,0.10655871325327393,0.09992935934358528,0.8964126049479435,0.12397596571180555
病例5,near,NBI,mid_fusion,0,0,0.5,0.11780687931315546,0.08857251535075802,0.8952795853068951,0.12115478515625
病例5,near,NBI,mid_fusion,0,0,0.55,0.1763299462044232,0.04602510460251046,0.8810741687953932,0.10854085286458333
病例5,near,NBI,mid_fusion,0,0,0.6,0.19540292343639623,0.0371135141009618,0.8737497418320191,0.10504828559027778
病例5,near,NBI,mid_fusion,0,0,0.65,0.21230234200945497,0.030701516057164594,0.8663638536909324,0.1021389431423611
病例5,near,NBI,mid_fusion,0,0,0.7,0.22816932021952943,0.02532195837635168,0.8589483868991051,0.0994873046875
病例5,near,NBI,mid_fusion,0,0,0.75,0.2457751453567353,0.02108351899146878,0.8496832052864935,0.09676106770833333
病例5,near,NBI,mid_fusion,0,0,0.8,0.2684888333423898,0.015323588545345868,0.837527607550199,0.09320746527777778
病例5,near,NBI,mid_fusion,0,0,0.85,0.30413519534858446,0.009346302233331522,0.8161626461845825,0.0880126953125
病例5,near,NBI,mid_fusion,0,0,0.9,0.3729283269032223,0.00353203282073575,0.7691282324687779,0.0787014431423611
病例5,near,NBI,mid_fusion,0,0,0.95,0.531869803836331,0.0,0.6377229994794665,0.05842420789930555
病例56,far,WLI,mid_fusion,0,0,0.05,0.0,9.046055320888405,0.18106011077245918,1.0
病例56,far,WLI,mid_fusion,0,0,0.1,0.0,9.035222782395422,0.1812378453463922,0.9989217122395834
病例56,far,WLI,mid_fusion,0,0,0.15,0.0,1.3881318980787574,0.5902957913563164,0.23771837022569445
病例56,far,WLI,mid_fusion,0,0,0.2,0.00034064586455920427,1.165213244311214,0.6317217031888929,0.21549479166666666
病例56,far,WLI,mid_fusion,0,0,0.25,0.0021120043602670664,0.7603215696961438,0.7235766333191958,0.1750149197048611
病例56,far,WLI,mid_fusion,0,0,0.3,0.004155879547622292,0.5487123586319662,0.7827251064264565,0.15374755859375
病例56,far,WLI,mid_fusion,0,0,0.35,0.016691647363401008,0.46252895489848755,0.8040668523654483,0.1439208984375
病例56,far,WLI,mid_fusion,0,0,0.4,0.03161193623109416,0.4313257937048644,0.8070862788495952,0.13932969835069445
病例56,far,WLI,mid_fusion,0,0,0.45,0.04326202479901894,0.4142253713039924,0.8070457745443894,0.1364678276909722
病例56,far,WLI,mid_fusion,0,0,0.5,0.053958304946177954,0.40155334514239,0.8059666840768298,0.13414171006944445
病例56,far,WLI,mid_fusion,0,0,0.55,0.12644774492437663,0.27728573375119225,0.8122901488729417,0.11455620659722222
病例56,far,WLI,mid_fusion,0,0,0.6,0.14422945905436707,0.25868646954625973,0.8094470936950333,0.1109347873263889
病例56,far,WLI,mid_fusion,0,0,0.65,0.15799155198255893,0.2407003678975337,0.8085704939456704,0.10777452256944445
病例56,far,WLI,mid_fusion,0,0,0.7,0.17182177408366262,0.22721079166098923,0.8058603201935567,0.10505506727430555
病例56,far,WLI,mid_fusion,0,0,0.75,0.1902847799427715,0.2151519280555934,0.7997712055422099,0.1020168728298611
病例56,far,WLI,mid_fusion,0,0,0.8,0.21201798610164874,0.20159422264613708,0.7921103996137653,0.09850396050347222
病例56,far,WLI,mid_fusion,0,0,0.85,0.2406322387246219,0.18101921242676114,0.7826972367515793,0.09360758463541667
病例56,far,WLI,mid_fusion,0,0,0.9,0.2943861561520643,0.14572830085842758,0.7622727607243605,0.0847439236111111
病例56,far,WLI,mid_fusion,0,0,0.95,0.41436162964981604,0.06867420629513557,0.7080141668696647,0.06513129340277778
病例56,far,NBI,mid_fusion,0,0,0.05,0.0,4.262151166940261,0.31937906746126615,1.0
病例56,far,NBI,mid_fusion,0,0,0.1,0.0,4.26207979444722,0.31938270760655624,0.9999864366319444
病例56,far,NBI,mid_fusion,0,0,0.15,0.03311683677110842,0.5895367925201628,0.7564353118533189,0.2957763671875
病例56,far,NBI,mid_fusion,0,0,0.2,0.04592819927200057,0.4844407965170223,0.782503073229552,0.2733696831597222
病例56,far,NBI,mid_fusion,0,0,0.25,0.13689244165298695,0.2754264506459211,0.8071955411660928,0.2163628472222222
病例56,far,NBI,mid_fusion,0,0,0.3,0.21861394618514024,0.20801513096852473,0.7855489981509578,0.1880221896701389
病例56,far,NBI,mid_fusion,0,0,0.35,0.263828420526729,0.1808222111198344,0.7680479541294016,0.1742621527777778
病例56,far,NBI,mid_fusion,0,0,0.4,0.28292056241524516,0.1670473199628863,0.76117961247654,0.16801622178819445
病例56,far,NBI,mid_fusion,0,0,0.45,0.29401898508314894,0.1591606594818357,0.7570266909006849,0.16440836588541666
病例56,far,NBI,mid_fusion,0,0,0.5,0.3029048604667761,0.15191635143815574,0.754019261573825,0.1613430447048611
病例56,far,NBI,mid_fusion,0,0,0.55,0.4978945114552851,0.10163443009064306,0.626168224297672,0.11473253038194445
病例56,far,NBI,mid_fusion,0,0,0.6,0.5203054742702162,0.09139247733923346,0.6106530380451773,0.10852728949652778
病例56,far,NBI,mid_fusion,0,0,0.65,0.5385768324887589,0.08243522946256512,0.5977532245374746,0.10335286458333333
病例56,far,NBI,mid_fusion,0,0,0.7,0.5566340732281778,0.07472700021411748,0.5841090738115089,0.09845648871527778
病例56,far,NBI,mid_fusion,0,0,0.75,0.5709442580829348,0.06726857469131396,0.5734796088705617,0.09431966145833333
病例56,far,NBI,mid_fusion,0,0,0.8,0.5841838555420741,0.05820426807508386,0.564193196948156,0.09008110894097222
病例56,far,NBI,mid_fusion,0,0,0.85,0.6005995289415459,0.04624937549068589,0.5525549247085841,0.0846896701388889
病例56,far,NBI,mid_fusion,0,0,0.9,0.6325030333309543,0.02954821211904932,0.5261060590565901,0.07545301649305555
病例56,far,NBI,mid_fusion,0,0,0.95,0.6993433730640212,0.010848618942259653,0.4584909254157479,0.059197319878472224
病例56,near,WLI,mid_fusion,0,0,0.05,0.0,3.1733223898338663,0.38659875594243276,1.0
病例56,near,WLI,mid_fusion,0,0,0.1,0.0,3.1733223898338663,0.38659875594243276,1.0
病例56,near,WLI,mid_fusion,0,0,0.15,2.8302153793903717e-05,0.9022160586420627,0.6891157855722095,0.4557969835069444
病例56,near,WLI,mid_fusion,0,0,0.2,0.000198115076557326,0.8015169954433532,0.7138079794696716,0.4316270616319444
病例56,near,WLI,mid_fusion,0,0,0.25,0.003792488608383098,0.5405994396173549,0.7854026976662776,0.3682454427083333
病例56,near,WLI,mid_fusion,0,0,0.3,0.0358022245492882,0.4570231794639572,0.7964558323290787,0.3405490451388889
病例56,near,WLI,mid_fusion,0,0,0.35,0.05643449466504401,0.42000396230153114,0.7984241785602088,0.3267347547743056
病例56,near,WLI,mid_fusion,0,0,0.4,0.06727421956810914,0.4018622817196389,0.7990495587227244,0.3197903103298611
病例56,near,WLI,mid_fusion,0,0,0.45,0.07485919678487533,0.3908244417400164,0.7989245997790554,0.3153279622395833
病例56,near,WLI,mid_fusion,0,0,0.5,0.08083095123538901,0.3784564005320805,0.8001034712118449,0.3109334309895833
病例56,near,WLI,mid_fusion,0,0,0.55,0.15820903970792177,0.2726912518042623,0.7962147474926099,0.2670491536458333
病例56,near,WLI,mid_fusion,0,0,0.6,0.1729827639883395,0.25440806045340053,0.7946643460277734,0.2591281467013889
病例56,near,WLI,mid_fusion,0,0,0.65,0.18424702119831318,0.24090793309370842,0.793279022402167,0.2531941731770833
病例56,near,WLI,mid_fusion,0,0,0.7,0.1956244870234625,0.2302097189596128,0.790702203426454,0.24790445963541666
病例56,near,WLI,mid_fusion,0,0,0.75,0.20920952084453626,0.22078510174624288,0.7862398874417359,0.24239095052083334
病例56,near,WLI,mid_fusion,0,0,0.8,0.22514363343050406,0.21150199530184247,0.7801778183050551,0.23634847005208334
病例56,near,WLI,mid_fusion,0,0,0.85,0.2443890980103586,0.19986981009254803,0.7728134543285531,0.2289496527777778
病例56,near,WLI,mid_fusion,0,0,0.9,0.2808705742507005,0.17954886366852518,0.7575052917139827,0.2153388129340278
病例56,near,WLI,mid_fusion,0,0,0.95,0.3669657260917556,0.1331050292927292,0.7168565613821181,0.18358018663194445
病例56,near,NBI,mid_fusion,0,0,0.05,0.0,0.5995140365340391,0.7693745722818975,1.0
病例56,near,NBI,mid_fusion,0,0,0.1,0.0,0.5995140365340391,0.7693745722818975,1.0
病例56,near,NBI,mid_fusion,0,0,0.15,0.06364168872304421,0.2289343515425001,0.8648792168881617,0.7285291883680556
病例56,near,NBI,mid_fusion,0,0,0.2,0.0690762355187226,0.20773853429947498,0.8705663956497697,0.7118801540798612
病例56,near,NBI,mid_fusion,0,0,0.25,0.1173797023473771,0.1462337831388033,0.8700677944348307,0.6432291666666666
病例56,near,NBI,mid_fusion,0,0,0.3,0.13398706990063783,0.12576474161496073,0.8695879488934257,0.6200493706597222
病例56,near,NBI,mid_fusion,0,0,0.35,0.14279515772117846,0.11465700525014101,0.8694370179660971,0.6075981987847222
病例56,near,NBI,mid_fusion,0,0,0.4,0.14833817850479455,0.10759534863539723,0.8693721625507311,0.5997178819444444
病例56,near,NBI,mid_fusion,0,0,0.45,0.15288323859938388,0.10194385386384346,0.8692564559211546,0.5933430989583334
病例56,near,NBI,mid_fusion,0,0,0.5,0.15704863973619126,0.09429643771423613,0.8702566198739745,0.5859578450520834
病例56,near,NBI,mid_fusion,0,0,0.55,0.1962619863756671,0.05780578817199636,0.863517702724248,0.5386284722222222
病例56,near,NBI,mid_fusion,0,0,0.6,0.20888835857161453,0.0515793812643728,0.8586481745288516,0.5268419053819444
病例56,near,NBI,mid_fusion,0,0,0.65,0.22077710764958564,0.04627500325421964,0.8537099869861644,0.5160929361979166
病例56,near,NBI,mid_fusion,0,0,0.7,0.23219941857942467,0.040677745476634705,0.8491122840685886,0.5054524739583334
病例56,near,NBI,mid_fusion,0,0,0.75,0.24621425782097453,0.035720484227882154,0.8424510974651045,0.49359130859375
病例56,near,NBI,mid_fusion,0,0,0.8,0.2632121317308109,0.03204321603679438,0.8330788335934547,0.4806654188368056
病例56,near,NBI,mid_fusion,0,0,0.85,0.28946283681173257,0.02788866229878075,0.8174489273809029,0.4616563585069444
病例56,near,NBI,mid_fusion,0,0,0.9,0.3448605024515121,0.022128693539289278,0.7811982615888987,0.4234212239583333
病例56,near,NBI,mid_fusion,0,0,0.95,0.5193083698529093,0.011161973358788562,0.6444219848611262,0.3075018988715278
病例61,far,WLI,mid_fusion,0,0,0.05,0.0,40.17732476961743,0.0474188443890918,1.0
病例61,far,WLI,mid_fusion,0,0,0.1,0.0,40.15135437028763,0.04744806020772773,0.9993693033854166
病例61,far,WLI,mid_fusion,0,0,0.15,0.0,8.0513822954482,0.1989776073784548,0.2198147243923611
病例61,far,WLI,mid_fusion,0,0,0.2,0.0,7.064507120915946,0.22064078866229006,0.19584825303819445
病例61,far,WLI,mid_fusion,0,0,0.25,0.001954761239877129,4.439262775760961,0.310081554744447,0.1320461697048611
病例61,far,WLI,mid_fusion,0,0,0.3,0.047193521362747834,2.330075397933538,0.44493708026051415,0.07972547743055555
病例61,far,WLI,mid_fusion,0,0,0.35,0.1108628874616029,1.6967327562133483,0.4959115333658133,0.06279839409722222
病例61,far,WLI,mid_fusion,0,0,0.4,0.17201898910918736,1.456576375314158,0.5041659581660928,0.05548095703125
病例61,far,WLI,mid_fusion,0,0,0.45,0.2200502652890254,1.3339849204132923,0.500941619581195,0.051337348090277776
病例61,far,WLI,mid_fusion,0,0,0.5,0.25886623848087126,1.2555152192125105,0.4946416922887462,0.04848904079861111
病例61,far,WLI,mid_fusion,0,0,0.55,0.9575537559340966,0.602904216699246,0.05159538357006797,0.015672471788194444
病例61,far,WLI,mid_fusion,0,0,0.6,0.9927394582518849,0.5383970957833007,0.009394760614103076,0.013251410590277778
病例61,far,WLI,mid_fusion,0,0,0.65,1.0,0.4822675230382575,0.0,0.011711968315972222
病例61,far,WLI,mid_fusion,0,0,0.7,1.0,0.4353532532812064,0.0,0.010572645399305556
病例61,far,WLI,mid_fusion,0,0,0.75,1.0,0.3895559899469422,0.0,0.00946044921875
病例61,far,WLI,mid_fusion,0,0,0.8,1.0,0.33984920413292374,0.0,0.008253309461805556
病例61,far,WLI,mid_fusion,0,0,0.85,1.0,0.27981010890812624,0.0,0.006795247395833333
病例61,far,WLI,mid_fusion,0,0,0.9,1.0,0.18095504049148284,0.0,0.00439453125
病例61,far,WLI,mid_fusion,0,0,0.95,1.0,0.0,0.0,0.0
病例61,far,NBI,mid_fusion,0,0,0.05,0.0,9.057018142136135,0.18088059314808913,1.0
病例61,far,NBI,mid_fusion,0,0,0.1,0.0,9.057018142136135,0.18088059314808913,1.0
病例61,far,NBI,mid_fusion,0,0,0.15,0.004501432273905334,0.6107625153457918,0.7639285060038103,0.15971544053819445
病例61,far,NBI,mid_fusion,0,0,0.2,0.008252625835493112,0.4426408402673578,0.8147816098371815,0.14262559678819445
病例61,far,NBI,mid_fusion,0,0,0.25,0.015141181284954303,0.13060973946255627,0.931102298736399,0.11091444227430555
病例61,far,NBI,mid_fusion,0,0,0.3,0.027281407720638386,0.08736870822534443,0.9443469624203134,0.10540771484375
病例61,far,NBI,mid_fusion,0,0,0.35,0.03601145819124267,0.07297776565270768,0.9464943413883797,0.10310872395833333
病例61,far,NBI,mid_fusion,0,0,0.4,0.04317282771791024,0.06452052925930978,0.9467220028985838,0.10155571831597222
病例61,far,NBI,mid_fusion,0,0,0.45,0.050197790205974625,0.05865502659937253,0.9458027709829333,0.10027398003472222
病例61,far,NBI,mid_fusion,0,0,0.5,0.055654071750102306,0.05463101896057836,0.9448292333380708,0.0993313259548611
病例61,far,NBI,mid_fusion,0,0,0.55,0.06431591870140499,0.047742463511117175,0.9435026305802982,0.09778510199652778
病例61,far,NBI,mid_fusion,0,0,0.6,0.07359159732642204,0.04187696085117992,0.9413354586058376,0.0962795681423611
病例61,far,NBI,mid_fusion,0,0,0.65,0.08075296685308962,0.03696630746146501,0.9398228854300962,0.09507921006944445
病例61,far,NBI,mid_fusion,0,0,0.7,0.09050607011321785,0.03294229982267085,0.9364466292101951,0.09370930989583333
病例61,far,NBI,mid_fusion,0,0,0.75,0.10182785431728276,0.02803164643295594,0.9325826782772729,0.09209526909722222
病例61,far,NBI,mid_fusion,0,0,0.8,0.11737825671804665,0.022234347292320284,0.9267070070502821,0.08997260199652778
病例61,far,NBI,mid_fusion,0,0,0.85,0.14309098349474833,0.015209384804255899,0.9154431855407649,0.08671739366319445
病例61,far,NBI,mid_fusion,0,0,0.9,0.19383440185513573,0.006411130814350021,0.8895243828985192,0.08079698350694445
病例61,far,NBI,mid_fusion,0,0,0.95,0.300982130677943,0.0015004774246351112,0.8221232904150237,0.06965467664930555
病例61,near,WLI,mid_fusion,0,0,0.05,0.0,5.139139847620633,0.28014579384733623,1.0
病例61,near,WLI,mid_fusion,0,0,0.1,0.0,5.139139847620633,0.28014579384733623,1.0
病例61,near,WLI,mid_fusion,0,0,0.15,0.0,0.9596153045505641,0.6757635010611283,0.3192003038194444
病例61,near,WLI,mid_fusion,0,0,0.2,0.00037470335984012655,0.789791415129689,0.7167271153290098,0.2914767795138889
病例61,near,WLI,mid_fusion,0,0,0.25,0.0007910404263291561,0.41383904409009536,0.8281716385706651,0.2301703559027778
病例61,near,WLI,mid_fusion,0,0,0.3,0.0012073774928181855,0.3018027394978975,0.8682905642606169,0.21185302734375
病例61,near,WLI,mid_fusion,0,0,0.35,0.0016237145593072152,0.25592239477080647,0.8857533335779453,0.2043117947048611
病例61,near,WLI,mid_fusion,0,0,0.4,0.0021649527457429534,0.23435613472667471,0.8940408467762864,0.2007107204861111
病例61,near,WLI,mid_fusion,0,0,0.45,0.0029976268787210124,0.2187018610266872,0.8999417501251433,0.1980251736111111
病例61,near,WLI,mid_fusion,0,0,0.5,0.004579707731379325,0.20512927265914485,0.9047015419526919,0.195556640625
病例61,near,WLI,mid_fusion,0,0,0.55,0.010200258128981224,0.1353511803155835,0.9315100697419255,0.18327501085069445
病例61,near,WLI,mid_fusion,0,0,0.6,0.015487738873391898,0.12182022565469004,0.9348118279551415,0.1802096896701389
病例61,near,WLI,mid_fusion,0,0,0.65,0.022648736417003205,0.1101211540863483,0.9363968168472917,0.17713758680555555
病例61,near,WLI,mid_fusion,0,0,0.7,0.029934635080561222,0.10125317457013198,0.9366645896546066,0.1745062934027778
病例61,near,WLI,mid_fusion,0,0,0.75,0.03938548648986219,0.09213539281402224,0.9359294189211319,0.1714816623263889
病例61,near,WLI,mid_fusion,0,0,0.8,0.05204213331112869,0.08172696615179649,0.9340936596153225,0.167724609375
病例61,near,WLI,mid_fusion,0,0,0.85,0.07069403388983721,0.06865398226404097,0.9302548500678691,0.16255696614583334
病例61,near,WLI,mid_fusion,0,0,0.9,0.10558308006161789,0.044881135767517386,0.9224130528103855,0.15300157335069445
病例61,near,WLI,mid_fusion,0,0,0.95,0.20117407052749905,0.014655064740413839,0.8809862711766357,0.13250732421875
病例61,near,NBI,mid_fusion,0,0,0.05,0.0,0.8915770839212869,0.691664078789454,1.0
病例61,near,NBI,mid_fusion,0,0,0.1,0.0,0.8915001154527029,0.6916824901063461,0.9999593098958334
病例61,near,NBI,mid_fusion,0,0,0.15,0.0,0.41314108320291454,0.8287953049742024,0.7470703125
病例61,near,NBI,mid_fusion,0,0,0.2,0.0,0.37392564845934784,0.8424863690642113,0.7263387044270834
病例61,near,NBI,mid_fusion,0,0,0.25,0.0,0.30946455602021705,0.8660015997151251,0.6922607421875
病例61,near,NBI,mid_fusion,0,0,0.3,0.0012956358878312851,0.27750981347974446,0.8775135256983332,0.6746826171875
病例61,near,NBI,mid_fusion,0,0,0.35,0.0030787387433614697,0.26189804243528236,0.8826923513772502,0.6654866536458334
病例61,near,NBI,mid_fusion,0,0,0.4,0.005054262770351746,0.2539574620930292,0.884827535065749,0.6602444118923612
病例61,near,NBI,mid_fusion,0,0,0.45,0.007170895656412757,0.2480950304025451,0.8860889924374825,0.6560262044270834
病例61,near,NBI,mid_fusion,0,0,0.5,0.00919773199579239,0.24263026913307847,0.8872462020040279,0.6520657009548612
病例61,near,NBI,mid_fusion,0,0,0.55,0.018369807835390103,0.18210739666983092,0.9073468032626,0.6152208116319444
病例61,near,NBI,mid_fusion,0,0,0.6,0.02196166970264515,0.17169099725479128,0.9099176512704917,0.6078152126736112
病例61,near,NBI,mid_fusion,0,0,0.65,0.026477153192908637,0.16226235985324677,0.9116299183743991,0.6004435221354166
病例61,near,NBI,mid_fusion,0,0,0.7,0.031069605151756163,0.15180747620391513,0.9137672392929387,0.5924886067708334
病例61,near,NBI,mid_fusion,0,0,0.75,0.0382020165738769,0.13799163609308054,0.9160898544167123,0.5814141167534722
病例61,near,NBI,mid_fusion,0,0,0.8,0.04696359391435975,0.12241834928291044,0.9183880338704998,0.5685492621527778
病例61,near,NBI,mid_fusion,0,0,0.85,0.06290889498935269,0.10261179670061832,0.918850587724182,0.5496487087673612
病例61,near,NBI,mid_fusion,0,0,0.9,0.10102111501654822,0.06765528388536829,0.9142309222664886,0.5110202365451388
病例61,near,NBI,mid_fusion,0,0,0.95,0.3591220463350181,0.002334710213715781,0.7800304461526367,0.3400404188368056
病例67,far,WLI,mid_fusion,0,0,0.05,0.0,16.774349083895853,0.106528327084014,1.0
病例67,far,WLI,mid_fusion,0,0,0.1,0.0,16.774228543876568,0.10652901104961988,0.9999932183159722
病例67,far,WLI,mid_fusion,0,0,0.15,0.0,8.704194792671167,0.18684263867909862,0.5459662543402778
病例67,far,WLI,mid_fusion,0,0,0.2,0.0,8.218056894889104,0.19573193030447955,0.51861572265625
病例67,far,WLI,mid_fusion,0,0,0.25,0.0,5.810511089681774,0.25606518920881527,0.3831651475694444
病例67,far,WLI,mid_fusion,0,0,0.3,0.0,4.564488910318226,0.3046695679312792,0.3130628797743056
病例67,far,WLI,mid_fusion,0,0,0.35,0.0,3.9418997107039537,0.3365926887646841,0.2780354817708333
病例67,far,WLI,mid_fusion,0,0,0.4,0.0,3.6652603664416588,0.3530287878457988,0.2624715169270833
病例67,far,WLI,mid_fusion,0,0,0.45,0.0,3.489633558341369,0.36432304246549485,0.2525906032986111
病例67,far,WLI,mid_fusion,0,0,0.5,0.0,3.3551108968177434,0.37347499212088986,0.2450222439236111
病例67,far,WLI,mid_fusion,0,0,0.55,0.0,1.3607762777242045,0.5951006061454213,0.1328192816840278
病例67,far,WLI,mid_fusion,0,0,0.6,0.0,1.188404050144648,0.6272730709590288,0.12312147352430555
病例67,far,WLI,mid_fusion,0,0,0.65,0.0,1.068466730954677,0.6517913262073703,0.11637369791666667
病例67,far,WLI,mid_fusion,0,0,0.7,0.0,0.96950337512054,0.673513294091035,0.1108059353298611
病例67,far,WLI,mid_fusion,0,0,0.75,0.0,0.8613789778206364,0.6989636869125496,0.10472276475694445
病例67,far,WLI,mid_fusion,0,0,0.8,0.0003616200578592093,0.7456605593056895,0.7282546651998759,0.09819200303819445
病例67,far,WLI,mid_fusion,0,0,0.85,0.004580520732883318,0.599566055930569,0.7671869193572687,0.08973524305555555
病例67,far,WLI,mid_fusion,0,0,0.9,0.033992285438765674,0.32196239151398265,0.8444233707347114,0.07246229383680555
病例67,far,WLI,mid_fusion,0,0,0.95,0.2958052073288332,0.06328351012536163,0.7968355725240617,0.04317898220486111
病例67,far,NBI,mid_fusion,0,0,0.05,0.0,28.97682455783696,0.06456439704671726,1.0
病例67,far,NBI,mid_fusion,0,0,0.1,0.0,28.967676356983127,0.06458347009777156,0.99969482421875
病例67,far,NBI,mid_fusion,0,0,0.15,0.0,8.044521244155316,0.19911352182760406,0.3017171223958333
病例67,far,NBI,mid_fusion,0,0,0.2,0.0,7.370197194551738,0.21344267985721288,0.2792222764756944
病例67,far,NBI,mid_fusion,0,0,0.25,0.0,4.707867452734296,0.29815735240544866,0.19040934244791666
病例67,far,NBI,mid_fusion,0,0,0.3,0.0,3.424883106322423,0.3686715383160252,0.1476101345486111
病例67,far,NBI,mid_fusion,0,0,0.35,0.0,2.88595242935556,0.409336772903348,0.1296318901909722
病例67,far,NBI,mid_fusion,0,0,0.4,0.0,2.666802195568205,0.4285589823992483,0.12232123480902778
病例67,far,NBI,mid_fusion,0,0,0.45,0.0,2.534458223216101,0.44106702532866593,0.11790635850694445
病例67,far,NBI,mid_fusion,0,0,0.5,0.0006098800569221387,2.4250863996747305,0.4517551920582073,0.11423746744791667
病例67,far,NBI,mid_fusion,0,0,0.55,0.18072779020126042,1.094734702175239,0.5622994279296616,0.06384955512152778
病例67,far,NBI,mid_fusion,0,0,0.6,0.21915023378735515,0.9455173815816222,0.5728133621611153,0.05759006076388889
病例67,far,NBI,mid_fusion,0,0,0.65,0.2443586094734702,0.8497662126448465,0.5800561797707549,0.05355495876736111
病例67,far,NBI,mid_fusion,0,0,0.7,0.26387477129497866,0.7664159381988209,0.5883021933339699,0.05012342664930555
病例67,far,NBI,mid_fusion,0,0,0.75,0.28176458629802803,0.670054889205123,0.6014640789870491,0.04631212022569445
病例67,far,NBI,mid_fusion,0,0,0.8,0.30554990851799146,0.5533645049806871,0.6178891200088822,0.0416259765625
病例67,far,NBI,mid_fusion,0,0,0.85,0.34742833909331167,0.34600528562716,0.6530363136949137,0.03331163194444445
病例67,far,NBI,mid_fusion,0,0,0.9,0.46676153689774347,0.061597885749136,0.6687061822731841,0.019843207465277776
病例67,far,NBI,mid_fusion,0,0,0.95,0.9837365318154097,0.0,0.03200640127961579,0.0005425347222222222
病例67,near,WLI,mid_fusion,0,0,0.05,0.0,7.640337513184109,0.2074616160755355,1.0
病例67,near,WLI,mid_fusion,0,0,0.1,0.0,7.6401031290284775,0.20746666018295418,0.9999728732638888
病例67,near,WLI,mid_fusion,0,0,0.15,0.0,2.5767608109691786,0.4369902825605426,0.4139607747395833
病例67,near,WLI,mid_fusion,0,0,0.2,0.0,2.3574944333763037,0.45897935856860217,0.3885837131076389
病例67,near,WLI,mid_fusion,0,0,0.25,0.00357435837337396,1.3409703504043127,0.5971276072747435,0.2705213758680556
病例67,near,WLI,mid_fusion,0,0,0.3,0.03293097386616665,1.0337513184108755,0.6445364367713728,0.2315673828125
病例67,near,WLI,mid_fusion,0,0,0.35,0.0604125161139107,0.8885503339974218,0.6644566456010267,0.2115817599826389
病例67,near,WLI,mid_fusion,0,0,0.4,0.06967069026133833,0.8238017110043361,0.6755882728380163,0.20301649305555555
病例67,near,WLI,mid_fusion,0,0,0.45,0.07465135356849877,0.7858900738310091,0.6826021180015505,0.1980523003472222
病例67,near,WLI,mid_fusion,0,0,0.5,0.07892886440876597,0.7557717098324154,0.688177221284311,0.19407145182291666
病例67,near,WLI,mid_fusion,0,0,0.55,0.1917262393062229,0.47345599437478025,0.708474576269367,0.1483425564236111
病例67,near,WLI,mid_fusion,0,0,0.6,0.20619946091644206,0.4205437712410641,0.7169621592995052,0.14054361979166666
病例67,near,WLI,mid_fusion,0,0,0.65,0.21862182116488926,0.3808742529005039,0.7227446410646792,0.1345147026909722
病例67,near,WLI,mid_fusion,0,0,0.7,0.23409117543654048,0.34489628501113323,0.7257030230665805,0.12856038411458334
病例67,near,WLI,mid_fusion,0,0,0.75,0.250263682175085,0.3084495488105004,0.7285409252648297,0.1224704318576389
病例67,near,WLI,mid_fusion,0,0,0.8,0.2723543888433142,0.26795968592523145,0.7292480253670927,0.11522759331597222
病例67,near,WLI,mid_fusion,0,0,0.85,0.3054611508262042,0.2180944568147193,0.726264513952617,0.1056247287326389
病例67,near,WLI,mid_fusion,0,0,0.9,0.40677370209773817,0.14502519629673033,0.682555199728021,0.08544243706597222
病例67,near,WLI,mid_fusion,0,0,0.95,0.5634595101371147,0.03293097386616665,0.5941462636550198,0.05433485243055555
病例67,near,NBI,mid_fusion,0,0,0.05,0.0,13.789969909729187,0.12666268596030728,1.0
病例67,near,NBI,mid_fusion,0,0,0.1,0.0,13.789067201604814,0.12666992764432897,0.99993896484375
病例67,near,NBI,mid_fusion,0,0,0.15,0.0,6.276930792377131,0.2416354624880435,0.4920179578993056
病例67,near,NBI,mid_fusion,0,0,0.2,0.029689067201604816,5.375225677031093,0.26419061923907394,0.4290432400173611
病例67,near,NBI,mid_fusion,0,0,0.25,0.27091273821464396,1.279739217652959,0.48463230881897246,0.13582356770833334
病例67,near,NBI,mid_fusion,0,0,0.3,0.7344032096288866,0.34573721163490473,0.3296607531881129,0.04133436414930555
病例67,near,NBI,mid_fusion,0,0,0.35,0.9184553660982949,0.010030090270812437,0.14940733253561142,0.006191677517361111
病例67,near,NBI,mid_fusion,0,0,0.4,0.9843530591775326,0.0,0.030811771676567134,0.0010579427083333333
病例67,near,NBI,mid_fusion,0,0,0.45,0.9990972918756269,0.0,0.0018037879546868043,6.103515625e-05
病例67,near,NBI,mid_fusion,0,0,0.5,1.0,0.0,0.0,0.0
病例67,near,NBI,mid_fusion,0,0,0.55,1.0,0.0,0.0,0.0
病例67,near,NBI,mid_fusion,0,0,0.6,1.0,0.0,0.0,0.0
病例67,near,NBI,mid_fusion,0,0,0.65,1.0,0.0,0.0,0.0
病例67,near,NBI,mid_fusion,0,0,0.7,1.0,0.0,0.0,0.0
病例67,near,NBI,mid_fusion,0,0,0.75,1.0,0.0,0.0,0.0
病例67,near,NBI,mid_fusion,0,0,0.8,1.0,0.0,0.0,0.0
病例67,near,NBI,mid_fusion,0,0,0.85,1.0,0.0,0.0,0.0
病例67,near,NBI,mid_fusion,0,0,0.9,1.0,0.0,0.0,0.0
病例67,near,NBI,mid_fusion,0,0,0.95,1.0,0.0,0.0,0.0
病例69,far,WLI,mid_fusion,0,0,0.05,0.0,15.86560677113119,0.11194693948097495,1.0
病例69,far,WLI,mid_fusion,0,0,0.1,0.0,15.85382591787716,0.11202080770800532,0.9993014865451388
病例69,far,WLI,mid_fusion,0,0,0.15,0.00022875443211712226,6.116321628731557,0.24636762073838925,0.4219292534722222
病例69,far,WLI,mid_fusion,0,0,0.2,0.0008006405124099279,5.6464600251629875,0.2613768961489672,0.3940361870659722
病例69,far,WLI,mid_fusion,0,0,0.25,0.0065195013153379845,4.303213999771246,0.3155562014090032,0.3140530056423611
病例69,far,WLI,mid_fusion,0,0,0.3,0.02516298753288345,3.6852339014068396,0.34446105969295465,0.27630615234375
病例69,far,WLI,mid_fusion,0,0,0.35,0.03831636737961798,3.387510008006405,0.3595620937385401,0.25787353515625
病例69,far,WLI,mid_fusion,0,0,0.4,0.04975408898547409,3.2497998398718977,0.36547598099514894,0.2490302191840278
病例69,far,WLI,mid_fusion,0,0,0.45,0.05947615235045179,3.17488276335354,0.36772202844028323,0.2440117730034722
病例69,far,WLI,mid_fusion,0,0,0.5,0.07022761065995653,3.114720347706737,0.36862869580906804,0.23980712890625
病例69,far,WLI,mid_fusion,0,0,0.55,0.34896488619467003,2.1148347249227952,0.34575550493440926,0.1639946831597222
病例69,far,WLI,mid_fusion,0,0,0.6,0.3925426055129818,2.009836440581036,0.3358628976148237,0.1551852756076389
病例69,far,WLI,mid_fusion,0,0,0.65,0.4193068740706851,1.9277135994509893,0.33102953641412586,0.14872911241319445
病例69,far,WLI,mid_fusion,0,0,0.7,0.4428685805787487,1.8543978039574516,0.32661682368214495,0.14298502604166666
病例69,far,WLI,mid_fusion,0,0,0.75,0.46562964657440237,1.7736474894201075,0.32307585920640663,0.1368476019965278
病例69,far,WLI,mid_fusion,0,0,0.8,0.49433832780510123,1.677341873498799,0.31772611304639864,0.12943522135416666
病例69,far,WLI,mid_fusion,0,0,0.85,0.5281939837584353,1.5479812421365664,0.31247632754975957,0.11975775824652778
病例69,far,WLI,mid_fusion,0,0,0.9,0.5862976095161844,1.3246025391741965,0.30215947537570625,0.10306803385416667
病例69,far,WLI,mid_fusion,0,0,0.95,0.7978954592245224,0.8501658469632849,0.19695703059579245,0.06239149305555555
病例69,far,NBI,mid_fusion,0,0,0.05,0.0,4.013804828289698,0.33256815894500213,1.0
病例69,far,NBI,mid_fusion,0,0,0.1,0.0,4.013328799727984,0.3325944857845359,0.9999050564236112
病例69,far,NBI,mid_fusion,0,0,0.15,0.0,1.0019721183270995,0.6662287060521631,0.3992919921875
病例69,far,NBI,mid_fusion,0,0,0.2,0.0,0.9076844610676641,0.6878325439973246,0.3804863823784722
病例69,far,NBI,mid_fusion,0,0,0.25,0.00034002040122407346,0.6569874192451547,0.7525725694968098,0.3304172092013889
病例69,far,NBI,mid_fusion,0,0,0.3,0.002856171370282217,0.5643658619517171,0.7785594817734641,0.3114420572916667
病例69,far,NBI,mid_fusion,0,0,0.35,0.010676640598435906,0.5226793607616457,0.7876769809675578,0.3015679253472222
病例69,far,NBI,mid_fusion,0,0,0.4,0.020673240394423666,0.506426385583135,0.7879517413060653,0.2963324652777778
病例69,far,NBI,mid_fusion,0,0,0.45,0.028867732063923835,0.4967358041482489,0.7870212179652976,0.2927652994791667
病例69,far,NBI,mid_fusion,0,0,0.5,0.03621217273036382,0.48639918395103704,0.7867055231740401,0.2892388237847222
病例69,far,NBI,mid_fusion,0,0,0.55,0.30955457327439645,0.3189051343080585,0.687232422369596,0.20131429036458334
病例69,far,NBI,mid_fusion,0,0,0.6,0.35620537232233934,0.2887793267596056,0.6662561359665953,0.1860012478298611
病例69,far,NBI,mid_fusion,0,0,0.65,0.3976198571914315,0.2569534172050323,0.6479527458247573,0.1713935004340278
病例69,far,NBI,mid_fusion,0,0,0.7,0.43509010540632437,0.2254675280516831,0.6310511822227118,0.15764024522569445
病例69,far,NBI,mid_fusion,0,0,0.75,0.473206392383543,0.19850391023461408,0.6106698724884991,0.1446601019965278
病例69,far,NBI,mid_fusion,0,0,0.8,0.5105746344780687,0.16871812308738524,0.5903293278091492,0.13126627604166666
病例69,far,NBI,mid_fusion,0,0,0.85,0.5669500170010201,0.13083985039102347,0.5538113666988003,0.11246744791666667
病例69,far,NBI,mid_fusion,0,0,0.9,0.702754165249915,0.09513770826249575,0.4269597069586643,0.07826063368055555
病例69,far,NBI,mid_fusion,0,0,0.95,0.9047602856171371,0.030635838150289016,0.1691833776269353,0.025105794270833332
病例69,near,WLI,mid_fusion,0,0,0.05,0.0,2.297242906017307,0.46541469582704204,1.0
病例69,near,WLI,mid_fusion,0,0,0.1,0.0,2.297242906017307,0.46541469582704204,1.0
病例69,near,WLI,mid_fusion,0,0,0.15,0.0,1.4211444287918427,0.5845996980329127,0.7342936197916666
病例69,near,WLI,mid_fusion,0,0,0.2,0.0,1.3720847029359808,0.5931049117056072,0.7194146050347222
病例69,near,WLI,mid_fusion,0,0,0.25,0.0,1.074260414570336,0.6505629746002076,0.62908935546875
病例69,near,WLI,mid_fusion,0,0,0.3,0.0013863732921893517,0.8638670870508263,0.6977260122013407,0.5648600260416666
病例69,near,WLI,mid_fusion,0,0,0.35,0.00599271035978623,0.7572952304286577,0.7225721507459119,0.5311414930555556
病例69,near,WLI,mid_fusion,0,0,0.4,0.008586570067753405,0.7135126674269359,0.7330428959958228,0.5170762803819444
病例69,near,WLI,mid_fusion,0,0,0.45,0.01006238679814852,0.6889604436394535,0.7390632955762885,0.5091824001736112
病例69,near,WLI,mid_fusion,0,0,0.5,0.011158068916169137,0.669014556919568,0.7440897847918224,0.5028008355034722
病例69,near,WLI,mid_fusion,0,0,0.55,0.0906732854810939,0.2330225173855683,0.8489061456236965,0.3464558919270833
病例69,near,WLI,mid_fusion,0,0,0.6,0.10272578877932068,0.19051452337827865,0.8595450261322299,0.3299085828993056
病例69,near,WLI,mid_fusion,0,0,0.65,0.11714854319000022,0.16444176114129827,0.8624572670567379,0.317626953125
病例69,near,WLI,mid_fusion,0,0,0.7,0.13436640504460992,0.1455021131012276,0.8608405603726252,0.3066609700520833
病例69,near,WLI,mid_fusion,0,0,0.75,0.15138301916325664,0.12736745600500884,0.858930834690319,0.2960001627604167
病例69,near,WLI,mid_fusion,0,0,0.8,0.17083696697301043,0.108114755931218,0.8560084028753812,0.2842610677083333
病例69,near,WLI,mid_fusion,0,0,0.85,0.2009123230696988,0.08752040428434069,0.8471157151143792,0.2688937717013889
病例69,near,WLI,mid_fusion,0,0,0.9,0.28013684846045483,0.052234967912166544,0.8124416403775238,0.2341647677951389
病例69,near,WLI,mid_fusion,0,0,0.95,0.555018894926321,0.004897028241765613,0.6138186304740687,0.1364407009548611
病例69,near,NBI,mid_fusion,0,0,0.05,0.0,0.854162737183598,0.7007308917404824,1.0
病例69,near,NBI,mid_fusion,0,0,0.1,0.0,0.8537100607340903,0.7008420468211958,0.999755859375
病例69,near,NBI,mid_fusion,0,0,0.15,0.00089277855319577,0.41269002980119956,0.8285167593828936,0.7614203559027778
病例69,near,NBI,mid_fusion,0,0,0.2,0.001219711544506897,0.3874281690495052,0.8371274398208143,0.74761962890625
病例69,near,NBI,mid_fusion,0,0,0.25,0.0016598136481949526,0.3575012259987174,0.8475444748678443,0.7312418619791666
病例69,near,NBI,mid_fusion,0,0,0.3,0.0021502131351616434,0.3489380964955298,0.8503962321771336,0.7263590494791666
病例69,near,NBI,mid_fusion,0,0,0.35,0.002527443509751405,0.343367661297421,0.8522346368710506,0.7231513129340278
病例69,near,NBI,mid_fusion,0,0,0.4,0.0031813094923736594,0.3384007946986558,0.8537259104096893,0.7201199001736112
病例69,near,NBI,mid_fusion,0,0,0.45,0.0037345807084386436,0.33293095426710423,0.8554585011386379,0.7168714735243056
病例69,near,NBI,mid_fusion,0,0,0.5,0.00426270323286431,0.3282784463138305,0.8569109738013565,0.7140774197048612
病例69,near,NBI,mid_fusion,0,0,0.55,0.012624643202937368,0.3096306914632766,0.8597063621528735,0.6995103624131944
病例69,near,NBI,mid_fusion,0,0,0.6,0.01852201139235731,0.30007418864033597,0.8603598886710241,0.6911756727430556
病例69,near,NBI,mid_fusion,0,0,0.65,0.024733738227268726,0.2899644146013304,0.8610745668810132,0.682373046875
病例69,near,NBI,mid_fusion,0,0,0.7,0.03451657927496322,0.27863492901781783,0.8604567765645043,0.6709865993923612
病例69,near,NBI,mid_fusion,0,0,0.75,0.04301683704905252,0.2636840318382436,0.8618879633976422,0.6583387586805556
病例69,near,NBI,mid_fusion,0,0,0.8,0.05560375721453091,0.24328844291875715,0.863375100585778,0.6405504014756944
病例69,near,NBI,mid_fusion,0,0,0.85,0.08086561796622531,0.20899820186854778,0.8637942851735578,0.6084323459201388
病例69,near,NBI,mid_fusion,0,0,0.9,0.16312698831843273,0.13863216266173753,0.847249627639398,0.5261162651909722
病例69,near,NBI,mid_fusion,0,0,0.95,0.5919624781520741,0.006337470293108001,0.5769863354694775,0.2234836154513889
病例73,far,WLI,mid_fusion,0,0,0.05,0.0,23.27658873888706,0.07912460105511683,1.0
病例73,far,WLI,mid_fusion,0,0,0.1,0.0,23.264076391175504,0.07916378849682695,0.9994845920138888
病例73,far,WLI,mid_fusion,0,0,0.15,0.0,4.6508067171550875,0.30071539965764604,0.23276774088541666
病例73,far,WLI,mid_fusion,0,0,0.2,0.0,3.5595982877839973,0.35973822144463935,0.18781873914930555
病例73,far,WLI,mid_fusion,0,0,0.25,0.0,1.9578531445505434,0.5053244592325069,0.12183973524305555
病例73,far,WLI,mid_fusion,0,0,0.3,0.0,1.4683898584129074,0.5766364456231232,0.10167778862847222
病例73,far,WLI,mid_fusion,0,0,0.35,0.0,1.2434968719130721,0.6166184457610445,0.09241400824652778
病例73,far,WLI,mid_fusion,0,0,0.4,0.0,1.1386236417517286,0.6372219890860406,0.08809407552083333
病例73,far,WLI,mid_fusion,0,0,0.45,0.0,1.0694764570299637,0.6515769148216499,0.08524576822916667
病例73,far,WLI,mid_fusion,0,0,0.5,0.0,1.0036219953901877,0.6658627493934123,0.08253309461805555
病例73,far,WLI,mid_fusion,0,0,0.55,0.009384260783668094,0.568817912413566,0.7740897980138036,0.0642361111111111
病例73,far,WLI,mid_fusion,0,0,0.6,0.015311162331247942,0.49901218307540335,0.7929205886199594,0.061116536458333336
病例73,far,WLI,mid_fusion,0,0,0.65,0.023707606190319395,0.44007243990780376,0.8080670436682695,0.058342827690972224
病例73,far,WLI,mid_fusion,0,0,0.7,0.033915047744484686,0.3980902206124465,0.8172701949803811,0.056193033854166664
病例73,far,WLI,mid_fusion,0,0,0.75,0.04494567006914719,0.3531445505432993,0.827532096998377,0.053887261284722224
病例73,far,WLI,mid_fusion,0,0,0.8,0.058445834705301285,0.3007902535396773,0.8397944199644655,0.05117458767361111
病例73,far,WLI,mid_fusion,0,0,0.85,0.08561080013170892,0.2360882449785973,0.8504057571516581,0.04739040798611111
病例73,far,WLI,mid_fusion,0,0,0.9,0.15788607178136319,0.14438590714520907,0.8478368970591096,0.04063585069444445
病例73,far,WLI,mid_fusion,0,0,0.95,0.34869937438261445,0.02831741850510372,0.7755342089710298,0.027994791666666668
病例73,far,NBI,mid_fusion,0,0,0.05,0.0,12.088585123380081,0.1419588966872003,1.0
病例73,far,NBI,mid_fusion,0,0,0.1,0.0,12.078554944079531,0.1420600344241865,0.9992336697048612
病例73,far,NBI,mid_fusion,0,0,0.15,0.0,2.413988993431564,0.4531048906039794,0.2608371310763889
病例73,far,NBI,mid_fusion,0,0,0.2,0.0,2.207349547310492,0.47535864978802667,0.2450493706597222
病例73,far,NBI,mid_fusion,0,0,0.25,0.03301970530800639,1.7319368009941416,0.522845075829039,0.2062038845486111
病例73,far,NBI,mid_fusion,0,0,0.3,0.0711876442393041,1.5477543049884608,0.534327367425296,0.1892157660590278
病例73,far,NBI,mid_fusion,0,0,0.35,0.09240191727321143,1.4675128705840583,0.5378182200701194,0.1814643012152778
病例73,far,NBI,mid_fusion,0,0,0.4,0.10367477365524587,1.427214628084502,0.539379857381782,0.1775241427951389
病例73,far,NBI,mid_fusion,0,0,0.45,0.1124622758743121,1.3960589383987219,0.5405887600342211,0.1744723849826389
病例73,far,NBI,mid_fusion,0,0,0.5,0.12053967690395881,1.3708503461743298,0.5411546234077744,0.1719292534722222
病例73,far,NBI,mid_fusion,0,0,0.55,0.16341203621516065,1.0710101189419492,0.5754495222377646,0.1457451714409722
病例73,far,NBI,mid_fusion,0,0,0.6,0.18169714184271257,1.0081661636783241,0.5790283578790345,0.13954671223958334
病例73,far,NBI,mid_fusion,0,0,0.65,0.1984732824427481,0.9572164033374756,0.5810810810792114,0.1343722873263889
病例73,far,NBI,mid_fusion,0,0,0.7,0.2138292206639446,0.8808805254748802,0.589543049220922,0.12736680772569445
病例73,far,NBI,mid_fusion,0,0,0.75,0.230782886561335,0.8371205396769039,0.5902666621237943,0.12272813585069445
病例73,far,NBI,mid_fusion,0,0,0.8,0.2515533463518551,0.7907864370672821,0.5895060649470776,0.11760118272569445
病例73,far,NBI,mid_fusion,0,0,0.85,0.2824427480916031,0.7374400852121428,0.5845686600600746,0.11116536458333333
病例73,far,NBI,mid_fusion,0,0,0.9,0.33756435292029113,0.6494763003728031,0.5730630423075594,0.10023328993055555
病例73,far,NBI,mid_fusion,0,0,0.95,0.4618320610687023,0.4602343333925084,0.538598205558592,0.07628038194444445
病例73,near,WLI,mid_fusion,0,0,0.05,0.0,3.445328751017455,0.3672872826319613,1.0
病例73,near,WLI,mid_fusion,0,0,0.1,0.0,3.44517801694251,0.36729744992284036,0.9999660915798612
病例73,near,WLI,mid_fusion,0,0,0.15,0.0,0.3224804799372946,0.8611482495867533,0.2974989149305556
病例73,near,WLI,mid_fusion,0,0,0.2,0.0002110277049229749,0.2547104398420307,0.8869276850651383,0.2822062174479167
病例73,near,WLI,mid_fusion,0,0,0.25,0.004280847728437491,0.13252539869162822,0.9357187376042045,0.2538045247395833
病例73,near,WLI,mid_fusion,0,0,0.3,0.017002803653793978,0.09191763890145006,0.9475060659320507,0.24180772569444445
病例73,near,WLI,mid_fusion,0,0,0.35,0.0277350697898767,0.07606041421723794,0.9493266612687478,0.23582628038194445
病例73,near,WLI,mid_fusion,0,0,0.4,0.035301920352114796,0.06644358023574809,0.9499072356201115,0.2319607204861111
病例73,near,WLI,mid_fusion,0,0,0.45,0.041150402459980105,0.05863555515359802,0.9505394339664825,0.2288886176215278
病例73,near,WLI,mid_fusion,0,0,0.5,0.04612462693316451,0.051370172741249887,0.9513801190676658,0.22613525390625
病例73,near,WLI,mid_fusion,0,0,0.55,0.09731391878448042,0.035452654427059783,0.9314979001385417,0.21103922526041666
病例73,near,WLI,mid_fusion,0,0,0.6,0.10970425974495794,0.0285490337945796,0.927949725057458,0.2066989474826389
病例73,near,WLI,mid_fusion,0,0,0.65,0.12191371981550149,0.0235446625064062,0.9235086161782471,0.2028266059027778
病例73,near,WLI,mid_fusion,0,0,0.7,0.134605528925869,0.01950498929788068,0.9182393960704398,0.1990627712673611
病例73,near,WLI,mid_fusion,0,0,0.75,0.14916644056555425,0.015344728829399175,0.9118459525371762,0.1948513454861111
病例73,near,WLI,mid_fusion,0,0,0.8,0.16791775948871002,0.01184769829067559,0.9025096051648778,0.1898464626736111
病例73,near,WLI,mid_fusion,0,0,0.85,0.19339181815441198,0.007657291007205089,0.8891842940448161,0.1831732855902778
病例73,near,WLI,mid_fusion,0,0,0.9,0.2403002622772904,0.0036779114286575624,0.8616415639463497,0.1717258029513889
病例73,near,WLI,mid_fusion,0,0,0.95,0.3409906243405384,0.0029845346839106448,0.7930346453822001,0.1489189995659722
病例73,near,NBI,mid_fusion,0,0,0.05,0.0,2.906015734682525,0.40766277732461104,1.0
病例73,near,NBI,mid_fusion,0,0,0.1,0.0,2.906015734682525,0.40766277732461104,1.0
病例73,near,NBI,mid_fusion,0,0,0.15,0.0,0.45487536753993274,0.8147053110896101,0.3724704318576389
病例73,near,NBI,mid_fusion,0,0,0.2,7.946809356043549e-05,0.39702259542793567,0.8343297932290447,0.3576388888888889
病例73,near,NBI,mid_fusion,0,0,0.25,0.0002913830097215968,0.25231119705438265,0.8878328785159407,0.3205362955729167
病例73,near,NBI,mid_fusion,0,0,0.3,0.0018277661518900162,0.18659108367990251,0.9137577748937112,0.3033175998263889
病例73,near,NBI,mid_fusion,0,0,0.35,0.0042118089587030805,0.1577706550819846,0.9247838226781082,0.2953287760416667
病例73,near,NBI,mid_fusion,0,0,0.4,0.006807766681677306,0.14436703663479114,0.9292769068704018,0.2912326388888889
病例73,near,NBI,mid_fusion,0,0,0.45,0.009509681862732114,0.134671929220418,0.9321550101575129,0.2880588107638889
病例73,near,NBI,mid_fusion,0,0,0.5,0.012608937511589096,0.12397022595427935,0.9353122726006382,0.2845255533854167
病例73,near,NBI,mid_fusion,0,0,0.55,0.024847023919896162,0.055097878201901936,0.9606231407534045,0.2637600368923611
病例73,near,NBI,mid_fusion,0,0,0.6,0.03282032264045986,0.049641069110752035,0.9591131775602413,0.2603217230902778
病例73,near,NBI,mid_fusion,0,0,0.65,0.04121745119334587,0.045508728245609385,0.9567297525891352,0.2571139865451389
病例73,near,NBI,mid_fusion,0,0,0.7,0.05048872877539668,0.04190617467086965,0.9536034478159121,0.2538180881076389
病例73,near,NBI,mid_fusion,0,0,0.75,0.0639983046806707,0.037906280628327724,0.9483741964908029,0.2493353949652778
病例73,near,NBI,mid_fusion,0,0,0.8,0.07713702948266271,0.03403883340838653,0.9431878172576065,0.24498155381944445
病例73,near,NBI,mid_fusion,0,0,0.85,0.10050064898943074,0.02924425843024026,0.932730868536872,0.23777262369791666
病例73,near,NBI,mid_fusion,0,0,0.9,0.14362533442822706,0.020290853222431193,0.9126556192291553,0.22443983289930555
病例73,near,NBI,mid_fusion,0,0,0.95,0.25183438849302003,0.006993192233318323,0.8525332407660053,0.1933322482638889
病例78,far,WLI,mid_fusion,0,0,0.05,0.0,20.485647675943465,0.08894562561960034,1.0
病例78,far,WLI,mid_fusion,0,0,0.1,0.0,20.460002914177473,0.0890471834594571,0.9988064236111112
病例78,far,WLI,mid_fusion,0,0,0.15,0.0,1.936179513332362,0.5081069075275483,0.13665771484375
病例78,far,WLI,mid_fusion,0,0,0.2,0.0,1.462771382777211,0.5775720597493054,0.1146240234375
病例78,far,WLI,mid_fusion,0,0,0.25,0.0,1.02156491330322,0.6619086656668665,0.0940890842013889
病例78,far,WLI,mid_fusion,0,0,0.3,0.0,0.7792510563893341,0.7196183286110956,0.08281114366319445
病例78,far,WLI,mid_fusion,0,0,0.35,0.0,0.6712807809995629,0.7487045218963142,0.0777859157986111
病例78,far,WLI,mid_fusion,0,0,0.4,0.0002914177473408131,0.61649424449949,0.7642439431870551,0.0752224392361111
病例78,far,WLI,mid_fusion,0,0,0.45,0.0004371266210112196,0.5818155325659332,0.7744411831069403,0.07360161675347222
病例78,far,WLI,mid_fusion,0,0,0.5,0.0014570887367040652,0.5500509981057846,0.7836029958219449,0.07207573784722222
病例78,far,WLI,mid_fusion,0,0,0.55,0.004371266210112196,0.4225557336441789,0.8234514340755396,0.0660061306423611
病例78,far,WLI,mid_fusion,0,0,0.6,0.0067026081888387,0.3830686288794988,0.8359801336634006,0.0640597873263889
病例78,far,WLI,mid_fusion,0,0,0.65,0.01005391228325805,0.3499927145563165,0.8461298960031999,0.06236436631944445
病例78,far,WLI,mid_fusion,0,0,0.7,0.014716596240711059,0.32245373743260963,0.8538956938953536,0.06086561414930555
病例78,far,WLI,mid_fusion,0,0,0.75,0.021127786682208948,0.29098062071980185,0.8624983951671428,0.059102376302083336
病例78,far,WLI,mid_fusion,0,0,0.8,0.030307445723444557,0.2577589975229492,0.8706744292479186,0.05712890625
病例78,far,WLI,mid_fusion,0,0,0.85,0.04735538394288212,0.20821798047501092,0.8817262306076754,0.05402967664930555
病例78,far,WLI,mid_fusion,0,0,0.9,0.08553110884452864,0.14148331633396474,0.8895818568328165,0.04914686414930555
病例78,far,WLI,mid_fusion,0,0,0.95,0.20151537228617222,0.05784642284715139,0.8602825745615362,0.03985595703125
病例78,far,NBI,mid_fusion,0,0,0.05,0.0,5.546616941928609,0.2650194140485557,1.0
病例78,far,NBI,mid_fusion,0,0,0.1,0.0,5.54621736814065,0.26503344688195923,0.99993896484375
病例78,far,NBI,mid_fusion,0,0,0.15,0.0,1.6497957733972652,0.5479758660950905,0.4047580295138889
病例78,far,NBI,mid_fusion,0,0,0.2,0.0,1.4945835553187712,0.5723142595784985,0.3810492621527778
病例78,far,NBI,mid_fusion,0,0,0.25,0.003640561179186645,1.0427543953116676,0.6556907659260285,0.3114759657118056
病例78,far,NBI,mid_fusion,0,0,0.3,0.007591901971230687,0.8343544663470076,0.702151719804143,0.2790391710069444
病例78,far,NBI,mid_fusion,0,0,0.35,0.0090126087728645,0.737480021310602,0.7264058838832231,0.2640245225694444
病例78,far,NBI,mid_fusion,0,0,0.4,0.01007813887408986,0.6913958444326053,0.7383846077412684,0.2568223741319444
病例78,far,NBI,mid_fusion,0,0,0.45,0.01114366897531522,0.6608506481974783,0.7463891960712671,0.2519938151041667
病例78,far,NBI,mid_fusion,0,0,0.5,0.012431184514295862,0.6343455869294974,0.7533188837700601,0.2477484809027778
病例78,far,NBI,mid_fusion,0,0,0.55,0.015361392292665602,0.45378263185935,0.8076033719920478,0.2197197808159722
病例78,far,NBI,mid_fusion,0,0,0.6,0.01740365832001421,0.41102823654768245,0.8210112401216363,0.21287706163194445
病例78,far,NBI,mid_fusion,0,0,0.65,0.019534718522464925,0.37830758302255374,0.8313350524180178,0.2075534396701389
病例78,far,NBI,mid_fusion,0,0,0.7,0.022198543775528327,0.35215769845498135,0.8393292682910836,0.2031521267361111
病例78,far,NBI,mid_fusion,0,0,0.75,0.025927899129817085,0.3275173148641449,0.846434289460376,0.1988186306423611
病例78,far,NBI,mid_fusion,0,0,0.8,0.03272065352512875,0.30065707689575566,0.8530039347711509,0.19367811414930555
病例78,far,NBI,mid_fusion,0,0,0.85,0.04470786716391405,0.2639406854910318,0.8609210578944886,0.18623860677083334
病例78,far,NBI,mid_fusion,0,0,0.9,0.07334398863434559,0.20027526194281656,0.8713549168161827,0.17213948567708334
病例78,far,NBI,mid_fusion,0,0,0.95,0.15716568993074054,0.10721896643580181,0.8644218291080654,0.14512125651041666
病例78,near,WLI,mid_fusion,0,0,0.05,0.0,2.677298685752762,0.4275972381432499,1.0
病例78,near,WLI,mid_fusion,0,0,0.1,0.0,2.677298685752762,0.4275972381432499,1.0
病例78,near,WLI,mid_fusion,0,0,0.15,0.0,0.388089478540612,0.8374895572255248,0.3774753146701389
病例78,near,WLI,mid_fusion,0,0,0.2,0.0,0.3441482331230205,0.853188365709001,0.3655259874131944
病例78,near,WLI,mid_fusion,0,0,0.25,0.0,0.2718272276116611,0.8803486355343911,0.3458591037326389
病例78,near,WLI,mid_fusion,0,0,0.3,0.0,0.2333225267463029,0.8955267213068143,0.33538818359375
病例78,near,WLI,mid_fusion,0,0,0.35,0.0,0.20930696526097908,0.905261256785785,0.328857421875
病例78,near,WLI,mid_fusion,0,0,0.4,9.975311105015088e-05,0.19628918426893438,0.9105774144087769,0.3252902560763889
病例78,near,WLI,mid_fusion,0,0,0.45,0.0006483952218259807,0.18621412005286914,0.9145015347038253,0.3224012586805556
病例78,near,WLI,mid_fusion,0,0,0.5,0.0017955559989027159,0.17499189505972718,0.9186509530301703,0.3190375434027778
病例78,near,WLI,mid_fusion,0,0,0.55,0.044315319584029525,0.13384373675153993,0.9147371938691522,0.2962849934895833
病例78,near,WLI,mid_fusion,0,0,0.6,0.05237038330132921,0.12037706675976957,0.9164666867640441,0.2904324001736111
病例78,near,WLI,mid_fusion,0,0,0.65,0.06040050874086635,0.10523953215790917,0.9189960485866152,0.2841322157118056
病例78,near,WLI,mid_fusion,0,0,0.7,0.06725853512556423,0.09119928177760044,0.9217082727507803,0.2784491644965278
病例78,near,WLI,mid_fusion,0,0,0.75,0.07516396917628869,0.07548816678720167,0.9246861403037929,0.2720269097222222
病例78,near,WLI,mid_fusion,0,0,0.8,0.08613681139180528,0.06015112596324098,0.9258931729737153,0.2648722330729167
病例78,near,WLI,mid_fusion,0,0,0.85,0.1082321254894137,0.04314322052919026,0.9217662525120872,0.2542385525173611
病例78,near,WLI,mid_fusion,0,0,0.9,0.15249756851791815,0.022943215541534702,0.9062037518487178,0.23670789930555555
病例78,near,WLI,mid_fusion,0,0,0.95,0.2531484575675204,0.0014464201102271877,0.8543755794866923,0.2034912109375
病例78,near,NBI,mid_fusion,0,0,0.05,0.0,0.9178025179481843,0.6854473487141687,1.0
病例78,near,NBI,mid_fusion,0,0,0.1,0.0,0.9178025179481843,0.6854473487141687,1.0
病例78,near,NBI,mid_fusion,0,0,0.15,0.0,0.2144027676620539,0.9031780619161739,0.6332261827256944
病例78,near,NBI,mid_fusion,0,0,0.2,0.0,0.1855035896368744,0.9151208945536958,0.6181572808159722
病例78,near,NBI,mid_fusion,0,0,0.25,0.0,0.10143325356362501,0.9517313940888431,0.5743204752604166
病例78,near,NBI,mid_fusion,0,0,0.3,2.6011861408802414e-05,0.07683903860160234,0.962988940518679,0.5614827473958334
病例78,near,NBI,mid_fusion,0,0,0.35,0.0005202372281760483,0.06626521693892415,0.9676700392234717,0.5557115342881944
病例78,near,NBI,mid_fusion,0,0,0.4,0.0012225574862137134,0.06045156591405681,0.970049895786667,0.5523139105902778
病例78,near,NBI,mid_fusion,0,0,0.45,0.002002913328477786,0.05579544272188118,0.971857743552756,0.5494791666666666
病例78,near,NBI,mid_fusion,0,0,0.5,0.0031084174383518882,0.051893663510560815,0.9731538085528365,0.5468682183159722
病例78,near,NBI,mid_fusion,0,0,0.55,0.0667854541671002,0.03005670585787119,0.950673061634857,0.5022786458333334
病例78,near,NBI,mid_fusion,0,0,0.6,0.08067578815940069,0.02618093850795963,0.9450750738699176,0.4930148654513889
病例78,near,NBI,mid_fusion,0,0,0.65,0.09455311622099677,0.022812402455519718,0.9391339538641986,0.4840223524305556
病例78,near,NBI,mid_fusion,0,0,0.7,0.11042035168036625,0.019795026532098636,0.9318020816297942,0.4741753472222222
病例78,near,NBI,mid_fusion,0,0,0.75,0.1283165123296223,0.015138903339923005,0.923969836083017,0.4624159071180556
病例78,near,NBI,mid_fusion,0,0,0.8,0.14815055665383414,0.01197846217875351,0.9140859419696914,0.4504258897569444
病例78,near,NBI,mid_fusion,0,0,0.85,0.18030121735511392,0.008453854957860784,0.8967509230730016,0.43182373046875
病例78,near,NBI,mid_fusion,0,0,0.9,0.2520939548434086,0.004148891894703985,0.8537472533992119,0.3921440972222222
病例78,near,NBI,mid_fusion,0,0,0.95,0.45308760794922487,0.0001690770991572157,0.7070246822241686,0.2852647569444444
病例81,far,WLI,mid_fusion,0,0,0.05,0.0,14.190687132996807,0.12352780234525713,1.0
病例81,far,WLI,mid_fusion,0,0,0.1,0.0,14.187390542907181,0.12355295899591834,0.9997829861111112
病例81,far,WLI,mid_fusion,0,0,0.15,0.013495415679406614,3.3279076954774904,0.3712563242670222,0.2840169270833333
病例81,far,WLI,mid_fusion,0,0,0.2,0.018028227052642423,2.7154630678891523,0.4180885126531469,0.2434014214409722
病例81,far,WLI,mid_fusion,0,0,0.25,0.07489440609869166,1.563407850005151,0.5303723828351582,0.163818359375
病例81,far,WLI,mid_fusion,0,0,0.3,0.1219738333161636,1.1863603585041722,0.5730518389007832,0.1358981662326389
病例81,far,WLI,mid_fusion,0,0,0.35,0.15411558669001751,1.0207067065004636,0.5901674692712205,0.12287733289930555
病例81,far,WLI,mid_fusion,0,0,0.4,0.17162872154115585,0.9441640053569589,0.5975550849009863,0.11668565538194445
病例81,far,WLI,mid_fusion,0,0,0.45,0.18522715566086329,0.8950242093334707,0.6013534063237479,0.11255560980902778
病例81,far,WLI,mid_fusion,0,0,0.5,0.1971772947357577,0.8535077778922427,0.6044599573371943,0.1090359157986111
病例81,far,WLI,mid_fusion,0,0,0.55,0.25929741423714847,0.6147110332749562,0.6289363191015179,0.08922661675347222
病例81,far,WLI,mid_fusion,0,0,0.6,0.276707530647986,0.570001030184403,0.6307892727162715,0.08513726128472222
病例81,far,WLI,mid_fusion,0,0,0.65,0.29082105696919747,0.5317811888328011,0.6329241943610862,0.0816921657986111
病例81,far,WLI,mid_fusion,0,0,0.7,0.30266817760379106,0.4968579375708252,0.6356166956165283,0.07861328125
病例81,far,WLI,mid_fusion,0,0,0.75,0.31513340888018954,0.45606263521170287,0.6397844288295651,0.0751071506076389
病例81,far,WLI,mid_fusion,0,0,0.8,0.3311012671268157,0.4092922633151334,0.6437317206134747,0.07097710503472222
病例81,far,WLI,mid_fusion,0,0,0.85,0.35613474811991347,0.34706912537344187,0.6467970609508082,0.06523301866319445
病例81,far,WLI,mid_fusion,0,0,0.9,0.39847532708354794,0.24508086947563615,0.6514923291455983,0.055731879340277776
病例81,far,WLI,mid_fusion,0,0,0.95,0.4956217162872154,0.07211290821056969,0.6398745344008372,0.03795030381944445
病例81,far,NBI,mid_fusion,0,0,0.05,0.0,6.344523584200827,0.23967815296076614,1.0
病例81,far,NBI,mid_fusion,0,0,0.1,0.0,6.34268067938437,0.23973109805592985,0.9997490776909722
病例81,far,NBI,mid_fusion,0,0,0.15,0.06599591572446083,0.40937391044478755,0.7971433429671885,0.18290879991319445
病例81,far,NBI,mid_fusion,0,0,0.2,0.07934452358420083,0.2663246500971261,0.841942242869541,0.1616143120659722
病例81,far,NBI,mid_fusion,0,0,0.25,0.16650894057877172,0.09035214424465807,0.8664854368909606,0.1257866753472222
病例81,far,NBI,mid_fusion,0,0,0.3,0.24241669572147234,0.0704786571698959,0.8288376655200566,0.11274549696180555
病例81,far,NBI,mid_fusion,0,0,0.35,0.28330925935149676,0.06470090152911291,0.8046414091966877,0.10639105902777778
病例81,far,NBI,mid_fusion,0,0,0.4,0.30472680181301987,0.0613139413258953,0.7916182266685807,0.10301378038194445
病例81,far,NBI,mid_fusion,0,0,0.45,0.31712905314539025,0.059371420032873434,0.7838989107727954,0.10106065538194445
病例81,far,NBI,mid_fusion,0,0,0.5,0.3281864820441301,0.056681775165612396,0.7773391349428657,0.09918891059027778
病例81,far,NBI,mid_fusion,0,0,0.55,0.4015540170344175,0.05274692434128605,0.7248650116113394,0.08866373697916667
病例81,far,NBI,mid_fusion,0,0,0.6,0.4161976390895054,0.049509388852916274,0.7148694803588836,0.08622911241319445
病例81,far,NBI,mid_fusion,0,0,0.65,0.4279025750859192,0.04681974398565523,0.7067655293335792,0.08426920572916667
病例81,far,NBI,mid_fusion,0,0,0.7,0.43960751108233304,0.043881057926981125,0.6986246080266427,0.082275390625
病例81,far,NBI,mid_fusion,0,0,0.75,0.4506649399810729,0.040195248294067835,0.6911916773706915,0.08026801215277778
病例81,far,NBI,mid_fusion,0,0,0.8,0.46381431488768243,0.03561289037206754,0.682257502295268,0.0778537326388889
病例81,far,NBI,mid_fusion,0,0,0.85,0.48433530906011857,0.028888778203914927,0.6677200902913004,0.07414415147569445
病例81,far,NBI,mid_fusion,0,0,0.9,0.5194999252876425,0.02032176121930567,0.6403159431812017,0.06818983289930555
病例81,far,NBI,mid_fusion,0,0,0.95,0.595557105145191,0.00896548289087015,0.5722944638243215,0.05628797743055555
病例81,near,WLI,mid_fusion,0,0,0.05,0.0,3.6009547879809043,0.3570819754322403,1.0
病例81,near,WLI,mid_fusion,0,0,0.1,0.0,3.5994570813441915,0.3571774854141342,0.9996744791666666
病例81,near,WLI,mid_fusion,0,0,0.15,0.050766014540235264,0.23407906642952978,0.8695353922214718,0.2571885850694444
病例81,near,WLI,mid_fusion,0,0,0.2,0.07560298293238478,0.15997379013385754,0.8869794317522125,0.2356838650173611
病例81,near,WLI,mid_fusion,0,0,0.25,0.16811756997098193,0.06324690317950638,0.8779162619146847,0.1945529513888889
病例81,near,WLI,mid_fusion,0,0,0.3,0.21822833785765547,0.03716184592342975,0.8595934471209201,0.17799207899305555
病例81,near,WLI,mid_fusion,0,0,0.35,0.247808043932728,0.02670910168804019,0.8456816108874523,0.16929117838541666
病例81,near,WLI,mid_fusion,0,0,0.4,0.2656557146868857,0.022153577334706232,0.8361459480569223,0.1644219292534722
病例81,near,WLI,mid_fusion,0,0,0.45,0.27754376111579143,0.02006302848762832,0.8292088958907904,0.1613837348090278
病例81,near,WLI,mid_fusion,0,0,0.5,0.28858934756154636,0.01865892851571032,0.822406983243778,0.15867784288194445
病例81,near,WLI,mid_fusion,0,0,0.55,0.3690598770632469,0.013791381946394583,0.7672256791607845,0.1401299370659722
病例81,near,WLI,mid_fusion,0,0,0.6,0.3859714811694593,0.01257449530406565,0.7549826398865263,0.13618977864583334
病例81,near,WLI,mid_fusion,0,0,0.65,0.39979406533745204,0.01185684420730756,0.7446433755913198,0.1330295138888889
病例81,near,WLI,mid_fusion,0,0,0.7,0.41208774064713405,0.011076788667353116,0.7353549545316017,0.13018798828125
病例81,near,WLI,mid_fusion,0,0,0.75,0.42422540484882526,0.010109519797809604,0.7261244245057134,0.12733968098958334
病例81,near,WLI,mid_fusion,0,0,0.8,0.439452088988736,0.00945427314424787,0.7140727785823597,0.12388780381944445
病例81,near,WLI,mid_fusion,0,0,0.85,0.4602327685731224,0.008861430933882492,0.6970905867168418,0.11924235026041667
病例81,near,WLI,mid_fusion,0,0,0.9,0.4978626478205248,0.008206184280320758,0.6649313087477224,0.11092122395833333
病例81,near,WLI,mid_fusion,0,0,0.95,0.5763986395831383,0.007332522075571781,0.592062799824265,0.0936618381076389
病例81,near,NBI,mid_fusion,0,0,0.05,0.0,2.928598071082219,0.40579490783263644,1.0
病例81,near,NBI,mid_fusion,0,0,0.1,0.0,2.9263334576650504,0.4059814499335302,0.9994235568576388
病例81,near,NBI,mid_fusion,0,0,0.15,0.01888954015026376,0.3582085575744658,0.8388000546662581,0.3409152560763889
病例81,near,NBI,mid_fusion,0,0,0.2,0.02986625459583311,0.29685085522459637,0.8558803135530375,0.3225029839409722
病例81,near,NBI,mid_fusion,0,0,0.25,0.06820482762295518,0.16398465391378483,0.8892109377968178,0.2789238823784722
病例81,near,NBI,mid_fusion,0,0,0.3,0.09655245910374594,0.11061970480098045,0.8971374146768385,0.2581244574652778
病例81,near,NBI,mid_fusion,0,0,0.35,0.11307081579368039,0.08736079288112111,0.8984791438930968,0.24799940321180555
病例81,near,NBI,mid_fusion,0,0,0.4,0.1233548249587041,0.07590451324132787,0.8979491587854627,0.2424655490451389
病例81,near,NBI,mid_fusion,0,0,0.45,0.13084137049075506,0.06756540736398998,0.8975554730154244,0.2384372287326389
病例81,near,NBI,mid_fusion,0,0,0.5,0.13736878563435817,0.06090477966643577,0.8969223524184923,0.2350802951388889
病例81,near,NBI,mid_fusion,0,0,0.55,0.20488090797676772,0.012708477646933447,0.879640409695852,0.20562744140625
病例81,near,NBI,mid_fusion,0,0,0.6,0.21958757393296743,0.00945809133052699,0.8720322710277131,0.2010565863715278
病例81,near,NBI,mid_fusion,0,0,0.65,0.23277561677412478,0.006527415143603133,0.8650865176627237,0.1969536675347222
病例81,near,NBI,mid_fusion,0,0,0.7,0.2447647466297224,0.004609154366707518,0.8582977563798433,0.1934136284722222
病例81,near,NBI,mid_fusion,0,0,0.75,0.2594714125859221,0.003223743805616241,0.8493506493493517,0.18931749131944445
病例81,near,NBI,mid_fusion,0,0,0.8,0.27876059039803913,0.002451110992699952,0.836854877350052,0.1842108832465278
病例81,near,NBI,mid_fusion,0,0,0.85,0.3084936324399211,0.0019449032876858315,0.8166829237581941,0.176513671875
病例81,near,NBI,mid_fusion,0,0,0.9,0.35695635956732563,0.0015719081366227952,0.7819987364111163,0.16408284505208334
病例81,near,NBI,mid_fusion,0,0,0.95,0.46675014653380936,0.0014120530718814942,0.6949411478756033,0.13609483506944445
病例9,far,WLI,mid_fusion,0,0,0.05,0.0,19.672367867657368,0.09228340955689456,1.0
病例9,far,WLI,mid_fusion,0,0,0.1,0.0,19.656526005888125,0.09235091535248689,0.9992336697048612
病例9,far,WLI,mid_fusion,0,0,0.15,0.0,7.586148885461937,0.20863435607913564,0.41534423828125
病例9,far,WLI,mid_fusion,0,0,0.2,0.0,7.027898499929903,0.2215354990989789,0.3883395724826389
病例9,far,WLI,mid_fusion,0,0,0.25,0.0,5.144819851394925,0.27992308295997187,0.2972479926215278
病例9,far,WLI,mid_fusion,0,0,0.3,0.0,4.0016823216038135,0.3332398972194972,0.2419501410590278
病例9,far,WLI,mid_fusion,0,0,0.35,0.0,3.456189541567363,0.36655618078479263,0.21556260850694445
病例9,far,WLI,mid_fusion,0,0,0.4,0.0,3.219963549698584,0.3831444378783285,0.2041354709201389
病例9,far,WLI,mid_fusion,0,0,0.45,0.0,3.1027618112995934,0.3919446123402606,0.19846598307291666
病例9,far,WLI,mid_fusion,0,0,0.5,0.0,3.0190663115098837,0.3984804893706922,0.19441731770833334
病例9,far,WLI,mid_fusion,0,0,0.55,0.11047245198373756,1.301135567082574,0.5575816160615248,0.10597059461805555
病例9,far,WLI,mid_fusion,0,0,0.6,0.18000841160801906,1.1302397308285435,0.5558829119912759,0.09434000651041667
病例9,far,WLI,mid_fusion,0,0,0.65,0.23552502453385674,1.0274779195289498,0.547627416517461,0.08668348524305555
病例9,far,WLI,mid_fusion,0,0,0.7,0.2969297630730408,0.9425206785363802,0.5315033649486963,0.07960340711805555
病例9,far,WLI,mid_fusion,0,0,0.75,0.35328753680078506,0.8687789149025655,0.5141838042662086,0.07331000434027778
病例9,far,WLI,mid_fusion,0,0,0.8,0.40473853918407404,0.7918127015281088,0.4987372995800861,0.06709798177083333
病例9,far,WLI,mid_fusion,0,0,0.85,0.46572269732230476,0.7119024253469788,0.4757208837818267,0.060282389322916664
病例9,far,WLI,mid_fusion,0,0,0.9,0.5756343754381046,0.5649796719472873,0.42663847779826186,0.047858344184027776
病例9,far,WLI,mid_fusion,0,0,0.95,0.7939156035328754,0.19599046684424506,0.2939706029367666,0.019449869791666668
病例9,far,NBI,mid_fusion,0,0,0.05,0.0,35.91937906860291,0.05274347969623457,1.0
病例9,far,NBI,mid_fusion,0,0,0.1,0.0,35.88758137205809,0.052787745418705165,0.9991387261284722
病例9,far,NBI,mid_fusion,0,0,0.15,0.0,10.831497245868803,0.1558664559305433,0.3204684787326389
病例9,far,NBI,mid_fusion,0,0,0.2,0.0,9.538057085628443,0.1733394093262736,0.2854342990451389
病例9,far,NBI,mid_fusion,0,0,0.25,0.0,5.402103154732099,0.2701934785540854,0.1734076605902778
病例9,far,NBI,mid_fusion,0,0,0.3,0.0,3.9661992989484225,0.33522178857553725,0.1345147026909722
病例9,far,NBI,mid_fusion,0,0,0.35,0.0,3.394591887831748,0.3707416689855623,0.11903211805555555
病例9,far,NBI,mid_fusion,0,0,0.4,0.0,3.1654982473710565,0.38718433425240084,0.1128268771701389
病例9,far,NBI,mid_fusion,0,0,0.45,0.0,3.00350525788683,0.3997197758186563,0.10843912760416667
病例9,far,NBI,mid_fusion,0,0,0.5,0.0,2.856534802203305,0.41181626024430673,0.1044582790798611
病例9,far,NBI,mid_fusion,0,0,0.55,0.00801201802704056,1.773159739609414,0.5269317728386292,0.07489691840277778
病例9,far,NBI,mid_fusion,0,0,0.6,0.013019529293940912,1.6399599399098648,0.5442496203193135,0.07115342881944445
病例9,far,NBI,mid_fusion,0,0,0.65,0.017526289434151226,1.5077616424636955,0.5629842180734362,0.06745062934027778
病例9,far,NBI,mid_fusion,0,0,0.7,0.02328492739108663,1.3895843765648472,0.5802900706539212,0.06409369574652778
病例9,far,NBI,mid_fusion,0,0,0.75,0.03129694541812719,1.2794191286930396,0.5964695906837549,0.060892740885416664
病例9,far,NBI,mid_fusion,0,0,0.8,0.04456685027541312,1.1637456184276416,0.6126183978117464,0.05740017361111111
病例9,far,NBI,mid_fusion,0,0,0.85,0.06634952428642965,1.0250375563345018,0.6311246509212902,0.05305311414930555
病例9,far,NBI,mid_fusion,0,0,0.9,0.12293440160240361,0.8294942413620431,0.6481036077645873,0.046223958333333336
病例9,far,NBI,mid_fusion,0,0,0.95,0.29644466700050076,0.42513770655983973,0.6610209362425191,0.030571831597222224
病例9,near,WLI,mid_fusion,0,0,0.05,0.0,6.119694848148327,0.24631467529286583,1.0
病例9,near,WLI,mid_fusion,0,0,0.1,0.0,6.119694848148327,0.24631467529286583,1.0
病例9,near,WLI,mid_fusion,0,0,0.15,0.0,1.9993240307083193,0.5000845104424724,0.4212714301215278
病例9,near,WLI,mid_fusion,0,0,0.2,0.0,1.817971126454541,0.5238384298245645,0.3957994249131944
病例9,near,WLI,mid_fusion,0,0,0.25,0.003621264062575443,0.9177248804982859,0.6838320575261229,0.2688462999131944
病例9,near,WLI,mid_fusion,0,0,0.3,0.04789725266766453,0.5232485152817343,0.7692667797983708,0.2072211371527778
病例9,near,WLI,mid_fusion,0,0,0.35,0.09661532518951282,0.25744773308869684,0.8361450628989427,0.16304524739583334
病例9,near,WLI,mid_fusion,0,0,0.4,0.12524745304427598,0.19733474964994446,0.8443201677715383,0.1505805121527778
病例9,near,WLI,mid_fusion,0,0,0.45,0.14625078460721355,0.1720341847327507,0.8428830203049793,0.1440768771701389
病例9,near,WLI,mid_fusion,0,0,0.5,0.1614118101491961,0.15156197189899087,0.842738609343387,0.1390719943576389
病例9,near,WLI,mid_fusion,0,0,0.55,0.46999179180145817,0.035295253729901985,0.6771954717891446,0.07939995659722222
病例9,near,WLI,mid_fusion,0,0,0.6,0.5222345613442132,0.03249480952151031,0.6326928610229461,0.07166883680555555
病例9,near,WLI,mid_fusion,0,0,0.65,0.5546810873448892,0.031384288542320504,0.6031258174189016,0.06695556640625
病例9,near,WLI,mid_fusion,0,0,0.7,0.583554632803824,0.03109458741731447,0.5753835890574537,0.06285942925347222
病例9,near,WLI,mid_fusion,0,0,0.75,0.6108831055960601,0.03109458741731447,0.5479703542512138,0.05902099609375
病例9,near,WLI,mid_fusion,0,0,0.8,0.6381632948674617,0.03109458741731447,0.5195327394345747,0.05518934461805555
病例9,near,WLI,mid_fusion,0,0,0.85,0.6699338515764569,0.03109458741731447,0.48497747507897915,0.050726996527777776
病例9,near,WLI,mid_fusion,0,0,0.9,0.7199072956399981,0.030660035729805416,0.4273768740544908,0.043646918402777776
病例9,near,WLI,mid_fusion,0,0,0.95,0.8414369175800299,0.021293032687943605,0.26878376166202,0.025261773003472224
病例9,near,NBI,mid_fusion,0,0,0.05,0.0,17.531607389719742,0.1023981262828062,1.0
病例9,near,NBI,mid_fusion,0,0,0.1,0.0,17.52532361442755,0.1024310807591882,0.9996609157986112
病例9,near,NBI,mid_fusion,0,0,0.15,0.0,2.0600728917933893,0.4926019934362267,0.1651272243923611
病例9,near,NBI,mid_fusion,0,0,0.2,0.0,1.7798165137614679,0.5291262135904737,0.15000406901041666
病例9,near,NBI,mid_fusion,0,0,0.25,0.0,1.3104184994344603,0.6041532212117833,0.12467447916666667
病例9,near,NBI,mid_fusion,0,0,0.3,0.00025135101168782207,1.033932386577856,0.659099382738891,0.1097412109375
病例9,near,NBI,mid_fusion,0,0,0.35,0.0008797285409073771,0.8881487997989191,0.6920867067089227,0.1018405490451389
病例9,near,NBI,mid_fusion,0,0,0.4,0.0030162121402538644,0.8142516023626996,0.7092851714394506,0.09773763020833333
病例9,near,NBI,mid_fusion,0,0,0.45,0.0069121528214151065,0.7659922081186377,0.7198688166132828,0.09492323133680555
病例9,near,NBI,mid_fusion,0,0,0.5,0.012818901596078925,0.7241422646726153,0.7281913414261231,0.09234619140625
病例9,near,NBI,mid_fusion,0,0,0.55,0.1834862385321101,0.430815634032927,0.7266524997163256,0.06730821397569445
病例9,near,NBI,mid_fusion,0,0,0.6,0.21415106195802439,0.40153324117129574,0.71852915828372,0.06407335069444445
病例9,near,NBI,mid_fusion,0,0,0.65,0.24305642830212393,0.37702651753173305,0.7094228504080717,0.06119113498263889
病例9,near,NBI,mid_fusion,0,0,0.7,0.2656780193540279,0.35427925097398516,0.703171069253847,0.05874294704861111
病例9,near,NBI,mid_fusion,0,0,0.75,0.2869171798416489,0.32788739474676387,0.6987684729021012,0.056172688802083336
病例9,near,NBI,mid_fusion,0,0,0.8,0.3111725524695237,0.29785094885006913,0.6934463562709169,0.053243001302083336
病例9,near,NBI,mid_fusion,0,0,0.85,0.34837250219932137,0.26215910519039837,0.680982400836085,0.049309624565972224
病例9,near,NBI,mid_fusion,0,0,0.9,0.4094507980394621,0.20334296845544803,0.658399887903472,0.042839898003472224
病例9,near,NBI,mid_fusion,0,0,0.95,0.5400276486112857,0.09375392735955762,0.5920892987091152,0.029880099826388888
