case,scale,ref_modality,config,fold,seed,threshold,missed_frac,over_ratio,dice,pred_area_frac
病例14,far,WLI,mid_fusion,0,2,0.05,0.0,2.3014364174059994,0.46496095859910147,0.1059909396701389
病例14,far,WLI,mid_fusion,0,2,0.1,0.0,1.6795521757498943,0.5435444055310664,0.0860256618923611
病例14,far,WLI,mid_fusion,0,2,0.15,0.0,1.5004224757076468,0.571359604124245,0.08027479383680555
病例14,far,WLI,mid_fusion,0,2,0.2,0.0,1.2830587241233629,0.6091880066876258,0.07329644097222222
病例14,far,WLI,mid_fusion,0,2,0.25,0.0,1.0207013096746937,0.662097902093272,0.06487358940972222
病例14,far,WLI,mid_fusion,0,2,0.3,0.0,0.9281791297000422,0.6830183234693188,0.06190321180555555
病例14,far,WLI,mid_fusion,0,2,0.35,0.0,0.8709336713138994,0.6966374806806221,0.060065375434027776
病例14,far,WLI,mid_fusion,0,2,0.4,0.0,0.8223489649345163,0.7086295935879902,0.05850558810763889
病例14,far,WLI,mid_fusion,0,2,0.45,0.0,0.7097591888466414,0.7380729653824596,0.054890950520833336
病例14,far,WLI,mid_fusion,0,2,0.5,0.0,0.6706801858893113,0.7488728940856689,0.05363633897569445
病例14,far,WLI,mid_fusion,0,2,0.55,0.00021123785382340515,0.6326573722010984,0.7595891510130027,0.052408854166666664
病例14,far,WLI,mid_fusion,0,2,0.6,0.0010561892691170257,0.5906210392902408,0.7715148054427643,0.051032172309027776
病例14,far,WLI,mid_fusion,0,2,0.65,0.0021123785382340513,0.5428812843261512,0.7855004988295186,0.04946560329861111
病例14,far,WLI,mid_fusion,0,2,0.7,0.0035910435149978876,0.48626953950147866,0.802688675225026,0.047600640190972224
病例14,far,WLI,mid_fusion,0,2,0.75,0.00781580059146599,0.42395437262357416,0.8212974296133826,0.045464409722222224
病例14,far,WLI,mid_fusion,0,2,0.8,0.02175749894381073,0.34875369666244194,0.840777051553733,0.0426025390625
病例14,far,WLI,mid_fusion,0,2,0.85,0.04710604140261935,0.25285171102661597,0.8640107259063013,0.03870985243055555
病例14,far,WLI,mid_fusion,0,2,0.9,0.12885509083227714,0.13012251795521756,0.8705932024396179,0.032145182291666664
病例14,far,WLI,mid_fusion,0,2,0.95,0.4951415293620617,0.007182087029995775,0.6677842972804166,0.016438802083333332
病例14,far,NBI,mid_fusion,0,2,0.05,0.00033345683586513523,0.9843645794738792,0.6700108022192105,0.3631523980034722
病例14,far,NBI,mid_fusion,0,2,0.1,0.005705816969247869,0.2916635791033716,0.8699147460195308,0.2353786892361111
病例14,far,NBI,mid_fusion,0,2,0.15,0.020192663949610966,0.20211189329381252,0.8981151299016843,0.2163357204861111
病例14,far,NBI,mid_fusion,0,2,0.2,0.03894034827713968,0.11467210077806594,0.9259960017118984,0.1968994140625
病例14,far,NBI,mid_fusion,0,2,0.25,0.1318636532048907,0.03505001852537977,0.9122977787277585,0.1653171115451389
病例14,far,NBI,mid_fusion,0,2,0.3,0.16117080400148204,0.023156724712856614,0.9010048751350094,0.15777587890625
病例14,far,NBI,mid_fusion,0,2,0.35,0.17862171174509078,0.018710633567988143,0.8927593427817075,0.15376790364583334
病例14,far,NBI,mid_fusion,0,2,0.4,0.19362726935902186,0.015227862171174509,0.8853452659394175,0.1503838433159722
病例14,far,NBI,mid_fusion,0,2,0.45,0.26302334197851057,0.003482771396813635,0.8468759978694053,0.1355319552951389
病例14,far,NBI,mid_fusion,0,2,0.5,0.28458688403112264,0.0007410151908114116,0.8337399339345976,0.13108317057291666
病例14,far,NBI,mid_fusion,0,2,0.55,0.30700259355316784,0.0,0.818663281829521,0.12684461805555555
病例14,far,NBI,mid_fusion,0,2,0.6,0.3283438310485365,0.0,0.803581719046049,0.12293836805555555
病例14,far,NBI,mid_fusion,0,2,0.65,0.34990737310114856,0.0,0.7879468295293965,0.1189914279513889
病例14,far,NBI,mid_fusion,0,2,0.7,0.3729158947758429,0.0,0.7708072412597727,0.1147800021701389
病例14,far,NBI,mid_fusion,0,2,0.75,0.3973323453130789,0.0,0.7520806362105786,0.11031087239583333
病例14,far,NBI,mid_fusion,0,2,0.8,0.4275657650981845,0.0,0.7280867106486143,0.10477701822916667
病例14,far,NBI,mid_fusion,0,2,0.85,0.47069284920340865,0.0,0.6922182381996991,0.09688313802083333
病例14,far,NBI,mid_fusion,0,2,0.9,0.5626157836235642,0.0,0.6085835803567249,0.08005777994791667
病例14,far,NBI,mid_fusion,0,2,0.95,0.9016302334197851,0.0,0.1791195817163801,0.01800537109375
病例14,near,WLI,mid_fusion,0,2,0.05,0.019527894069356753,0.2425713545430991,0.8820989093223558,0.6082288953993056
病例14,near,WLI,mid_fusion,0,2,0.1,0.05184710422604356,0.08818916965539812,0.93123145847641,0.515380859375
病例14,near,WLI,mid_fusion,0,2,0.15,0.057779111153536705,0.06752942139068062,0.9376497011060494,0.5021565755208334
病例14,near,WLI,mid_fusion,0,2,0.2,0.06661575595587133,0.05019705172437305,0.941110148633323,0.4891425238715278
病例14,near,WLI,mid_fusion,0,2,0.25,0.09353479428890919,0.02956457705472447,0.9364165921202665,0.4654947916666667
病例14,near,WLI,mid_fusion,0,2,0.3,0.10252144386412294,0.02271890469242203,0.9347773595618672,0.4576212565104167
病例14,near,WLI,mid_fusion,0,2,0.35,0.10920347465601178,0.01845058706413386,0.9331390573321812,0.4521755642361111
病例14,near,WLI,mid_fusion,0,2,0.4,0.11669007650243417,0.015014114085448173,0.9306208065737608,0.4467434353298611
病例14,near,WLI,mid_fusion,0,2,0.45,0.19939725354897656,0.008904828790006954,0.884884658572129,0.4025743272569444
病例14,near,WLI,mid_fusion,0,2,0.5,0.23122553899442255,0.006177469283113554,0.8662482041189112,0.3853895399305556
病例14,near,WLI,mid_fusion,0,2,0.55,0.2549262931093262,0.004104676057874569,0.8519127770538073,0.3725721571180556
病例14,near,WLI,mid_fusion,0,2,0.6,0.28434086539117154,0.002563717936479797,0.8330224843047699,0.357177734375
病例14,near,WLI,mid_fusion,0,2,0.65,0.33256058147304685,0.0015682317164637056,0.7998039055471854,0.33270263671875
病例14,near,WLI,mid_fusion,0,2,0.7,0.3748346538298946,0.0007636606619301523,0.7689946406548892,0.311279296875
病例14,near,WLI,mid_fusion,0,2,0.75,0.42809998499952273,0.00034091993836167517,0.7274966607102473,0.2845798068576389
病例14,near,WLI,mid_fusion,0,2,0.8,0.4915792775224666,2.727359506893401e-05,0.6740977797057622,0.2528550889756944
病例14,near,WLI,mid_fusion,0,2,0.85,0.5679862541080852,0.0,0.6033653617234352,0.21484375
病例14,near,WLI,mid_fusion,0,2,0.9,0.6942084520871119,0.0,0.4683619654321254,0.1520724826388889
病例14,near,WLI,mid_fusion,0,2,0.95,0.985722272981413,0.0,0.028153486245895084,0.007100423177083333
病例14,near,NBI,mid_fusion,0,2,0.05,0.01654076281562594,0.5258853697414928,0.7838375283084607,0.4430813259548611
病例14,near,NBI,mid_fusion,0,2,0.1,0.04257629311340587,0.3047104211426063,0.846478283513397,0.3705105251736111
病例14,near,NBI,mid_fusion,0,2,0.15,0.055790422066671286,0.2662924203571511,0.8542942541219674,0.3553534613715278
病例14,near,NBI,mid_fusion,0,2,0.2,0.06907385589206921,0.2345507889204611,0.8597885573457015,0.3421359592013889
病例14,near,NBI,mid_fusion,0,2,0.25,0.11322105944047867,0.19181278443874605,0.8532497554894046,0.3166300455729167
病例14,near,NBI,mid_fusion,0,2,0.3,0.12675861113036246,0.17926860258276156,0.8509009870892085,0.3089735243055556
病例14,near,NBI,mid_fusion,0,2,0.35,0.13493658604199876,0.17196848938480375,0.8493371287287509,0.3044297960069444
病例14,near,NBI,mid_fusion,0,2,0.4,0.141890174879294,0.16515351029177353,0.8482433404495858,0.3003879123263889
病例14,near,NBI,mid_fusion,0,2,0.45,0.20114584055259085,0.1274285582276434,0.8294256623042713,0.2719184027777778
病例14,near,NBI,mid_fusion,0,2,0.5,0.22103633885462148,0.11310555132025782,0.8233986960015343,0.2618747287326389
病例14,near,NBI,mid_fusion,0,2,0.55,0.24032619493150367,0.1030794464850879,0.815646199445865,0.2532687717013889
病例14,near,NBI,mid_fusion,0,2,0.6,0.2595236445122092,0.09272991891329961,0.8078483756322203,0.2445949978298611
病例14,near,NBI,mid_fusion,0,2,0.65,0.2785362811005614,0.08224178159724628,0.7999795074083277,0.2359347873263889
病例14,near,NBI,mid_fusion,0,2,0.7,0.2986577956430337,0.07041375008663109,0.7916916577557674,0.2265557183159722
病例14,near,NBI,mid_fusion,0,2,0.75,0.3217825213112482,0.05599833668306882,0.7821604124195312,0.21553548177083334
病例14,near,NBI,mid_fusion,0,2,0.8,0.3493889620440317,0.0357844156444198,0.7715996109525177,0.20149739583333334
病例14,near,NBI,mid_fusion,0,2,0.85,0.40675029454570655,0.00917134474553561,0.7404417276962971,0.1768459743923611
病例14,near,NBI,mid_fusion,0,2,0.9,0.6017048998544597,0.0005313373530159171,0.569470363824595,0.11707899305555555
病例14,near,NBI,mid_fusion,0,2,0.95,0.982512070598563,0.0,0.03437471619281996,0.005133734809027778
病例17,far,WLI,mid_fusion,0,2,0.05,0.0,1.3092526394546513,0.6043660662682333,0.1883816189236111
病例17,far,WLI,mid_fusion,0,2,0.1,0.007232521406600715,1.0084795078560147,0.661569996120266,0.16325547960069445
病例17,far,WLI,mid_fusion,0,2,0.15,0.014298777953279574,0.9048965001246987,0.6820051192065744,0.1542290581597222
病例17,far,WLI,mid_fusion,0,2,0.2,0.0323385152548009,0.7575858342339347,0.7101458117237809,0.1407402886284722
病例17,far,WLI,mid_fusion,0,2,0.25,0.061601130601047466,0.531631889600133,0.7598276790496774,0.11992051866319445
病例17,far,WLI,mid_fusion,0,2,0.3,0.073655332945382,0.45930667553412585,0.776596856811595,0.113037109375
病例17,far,WLI,mid_fusion,0,2,0.35,0.08155291379167014,0.4224790090614349,0.7846869562101471,0.10938856336805555
病例17,far,WLI,mid_fusion,0,2,0.4,0.0883697730484662,0.39122121539612603,0.7917403703808825,0.10628255208333333
病例17,far,WLI,mid_fusion,0,2,0.45,0.12403358550170422,0.28946712112395045,0.8090448402917343,0.09507242838541667
病例17,far,WLI,mid_fusion,0,2,0.5,0.13691911214564803,0.2530551168010641,0.8157140051038471,0.09105088975694445
病例17,far,WLI,mid_fusion,0,2,0.55,0.1538781278576773,0.22512262033419236,0.8170178607231907,0.08738878038194445
病例17,far,WLI,mid_fusion,0,2,0.6,0.17466123534790923,0.20384071826419486,0.8134704412273609,0.0839572482638889
病例17,far,WLI,mid_fusion,0,2,0.65,0.19843711031673456,0.182974478344002,0.8078083109885732,0.08031548394097222
病例17,far,WLI,mid_fusion,0,2,0.7,0.22254551500540362,0.16269016543353562,0.8014397120541544,0.0766940646701389
病例17,far,WLI,mid_fusion,0,2,0.75,0.2507274087621581,0.14099260121373347,0.7927698126449434,0.07262505425347222
病例17,far,WLI,mid_fusion,0,2,0.8,0.28755507523484913,0.11929503699393133,0.7778887174331583,0.06785074869791667
病例17,far,WLI,mid_fusion,0,2,0.85,0.34100922769972564,0.09019868650760662,0.7534812984137945,0.061116536458333336
病例17,far,WLI,mid_fusion,0,2,0.9,0.44517416244076813,0.048632471527142736,0.6920364993742636,0.04922824435763889
病例17,far,WLI,mid_fusion,0,2,0.95,0.6982292792418322,0.003990356638124532,0.46221429935403185,0.024943033854166668
病例17,far,NBI,mid_fusion,0,2,0.05,0.0002994460248540201,2.2188201826620753,0.4739578711993151,0.29156494140625
病例17,far,NBI,mid_fusion,0,2,0.1,0.01864051504716275,1.8415930528522233,0.5134039595031754,0.2557305230034722
病例17,far,NBI,mid_fusion,0,2,0.15,0.026126665668513252,1.6971103458601586,0.5305789505872492,0.24196370442708334
病例17,far,NBI,mid_fusion,0,2,0.2,0.04356939661625992,1.4919149573289414,0.5547185376537466,0.2217949761284722
病例17,far,NBI,mid_fusion,0,2,0.25,0.0714927384338973,1.0860907321455309,0.6160073505659043,0.1825018988715278
病例17,far,NBI,mid_fusion,0,2,0.3,0.07890402754903429,1.0017218146429105,0.6302794354925844,0.1741875542534722
病例17,far,NBI,mid_fusion,0,2,0.35,0.08339571792184458,0.9546339272346159,0.6384731709844124,0.16951497395833334
病例17,far,NBI,mid_fusion,0,2,0.4,0.08766282377601438,0.9140589908668962,0.645583366439821,0.16545274522569445
病例17,far,NBI,mid_fusion,0,2,0.45,0.1119928132954035,0.6340769576283874,0.7041852181635376,0.1378851996527778
病例17,far,NBI,mid_fusion,0,2,0.5,0.12703997604431802,0.5431950890851924,0.722602633615112,0.1282891167534722
病例17,far,NBI,mid_fusion,0,2,0.55,0.14672855217846983,0.4728252732444977,0.7336508753838387,0.12013075086805555
病例17,far,NBI,mid_fusion,0,2,0.6,0.16754005090582422,0.4089684084443779,0.7427941618491607,0.1124606662326389
病例17,far,NBI,mid_fusion,0,2,0.65,0.19142087138793232,0.34571043569396614,0.7506689369956887,0.10456678602430555
病例17,far,NBI,mid_fusion,0,2,0.7,0.22301242701003143,0.29435544243150175,0.750225884561241,0.09705268012152778
病例17,far,NBI,mid_fusion,0,2,0.75,0.26179068722862703,0.24277586465039677,0.7452951401982265,0.0888671875
病例17,far,NBI,mid_fusion,0,2,0.8,0.3079053750561461,0.18400958227279532,0.7377997685617581,0.07936604817708333
病例17,far,NBI,mid_fusion,0,2,0.85,0.3757298996855817,0.11229225932025752,0.7189722808952926,0.06672498914930555
病例17,far,NBI,mid_fusion,0,2,0.9,0.5434945351100464,0.010181164845036682,0.6224989791719963,0.042277018229166664
病例17,far,NBI,mid_fusion,0,2,0.95,0.9076957628387483,0.0,0.16900829278206422,0.00836181640625
病例17,near,WLI,mid_fusion,0,2,0.05,0.2116553643314511,0.2511279820603572,0.773086756659063,0.2609185112847222
病例17,near,WLI,mid_fusion,0,2,0.1,0.2601248210088347,0.14838029881393025,0.7836600372001951,0.22296142578125
病例17,near,WLI,mid_fusion,0,2,0.15,0.28503498770702185,0.12422662307837787,0.7774774510080538,0.21064588758680555
病例17,near,WLI,mid_fusion,0,2,0.2,0.31510550347175315,0.10012698241158512,0.7673795577339336,0.1970486111111111
病例17,near,WLI,mid_fusion,0,2,0.25,0.3763272363764083,0.06546348580228568,0.7384516954562724,0.1729804144965278
病例17,near,WLI,mid_fusion,0,2,0.3,0.3963202118174695,0.05708805014454381,0.7269887750110184,0.1658596462673611
病例17,near,WLI,mid_fusion,0,2,0.35,0.4068840677599762,0.053035419987571934,0.7206092336970562,0.16219075520833334
病例17,near,WLI,mid_fusion,0,2,0.4,0.41620511712101155,0.04982033339637425,0.7147275283209877,0.15904405381944445
病例17,near,WLI,mid_fusion,0,2,0.45,0.4503012455083349,0.03741928511604031,0.6927005311168924,0.1473727756076389
病例17,near,WLI,mid_fusion,0,2,0.5,0.4639180828357604,0.03385297057790506,0.6829352240643578,0.1430596245659722
病例17,near,WLI,mid_fusion,0,2,0.55,0.4778861481101235,0.02993542809283225,0.672805765413305,0.13857014973958334
病例17,near,WLI,mid_fusion,0,2,0.6,0.4922324588658039,0.02604490314213925,0.6620986066818233,0.13399251302083334
病例17,near,WLI,mid_fusion,0,2,0.65,0.5071191203090806,0.022748763947802123,0.6503975186269557,0.1294284396701389
病例17,near,WLI,mid_fusion,0,2,0.7,0.5233566584713479,0.019641747494123687,0.63710230760782,0.12457275390625
病例17,near,WLI,mid_fusion,0,2,0.75,0.5434847215843082,0.015724205009050873,0.6201644278047783,0.11853705512152778
病例17,near,WLI,mid_fusion,0,2,0.8,0.5682327830762165,0.012103855402156,0.5980689345447437,0.1114162868923611
病例17,near,WLI,mid_fusion,0,2,0.85,0.6033825953043526,0.007321751816929187,0.5650065429902144,0.10139295789930555
病例17,near,WLI,mid_fusion,0,2,0.9,0.6744387107232594,0.0025936833004619997,0.4902459366535319,0.0823703342013889
病例17,near,WLI,mid_fusion,0,2,0.95,0.8423256693594142,0.000378245481317375,0.27230945104105564,0.0396728515625
病例17,near,NBI,mid_fusion,0,2,0.05,0.0004154595881335759,0.3080127557322195,0.866342270448705,0.7897406684027778
病例17,near,NBI,mid_fusion,0,2,0.1,0.015080060185497091,0.12155000112286375,0.9351379012564446,0.6682671440972222
病例17,near,NBI,mid_fusion,0,2,0.15,0.022086729996182265,0.09452267061914707,0.9437331700678108,0.6477118598090278
病例17,near,NBI,mid_fusion,0,2,0.2,0.036100069617552605,0.05436906285791282,0.9551748885904012,0.6149970160590278
病例17,near,NBI,mid_fusion,0,2,0.25,0.06519346942442004,0.03666150149340879,0.948335469172178,0.58673095703125
病例17,near,NBI,mid_fusion,0,2,0.3,0.07505221316445462,0.03298973702530935,0.9448184894185095,0.5785590277777778
病例17,near,NBI,mid_fusion,0,2,0.35,0.08259785757596173,0.03096858227222709,0.9417120990324106,0.5727810329861112
病例17,near,NBI,mid_fusion,0,2,0.4,0.09028947427519145,0.029486402119966764,0.9382342893203061,0.5672403971354166
病例17,near,NBI,mid_fusion,0,2,0.45,0.14475959487075837,0.024635630712569336,0.9098902149106369,0.5314127604166666
病例17,near,NBI,mid_fusion,0,2,0.5,0.17091109164813942,0.02161512722046307,0.895971362698158,0.5137939453125
病例17,near,NBI,mid_fusion,0,2,0.55,0.19432280087134227,0.018909025578836263,0.8831341464910193,0.4980197482638889
病例17,near,NBI,mid_fusion,0,2,0.6,0.21837454243302118,0.01708998630106223,0.8690929521188158,0.4823947482638889
病例17,near,NBI,mid_fusion,0,2,0.65,0.24345931864627546,0.014316512834332683,0.854434433037522,0.4655693901909722
病例17,near,NBI,mid_fusion,0,2,0.7,0.26926272766062564,0.012037099418356576,0.8385907942884139,0.4486083984375
病例17,near,NBI,mid_fusion,0,2,0.75,0.29467313436187653,0.010330346515753779,0.8222235311821731,0.4322306315104167
病例17,near,NBI,mid_fusion,0,2,0.8,0.328673448763727,0.007669159424195468,0.7996763148033815,0.4100884331597222
病例17,near,NBI,mid_fusion,0,2,0.85,0.3877248534662804,0.004177053156370006,0.7575542866664183,0.372314453125
病例17,near,NBI,mid_fusion,0,2,0.9,0.5213793258326035,0.00011228637517123672,0.6473388866525576,0.2891370985243056
病例17,near,NBI,mid_fusion,0,2,0.95,1.0,0.0,0.0,0.0
病例19,far,WLI,mid_fusion,0,2,0.05,0.0,5.190726159230096,0.27813602627887735,0.0959743923611111
病例19,far,WLI,mid_fusion,0,2,0.1,0.0,3.615485564304462,0.35615798083386957,0.07155354817708333
病例19,far,WLI,mid_fusion,0,2,0.15,0.0,3.220034995625547,0.3831391938290192,0.06542290581597222
病例19,far,WLI,mid_fusion,0,2,0.2,0.0,2.7532808398950133,0.42076200993538776,0.058186848958333336
病例19,far,WLI,mid_fusion,0,2,0.25,0.0,2.5301837270341205,0.4414831981417392,0.054728190104166664
病例19,far,WLI,mid_fusion,0,2,0.3,0.0,2.422134733158355,0.45227025422443096,0.05305311414930555
病例19,far,WLI,mid_fusion,0,2,0.35,0.0,2.3342082239720034,0.46144529672525786,0.051689995659722224
病例19,far,WLI,mid_fusion,0,2,0.4,0.0,2.23578302712161,0.47216771661187473,0.050164116753472224
病例19,far,WLI,mid_fusion,0,2,0.45,0.0,2.1452318460192474,0.48248205993581167,0.048760308159722224
病例19,far,WLI,mid_fusion,0,2,0.5,0.0,2.08092738407699,0.49008468216861306,0.04776340060763889
病例19,far,WLI,mid_fusion,0,2,0.55,0.0,2.0131233595800526,0.4983649444026775,0.046712239583333336
病例19,far,WLI,mid_fusion,0,2,0.6,0.0,1.9396325459317585,0.5076615589550559,0.045572916666666664
病例19,far,WLI,mid_fusion,0,2,0.65,0.0,1.8534558180227472,0.5190146441080824,0.04423692491319445
病例19,far,WLI,mid_fusion,0,2,0.7,0.0,1.7292213473315836,0.5363049853309524,0.04231092664930555
病例19,far,WLI,mid_fusion,0,2,0.75,0.0,1.5914260717410325,0.5568818513939477,0.04017469618055555
病例19,far,WLI,mid_fusion,0,2,0.8,0.0,1.42082239720035,0.5846547314503241,0.037529839409722224
病例19,far,WLI,mid_fusion,0,2,0.85,0.008748906386701663,1.1622922134733158,0.628658621159264,0.03338623046875
病例19,far,WLI,mid_fusion,0,2,0.9,0.06517935258092739,0.7519685039370079,0.6958645392267037,0.026150173611111112
病例19,far,WLI,mid_fusion,0,2,0.95,0.3530183727034121,0.08136482939632546,0.7486712224563739,0.01129150390625
病例19,far,NBI,mid_fusion,0,2,0.05,0.0,6.732547916300334,0.22902823084002047,0.2982245551215278
病例19,far,NBI,mid_fusion,0,2,0.1,0.0,1.7589238614383682,0.5320671749986805,0.10640462239583333
病例19,far,NBI,mid_fusion,0,2,0.15,0.002813434148056972,1.2887286794443467,0.6069460052410395,0.0881618923611111
病例19,far,NBI,mid_fusion,0,2,0.2,0.005978547564621066,0.6922806400562687,0.7400667670305684,0.0650363498263889
病例19,far,NBI,mid_fusion,0,2,0.25,0.007736943907156673,0.3191489361702128,0.8585774058512089,0.050577799479166664
病例19,far,NBI,mid_fusion,0,2,0.3,0.011253736592227889,0.29945489713381396,0.8642127103599153,0.0496826171875
病例19,far,NBI,mid_fusion,0,2,0.35,0.015649727448566908,0.28292597151397925,0.8683108422454761,0.04887559678819445
病例19,far,NBI,mid_fusion,0,2,0.4,0.01899068049938456,0.26586952699138383,0.8732195961741022,0.048088921440972224
病例19,far,NBI,mid_fusion,0,2,0.45,0.026727624406541233,0.24617548795498506,0.877040088727008,0.04703097873263889
病例19,far,NBI,mid_fusion,0,2,0.5,0.029541058554598206,0.23105327940917883,0.8816293929642042,0.04633924696180555
病例19,far,NBI,mid_fusion,0,2,0.55,0.03323369087392298,0.22120625989097942,0.8837097162992549,0.045817057291666664
病例19,far,NBI,mid_fusion,0,2,0.6,0.03639880429048708,0.2074907684192017,0.8876650198356875,0.045166015625
病例19,far,NBI,mid_fusion,0,2,0.65,0.0425531914893617,0.1907860031651134,0.8913808627249621,0.04428439670138889
病例19,far,NBI,mid_fusion,0,2,0.7,0.04782838051696853,0.17320203973975734,0.8960039712013237,0.043402777777777776
病例19,far,NBI,mid_fusion,0,2,0.75,0.05609284332688588,0.15087040618955513,0.9012003693368488,0.04222276475694445
病例19,far,NBI,mid_fusion,0,2,0.8,0.06752241955336732,0.12220854580622473,0.9076593923756298,0.04067654079861111
病例19,far,NBI,mid_fusion,0,2,0.85,0.0851063829787234,0.08053455248813082,0.916989777926357,0.03839111328125
病例19,far,NBI,mid_fusion,0,2,0.9,0.14489185862493406,0.022331633550202217,0.9109300365185826,0.03384060329861111
病例19,far,NBI,mid_fusion,0,2,0.95,0.45946896430455425,0.0,0.7017463759764667,0.020846896701388888
病例19,near,WLI,mid_fusion,0,2,0.05,0.0,5.040709245521983,0.2840622912055197,0.22642008463541666
病例19,near,WLI,mid_fusion,0,2,0.1,0.0,3.2831554188529037,0.37856164383432,0.16054280598958334
病例19,near,WLI,mid_fusion,0,2,0.15,0.0,2.8838429527772753,0.409513577592674,0.1455756293402778
病例19,near,WLI,mid_fusion,0,2,0.2,0.0,2.246607562873168,0.4709641685464149,0.12169053819444445
病例19,near,WLI,mid_fusion,0,2,0.25,0.0,1.9079066401302696,0.5117829529121173,0.10899522569444445
病例19,near,WLI,mid_fusion,0,2,0.3,0.0,1.7830649538628551,0.5286718637881836,0.10431586371527778
病例19,near,WLI,mid_fusion,0,2,0.35,0.0,1.7150352813461192,0.5383528953365881,0.10176595052083333
病例19,near,WLI,mid_fusion,0,2,0.4,0.0,1.6612990772571015,0.5462542004321691,0.09975179036458333
病例19,near,WLI,mid_fusion,0,2,0.45,0.0,1.4865207164827212,0.5736377789280039,0.09320068359375
病例19,near,WLI,mid_fusion,0,2,0.5,0.0,1.4199384838067668,0.584805840648689,0.09070502387152778
病例19,near,WLI,mid_fusion,0,2,0.55,0.0,1.3466618418671974,0.5976104233086575,0.08795844184027778
病例19,near,WLI,mid_fusion,0,2,0.6,0.0,1.2721186900669441,0.6112247719070433,0.08516438802083333
病例19,near,WLI,mid_fusion,0,2,0.65,0.0,1.195585308485616,0.625863435620961,0.08229573567708333
病例19,near,WLI,mid_fusion,0,2,0.7,0.0,1.113081237561064,0.6424503080283479,0.07920328776041667
病例19,near,WLI,mid_fusion,0,2,0.75,0.0,1.0186357879500634,0.662550947011133,0.07566324869791667
病例19,near,WLI,mid_fusion,0,2,0.8,0.0,0.9070019902297811,0.6879940250159458,0.07147894965277778
病例19,near,WLI,mid_fusion,0,2,0.85,0.0032567396417586395,0.7412701284602858,0.7280777109579853,0.06514485677083333
病例19,near,WLI,mid_fusion,0,2,0.9,0.025330197213678306,0.480550027139497,0.7939572586529553,0.054545084635416664
病例19,near,WLI,mid_fusion,0,2,0.95,0.36728785959833543,0.033652976298172606,0.7593919652469121,0.024976942274305556
病例19,near,NBI,mid_fusion,0,2,0.05,0.0013389868332961392,3.2489399687569738,0.3806162155257806,0.2581583658854167
病例19,near,NBI,mid_fusion,0,2,0.1,0.0124972104440973,2.4401919214461056,0.4460573070223884,0.20832655164930555
病例19,near,NBI,mid_fusion,0,2,0.15,0.02287435840214238,2.319906270921669,0.4547909633849525,0.2003851996527778
病例19,near,NBI,mid_fusion,0,2,0.2,0.029792457040839097,2.179535817897791,0.46759881688500243,0.1914333767361111
病例19,near,NBI,mid_fusion,0,2,0.25,0.03548315108234769,1.9085025663914306,0.4980697205401957,0.1746148003472222
病例19,near,NBI,mid_fusion,0,2,0.3,0.041508591832180315,1.8300602544074984,0.5059935793582129,0.16948106553819445
病例19,near,NBI,mid_fusion,0,2,0.35,0.04452131220709663,1.778955590270029,0.5117126807681615,0.1661919487847222
病例19,near,NBI,mid_fusion,0,2,0.4,0.048984601651417096,1.7274045971881276,0.5170782017820874,0.1627875434027778
病例19,near,NBI,mid_fusion,0,2,0.45,0.05333630885962955,1.4773488060700737,0.5529557452892102,0.14732530381944445
病例19,near,NBI,mid_fusion,0,2,0.5,0.057688016067842,1.3884177638919883,0.5658291457267476,0.1416558159722222
病例19,near,NBI,mid_fusion,0,2,0.55,0.06349029234545861,1.2839767908948896,0.5815951770473924,0.1349555121527778
病例19,near,NBI,mid_fusion,0,2,0.6,0.06862307520642713,1.1786431600089267,0.5989523536143838,0.1282416449652778
病例19,near,NBI,mid_fusion,0,2,0.65,0.07487168042847579,1.0696273153313993,0.6178322590237422,0.12123616536458333
病例19,near,NBI,mid_fusion,0,2,0.7,0.08324034813657666,0.9396340102655657,0.6419000742191417,0.1128268771701389
病例19,near,NBI,mid_fusion,0,2,0.75,0.09506806516402588,0.8143271591162687,0.6655724251101125,0.1044921875
病例19,near,NBI,mid_fusion,0,2,0.8,0.1163802722606561,0.6935951796474001,0.68571675974938,0.0958591037326389
病例19,near,NBI,mid_fusion,0,2,0.85,0.17908948895335863,0.5059138585137246,0.7056059080194427,0.08064100477430555
病例19,near,NBI,mid_fusion,0,2,0.9,0.37915643829502343,0.2654541397009596,0.6582667849709656,0.05386691623263889
病例19,near,NBI,mid_fusion,0,2,0.95,0.999888417763892,0.0,0.00022313957380092446,6.781684027777777e-06
病例21,far,WLI,mid_fusion,0,2,0.05,0.3858983206809294,0.17966413618587532,0.6847066367381551,0.04680040147569445
病例21,far,WLI,mid_fusion,0,2,0.1,0.9690591212330343,0.00046008741660915573,0.059997769598974036,0.0018513997395833333
病例21,far,WLI,mid_fusion,0,2,0.15,1.0,0.0,0.0,0.0
病例21,far,WLI,mid_fusion,0,2,0.2,1.0,0.0,0.0,0.0
病例21,far,WLI,mid_fusion,0,2,0.25,1.0,0.0,0.0,0.0
病例21,far,WLI,mid_fusion,0,2,0.3,1.0,0.0,0.0,0.0
病例21,far,WLI,mid_fusion,0,2,0.35,1.0,0.0,0.0,0.0
病例21,far,WLI,mid_fusion,0,2,0.4,1.0,0.0,0.0,0.0
病例21,far,WLI,mid_fusion,0,2,0.45,1.0,0.0,0.0,0.0
病例21,far,WLI,mid_fusion,0,2,0.5,1.0,0.0,0.0,0.0
病例21,far,WLI,mid_fusion,0,2,0.55,1.0,0.0,0.0,0.0
病例21,far,WLI,mid_fusion,0,2,0.6,1.0,0.0,0.0,0.0
病例21,far,WLI,mid_fusion,0,2,0.65,1.0,0.0,0.0,0.0
病例21,far,WLI,mid_fusion,0,2,0.7,1.0,0.0,0.0,0.0
病例21,far,WLI,mid_fusion,0,2,0.75,1.0,0.0,0.0,0.0
病例21,far,WLI,mid_fusion,0,2,0.8,1.0,0.0,0.0,0.0
病例21,far,WLI,mid_fusion,0,2,0.85,1.0,0.0,0.0,0.0
病例21,far,WLI,mid_fusion,0,2,0.9,1.0,0.0,0.0,0.0
病例21,far,WLI,mid_fusion,0,2,0.95,1.0,0.0,0.0,0.0
病例21,far,NBI,mid_fusion,0,2,0.05,7.876496534341525e-05,1.7872558286074354,0.528056237260247,0.23997667100694445
病例21,far,NBI,mid_fusion,0,2,0.1,0.0013390044108380593,1.5278040327662257,0.5663807736965818,0.217529296875
病例21,far,NBI,mid_fusion,0,2,0.15,0.002520478890989288,1.4324196597353498,0.5816378082933412,0.20921495225694445
病例21,far,NBI,mid_fusion,0,2,0.2,0.00645872715816005,1.358695652173913,0.5927631578933441,0.20252821180555555
病例21,far,NBI,mid_fusion,0,2,0.25,0.02040012602394455,1.2442501575299307,0.607720498410438,0.1914740668402778
病例21,far,NBI,mid_fusion,0,2,0.3,0.027725267800882167,1.189666036546944,0.6149860502176788,0.18614366319444445
病例21,far,NBI,mid_fusion,0,2,0.35,0.03229363579080025,1.154773156899811,0.6198320006038397,0.1827460394965278
病例21,far,NBI,mid_fusion,0,2,0.4,0.036546943919344675,1.118935097668557,0.6251341544421088,0.1792941623263889
病例21,far,NBI,mid_fusion,0,2,0.45,0.05356017643352237,0.9793635790800252,0.6469606417901067,0.16581217447916666
病例21,far,NBI,mid_fusion,0,2,0.5,0.06112161310649023,0.908002520478891,0.6595838866736953,0.15901692708333334
病例21,far,NBI,mid_fusion,0,2,0.55,0.07151858853182104,0.8390831758034026,0.6709736175522356,0.1521877712673611
病例21,far,NBI,mid_fusion,0,2,0.6,0.08396345305608066,0.7741808443604284,0.6810130288371219,0.14552815755208334
病例21,far,NBI,mid_fusion,0,2,0.65,0.10050409577819786,0.7098298676748582,0.6894469934777546,0.13856336805555555
病例21,far,NBI,mid_fusion,0,2,0.7,0.12263705103969755,0.6455576559546313,0.6955137210805298,0.13112386067708334
病例21,far,NBI,mid_fusion,0,2,0.75,0.1487870195337114,0.5809703843730308,0.6999579001888016,0.12331136067708333
病例21,far,NBI,mid_fusion,0,2,0.8,0.1812381852551985,0.5149653434152489,0.701677410642608,0.1148342556423611
病例21,far,NBI,mid_fusion,0,2,0.85,0.22613421550094517,0.42013232514177695,0.7054388799113069,0.10280354817708333
病例21,far,NBI,mid_fusion,0,2,0.9,0.35554505356017646,0.22298361688720858,0.6902020329803441,0.07468668619791667
病例21,far,NBI,mid_fusion,0,2,0.95,0.8681474480151229,0.0,0.23298538621967302,0.0113525390625
病例21,near,WLI,mid_fusion,0,2,0.05,0.014523967307267505,0.7543627126132096,0.7193679076034116,0.2136569552951389
病例21,near,WLI,mid_fusion,0,2,0.1,0.08603931963772918,0.483211840070687,0.7625322521176683,0.1715766059027778
病例21,near,WLI,mid_fusion,0,2,0.15,0.10978573006406009,0.41688756350784184,0.7717164947201289,0.1605156792534722
病例21,near,WLI,mid_fusion,0,2,0.2,0.13529931521979235,0.3612767837419925,0.776917733450489,0.15055338541666666
病例21,near,WLI,mid_fusion,0,2,0.25,0.1525844930417495,0.2535895736690965,0.8066763043742761,0.13520643446180555
病例21,near,WLI,mid_fusion,0,2,0.3,0.16274574773580738,0.22752374641042633,0.8109871887431839,0.13075764973958334
病例21,near,WLI,mid_fusion,0,2,0.35,0.16992489507400044,0.21189529489728298,0.8130138468173599,0.1279568142361111
病例21,near,WLI,mid_fusion,0,2,0.4,0.17611000662690524,0.19819969074442234,0.8148896657176784,0.1255154079861111
病例21,near,WLI,mid_fusion,0,2,0.45,0.193229511817981,0.1511486635741109,0.8241101145122578,0.11763509114583333
病例21,near,WLI,mid_fusion,0,2,0.5,0.20134747073116854,0.13601722995361165,0.8256215568155008,0.1147800021701389
病例21,near,WLI,mid_fusion,0,2,0.55,0.21023856858846918,0.12176938369781312,0.8263130525197137,0.1119384765625
病例21,near,WLI,mid_fusion,0,2,0.6,0.21924011486635742,0.10796333112436492,0.8267594514756096,0.10913764105902778
病例21,near,WLI,mid_fusion,0,2,0.65,0.22951181798100287,0.09454384802297328,0.826246594809824,0.1062282986111111
病例21,near,WLI,mid_fusion,0,2,0.7,0.24166114424563728,0.08046167439805611,0.8248190527650394,0.10300699869791667
病例21,near,WLI,mid_fusion,0,2,0.75,0.2572343715484869,0.06626905235255136,0.8211734538103023,0.09935167100694445
病例21,near,WLI,mid_fusion,0,2,0.8,0.27855091672189086,0.05146896399381489,0.8138549713405997,0.09491644965277778
病例21,near,WLI,mid_fusion,0,2,0.85,0.31560636182902585,0.03512259774685222,0.796030446090516,0.08835856119791667
病例21,near,WLI,mid_fusion,0,2,0.9,0.39750386569472057,0.010713496796995802,0.7469533068576374,0.07530381944444445
病例21,near,WLI,mid_fusion,0,2,0.95,0.724431190633974,0.0002208968411751712,0.43199722967521426,0.033867730034722224
病例21,near,NBI,mid_fusion,0,2,0.05,0.031689029202841355,0.06348658247829518,0.9531569414833458,0.7092488606770834
病例21,near,NBI,mid_fusion,0,2,0.1,0.19511641673243882,0.009915153906866614,0.8870224193789076,0.5600857204861112
病例21,near,NBI,mid_fusion,0,2,0.15,0.21633780584056828,0.0054853985793212314,0.8760173809466462,0.5424533420138888
病例21,near,NBI,mid_fusion,0,2,0.2,0.2469909234411997,0.003966061562746646,0.8571653180743922,0.5203382703993056
病例21,near,NBI,mid_fusion,0,2,0.25,0.32512825572217835,0.0023480662983425414,0.8047505044023902,0.46551513671875
病例21,near,NBI,mid_fusion,0,2,0.3,0.3451854775059195,0.0021310181531176008,0.790387500892663,0.4515787760416667
病例21,near,NBI,mid_fusion,0,2,0.35,0.3578235990528808,0.0019238358326756117,0.7811888674190912,0.4427490234375
病例21,near,NBI,mid_fusion,0,2,0.4,0.3720698500394633,0.0017955801104972376,0.7705961050670622,0.4328681098090278
病例21,near,NBI,mid_fusion,0,2,0.45,0.5113950276243094,0.001430544593528019,0.6558299675556805,0.3368462456597222
病例21,near,NBI,mid_fusion,0,2,0.5,0.5404597474348856,0.0004834254143646409,0.6294969862417024,0.3162163628472222
病例21,near,NBI,mid_fusion,0,2,0.55,0.5645422257300711,0.0003453038674033149,0.6065703311272312,0.2995673285590278
病例21,near,NBI,mid_fusion,0,2,0.6,0.5890588003157063,0.0002170481452249408,0.5824168909703342,0.2826266818576389
病例21,near,NBI,mid_fusion,0,2,0.65,0.6104676400947119,0.00012825572217837412,0.5606150962681316,0.2678493923611111
病例21,near,NBI,mid_fusion,0,2,0.7,0.6355860299921073,0.00012825572217837412,0.5341190080250638,0.2505832248263889
病例21,near,NBI,mid_fusion,0,2,0.75,0.6613851617995264,0.00011838989739542226,0.5058735095136808,0.2328423394097222
病例21,near,NBI,mid_fusion,0,2,0.8,0.6934984214680348,3.9463299131807416e-05,0.4691801768464565,0.21071370442708334
病例21,near,NBI,mid_fusion,0,2,0.85,0.7521014206787687,9.865824782951854e-06,0.3973025109098118,0.17041015625
病例21,near,NBI,mid_fusion,0,2,0.9,0.8673145224940805,9.865824782951854e-06,0.23428272798516306,0.0912136501736111
病例21,near,NBI,mid_fusion,0,2,0.95,0.9900157853196527,0.0,0.019771031141308393,0.006863064236111111
病例29,near,WLI,mid_fusion,0,2,0.05,0.31281708945260345,0.09310191366266132,0.7719921005905257,0.11890326605902778
病例29,near,WLI,mid_fusion,0,2,0.1,0.4041833555852247,0.027770360480640854,0.733950989527071,0.09502495659722222
病例29,near,WLI,mid_fusion,0,2,0.15,0.43333333333333335,0.018958611481975966,0.7147548345428871,0.08924018012152778
病例29,near,WLI,mid_fusion,0,2,0.2,0.47031597685803295,0.014953271028037384,0.685836118472151,0.08299424913194445
病例29,near,WLI,mid_fusion,0,2,0.25,0.5178015131286159,0.011971517578994215,0.6454399237485988,0.07530381944444445
病例29,near,WLI,mid_fusion,0,2,0.3,0.534712950600801,0.01063640409434802,0.630502955009557,0.07252332899305555
病例29,near,WLI,mid_fusion,0,2,0.35,0.5456163773920784,0.008989764129951045,0.6210084544716835,0.07061089409722222
病例29,near,WLI,mid_fusion,0,2,0.4,0.5534490431686694,0.007832665776591011,0.6140758873910218,0.0692409939236111
病例29,near,WLI,mid_fusion,0,2,0.45,0.5783711615487317,0.007120605251446373,0.5902068278077803,0.0653347439236111
病例29,near,WLI,mid_fusion,0,2,0.5,0.5872719181130396,0.0063640409434801955,0.5816790541581783,0.06386311848958333
病例29,near,WLI,mid_fusion,0,2,0.55,0.5980418335558523,0.005607476635514018,0.5711394966467335,0.06210666232638889
病例29,near,WLI,mid_fusion,0,2,0.6,0.610636404094348,0.00520694259012016,0.5583992851654378,0.060126410590277776
病例29,near,WLI,mid_fusion,0,2,0.65,0.6232309746328438,0.004895416110369382,0.5453842685030427,0.058159722222222224
病例29,near,WLI,mid_fusion,0,2,0.7,0.6379172229639519,0.004494882064975523,0.5299117465055854,0.05586073133680555
病例29,near,WLI,mid_fusion,0,2,0.75,0.6544281263907432,0.0041388518024032045,0.5120680559202319,0.053290473090277776
病例29,near,WLI,mid_fusion,0,2,0.8,0.6761459724076546,0.004005340453938585,0.4877836243573825,0.04996066623263889
病例29,near,WLI,mid_fusion,0,2,0.85,0.710057854917668,0.003649310191366266,0.4482746757475891,0.04473876953125
病例29,near,WLI,mid_fusion,0,2,0.9,0.7898976412995105,0.001557632398753894,0.3468008521253699,0.03225368923611111
病例29,near,WLI,mid_fusion,0,2,0.95,0.9746773475745438,0.0,0.04939450496961936,0.0038587782118055555
病例29,near,NBI,mid_fusion,0,2,0.05,0.09175526237137611,0.1520003415738013,0.8816861127787253,0.1684027777777778
病例29,near,NBI,mid_fusion,0,2,0.1,0.16801161350924385,0.07181589172110499,0.8740272264440242,0.1435546875
病例29,near,NBI,mid_fusion,0,2,0.15,0.2067802399555954,0.05529225908372828,0.8582251582185563,0.1347724066840278
病例29,near,NBI,mid_fusion,0,2,0.2,0.24085222663421715,0.04346526621408138,0.8422748051805058,0.12748209635416666
病例29,near,NBI,mid_fusion,0,2,0.25,0.28107254173604884,0.031467486443789765,0.8214459947291896,0.11918809678819445
病例29,near,NBI,mid_fusion,0,2,0.3,0.29832201870116565,0.025959608897997522,0.8122976546454482,0.1155734592013889
病例29,near,NBI,mid_fusion,0,2,0.35,0.3080141753127535,0.022629264335425472,0.8071617112385896,0.11350504557291667
病例29,near,NBI,mid_fusion,0,2,0.4,0.3182613893514367,0.019512403398659322,0.801455640605342,0.11138237847222222
病例29,near,NBI,mid_fusion,0,2,0.45,0.33777379275009606,0.013278681525127022,0.7904795881943059,0.10729302300347222
病例29,near,NBI,mid_fusion,0,2,0.5,0.3468681952094274,0.010759574740617395,0.785065434947947,0.10544840494791667
病例29,near,NBI,mid_fusion,0,2,0.55,0.35562102386746935,0.007728107254173605,0.7800692613821779,0.10357666015625
病例29,near,NBI,mid_fusion,0,2,0.6,0.36595363135647496,0.004056188890312113,0.7741229213345824,0.1013522677951389
病例29,near,NBI,mid_fusion,0,2,0.65,0.3788053456299902,0.0023056231587037274,0.7652535240880358,0.0990329318576389
病例29,near,NBI,mid_fusion,0,2,0.7,0.3953289782673669,0.0019213526322531063,0.7527373232679049,0.0963473849826389
病例29,near,NBI,mid_fusion,0,2,0.75,0.4144144144144144,0.001537082105802485,0.7379210158163727,0.09325493706597222
病例29,near,NBI,mid_fusion,0,2,0.8,0.4422099824943427,0.001494385380641305,0.7154435925500672,0.0888332790798611
病例29,near,NBI,mid_fusion,0,2,0.85,0.4822168139703685,0.001494385380641305,0.6816176263927111,0.08247884114583333
病例29,near,NBI,mid_fusion,0,2,0.9,0.583792323128816,0.0004696639767729815,0.5875828812519964,0.06618245442708333
病例29,near,NBI,mid_fusion,0,2,0.95,0.8439007728107254,0.0,0.2700446873720499,0.024793836805555556
病例40,far,WLI,mid_fusion,0,2,0.05,0.09097457321904487,0.4898076784556652,0.757889679607685,0.3951009114583333
病例40,far,WLI,mid_fusion,0,2,0.1,0.1864870705178996,0.1399073207039785,0.8329113301693344,0.2692938910590278
病例40,far,WLI,mid_fusion,0,2,0.15,0.195442867775937,0.12499699872746044,0.8339306156975338,0.2625528971354167
病例40,far,WLI,mid_fusion,0,2,0.2,0.20764003937669573,0.10218732742682897,0.8364636402797804,0.2526652018229167
病例40,far,WLI,mid_fusion,0,2,0.25,0.23844510072270642,0.05668803572714831,0.8376822311419321,0.2311130099826389
病例40,far,WLI,mid_fusion,0,2,0.3,0.24718480635789575,0.047684218108478,0.836229313631551,0.2261013454861111
病例40,far,WLI,mid_fusion,0,2,0.35,0.2534514634204903,0.04336238565151624,0.8341739550345627,0.2231106228298611
病例40,far,WLI,mid_fusion,0,2,0.4,0.26091862949890754,0.03973684842373166,0.8309802121847164,0.2199774848090278
病例40,far,WLI,mid_fusion,0,2,0.45,0.3059137074119427,0.010732550601455016,0.8142639851264516,0.19907633463541666
病例40,far,WLI,mid_fusion,0,2,0.5,0.3266825133856755,0.0071310235539868904,0.8013544985629151,0.1921929253472222
病例40,far,WLI,mid_fusion,0,2,0.55,0.3457225863766237,0.005642392374366732,0.7883241241635254,0.1863945855034722
病例40,far,WLI,mid_fusion,0,2,0.6,0.3679800235299767,0.0052342193089870105,0.7720486874897022,0.17999267578125
病例40,far,WLI,mid_fusion,0,2,0.65,0.38872481932339314,0.0052342193089870105,0.7562902890402574,0.17413330078125
病例40,far,WLI,mid_fusion,0,2,0.7,0.4142956613604168,0.0052342193089870105,0.7363003878590176,0.16691080729166666
病例40,far,WLI,mid_fusion,0,2,0.75,0.4462292011813009,0.0052342193089870105,0.7104156720199744,0.1578911675347222
病例40,far,WLI,mid_fusion,0,2,0.8,0.4825806141804125,0.0052342193089870105,0.6796284907821568,0.14762369791666666
病例40,far,WLI,mid_fusion,0,2,0.85,0.5323297077961056,0.0034814761458858558,0.6357879618738808,0.13307698567708334
病例40,far,WLI,mid_fusion,0,2,0.9,0.6293068260942639,0.000816346130759442,0.5405623052404668,0.10493299696180555
病例40,far,WLI,mid_fusion,0,2,0.95,0.935868808374751,0.0,0.12053249097445728,0.018113878038194444
病例40,far,NBI,mid_fusion,0,2,0.05,0.1139008979048886,1.3748752909876953,0.5434566453342593,0.18442789713541666
病例40,far,NBI,mid_fusion,0,2,0.1,0.2616395078150981,0.37529098769537744,0.6986586948798384,0.09084065755208333
病例40,far,NBI,mid_fusion,0,2,0.15,0.2991353508480213,0.23819421350182907,0.7228915662619607,0.07659912109375
病例40,far,NBI,mid_fusion,0,2,0.2,0.33654805453940806,0.1477386099102095,0.732614184068246,0.06616889105902778
病例40,far,NBI,mid_fusion,0,2,0.25,0.3583305620219488,0.11423345527103425,0.7308712121177515,0.06165907118055555
病例40,far,NBI,mid_fusion,0,2,0.3,0.37030262720319257,0.10151313601596275,0.7274648225484922,0.05964491102430555
病例40,far,NBI,mid_fusion,0,2,0.35,0.3786165613568341,0.09386431659461257,0.7245407396601011,0.058342827690972224
病例40,far,NBI,mid_fusion,0,2,0.4,0.3855171267043565,0.08804456268706352,0.721847836699278,0.057305230034722224
病例40,far,NBI,mid_fusion,0,2,0.45,0.39898570003325573,0.07657133355503824,0.7165229457789843,0.05527072482638889
病例40,far,NBI,mid_fusion,0,2,0.5,0.40621882274692384,0.07174925174592617,0.7130235112029499,0.05428738064236111
病例40,far,NBI,mid_fusion,0,2,0.55,0.41411706019288325,0.06709344861988693,0.7088824061929943,0.053263346354166664
病例40,far,NBI,mid_fusion,0,2,0.6,0.42243099434652476,0.061772530761556366,0.7046353585520608,0.05215115017361111
病例40,far,NBI,mid_fusion,0,2,0.65,0.43274027269704024,0.05703358829398071,0.6984695705548525,0.050923665364583336
病例40,far,NBI,mid_fusion,0,2,0.7,0.44504489524442964,0.05121383438643166,0.6910295563916816,0.049445258246527776
病例40,far,NBI,mid_fusion,0,2,0.75,0.46092450947788494,0.044063851014299965,0.6810209011622674,0.047566731770833336
病例40,far,NBI,mid_fusion,0,2,0.8,0.4831227136681078,0.034918523445294315,0.6661666220162541,0.04501003689236111
病例40,far,NBI,mid_fusion,0,2,0.85,0.5177918190887928,0.028766212171599602,0.6382744580134352,0.041680230034722224
病例40,far,NBI,mid_fusion,0,2,0.9,0.5820585300964416,0.021865646824077153,0.5805520267895798,0.03587510850694445
病例40,far,NBI,mid_fusion,0,2,0.95,0.766212171599601,0.0047389424675756565,0.37752567630813233,0.019456651475694444
病例40,near,WLI,mid_fusion,0,2,0.05,0.007050226430629889,0.425458007410457,0.8211599229688356,0.37384033203125
病例40,near,WLI,mid_fusion,0,2,0.1,0.03890489913544669,0.18026965829559488,0.8976472567339193,0.3008219401041667
病例40,near,WLI,mid_fusion,0,2,0.15,0.0597725401399753,0.14826060107039934,0.9003905528097621,0.2868855794270833
病例40,near,WLI,mid_fusion,0,2,0.2,0.08362494853849321,0.12813915191436806,0.896423267637121,0.2752956814236111
病例40,near,WLI,mid_fusion,0,2,0.25,0.14241972004940304,0.09458624948538494,0.8785933648777781,0.2509562174479167
病例40,near,WLI,mid_fusion,0,2,0.3,0.164033552902429,0.08527171675586662,0.8702371864399665,0.2428046332465278
病例40,near,WLI,mid_fusion,0,2,0.35,0.1767188143268835,0.08022848909016056,0.8650139230570372,0.2381320529513889
病例40,near,WLI,mid_fusion,0,2,0.4,0.186547962124331,0.0762659530671058,0.8609242667671619,0.2344970703125
病例40,near,WLI,mid_fusion,0,2,0.45,0.24511115685467272,0.06044153972828324,0.8316820456112151,0.21489122178819445
病例40,near,WLI,mid_fusion,0,2,0.5,0.26600452861259777,0.05511527377521614,0.8205142955749576,0.2079806857638889
病例40,near,WLI,mid_fusion,0,2,0.55,0.2875668999588308,0.0503808151502676,0.8082907604717439,0.2010498046875
病例40,near,WLI,mid_fusion,0,2,0.6,0.30635034993824617,0.04495162618361466,0.7979398836732852,0.1946682400173611
病例40,near,WLI,mid_fusion,0,2,0.65,0.32528818443804036,0.039779744750926306,0.787069276022351,0.18831380208333334
病例40,near,WLI,mid_fusion,0,2,0.7,0.3463874022231371,0.034273363524083986,0.7744748315485617,0.1813015407986111
病例40,near,WLI,mid_fusion,0,2,0.75,0.3693649650061754,0.028895636064223962,0.7600161250298313,0.173828125
病例40,near,WLI,mid_fusion,0,2,0.8,0.397231370934541,0.02377521613832853,0.7411649318177284,0.1651340060763889
病例40,near,WLI,mid_fusion,0,2,0.85,0.4335889254837382,0.016544874433923426,0.715637191156184,0.15364583333333334
病例40,near,WLI,mid_fusion,0,2,0.9,0.5070244956772334,0.003499382461918485,0.6588490173478587,0.1308525933159722
病例40,near,WLI,mid_fusion,0,2,0.95,0.8784479209551256,0.0,0.21675690556984317,0.032036675347222224
病例40,near,NBI,mid_fusion,0,2,0.05,0.0,0.7676996921792665,0.7226217517924893,0.4595472547743056
病例40,near,NBI,mid_fusion,0,2,0.1,0.0,0.6030416862315437,0.7683319136135007,0.4167412651909722
病例40,near,NBI,mid_fusion,0,2,0.15,0.0,0.5696509625919549,0.7783158215311118,0.4080607096354167
病例40,near,NBI,mid_fusion,0,2,0.2,2.608650284342881e-05,0.5360776334324621,0.7886069308857622,0.3993259006076389
病例40,near,NBI,mid_fusion,0,2,0.25,0.00018260551990400168,0.4921218761412845,0.8024412201905214,0.3878580729166667
病例40,near,NBI,mid_fusion,0,2,0.3,0.0007304220796160067,0.4721135284603746,0.8086723384483432,0.3825141059027778
病例40,near,NBI,mid_fusion,0,2,0.35,0.0014086711535451558,0.46021808316377105,0.8122559837030934,0.3792453342013889
病例40,near,NBI,mid_fusion,0,2,0.4,0.002869515312777169,0.4488704544268795,0.8153148829511915,0.37591552734375
病例40,near,NBI,mid_fusion,0,2,0.45,0.011504147753952105,0.3110293734022017,0.859739081110766,0.3378363715277778
病例40,near,NBI,mid_fusion,0,2,0.5,0.020790942766212763,0.2669170970939636,0.8719092249969549,0.3239542643229167
病例40,near,NBI,mid_fusion,0,2,0.55,0.03798194814003235,0.2294307925079564,0.8779744545086982,0.3097398546006944
病例40,near,NBI,mid_fusion,0,2,0.6,0.06412062398914802,0.18539677570824856,0.8823739193515717,0.2914971245659722
病例40,near,NBI,mid_fusion,0,2,0.65,0.09993739239317577,0.13504982522043094,0.8845335452599732,0.2690972222222222
病例40,near,NBI,mid_fusion,0,2,0.7,0.1643449679136015,0.07408566807533783,0.8751502568013398,0.2365044487847222
病例40,near,NBI,mid_fusion,0,2,0.75,0.2439348880889028,0.0449992174049147,0.8395759103142441,0.208251953125
病例40,near,NBI,mid_fusion,0,2,0.8,0.3597328742108833,0.024077842124484793,0.7693923292726299,0.17270914713541666
病例40,near,NBI,mid_fusion,0,2,0.85,0.5633119424010017,0.0075389993217509265,0.604736015026995,0.11548529730902778
病例40,near,NBI,mid_fusion,0,2,0.9,0.8557416392758387,0.0002608650284342881,0.2520855176180606,0.03757052951388889
病例40,near,NBI,mid_fusion,0,2,0.95,0.9990347993947931,0.0,0.0019285397826433281,0.00025092230902777775
病例44,far,WLI,mid_fusion,0,2,0.05,0.010233996055647353,0.5002398592825542,0.7949909022780799,0.1895751953125
病例44,far,WLI,mid_fusion,0,2,0.1,0.035179361441287776,0.17237887106231012,0.9028830806042925,0.1446872287326389
病例44,far,WLI,mid_fusion,0,2,0.15,0.04583977399925377,0.1236074836096157,0.9184474487547306,0.13712565104166666
病例44,far,WLI,mid_fusion,0,2,0.2,0.06449549597569426,0.10569799051223282,0.9166209687924882,0.1324734157986111
病例44,far,WLI,mid_fusion,0,2,0.25,0.08304461382655509,0.08933425723575503,0.9140807651410359,0.12803141276041666
病例44,far,WLI,mid_fusion,0,2,0.3,0.09151964181013805,0.07456958584297212,0.9162455649905488,0.12507459852430555
病例44,far,WLI,mid_fusion,0,2,0.35,0.0965833377751719,0.0650818186663824,0.9178738728956218,0.12322319878472222
病例44,far,WLI,mid_fusion,0,2,0.4,0.10249986674484303,0.05404829166888758,0.9197825908805075,0.1210666232638889
病例44,far,WLI,mid_fusion,0,2,0.45,0.12174191141197165,0.040776078034219926,0.9153126128352768,0.11692979600694445
病例44,far,WLI,mid_fusion,0,2,0.5,0.13309525078620543,0.037044933638931826,0.910638297869791,0.11501057942708333
病例44,far,WLI,mid_fusion,0,2,0.55,0.14524812110228666,0.03267416449016577,0.9057328438268688,0.11290825737847222
病例44,far,WLI,mid_fusion,0,2,0.6,0.15910665742764246,0.027290656148392944,0.9002253987249274,0.11046006944444445
病例44,far,WLI,mid_fusion,0,2,0.65,0.17658973402270667,0.022866584936837055,0.8919683584476819,0.10767279730902778
病例44,far,WLI,mid_fusion,0,2,0.7,0.19663130963168274,0.017536378657854058,0.8823839353641988,0.10444471571180555
病例44,far,WLI,mid_fusion,0,2,0.75,0.2204040296359469,0.011939662064921912,0.8703103150728324,0.1007080078125
病例44,far,WLI,mid_fusion,0,2,0.8,0.251106017802889,0.006502851660359256,0.8532475025024953,0.09611002604166667
病例44,far,WLI,mid_fusion,0,2,0.85,0.2959863546719258,0.0012792495069559192,0.8256806176325269,0.08973524305555555
病例44,far,WLI,mid_fusion,0,2,0.9,0.3776451148659453,0.0,0.7672241022414586,0.07918294270833333
病例44,far,WLI,mid_fusion,0,2,0.95,0.6184105324876072,0.0,0.5523919753065109,0.04855007595486111
病例44,far,NBI,mid_fusion,0,2,0.05,0.00010663254425250586,0.8595649392194498,0.6993585918841375,0.2365180121527778
病例44,far,NBI,mid_fusion,0,2,0.1,0.0011729579867775645,0.5943698016634676,0.7703441753345731,0.20265028211805555
病例44,far,NBI,mid_fusion,0,2,0.15,0.0022392834293026233,0.514768607378972,0.7942281167091899,0.1923895941840278
病例44,far,NBI,mid_fusion,0,2,0.2,0.0034122414160801876,0.4256771166560034,0.8228561366419641,0.180908203125
病例44,far,NBI,mid_fusion,0,2,0.25,0.010290040520366816,0.31381957773512476,0.8592986922789971,0.1658053927951389
病例44,far,NBI,mid_fusion,0,2,0.3,0.014821923651098315,0.27975047984644913,0.8699418563572657,0.1608954535590278
病例44,far,NBI,mid_fusion,0,2,0.35,0.01850074642780977,0.2597568777991043,0.8758474677049365,0.15788438585069445
病例44,far,NBI,mid_fusion,0,2,0.4,0.022819364470036255,0.24034975474514822,0.8813233314077675,0.15486653645833334
病例44,far,NBI,mid_fusion,0,2,0.45,0.0345489443378119,0.19892301130304968,0.8921295726052664,0.1481051974826389
病例44,far,NBI,mid_fusion,0,2,0.5,0.040147152911068455,0.18207506931115378,0.8962513068131223,0.14525010850694445
病例44,far,NBI,mid_fusion,0,2,0.55,0.046811686926850074,0.16634676903390916,0.899431503745788,0.1424018012152778
病例44,far,NBI,mid_fusion,0,2,0.6,0.0535828534868842,0.14901898059287694,0.9033128085061745,0.1393364800347222
病例44,far,NBI,mid_fusion,0,2,0.65,0.0627532522925997,0.13142461079121348,0.9061340206162213,0.1359320746527778
病例44,far,NBI,mid_fusion,0,2,0.7,0.07288334399658776,0.11287054809127746,0.9089435993912787,0.13228352864583334
病例44,far,NBI,mid_fusion,0,2,0.75,0.08749200255918106,0.09335679249306889,0.9098399872390892,0.12794325086805555
病例44,far,NBI,mid_fusion,0,2,0.8,0.10967157176370228,0.07037747920665387,0.9081713120301613,0.12219916449652778
病例44,far,NBI,mid_fusion,0,2,0.85,0.1485924504158669,0.040040520366815956,0.9002706054772233,0.11338975694444445
病例44,far,NBI,mid_fusion,0,2,0.9,0.25618468756664536,0.007357645553422905,0.8495052519383482,0.0955471462673611
病例44,far,NBI,mid_fusion,0,2,0.95,0.6340371081253998,0.0,0.5358313817309296,0.046549479166666664
病例44,near,WLI,mid_fusion,0,2,0.05,0.007458216872967886,0.09279276709828305,0.9519257070949232,0.5161404079861112
病例44,near,WLI,mid_fusion,0,2,0.1,0.025141178483828647,0.049612115680794024,0.9630751458109358,0.4871961805555556
病例44,near,WLI,mid_fusion,0,2,0.15,0.035508527750841366,0.03563687182704923,0.9644295828365326,0.4756198459201389
病例44,near,WLI,mid_fusion,0,2,0.2,0.051309109577320176,0.029718783868575665,0.9590439257853453,0.4652913411458333
病例44,near,WLI,mid_fusion,0,2,0.25,0.09668587074325481,0.024085904968341794,0.9373395384619833,0.4410332573784722
病例44,near,WLI,mid_fusion,0,2,0.3,0.11270035936341338,0.022289087901431748,0.9293096752987653,0.4325629340277778
病例44,near,WLI,mid_fusion,0,2,0.35,0.12165592379213964,0.021105470309737036,0.924840649563485,0.4277411566840278
病例44,near,WLI,mid_fusion,0,2,0.4,0.1298699446694427,0.019679425018538588,0.9208653722799248,0.42315673828125
病例44,near,WLI,mid_fusion,0,2,0.45,0.17624493753921625,0.017354971193885117,0.8948460954557536,0.3999972873263889
病例44,near,WLI,mid_fusion,0,2,0.5,0.19639495750385033,0.0160857908847185,0.8832325005478799,0.3898111979166667
病例44,near,WLI,mid_fusion,0,2,0.55,0.21842735725286636,0.014859391934287832,0.8701388392743921,0.3787502712673611
病例44,near,WLI,mid_fusion,0,2,0.6,0.23991785979122696,0.013319263019793508,0.8572025925144685,0.3677978515625
病例44,near,WLI,mid_fusion,0,2,0.65,0.2651446009925275,0.011237236894643773,0.8417141037047102,0.3548109266493056
病例44,near,WLI,mid_fusion,0,2,0.7,0.2946637385203354,0.00788603046032742,0.8234030864498965,0.3391791449652778
病例44,near,WLI,mid_fusion,0,2,0.75,0.3277479892761394,0.0043066567794193145,0.8019427220216541,0.3217434353298611
病例44,near,WLI,mid_fusion,0,2,0.8,0.36374137242598825,0.003436769151788261,0.7760692978024595,0.3042127821180556
病例44,near,WLI,mid_fusion,0,2,0.85,0.4201985055045348,0.0028378301294849123,0.7327019940343548,0.2770792643229167
病例44,near,WLI,mid_fusion,0,2,0.9,0.5568421653071701,8.556271747190691e-05,0.6141137877194889,0.2107883029513889
病例44,near,WLI,mid_fusion,0,2,0.95,0.9997290513946723,0.0,0.0005417504241327834,0.00012885199652777778
病例44,near,NBI,mid_fusion,0,2,0.05,0.0,0.28127230504760087,0.8767037567474378,0.8643391927083334
病例44,near,NBI,mid_fusion,0,2,0.1,0.0002613774592100369,0.13181466327546168,0.9380376546931888,0.7633395724826388
病例44,near,NBI,mid_fusion,0,2,0.15,0.0005127019392196878,0.10076101052546922,0.9517801242588232,0.7422214084201388
病例44,near,NBI,mid_fusion,0,2,0.2,0.0010153508992389894,0.07280367536919566,0.9643694167992332,0.7230224609375
病例44,near,NBI,mid_fusion,0,2,0.25,0.011741879706050888,0.0339790696973048,0.9773909066500077,0.6895955403645834
病例44,near,NBI,mid_fusion,0,2,0.3,0.018185839373498335,0.02567530887778593,0.9781512436709826,0.6796468098958334
病例44,near,NBI,mid_fusion,0,2,0.35,0.022860474701677843,0.021583746343228814,0.9777636946162199,0.6737331814236112
病例44,near,NBI,mid_fusion,0,2,0.4,0.02867109667950097,0.017602766579875945,0.9767343122136133,0.6671278211805556
病例44,near,NBI,mid_fusion,0,2,0.45,0.04684688307379892,0.00991223749158063,0.9710864844929272,0.6496785481770834
病例44,near,NBI,mid_fusion,0,2,0.5,0.05578398158294211,0.0073788867330833495,0.9676352566045775,0.6419406467013888
病例44,near,NBI,mid_fusion,0,2,0.55,0.06886290752264433,0.005026489600193017,0.9618372136487976,0.63153076171875
病例44,near,NBI,mid_fusion,0,2,0.6,0.08678736943693263,0.003257165260925075,0.9530154167339221,0.6182454427083334
病例44,near,NBI,mid_fusion,0,2,0.65,0.10924572497059504,0.001729112422466398,0.9413602052573737,0.6020643446180556
病例44,near,NBI,mid_fusion,0,2,0.7,0.13899249042453732,0.00037196023041428326,0.9251284045426719,0.5810818142361112
病例44,near,NBI,mid_fusion,0,2,0.75,0.16848793139846993,3.0158937601158102e-05,0.907991152044905,0.5609537760416666
病例44,near,NBI,mid_fusion,0,2,0.8,0.21015753018407005,0.0,0.8825832252116745,0.5328233506944444
病例44,near,NBI,mid_fusion,0,2,0.85,0.3063645411317644,0.0,0.8191083331844536,0.4679226345486111
病例44,near,NBI,mid_fusion,0,2,0.9,0.5780865159389985,0.0,0.5934446628295743,0.2846204969618056
病例44,near,NBI,mid_fusion,0,2,0.95,0.998592582911946,0.0,0.0028108780982373676,0.0009494357638888889
病例5,far,WLI,mid_fusion,0,2,0.05,0.03638784113601065,1.129798091857111,0.6230096112421244,0.06398518880208333
病例5,far,WLI,mid_fusion,0,2,0.1,0.08276015087641447,0.435322831151542,0.7797793077357372,0.041341145833333336
病例5,far,WLI,mid_fusion,0,2,0.15,0.10228533392500555,0.37541601952518305,0.7898487066784787,0.03891330295138889
病例5,far,WLI,mid_fusion,0,2,0.2,0.121588639893499,0.332149988906146,0.7947405399900156,0.03700086805555555
病例5,far,WLI,mid_fusion,0,2,0.25,0.13933880630130907,0.30197470601286885,0.7959372114415108,0.03553602430555555
病例5,far,WLI,mid_fusion,0,2,0.3,0.1533170623474595,0.2806745063234968,0.7959949937338757,0.03445773654513889
病例5,far,WLI,mid_fusion,0,2,0.35,0.16330153095185268,0.25893055247392943,0.798517734242472,0.033487955729166664
病例5,far,WLI,mid_fusion,0,2,0.4,0.17217661415575772,0.23763035278455735,0.8015898592673585,0.03256564670138889
病例5,far,WLI,mid_fusion,0,2,0.45,0.18948302640337253,0.21011759485245174,0.802240035128997,0.031195746527777776
病例5,far,WLI,mid_fusion,0,2,0.5,0.19924561792766807,0.19569558464610606,0.8021782618270484,0.03045654296875
病例5,far,WLI,mid_fusion,0,2,0.55,0.20678943865098734,0.183270468160639,0.8026493039873972,0.02984619140625
病例5,far,WLI,mid_fusion,0,2,0.6,0.217661415575771,0.16973596627468382,0.8015458058558587,0.029100206163194444
病例5,far,WLI,mid_fusion,0,2,0.65,0.23208342578211671,0.15198579986687374,0.7999537732485847,0.028116861979166668
病例5,far,WLI,mid_fusion,0,2,0.7,0.2491679609496339,0.13556689593964943,0.796047988699176,0.027092827690972224
病例5,far,WLI,mid_fusion,0,2,0.75,0.27867761260261814,0.11737297537164411,0.7846023892749534,0.025634765625
病例5,far,WLI,mid_fusion,0,2,0.8,0.3143998224983359,0.09385400488129576,0.7705735660751799,0.023824055989583332
病例5,far,WLI,mid_fusion,0,2,0.85,0.36343465719991125,0.06035056578655425,0.7502615062663407,0.02130126953125
病例5,far,WLI,mid_fusion,0,2,0.9,0.4623918349234524,0.02130019968937209,0.6897238827115041,0.017083062065972224
病例5,far,WLI,mid_fusion,0,2,0.95,0.7086753938318172,0.0,0.45120274913314085,0.008904351128472222
病例5,far,NBI,mid_fusion,0,2,0.05,0.0,3.820287368646794,0.34362564480345015,0.1524319118923611
病例5,far,NBI,mid_fusion,0,2,0.1,0.0,1.1994424190435342,0.6251089215052945,0.0695529513888889
病例5,far,NBI,mid_fusion,0,2,0.15,0.0,0.9802702123096719,0.671080089223062,0.0626220703125
病例5,far,NBI,mid_fusion,0,2,0.2,0.0,0.9110015011794982,0.6870487697017309,0.060431586371527776
病例5,far,NBI,mid_fusion,0,2,0.25,0.0006433626420759168,0.8653227535921081,0.6977092379046436,0.058966742621527776
病例5,far,NBI,mid_fusion,0,2,0.3,0.0012867252841518336,0.8316534419901351,0.7057129868108372,0.057881673177083336
病例5,far,NBI,mid_fusion,0,2,0.35,0.0015011794981771391,0.8007720351704911,0.7133992185649781,0.05689832899305555
病例5,far,NBI,mid_fusion,0,2,0.4,0.0023589963542783618,0.7683894488526699,0.7213521476141932,0.05584716796875
病例5,far,NBI,mid_fusion,0,2,0.45,0.0034312674244048897,0.7310744156122668,0.7307178237225354,0.054633246527777776
病例5,far,NBI,mid_fusion,0,2,0.5,0.0038601758524555007,0.7096289942097362,0.7363081556571585,0.05394151475694445
病例5,far,NBI,mid_fusion,0,2,0.55,0.0051469011366073346,0.6821788548144971,0.7432508211107646,0.053032769097222224
病例5,far,NBI,mid_fusion,0,2,0.6,0.005790263778683251,0.6583744370576882,0.7496159754163666,0.05225965711805555
病例5,far,NBI,mid_fusion,0,2,0.65,0.007076989062835085,0.6255629423118164,0.7583947583885471,0.05118136935763889
病例5,far,NBI,mid_fusion,0,2,0.7,0.008149260132961612,0.5895346343555651,0.7684639029594711,0.050008138020833336
病例5,far,NBI,mid_fusion,0,2,0.75,0.010293802273214669,0.5447137036242762,0.7810120155628616,0.04852294921875
病例5,far,NBI,mid_fusion,0,2,0.8,0.013510615483594253,0.47951962256058334,0.8000695712601089,0.04635959201388889
病例5,far,NBI,mid_fusion,0,2,0.85,0.019086425048252198,0.37722496247051257,0.8319388868603861,0.042948404947916664
病例5,far,NBI,mid_fusion,0,2,0.9,0.048895560797769674,0.17542354707269997,0.8945139168929557,0.035624186197916664
病例5,far,NBI,mid_fusion,0,2,0.95,0.47244263349774823,0.0,0.6907202021523133,0.016682942708333332
病例5,near,WLI,mid_fusion,0,2,0.05,0.0,0.5598050497529277,0.7813094986228546,0.15627034505208334
病例5,near,WLI,mid_fusion,0,2,0.1,0.0,0.37013470520544234,0.8438338950110132,0.13726806640625
病例5,near,WLI,mid_fusion,0,2,0.15,0.0,0.3315508021390374,0.8577981651351242,0.13340250651041666
病例5,near,WLI,mid_fusion,0,2,0.2,0.0,0.2951330129289921,0.871409190111274,0.1297539605034722
病例5,near,WLI,mid_fusion,0,2,0.25,0.0,0.2614228660393962,0.8843989463575059,0.1263766818576389
病例5,near,WLI,mid_fusion,0,2,0.3,6.769105801123671e-05,0.24084478440398024,0.8924870857599236,0.12430826822916667
病例5,near,WLI,mid_fusion,0,2,0.35,0.00013538211602247342,0.22554660529344073,0.8985886360843819,0.1227688259548611
病例5,near,WLI,mid_fusion,0,2,0.4,0.0005415284640898937,0.2118730115751709,0.9039426962137139,0.12135823567708333
病例5,near,WLI,mid_fusion,0,2,0.45,0.0013538211602247344,0.189873417721519,0.9126225603881333,0.11907280815972222
病例5,near,WLI,mid_fusion,0,2,0.5,0.002369187030393285,0.17741826304745142,0.9173409685020623,0.11772325303819445
病例5,near,WLI,mid_fusion,0,2,0.55,0.004061463480674203,0.16733229540377717,0.9207710119503073,0.1165432400173611
病例5,near,WLI,mid_fusion,0,2,0.6,0.006498341569078725,0.1539294659175523,0.9252931534455765,0.1149563259548611
病例5,near,WLI,mid_fusion,0,2,0.65,0.010559805049752928,0.13998510796723754,0.9293025621433998,0.11315239800347222
病例5,near,WLI,mid_fusion,0,2,0.7,0.016178162864685576,0.1259053679009003,0.9326531267015348,0.1111789279513889
病例5,near,WLI,mid_fusion,0,2,0.75,0.02551952887023624,0.10911798551411359,0.9353822162992256,0.10856119791666667
病例5,near,WLI,mid_fusion,0,2,0.8,0.041630000676910583,0.08996141609693359,0.9357567746168679,0.10502794053819445
病例5,near,WLI,mid_fusion,0,2,0.85,0.07033100927367494,0.062072700196304065,0.9335236541566968,0.09935845269097222
病例5,near,WLI,mid_fusion,0,2,0.9,0.1423542949976308,0.028497935422730658,0.9094171691038277,0.0887790256076389
病例5,near,WLI,mid_fusion,0,2,0.95,0.4292966899072633,0.000473837406078657,0.7264658997857634,0.05722384982638889
病例5,near,NBI,mid_fusion,0,2,0.05,0.0,1.214584578601315,0.6221643733719494,0.2763875325520833
病例5,near,NBI,mid_fusion,0,2,0.1,0.005216540781394338,0.45661033527142314,0.8116064105672165,0.18113878038194445
病例5,near,NBI,mid_fusion,0,2,0.15,0.01054175949573439,0.3327174917133076,0.852182052180058,0.1650119357638889
病例5,near,NBI,mid_fusion,0,2,0.2,0.022605010052708797,0.2526761940987882,0.8765594541888972,0.15351698133680555
病例5,near,NBI,mid_fusion,0,2,0.25,0.032114329185458895,0.17100472749008314,0.9050353132439789,0.14213731553819445
病例5,near,NBI,mid_fusion,0,2,0.3,0.03803727653100038,0.14584578601315004,0.9127610208793174,0.13825819227430555
病例5,near,NBI,mid_fusion,0,2,0.35,0.04211269901646471,0.13019616366896702,0.9174798969450713,0.1357964409722222
病例5,near,NBI,mid_fusion,0,2,0.4,0.04645981633429332,0.11628538825191545,0.9213725026885055,0.1335177951388889
病例5,near,NBI,mid_fusion,0,2,0.45,0.057653643427702,0.08580122806064229,0.929268031291048,0.12831624348958334
病例5,near,NBI,mid_fusion,0,2,0.5,0.06287018420909635,0.07558550236374505,0.9312095032372267,0.12639024522569445
病例5,near,NBI,mid_fusion,0,2,0.55,0.06814106395696354,0.06618486116394066,0.9327712809330085,0.12455919053819445
病例5,near,NBI,mid_fusion,0,2,0.6,0.07585719719610932,0.05553442373526055,0.9336297760185177,0.12226698133680555
病例5,near,NBI,mid_fusion,0,2,0.65,0.08629027875889801,0.04319947834592186,0.9338294504736239,0.11942545572916667
病例5,near,NBI,mid_fusion,0,2,0.7,0.10052708797478672,0.03178829538662175,0.9314875777245112,0.11622450086805555
病例5,near,NBI,mid_fusion,0,2,0.75,0.12242569146334836,0.019399011030810195,0.9252363219681317,0.11194525824652778
病例5,near,NBI,mid_fusion,0,2,0.8,0.16426669564744878,0.009291963266858664,0.9059315544533606,0.10546196831597222
病例5,near,NBI,mid_fusion,0,2,0.85,0.24126501113948812,0.0028799652230614573,0.8614084333234788,0.09505208333333333
病例5,near,NBI,mid_fusion,0,2,0.9,0.39172960930283107,0.0,0.756428016350453,0.07591417100694445
病例5,near,NBI,mid_fusion,0,2,0.95,0.9912514263978699,0.0,0.01734539969824744,0.0010918511284722222
病例56,far,WLI,mid_fusion,0,2,0.05,0.0,1.2841667802152883,0.608982470696797,0.22736952039930555
病例56,far,WLI,mid_fusion,0,2,0.1,0.0006812917291184085,0.955511650088568,0.6763966705847769,0.1945868598090278
病例56,far,WLI,mid_fusion,0,2,0.15,0.00238452105191443,0.878866330562747,0.6936358684050742,0.18678792317708334
病例56,far,WLI,mid_fusion,0,2,0.2,0.005450333832947268,0.7728573375119226,0.7187592319036958,0.1759304470486111
病例56,far,WLI,mid_fusion,0,2,0.25,0.017986101648725984,0.5713312440386974,0.7691979294498927,0.15462239583333334
病例56,far,WLI,mid_fusion,0,2,0.3,0.026161602398146886,0.5264341190897942,0.7789858034257636,0.14933946397569445
病例56,far,WLI,mid_fusion,0,2,0.35,0.03181632374982968,0.5020438751873553,0.7838821777241329,0.14634874131944445
病例56,far,WLI,mid_fusion,0,2,0.4,0.03965117863469138,0.4819457691783622,0.786431600087072,0.14356825086805555
病例56,far,WLI,mid_fusion,0,2,0.45,0.054843984194031886,0.3881318980787573,0.8101494977785267,0.1327175564236111
病例56,far,WLI,mid_fusion,0,2,0.5,0.062201934868510694,0.35713312440386974,0.81727772005101,0.1288994683159722
病例56,far,WLI,mid_fusion,0,2,0.55,0.06928736885134215,0.32497615478948083,0.8252136881185622,0.12499321831597222
病例56,far,WLI,mid_fusion,0,2,0.6,0.07875732388608803,0.29608938547486036,0.8309469673667088,0.12117513020833333
病例56,far,WLI,mid_fusion,0,2,0.65,0.08999863741654177,0.26597629104782666,0.8364069006517536,0.11705864800347222
病例56,far,WLI,mid_fusion,0,2,0.7,0.10410137620929281,0.2333424172230549,0.8415192141527484,0.11240641276041667
病例56,far,WLI,mid_fusion,0,2,0.75,0.12038424853522278,0.1976427306172503,0.8469006231523551,0.10723198784722222
病例56,far,WLI,mid_fusion,0,2,0.8,0.14422945905436707,0.15955852295953127,0.84926135018813,0.10106743706597222
病例56,far,WLI,mid_fusion,0,2,0.85,0.18374437934323476,0.11411636462733342,0.8456977482852908,0.09261067708333333
病例56,far,WLI,mid_fusion,0,2,0.9,0.2702684289412727,0.04339828314484262,0.8230999769429682,0.07695855034722222
病例56,far,WLI,mid_fusion,0,2,0.95,0.6885134214470636,0.0008856792478539311,0.47469241550913827,0.031094021267361112
病例56,far,NBI,mid_fusion,0,2,0.05,0.00017843123260295483,0.5732638641067732,0.7771382605428663,0.2989434136284722
病例56,far,NBI,mid_fusion,0,2,0.1,0.012133323817000928,0.35379344800513884,0.8437319028302543,0.2549641927083333
病例56,far,NBI,mid_fusion,0,2,0.15,0.017914495753336663,0.2953393762044108,0.8624525995787043,0.24275716145833334
病例56,far,NBI,mid_fusion,0,2,0.2,0.027228606095210904,0.24851902076939547,0.8758615149797159,0.2320895724826389
病例56,far,NBI,mid_fusion,0,2,0.25,0.06034544286631932,0.17439868674612805,0.8889601620511665,0.21171061197916666
病例56,far,NBI,mid_fusion,0,2,0.3,0.07001641567339947,0.1515951752194704,0.8935367735283841,0.2055392795138889
病例56,far,NBI,mid_fusion,0,2,0.35,0.07679680251231176,0.1374277353507958,0.8960393467590946,0.20155843098958334
病例56,far,NBI,mid_fusion,0,2,0.4,0.08364856184426522,0.1263649989294126,0.8971890777573817,0.1981540256076389
病例56,far,NBI,mid_fusion,0,2,0.45,0.14895439297694668,0.09492541574477197,0.8746744911042093,0.17976888020833334
病例56,far,NBI,mid_fusion,0,2,0.5,0.1690457497680394,0.08482620797944472,0.8674837940524784,0.17403157552083334
病例56,far,NBI,mid_fusion,0,2,0.55,0.18756691171222611,0.07472700021411748,0.8610113081939771,0.16859266493055555
病例56,far,NBI,mid_fusion,0,2,0.6,0.2073370922846335,0.06548426236528442,0.8531755939218092,0.1630791558159722
病例56,far,NBI,mid_fusion,0,2,0.65,0.22778531154093212,0.05695524944686318,0.8443334568920453,0.15757242838541666
病例56,far,NBI,mid_fusion,0,2,0.7,0.24819784455071014,0.04892584397973021,0.8349980182306084,0.1521674262152778
病例56,far,NBI,mid_fusion,0,2,0.75,0.2708586110912854,0.04071800727999429,0.823954027622091,0.14630126953125
病例56,far,NBI,mid_fusion,0,2,0.8,0.3022268217828849,0.03322389551067019,0.8062095410860384,0.138916015625
病例56,far,NBI,mid_fusion,0,2,0.85,0.3515809007208622,0.02476625508529013,0.7750714498981037,0.1279296875
病例56,far,NBI,mid_fusion,0,2,0.9,0.46392120476768256,0.007850974234530012,0.694434171596028,0.1033664279513889
病例56,far,NBI,mid_fusion,0,2,0.95,0.8886945971022768,0.0,0.20031469766481386,0.021152072482638888
病例56,near,WLI,mid_fusion,0,2,0.05,2.8302153793903717e-05,0.8259134520136983,0.707722815907631,0.4375135633680556
病例56,near,WLI,mid_fusion,0,2,0.1,0.004783063991169728,0.6720346418362437,0.7462490184835358,0.3995022243923611
病例56,near,WLI,mid_fusion,0,2,0.15,0.008264228907819885,0.6334588062151529,0.7555522014740227,0.3894246419270833
病例56,near,WLI,mid_fusion,0,2,0.2,0.01310389720657742,0.5850055189199899,0.7674446755353433,0.3766547309027778
病例56,near,WLI,mid_fusion,0,2,0.25,0.026292700874536553,0.49922169077066764,0.7874931331248999,0.3529391818576389
病例56,near,WLI,mid_fusion,0,2,0.3,0.031726714402966066,0.4778252625024764,0.7916878789272092,0.3465101453993056
病例56,near,WLI,mid_fusion,0,2,0.35,0.03557580731893697,0.46418362437381483,0.7942197879025822,0.3423190646701389
病例56,near,WLI,mid_fusion,0,2,0.4,0.040585288540457926,0.4532306908555741,0.7953217746277886,0.3384941948784722
病例56,near,WLI,mid_fusion,0,2,0.45,0.0967367616675629,0.4022585118727535,0.7835651416005407,0.3128255208333333
病例56,near,WLI,mid_fusion,0,2,0.5,0.10995386748931593,0.38573005405711375,0.7821912697415966,0.3056979709201389
病例56,near,WLI,mid_fusion,0,2,0.55,0.12150114623722866,0.36821102085868734,0.7820314173049872,0.2987331814236111
病例56,near,WLI,mid_fusion,0,2,0.6,0.13285030990858404,0.3493617864319475,0.7824454772961049,0.2914971245659722
病例56,near,WLI,mid_fusion,0,2,0.65,0.14603911357654317,0.3281351710865197,0.7826977950703208,0.2832505967881944
病例56,near,WLI,mid_fusion,0,2,0.7,0.16002037755073162,0.30668213851074067,0.782591498786016,0.2747599283854167
病例56,near,WLI,mid_fusion,0,2,0.75,0.17643562675119576,0.28500268870461043,0.781160237308017,0.2656317816840278
病例56,near,WLI,mid_fusion,0,2,0.8,0.19655845809866132,0.26227605920810576,0.777881295554368,0.2553643120659722
病例56,near,WLI,mid_fusion,0,2,0.85,0.22757761865677978,0.23349276879970565,0.7701446208102009,0.2410346137152778
病例56,near,WLI,mid_fusion,0,2,0.9,0.30252172190303683,0.17233181445107973,0.7460418369497986,0.20842149522569445
病例56,near,WLI,mid_fusion,0,2,0.95,0.722242662666629,0.0011037839979622449,0.4343823308094667,0.06681993272569445
病例56,near,NBI,mid_fusion,0,2,0.05,0.051069553521065646,0.24652883238599385,0.8644482324163816,0.7473890516493056
病例56,near,NBI,mid_fusion,0,2,0.1,0.08169176031587626,0.16418622814249142,0.8819310244238326,0.6767645941840278
病例56,near,NBI,mid_fusion,0,2,0.15,0.0916605198073502,0.15465136460276827,0.880604470430648,0.6645711263020834
病例56,near,NBI,mid_fusion,0,2,0.2,0.11012279255434547,0.1429253265067037,0.8755176093912084,0.6456976996527778
病例56,near,NBI,mid_fusion,0,2,0.25,0.1320562329153469,0.13001692194211828,0.8688296740282381,0.6239149305555556
病例56,near,NBI,mid_fusion,0,2,0.3,0.13857551959040224,0.12277085954788042,0.8682859626387263,0.6153089735243056
病例56,near,NBI,mid_fusion,0,2,0.35,0.1429253265067037,0.11890918557729857,0.8674915734341588,0.6101752387152778
病例56,near,NBI,mid_fusion,0,2,0.4,0.14745953920249924,0.11549225495726125,0.8663885045936061,0.6052042643229166
病例56,near,NBI,mid_fusion,0,2,0.45,0.16111641428385473,0.10054453941944722,0.8650834489234054,0.5873209635416666
病例56,near,NBI,mid_fusion,0,2,0.5,0.1677224801492602,0.09807133249446782,0.8623078868248364,0.5816446940104166
病例56,near,NBI,mid_fusion,0,2,0.55,0.17542413329283638,0.09482796025513082,0.859199981914901,0.5748019748263888
病例56,near,NBI,mid_fusion,0,2,0.6,0.1844491690892524,0.08984900420879073,0.8560416725963644,0.5660468207465278
病例56,near,NBI,mid_fusion,0,2,0.65,0.19513385690111512,0.08373107128910487,0.8523428256344685,0.5555419921875
病例56,near,NBI,mid_fusion,0,2,0.7,0.20813988805484446,0.07482535687942031,0.8484130028004321,0.5418429904513888
病例56,near,NBI,mid_fusion,0,2,0.75,0.2244543758406734,0.062491864450904676,0.8438844462800059,0.5239325629340278
病例56,near,NBI,mid_fusion,0,2,0.8,0.24713628671844493,0.0503102356055018,0.8350428018836228,0.50213623046875
病例56,near,NBI,mid_fusion,0,2,0.85,0.29563500672538723,0.032498806786132685,0.811076830836751,0.4606797960069444
病例56,near,NBI,mid_fusion,0,2,0.9,0.5538139454158892,0.012810777975441489,0.6116340277463446,0.2869601779513889
病例56,near,NBI,mid_fusion,0,2,0.95,0.9988827179242418,0.0,0.0022320702993767192,0.0006985134548611111
病例61,far,WLI,mid_fusion,0,2,0.05,0.07344317229824071,4.580005585032114,0.2848068669515673,0.13372802734375
病例61,far,WLI,mid_fusion,0,2,0.1,0.16308293772689192,3.8198827143256073,0.2958977143688804,0.11309136284722222
病例61,far,WLI,mid_fusion,0,2,0.15,0.19212510471935212,3.5682770175928513,0.3005402036136477,0.10627577039930555
病例61,far,WLI,mid_fusion,0,2,0.2,0.2242390393744764,3.276738341245462,0.3070800862194933,0.0984157986111111
病例61,far,WLI,mid_fusion,0,2,0.25,0.2722703155543144,2.8737782742250766,0.316300521906079,0.08746337890625
病例61,far,WLI,mid_fusion,0,2,0.3,0.30326724378665176,2.7185143814576933,0.31560306115795583,0.08293999565972222
病例61,far,WLI,mid_fusion,0,2,0.35,0.3256073722423904,2.6369729125942474,0.3128440961181887,0.0804172092013889
病例61,far,WLI,mid_fusion,0,2,0.4,0.3459927394582519,2.5604579726333427,0.31036310627941716,0.07806396484375
病例61,far,WLI,mid_fusion,0,2,0.45,0.3998882993577213,2.287349902261938,0.3087421880589847,0.07012261284722222
病例61,far,WLI,mid_fusion,0,2,0.5,0.42139067299636973,2.165875453783859,0.3090461630225293,0.066650390625
病例61,far,WLI,mid_fusion,0,2,0.55,0.44373080145210836,2.050265289025412,0.3084785133541736,0.06330023871527778
病例61,far,WLI,mid_fusion,0,2,0.6,0.473331471655962,1.9315833566043006,0.30458656330503403,0.059699164496527776
病例61,far,WLI,mid_fusion,0,2,0.65,0.5101926836079308,1.809829656520525,0.29688557887358763,0.05584716796875
病例61,far,WLI,mid_fusion,0,2,0.7,0.5540351857023178,1.6931024853392906,0.28413842184606225,0.051947699652777776
病例61,far,WLI,mid_fusion,0,2,0.75,0.6271991063948618,1.5710695336498184,0.2532726237881496,0.04720730251736111
病例61,far,WLI,mid_fusion,0,2,0.8,0.7123708461323652,1.4359117564925998,0.2112170614148342,0.04185655381944445
病例61,far,WLI,mid_fusion,0,2,0.85,0.8070371404635577,1.25383970957833,0.15772654644878192,0.035135904947916664
病例61,far,WLI,mid_fusion,0,2,0.9,0.9991622451829097,0.9687238201619659,0.0008507018289968709,0.023546006944444444
病例61,far,WLI,mid_fusion,0,2,0.95,1.0,0.4501535883831332,0.0,0.010932074652777778
病例61,far,NBI,mid_fusion,0,2,0.05,0.0019779020597462827,0.38773700722957305,0.8366495140056127,0.1377902560763889
病例61,far,NBI,mid_fusion,0,2,0.1,0.008184422316191516,0.21381803301050334,0.8993475370268117,0.11987982855902778
病例61,far,NBI,mid_fusion,0,2,0.15,0.015072977765652707,0.18762788159869048,0.9066993156247043,0.11659071180555555
病例61,far,NBI,mid_fusion,0,2,0.2,0.019369799481653252,0.1692811349065612,0.91225176067219,0.11433919270833333
病例61,far,NBI,mid_fusion,0,2,0.25,0.024553266948574546,0.15639066975855953,0.9151230124422846,0.11254204644097222
病例61,far,NBI,mid_fusion,0,2,0.3,0.029804937934797434,0.14759241576865367,0.9162345818140599,0.11114501953125
病例61,far,NBI,mid_fusion,0,2,0.35,0.035193015959623514,0.14118128495430365,0.9162510525263415,0.10997178819444445
病例61,far,NBI,mid_fusion,0,2,0.4,0.03976265175283045,0.13388350838903287,0.9170792079178052,0.1087917751736111
病例61,far,NBI,mid_fusion,0,2,0.45,0.044195880507434185,0.12870004092211157,0.9170565716686285,0.10783555772569445
病例61,far,NBI,mid_fusion,0,2,0.5,0.049379347974355475,0.1248806438412222,0.9160395649143438,0.10694037543402778
病例61,far,NBI,mid_fusion,0,2,0.55,0.05388078024826081,0.12031100804801528,0.9157040068621173,0.10603841145833333
病例61,far,NBI,mid_fusion,0,2,0.6,0.060087300504706044,0.11594598281271314,0.9143748133864765,0.10498725043402778
病例61,far,NBI,mid_fusion,0,2,0.65,0.06724867003137362,0.11083071886509344,0.9128591930016592,0.10376654730902778
病例61,far,NBI,mid_fusion,0,2,0.7,0.07509207475105716,0.10448779157004501,0.9115106704724869,0.10235595703125
病例61,far,NBI,mid_fusion,0,2,0.75,0.08539080616559815,0.09691720092756786,0.9093683246841305,0.10057915581597222
病例61,far,NBI,mid_fusion,0,2,0.8,0.1014868367207748,0.08743691174464602,0.9048698399584282,0.09803602430555555
病例61,far,NBI,mid_fusion,0,2,0.85,0.12747237757468285,0.07359159732642204,0.8966846568973972,0.09407552083333333
病例61,far,NBI,mid_fusion,0,2,0.9,0.192606738507707,0.03737552857727459,0.8753327417891329,0.08399793836805555
病例61,far,NBI,mid_fusion,0,2,0.95,0.3693902605374437,0.0019096985404446869,0.7725601604245799,0.0628933376736111
病例61,near,WLI,mid_fusion,0,2,0.05,0.0,0.8269703151671594,0.7074711712630043,0.2975938585069444
病例61,near,WLI,mid_fusion,0,2,0.1,0.0,0.5397810067030268,0.7874694687133625,0.2508138020833333
病例61,near,WLI,mid_fusion,0,2,0.15,0.0,0.4698780132395187,0.8097565909230501,0.23942735460069445
病例61,near,WLI,mid_fusion,0,2,0.2,0.0,0.3991007119363837,0.8336457031777842,0.2278984917534722
病例61,near,WLI,mid_fusion,0,2,0.25,8.32674132978059e-05,0.3092551729880511,0.8660392326538546,0.2132500542534722
病例61,near,WLI,mid_fusion,0,2,0.3,0.0005412381864357384,0.2776968233481827,0.8778133284562065,0.2080349392361111
病例61,near,WLI,mid_fusion,0,2,0.35,0.0009992089595736709,0.2622507181814397,0.8835821994717957,0.2054443359375
病例61,near,WLI,mid_fusion,0,2,0.4,0.0016653482659561181,0.247970356800866,0.8888682952127944,0.2030097113715278
病例61,near,WLI,mid_fusion,0,2,0.45,0.0038719347183479745,0.2102502185769599,0.9029531087821436,0.1965060763888889
病例61,near,WLI,mid_fusion,0,2,0.5,0.004704608851326034,0.1958033223697906,0.9084897773031305,0.19401719835069445
病例61,near,WLI,mid_fusion,0,2,0.55,0.005870352637495317,0.18143969357591908,0.9139029757900413,0.19148763020833334
病例61,near,WLI,mid_fusion,0,2,0.6,0.00761896831674924,0.16578541987593157,0.9196519860313682,0.1886528862847222
病例61,near,WLI,mid_fusion,0,2,0.65,0.010783130022065865,0.14929847204296598,0.9251435802571301,0.1854519314236111
病例61,near,WLI,mid_fusion,0,2,0.7,0.016195511886423247,0.13177068154377783,0.9300586452534143,0.18171522352430555
病例61,near,WLI,mid_fusion,0,2,0.75,0.024563886922852742,0.11249427536533578,0.9343569292104997,0.1772121853298611
病例61,near,WLI,mid_fusion,0,2,0.8,0.038303010116990714,0.08917939964195012,0.9378400324788108,0.1711764865451389
病例61,near,WLI,mid_fusion,0,2,0.85,0.06507348349223531,0.062117490320163206,0.9363103800510011,0.1624077690972222
病例61,near,WLI,mid_fusion,0,2,0.9,0.13726633082143302,0.027519880094924853,0.9128232236445248,0.1450127495659722
病例61,near,WLI,mid_fusion,0,2,0.95,0.47458262209084473,8.32674132978059e-05,0.6888458284416669,0.0855984157986111
病例61,near,NBI,mid_fusion,0,2,0.05,0.0,0.39831182492239015,0.833919917842064,0.7392306857638888
病例61,near,NBI,mid_fusion,0,2,0.1,0.0,0.31227390512353437,0.8649494316254196,0.6937459309895834
病例61,near,NBI,mid_fusion,0,2,0.15,0.0002950457962388075,0.2950329681607102,0.8713020728511933,0.6844753689236112
病例61,near,NBI,mid_fusion,0,2,0.2,0.0008979654668137619,0.26678554019036865,0.8818637302907794,0.6692233615451388
病例61,near,NBI,mid_fusion,0,2,0.25,0.0024758190727865153,0.22884008517843857,0.8961015015494336,0.6483289930555556
病例61,near,NBI,mid_fusion,0,2,0.3,0.004258921928316699,0.21275367524437488,0.9017373272687184,0.6388821072048612
病例61,near,NBI,mid_fusion,0,2,0.35,0.0054904174256612875,0.20150345075300818,0.9057410566155889,0.6322835286458334
病例61,near,NBI,mid_fusion,0,2,0.4,0.006927162172563306,0.18998383662159735,0.9098003267161973,0.6254340277777778
病例61,near,NBI,mid_fusion,0,2,0.45,0.01626600302742643,0.10971855196654437,0.939819722659097,0.57806396484375
病例61,near,NBI,mid_fusion,0,2,0.5,0.023052056340919003,0.08515278241013931,0.9475268897467807,0.5614895290798612
病例61,near,NBI,mid_fusion,0,2,0.55,0.02951740770197809,0.06433281165815738,0.9538777723134534,0.5470648871527778
病例61,near,NBI,mid_fusion,0,2,0.6,0.037830002309054055,0.049516381455730306,0.9565805163908987,0.5348375108506944
病例61,near,NBI,mid_fusion,0,2,0.65,0.051337968545552504,0.03779151807476204,0.9551313512250696,0.5214979383680556
病例61,near,NBI,mid_fusion,0,2,0.7,0.06709084844908536,0.02810631911127075,0.9514551674957307,0.5080498589409722
病例61,near,NBI,mid_fusion,0,2,0.75,0.08970675013469483,0.019960489519460195,0.9431850655601789,0.4917873806423611
病例61,near,NBI,mid_fusion,0,2,0.8,0.11754367960592144,0.011391333350437438,0.9319190153956555,0.4725409613715278
病例61,near,NBI,mid_fusion,0,2,0.85,0.18608410088000615,0.004028016522564589,0.8954246521205118,0.4324137369791667
病例61,near,NBI,mid_fusion,0,2,0.9,0.5405367267875927,0.0,0.6296332105715607,0.24289957682291666
病例61,near,NBI,mid_fusion,0,2,0.95,0.9998717192190266,0.0,0.0002565286542503508,6.781684027777778e-05
病例67,far,WLI,mid_fusion,0,2,0.05,0.0,8.676832208293153,0.18732147897241058,0.5444268120659722
病例67,far,WLI,mid_fusion,0,2,0.1,0.0,7.407304725168756,0.21260074574245916,0.4730021158854167
病例67,far,WLI,mid_fusion,0,2,0.15,0.0,7.115718418514947,0.2194012482806789,0.4565972222222222
病例67,far,WLI,mid_fusion,0,2,0.2,0.0,6.693828351012536,0.23004825023538622,0.432861328125
病例67,far,WLI,mid_fusion,0,2,0.25,0.0,5.8554725168756026,0.25459957955430557,0.3856947157118056
病例67,far,WLI,mid_fusion,0,2,0.3,0.0,5.666465766634523,0.26087640131403456,0.37506103515625
病例67,far,WLI,mid_fusion,0,2,0.35,0.0006027000964320154,5.555568948891032,0.2645669793856268,0.3687879774305556
病例67,far,WLI,mid_fusion,0,2,0.4,0.002772420443587271,5.454315332690453,0.26765666957800693,0.3629692925347222
病例67,far,WLI,mid_fusion,0,2,0.45,0.009643201542912247,4.77278206364513,0.2928689824793825,0.3242390950520833
病例67,far,WLI,mid_fusion,0,2,0.5,0.013138862102217937,4.581967213114754,0.30046793283732365,0.3133070203993056
病例67,far,WLI,mid_fusion,0,2,0.55,0.016875602700096432,4.404893924783028,0.30780262288837096,0.3031344943576389
病例67,far,WLI,mid_fusion,0,2,0.6,0.02145612343297975,4.229990356798457,0.31522541063115905,0.2930365668402778
病例67,far,WLI,mid_fusion,0,2,0.65,0.028206364513018323,4.031219864995179,0.32376859902346583,0.2814737955729167
病例67,far,WLI,mid_fusion,0,2,0.7,0.03784956605593057,3.750602700096432,0.33684299369034065,0.2651435004340278
病例67,far,WLI,mid_fusion,0,2,0.75,0.05291706846673096,3.3805448408871746,0.35553644961230024,0.2434760199652778
病例67,far,WLI,mid_fusion,0,2,0.8,0.07871263259402121,2.9157425265188044,0.380931020732703,0.2158745659722222
病例67,far,WLI,mid_fusion,0,2,0.85,0.12632594021215043,2.0626808100289296,0.4439000489942311,0.16520182291666666
病例67,far,WLI,mid_fusion,0,2,0.9,0.3017116682738669,0.5992044358727098,0.607869884571837,0.072998046875
病例67,far,WLI,mid_fusion,0,2,0.95,1.0,0.0,0.0,0.0
病例67,far,NBI,mid_fusion,0,2,0.05,0.0,7.186420004065867,0.2177126670792739,0.2730916341145833
病例67,far,NBI,mid_fusion,0,2,0.1,0.0016263468184590363,4.19312868469201,0.3224980299437796,0.1731838650173611
病例67,far,NBI,mid_fusion,0,2,0.15,0.011994307786135394,3.6295995120959543,0.3517533383984665,0.15403917100694445
病例67,far,NBI,mid_fusion,0,2,0.2,0.04411465745070136,2.96198414311852,0.3887396139043911,0.13069661458333334
病例67,far,NBI,mid_fusion,0,2,0.25,0.2711933319780443,2.0605814189875993,0.3846566523584514,0.0930514865451389
病例67,far,NBI,mid_fusion,0,2,0.3,0.30575320187029886,1.8914413498678593,0.38723211248221323,0.08625623914930555
病例67,far,NBI,mid_fusion,0,2,0.35,0.32282984346411875,1.7963000609880058,0.38990986772568237,0.08251274956597222
病例67,far,NBI,mid_fusion,0,2,0.4,0.340109778410246,1.7056312258589144,0.3921473874938559,0.07891167534722222
病例67,far,NBI,mid_fusion,0,2,0.45,0.3925594633055499,1.3923561699532425,0.4049878015694972,0.06671142578125
病例67,far,NBI,mid_fusion,0,2,0.5,0.40394389103476314,1.3033136816426103,0.4111625297965842,0.06336127387152778
病例67,far,NBI,mid_fusion,0,2,0.55,0.4179711323439724,1.2197601138442773,0.4154694529065776,0.06010606553819445
病例67,far,NBI,mid_fusion,0,2,0.6,0.4309819068916446,1.1327505590567188,0.4212189616221127,0.056769476996527776
病例67,far,NBI,mid_fusion,0,2,0.65,0.4480585484854645,1.0416751372230129,0.4256153002004576,0.05316162109375
病例67,far,NBI,mid_fusion,0,2,0.7,0.46594836348851393,0.9440943281154707,0.431009023786456,0.049309624565972224
病例67,far,NBI,mid_fusion,0,2,0.75,0.4909534458223216,0.8404147184387071,0.43333044907473106,0.04501681857638889
病例67,far,NBI,mid_fusion,0,2,0.8,0.526529782476113,0.7094937995527546,0.4337865524265805,0.03946261935763889
病例67,far,NBI,mid_fusion,0,2,0.85,0.599918682659077,0.5389306769668631,0.41266512895352625,0.03132459852430555
病例67,far,NBI,mid_fusion,0,2,0.9,0.7416141492173206,0.24415531612116284,0.343931808952186,0.016764322916666668
病例67,far,NBI,mid_fusion,0,2,0.95,1.0,0.0,0.0,0.0
病例67,near,WLI,mid_fusion,0,2,0.05,0.0,1.6304347826086956,0.5508982035919252,0.3044365776909722
病例67,near,WLI,mid_fusion,0,2,0.1,0.0065041603187624515,0.9819524200164069,0.6677957423331145,0.2286309136284722
病例67,near,WLI,mid_fusion,0,2,0.15,0.012715340442986054,0.838860893003633,0.6986792726655083,0.21135118272569445
病例67,near,WLI,mid_fusion,0,2,0.2,0.029766787765147077,0.6977030352748155,0.7273286332372947,0.19304063585069445
病例67,near,WLI,mid_fusion,0,2,0.25,0.07699519512480957,0.55701394585726,0.7443530857179275,0.1712917751736111
病例67,near,WLI,mid_fusion,0,2,0.3,0.08789405836165476,0.5151177780382046,0.7515631412482158,0.16518147786458334
病例67,near,WLI,mid_fusion,0,2,0.35,0.09433962264150944,0.4919723426696355,0.7554621437979484,0.16175672743055555
病例67,near,WLI,mid_fusion,0,2,0.4,0.10137114731044182,0.47099496074065395,0.758456973291893,0.1585150824652778
病例67,near,WLI,mid_fusion,0,2,0.45,0.1402203211062932,0.35966248681589125,0.7747709691877003,0.14113362630208334
病例67,near,WLI,mid_fusion,0,2,0.5,0.15774053673971639,0.321282081331302,0.7785932887339095,0.13466389973958334
病例67,near,WLI,mid_fusion,0,2,0.55,0.1732684870502754,0.29046056486581506,0.7809697774804025,0.1292995876736111
病例67,near,WLI,mid_fusion,0,2,0.6,0.1915504511894996,0.26251025430680885,0.7807486630993952,0.12394883897569445
病例67,near,WLI,mid_fusion,0,2,0.65,0.21176608461268018,0.23614203679831244,0.7787426189626643,0.1185574001736111
病例67,near,WLI,mid_fusion,0,2,0.7,0.24123989218328842,0.2111801242236025,0.7703382016098922,0.11225721571180555
病例67,near,WLI,mid_fusion,0,2,0.75,0.27962029766787766,0.18815188093284893,0.754904669795969,0.10515001085069445
病例67,near,WLI,mid_fusion,0,2,0.8,0.33153638814016173,0.16348294855267784,0.7297850562924456,0.0962863498263889
病例67,near,WLI,mid_fusion,0,2,0.85,0.4165592405953358,0.12592288761279738,0.6826408885209014,0.08209906684027778
病例67,near,WLI,mid_fusion,0,2,0.9,0.6161959451541076,0.04048986288526896,0.5389394001705725,0.04910617404513889
病例67,near,WLI,mid_fusion,0,2,0.95,1.0,0.0,0.0,0.0
病例67,near,NBI,mid_fusion,0,2,0.05,0.918555667001003,3.4691073219658977,0.035795366880390145,0.24006483289930555
病例67,near,NBI,mid_fusion,0,2,0.1,1.0,0.9385155466399198,0.0,0.06345621744791667
病例67,near,NBI,mid_fusion,0,2,0.15,1.0,0.8035105315947844,0.0,0.054328070746527776
病例67,near,NBI,mid_fusion,0,2,0.2,1.0,0.597592778335005,0.0,0.0404052734375
病例67,near,NBI,mid_fusion,0,2,0.25,1.0,0.282246740220662,0.0,0.019083658854166668
病例67,near,NBI,mid_fusion,0,2,0.3,1.0,0.23009027081243733,0.0,0.015557183159722222
病例67,near,NBI,mid_fusion,0,2,0.35,1.0,0.20160481444332998,0.0,0.013631184895833334
病例67,near,NBI,mid_fusion,0,2,0.4,1.0,0.1786359077231695,0.0,0.012078179253472222
病例67,near,NBI,mid_fusion,0,2,0.45,1.0,0.062086258776328986,0.0,0.004197862413194444
病例67,near,NBI,mid_fusion,0,2,0.5,1.0,0.040922768304914744,0.0,0.0027669270833333335
病例67,near,NBI,mid_fusion,0,2,0.55,1.0,0.022166499498495487,0.0,0.001498752170138889
病例67,near,NBI,mid_fusion,0,2,0.6,1.0,0.007723169508525577,0.0,0.0005221896701388889
病例67,near,NBI,mid_fusion,0,2,0.65,1.0,0.0,0.0,0.0
病例67,near,NBI,mid_fusion,0,2,0.7,1.0,0.0,0.0,0.0
病例67,near,NBI,mid_fusion,0,2,0.75,1.0,0.0,0.0,0.0
病例67,near,NBI,mid_fusion,0,2,0.8,1.0,0.0,0.0,0.0
病例67,near,NBI,mid_fusion,0,2,0.85,1.0,0.0,0.0,0.0
病例67,near,NBI,mid_fusion,0,2,0.9,1.0,0.0,0.0,0.0
病例67,near,NBI,mid_fusion,0,2,0.95,1.0,0.0,0.0,0.0
病例69,far,WLI,mid_fusion,0,2,0.05,0.003431316481756834,5.243966601852911,0.27527486414717034,0.3700154622395833
病例69,far,WLI,mid_fusion,0,2,0.1,0.04643714971977582,3.9827290403751574,0.32126548621351947,0.2926839192708333
病例69,far,WLI,mid_fusion,0,2,0.15,0.07137138282054215,3.690609630561592,0.3305176168854841,0.2738850911458333
病例69,far,WLI,mid_fusion,0,2,0.2,0.11266155781768272,3.407411643600595,0.33517670439744407,0.2546454535590278
病例69,far,WLI,mid_fusion,0,2,0.25,0.22932631819741509,2.7588928285485532,0.3402858441484261,0.20927598741319445
病例69,far,WLI,mid_fusion,0,2,0.3,0.25151549811277596,2.630904723779023,0.3418214108481762,0.2003716362847222
病例69,far,WLI,mid_fusion,0,2,0.35,0.26409699187921765,2.5645659384650576,0.34224314476357814,0.19569227430555555
病例69,far,WLI,mid_fusion,0,2,0.4,0.2745053185405467,2.508521102596363,0.34269814684655386,0.19175211588541666
病例69,far,WLI,mid_fusion,0,2,0.45,0.375042891456022,2.1672194898776165,0.32960337807169476,0.1655544704861111
病例69,far,WLI,mid_fusion,0,2,0.5,0.40752602081665334,2.0567310991650465,0.3247139946706638,0.1570773654513889
病例69,far,WLI,mid_fusion,0,2,0.55,0.43646345647946927,1.9543634907926342,0.3203823519838723,0.1492919921875
病例69,far,WLI,mid_fusion,0,2,0.6,0.45636509207365894,1.8535971634450417,0.3200457881613358,0.14213731553819445
病例69,far,WLI,mid_fusion,0,2,0.65,0.47866864920507834,1.7518014411529224,0.3185519097029089,0.13477918836805555
病例69,far,WLI,mid_fusion,0,2,0.7,0.49834153036715084,1.6488619467002172,0.3184607006704721,0.1275092230902778
病例69,far,WLI,mid_fusion,0,2,0.75,0.518357543177399,1.5307102825117236,0.3197782587222547,0.11931694878472222
病例69,far,WLI,mid_fusion,0,2,0.8,0.5411186091730528,1.3982614663159099,0.32121697357757717,0.11011420355902778
病例69,far,WLI,mid_fusion,0,2,0.85,0.5737161157497427,1.2126272446528652,0.3230755894576843,0.09717475043402778
病例69,far,WLI,mid_fusion,0,2,0.9,0.638796751687064,0.9080407182889169,0.3183467741919438,0.07525634765625
病例69,far,WLI,mid_fusion,0,2,0.95,0.9125014297152008,0.021045407754775248,0.1578621543524777,0.006435818142361111
病例69,far,NBI,mid_fusion,0,2,0.05,0.0,0.8798707922475348,0.6944756012601456,0.37493896484375
病例69,far,NBI,mid_fusion,0,2,0.1,0.0,0.7031961917715063,0.7398649073587252,0.3397013346354167
病例69,far,NBI,mid_fusion,0,2,0.15,0.0,0.6738524311458688,0.7479844350050255,0.3338487413194444
病例69,far,NBI,mid_fusion,0,2,0.2,0.0,0.6448146888813329,0.7561966471244006,0.3280571831597222
病例69,far,NBI,mid_fusion,0,2,0.25,0.005576334580074805,0.5884393063583815,0.7700165872399752,0.3157009548611111
病例69,far,NBI,mid_fusion,0,2,0.3,0.008432505950357022,0.5723563413804829,0.7734765599087945,0.3119235568576389
病例69,far,NBI,mid_fusion,0,2,0.35,0.010778646718803127,0.5578374702482148,0.7767557970326974,0.3085598415798611
病例69,far,NBI,mid_fusion,0,2,0.4,0.014586875212512751,0.5433185991159469,0.7793734032529523,0.3049045138888889
病例69,far,NBI,mid_fusion,0,2,0.45,0.0680380822849371,0.4998979938796328,0.7664602004994806,0.28558349609375
病例69,far,NBI,mid_fusion,0,2,0.5,0.0856851411084665,0.4823529411764706,0.7629883948574709,0.278564453125
病例69,far,NBI,mid_fusion,0,2,0.55,0.09727983679020741,0.46144168650119005,0.7636703581176993,0.2720811631944444
病例69,far,NBI,mid_fusion,0,2,0.6,0.11108466507990479,0.43685821149268955,0.7644040291797424,0.2644246419270833
病例69,far,NBI,mid_fusion,0,2,0.65,0.12893573614416864,0.3977218633117987,0.767868115397875,0.2530585394965278
病例69,far,NBI,mid_fusion,0,2,0.7,0.15426725603536212,0.3633798027881673,0.7656764660600806,0.2411566840277778
病例69,far,NBI,mid_fusion,0,2,0.75,0.18548112886773208,0.3021081264875893,0.7696385542156311,0.2227105034722222
病例69,far,NBI,mid_fusion,0,2,0.8,0.2509010540632438,0.19000340020401224,0.7726244542236886,0.18730333116319445
病例69,far,NBI,mid_fusion,0,2,0.85,0.3438626317579055,0.09751785107106427,0.7483082888982098,0.15031602647569445
病例69,far,NBI,mid_fusion,0,2,0.9,0.6682420945256715,0.005338320299217953,0.49623639507553596,0.0672336154513889
病例69,far,NBI,mid_fusion,0,2,0.95,1.0,0.0,0.0,0.0
病例69,near,WLI,mid_fusion,0,2,0.05,0.0,0.9039824690861117,0.6887093917711781,0.5774468315972222
病例69,near,WLI,mid_fusion,0,2,0.1,0.025469019029091478,0.47894725073231814,0.7944076848755998,0.4408162434895833
病例69,near,WLI,mid_fusion,0,2,0.15,0.03922094765322779,0.40819749111155834,0.8111342891924798,0.4151882595486111
病例69,near,WLI,mid_fusion,0,2,0.2,0.07625053107041435,0.33337805505243623,0.8185177479905901,0.3812662760416667
病例69,near,WLI,mid_fusion,0,2,0.25,0.19961539321571523,0.17343082668097762,0.8110024809951049,0.2953423394097222
病例69,near,WLI,mid_fusion,0,2,0.3,0.2239440084076832,0.14742514702265155,0.8069286212499338,0.2800767686631944
病例69,near,WLI,mid_fusion,0,2,0.35,0.2379642673464368,0.13378502269627243,0.803911161434717,0.2716878255208333
病例69,near,WLI,mid_fusion,0,2,0.4,0.25189508284698464,0.12332014042619799,0.7995029393480865,0.2642890082465278
病例69,near,WLI,mid_fusion,0,2,0.45,0.5204042843406901,0.022495024708749804,0.6385708969101026,0.1522759331597222
病例69,near,WLI,mid_fusion,0,2,0.5,0.5862346548601328,0.011873616421815255,0.5804630152447134,0.12908935546875
病例69,near,WLI,mid_fusion,0,2,0.55,0.6286979271483196,0.007177835916012612,0.538712346098693,0.11478678385416667
病例69,near,WLI,mid_fusion,0,2,0.6,0.6634243420317077,0.00406967643836229,0.5021099157693235,0.10331217447916667
病例69,near,WLI,mid_fusion,0,2,0.65,0.7022204333534581,0.001296929853983587,0.4584480859259528,0.09070502387152778
病例69,near,WLI,mid_fusion,0,2,0.7,0.742917197737081,0.0,0.40901490625705467,0.0779690212673611
病例69,near,WLI,mid_fusion,0,2,0.75,0.7879519688736835,0.0,0.34990037635534293,0.06431070963541667
病例69,near,WLI,mid_fusion,0,2,0.8,0.8357818474542161,0.0,0.2821089023330796,0.0498046875
病例69,near,WLI,mid_fusion,0,2,0.85,0.9070235459851077,0.0,0.170134413551484,0.0281982421875
病例69,near,WLI,mid_fusion,0,2,0.9,0.9862927930949665,0.0,0.027043719945235266,0.004157172309027778
病例69,near,WLI,mid_fusion,0,2,0.95,1.0,0.0,0.0,0.0
病例69,near,NBI,mid_fusion,0,2,0.05,0.0,0.4713870760873666,0.8092621424424249,0.7935587565104166
病例69,near,NBI,mid_fusion,0,2,0.1,0.0003017842996718096,0.4172545173337357,0.8272385322528512,0.7642008463541666
病例69,near,NBI,mid_fusion,0,2,0.15,0.000754460749179524,0.40827643441849937,0.8301029441715474,0.7591145833333334
病例69,near,NBI,mid_fusion,0,2,0.2,0.001031096357212016,0.39336326027638413,0.8351423090058946,0.7509223090277778
病例69,near,NBI,mid_fusion,0,2,0.25,0.0010562450488513335,0.33487997786915136,0.856057585585901,0.7193671332465278
病例69,near,NBI,mid_fusion,0,2,0.3,0.0011065424321299684,0.309064845901392,0.8656078890730526,0.7054172092013888
病例69,near,NBI,mid_fusion,0,2,0.35,0.0011945628528675797,0.29290681152313053,0.871667407394736,0.6966552734375
病例69,near,NBI,mid_fusion,0,2,0.4,0.0014711984609000717,0.2770379870987212,0.8776088722373017,0.6879475911458334
病例69,near,NBI,mid_fusion,0,2,0.45,0.015843675732770002,0.17488400165981366,0.9116609008625923,0.6251017252604166
病例69,near,NBI,mid_fusion,0,2,0.5,0.034265092358570046,0.15092987287336376,0.9125062376726276,0.6022474500868056
病例69,near,NBI,mid_fusion,0,2,0.55,0.05257333987199316,0.13523708929042966,0.9098220107705763,0.5839097764756944
病例69,near,NBI,mid_fusion,0,2,0.6,0.06908345593320507,0.1201730229984785,0.9077288081555523,0.5668809678819444
病例69,near,NBI,mid_fusion,0,2,0.65,0.09023350560187106,0.10485746979013418,0.9031625857425222,0.5472140842013888
病例69,near,NBI,mid_fusion,0,2,0.7,0.11584744803651591,0.0884856715329385,0.896416323511967,0.5245700412326388
病例69,near,NBI,mid_fusion,0,2,0.75,0.15402316194499982,0.06829127214656658,0.8838645261299011,0.4930894639756944
病例69,near,NBI,mid_fusion,0,2,0.8,0.21653023501452337,0.038552944283073674,0.8599999999994065,0.4433390299479167
病例69,near,NBI,mid_fusion,0,2,0.85,0.3801727715115621,0.001169414161228262,0.7647483186329038,0.3349202473958333
病例69,near,NBI,mid_fusion,0,2,0.9,0.7678398531316408,0.0,0.37683437085378424,0.1252102322048611
病例69,near,NBI,mid_fusion,0,2,0.95,1.0,0.0,0.0,0.0
病例73,far,WLI,mid_fusion,0,2,0.05,0.0,3.224399078037537,0.38281914725874383,0.17401123046875
病例73,far,WLI,mid_fusion,0,2,0.1,0.0,2.542640763911755,0.44027254276442346,0.1459282769097222
病例73,far,WLI,mid_fusion,0,2,0.15,0.0,2.3251564043463944,0.4624110235603425,0.1369696723090278
病例73,far,WLI,mid_fusion,0,2,0.2,0.0,2.114092854790912,0.48613389891357744,0.12827555338541666
病例73,far,WLI,mid_fusion,0,2,0.25,0.0,1.660026341784656,0.5464441545564912,0.10957166883680555
病例73,far,WLI,mid_fusion,0,2,0.3,0.0,1.516792887718143,0.5686999672273363,0.1036716037326389
病例73,far,WLI,mid_fusion,0,2,0.35,0.0,1.4463286137635825,0.5803277122219446,0.10076904296875
病例73,far,WLI,mid_fusion,0,2,0.4,0.0,1.3854132367467895,0.5907698293021895,0.09825981987847222
病例73,far,WLI,mid_fusion,0,2,0.45,0.0,1.1027329601580507,0.6445930170824334,0.08661566840277778
病例73,far,WLI,mid_fusion,0,2,0.5,0.00016463615409944023,1.0051037207770825,0.6654613193038271,0.08258734809027778
病例73,far,WLI,mid_fusion,0,2,0.55,0.002140270003292723,0.9147184721764899,0.6852071674824193,0.07878282335069445
病例73,far,WLI,mid_fusion,0,2,0.6,0.005268356931182087,0.8282844912742838,0.7047296903207282,0.07509358723958333
病例73,far,WLI,mid_fusion,0,2,0.65,0.009219624629568653,0.7380638788277906,0.7261538461494651,0.07121446397569445
病例73,far,WLI,mid_fusion,0,2,0.7,0.0143233454066513,0.6463615409944024,0.7489835491289861,0.0672268337673611
病例73,far,WLI,mid_fusion,0,2,0.75,0.024036878498518273,0.5462627593019427,0.773890339420536,0.06270345052083333
病例73,far,WLI,mid_fusion,0,2,0.8,0.046427395456042145,0.4440237076061903,0.7954404998915371,0.05756971571180555
病例73,far,WLI,mid_fusion,0,2,0.85,0.08198880474152123,0.31165623971024037,0.8234512294113309,0.050652398003472224
病例73,far,WLI,mid_fusion,0,2,0.9,0.17336187026671057,0.13384919328284492,0.8432986227675234,0.03956434461805555
病例73,far,WLI,mid_fusion,0,2,0.95,0.7166611787948634,0.0,0.44156510583141034,0.011671278211805556
病例73,far,NBI,mid_fusion,0,2,0.05,0.0,1.9112373513225636,0.5113471314440102,0.22242567274305555
病例73,far,NBI,mid_fusion,0,2,0.1,0.0023965915142907866,1.1625244097283862,0.6313690242103495,0.1650390625
病例73,far,NBI,mid_fusion,0,2,0.15,0.015267175572519083,0.9801171666962543,0.6642716005009751,0.1501193576388889
病例73,far,NBI,mid_fusion,0,2,0.2,0.02582993076513403,0.8087164921001243,0.7001148252082798,0.13621690538194445
病例73,far,NBI,mid_fusion,0,2,0.25,0.04793183028581573,0.5878750221906621,0.7496767429643555,0.11765543619791667
病例73,far,NBI,mid_fusion,0,2,0.3,0.05893839872181786,0.5380791762826203,0.7591836734666696,0.1130099826388889
病例73,far,NBI,mid_fusion,0,2,0.35,0.06506302148056098,0.5086099769217114,0.765229394453975,0.11029052734375
病例73,far,NBI,mid_fusion,0,2,0.4,0.07012249245517486,0.4829575714539322,0.7707758525520702,0.1079440646701389
病例73,far,NBI,mid_fusion,0,2,0.45,0.08672110775785549,0.39499378661459256,0.7913093635808832,0.09995524088541667
病例73,far,NBI,mid_fusion,0,2,0.5,0.09320078111130836,0.36605716314574827,0.7979379832820513,0.09724934895833333
病例73,far,NBI,mid_fusion,0,2,0.55,0.09976921711343867,0.33756435292029113,0.8045694339740408,0.0945705837673611
病例73,far,NBI,mid_fusion,0,2,0.6,0.10731404225102077,0.3096928812355761,0.8106561341253802,0.09186469184027778
病例73,far,NBI,mid_fusion,0,2,0.65,0.11627906976744186,0.27977986863127996,0.8169360794255479,0.0888943142361111
病例73,far,NBI,mid_fusion,0,2,0.7,0.12781821409550861,0.24835789099946742,0.8226035998291226,0.08561197916666667
病例73,far,NBI,mid_fusion,0,2,0.75,0.14228652582993076,0.21445055920468667,0.8278432212429735,0.08191596137152778
病例73,far,NBI,mid_fusion,0,2,0.8,0.16021658086277293,0.17424107935380792,0.8339356544696609,0.07747395833333333
病例73,far,NBI,mid_fusion,0,2,0.85,0.19296999822474703,0.12639801171666962,0.8348177394140354,0.0713161892361111
病例73,far,NBI,mid_fusion,0,2,0.9,0.2764956506302148,0.05849458547843068,0.8120143454831041,0.059746636284722224
病例73,far,NBI,mid_fusion,0,2,0.95,0.6346529380436712,0.0009763891354518019,0.5347885402420919,0.027988009982638888
病例73,near,WLI,mid_fusion,0,2,0.05,0.009827861686412831,0.24232009888155318,0.8870553920100371,0.2772555881076389
病例73,near,WLI,mid_fusion,0,2,0.1,0.014410177564740285,0.17075156009767567,0.9141315289104768,0.2601250542534722
病例73,near,WLI,mid_fusion,0,2,0.15,0.01697265683880498,0.1461819058816436,0.9233731664482594,0.2540215386284722
病例73,near,WLI,mid_fusion,0,2,0.2,0.020620421452473545,0.12456663953453317,0.9309929789354764,0.24833848741319445
病例73,near,WLI,mid_fusion,0,2,0.25,0.027252720750052757,0.09827861686412831,0.9393868817128018,0.2409328884548611
病例73,near,WLI,mid_fusion,0,2,0.3,0.032468119743149136,0.08612945042356275,0.942250667917938,0.2370266384548611
病例73,near,WLI,mid_fusion,0,2,0.35,0.03605559072683971,0.07780892948659975,0.9442319901945395,0.2343478732638889
病例73,near,WLI,mid_fusion,0,2,0.4,0.04003497030538723,0.07021193210937264,0.9456959149415,0.2317437065972222
病例73,near,WLI,mid_fusion,0,2,0.45,0.05260619215579874,0.057580416628983146,0.9450433788910264,0.22607421875
病例73,near,WLI,mid_fusion,0,2,0.5,0.05848482107865304,0.051068704591359926,0.94501936576957,0.22328694661458334
病例73,near,WLI,mid_fusion,0,2,0.55,0.06505682674625426,0.04494890114859365,0.9444385230286343,0.2204318576388889
病例73,near,WLI,mid_fusion,0,2,0.6,0.07367881583310723,0.03626661843176268,0.9439793551543847,0.21653917100694445
病例73,near,WLI,mid_fusion,0,2,0.65,0.08251183262488318,0.03008652135901842,0.9421853474282275,0.2131618923611111
病例73,near,WLI,mid_fusion,0,2,0.7,0.09631907388984354,0.023243194356516235,0.937951750679092,0.20851643880208334
病例73,near,WLI,mid_fusion,0,2,0.75,0.11365349250851647,0.01639986735401405,0.9316496609402819,0.20307752821180555
病例73,near,WLI,mid_fusion,0,2,0.8,0.1384944680594495,0.009797714871423835,0.9207545953942604,0.19600423177083334
病例73,near,WLI,mid_fusion,0,2,0.85,0.17789635525006783,0.005004371288173404,0.8998960516097152,0.1860622829861111
病例73,near,WLI,mid_fusion,0,2,0.9,0.2548913207319647,0.0018088088993397848,0.8530553781889433,0.1680230034722222
病例73,near,WLI,mid_fusion,0,2,0.95,0.48696150251725906,0.0,0.6781565681709575,0.11541069878472222
病例73,near,NBI,mid_fusion,0,2,0.05,0.0,0.24801992000211914,0.8896718317317037,0.3195122612847222
病例73,near,NBI,mid_fusion,0,2,0.1,0.0,0.12590394956424997,0.9407762756202843,0.2882486979166667
病例73,near,NBI,mid_fusion,0,2,0.15,0.0003443617387618871,0.10028873407326958,0.9520782087657494,0.2816026475694444
病例73,near,NBI,mid_fusion,0,2,0.2,0.0019337236099705969,0.08020979576699955,0.960475164738697,0.2760552300347222
病例73,near,NBI,mid_fusion,0,2,0.25,0.012767873698709967,0.060475219199491406,0.9642316598308419,0.2682291666666667
病例73,near,NBI,mid_fusion,0,2,0.3,0.018304150883420307,0.051654260814283065,0.9655945076263134,0.2645534939236111
病例73,near,NBI,mid_fusion,0,2,0.35,0.02243649174856295,0.046674260284495776,0.9658583822958688,0.2622205946180556
病例73,near,NBI,mid_fusion,0,2,0.4,0.02638340706206458,0.04219755768059124,0.9659785279688747,0.2600640190972222
病例73,near,NBI,mid_fusion,0,2,0.45,0.046409366639294326,0.036873195412042065,0.958159218544944,0.2535739474826389
病例73,near,NBI,mid_fusion,0,2,0.5,0.05848851686048052,0.034091812137426826,0.9531381987356657,0.24976942274305555
病例73,near,NBI,mid_fusion,0,2,0.55,0.07435564620804747,0.03210510979841594,0.9456208478209837,0.24519856770833334
病例73,near,NBI,mid_fusion,0,2,0.6,0.08982543508781224,0.02972106699160287,0.9383747763973368,0.2406277126736111
病例73,near,NBI,mid_fusion,0,2,0.65,0.10961299038436068,0.0273900029138301,0.928561562472819,0.23496500651041666
病例73,near,NBI,mid_fusion,0,2,0.7,0.12971841805515086,0.02529734311673863,0.9182224706527135,0.2292819552951389
病例73,near,NBI,mid_fusion,0,2,0.75,0.1549627824428492,0.022754364122804693,0.9048517252614416,0.22216796875
病例73,near,NBI,mid_fusion,0,2,0.8,0.18383618976980742,0.01960212974490742,0.8891806874247653,0.21396891276041666
病例73,near,NBI,mid_fusion,0,2,0.85,0.2264045985536807,0.015151916505523033,0.8649577206141766,0.2019314236111111
病例73,near,NBI,mid_fusion,0,2,0.9,0.33418982278615134,0.0051389367169081615,0.7969245402650651,0.17177327473958334
病例73,near,NBI,mid_fusion,0,2,0.95,0.768800826468173,0.0,0.37556746057278434,0.05919053819444445
病例78,far,WLI,mid_fusion,0,2,0.05,0.0,0.9698382631502258,0.6734373466751377,0.09168158637152778
病例78,far,WLI,mid_fusion,0,2,0.1,0.002185633105056098,0.5958035844382923,0.7694382022428683,0.07417127821180555
病例78,far,WLI,mid_fusion,0,2,0.15,0.0023313419787265046,0.5241148185924522,0.7912405385058575,0.0708279079861111
病例78,far,WLI,mid_fusion,0,2,0.2,0.0023313419787265046,0.4525717616202827,0.8143434823928738,0.06749810112847222
病例78,far,WLI,mid_fusion,0,2,0.25,0.0034970129680897567,0.4041964155617077,0.8301772274773599,0.06519232855902778
病例78,far,WLI,mid_fusion,0,2,0.3,0.0040798484627713825,0.37374326096459276,0.8405583225675425,0.0637478298611111
病例78,far,WLI,mid_fusion,0,2,0.35,0.004954101704793822,0.34678711933556755,0.8498008959628559,0.06245252821180555
病例78,far,WLI,mid_fusion,0,2,0.4,0.006265481567827481,0.325076497158677,0.8571069498500873,0.061381022135416664
病例78,far,WLI,mid_fusion,0,2,0.45,0.008305405799213171,0.2902520763514498,0.8691654428141934,0.05966525607638889
病例78,far,WLI,mid_fusion,0,2,0.5,0.01049103890426927,0.2764097333527612,0.8733843482678066,0.058919270833333336
病例78,far,WLI,mid_fusion,0,2,0.55,0.012676672009325369,0.25965321288066445,0.8788016341295714,0.058037651909722224
病例78,far,WLI,mid_fusion,0,2,0.6,0.01631939385108553,0.2431881101559085,0.8834652882229701,0.05710177951388889
病例78,far,WLI,mid_fusion,0,2,0.65,0.01981640681917529,0.22293457671572198,0.8898148148089298,0.05599636501736111
病例78,far,WLI,mid_fusion,0,2,0.7,0.02520763514498033,0.19918403030744572,0.8967828418170456,0.05464002821180555
病例78,far,WLI,mid_fusion,0,2,0.75,0.033367332070523094,0.1722278886784205,0.9038762858443771,0.05300564236111111
病例78,far,WLI,mid_fusion,0,2,0.8,0.046626839574530086,0.1360920880081597,0.9125523012488664,0.05070665147569445
病例78,far,WLI,mid_fusion,0,2,0.85,0.06877458837243187,0.09398222351741221,0.9196345060729575,0.04771592881944445
病例78,far,WLI,mid_fusion,0,2,0.9,0.13244936616639955,0.041672737869736264,0.9087995115553018,0.042317708333333336
病例78,far,WLI,mid_fusion,0,2,0.95,0.3578609937345184,0.0,0.7820763087774438,0.029886881510416668
病例78,far,NBI,mid_fusion,0,2,0.05,0.0,1.4548925590481265,0.5788892030114127,0.3749864366319444
病例78,far,NBI,mid_fusion,0,2,0.1,0.001775883502042266,1.1336796306162316,0.6374551691866841,0.3256496853298611
病例78,far,NBI,mid_fusion,0,2,0.15,0.004173326229799325,1.0569170662404546,0.6524141942980622,0.3135579427083333
病例78,far,NBI,mid_fusion,0,2,0.2,0.007103534008169064,0.9670129639495649,0.6708965186208419,0.29937744140625
病例78,far,NBI,mid_fusion,0,2,0.25,0.00861303498490499,0.8061623157520866,0.7087538881471644,0.2745768229166667
病例78,far,NBI,mid_fusion,0,2,0.3,0.010122535961640916,0.7513763097140828,0.7222078258604525,0.2659776475694444
病例78,far,NBI,mid_fusion,0,2,0.35,0.0116764340259279,0.7235837329071213,0.7288771016473833,0.2614949544270833
病例78,far,NBI,mid_fusion,0,2,0.4,0.013141537915112769,0.7010300124311846,0.7343001552629013,0.2578260633680556
病例78,far,NBI,mid_fusion,0,2,0.45,0.015538980642869828,0.5847096430474161,0.7663648303021249,0.2396918402777778
病例78,far,NBI,mid_fusion,0,2,0.5,0.01762564375776949,0.5525217545729,0.7750805660628151,0.23445638020833334
病例78,far,NBI,mid_fusion,0,2,0.55,0.01909074764695436,0.5229532942638963,0.7835168537319653,0.22971598307291666
病例78,far,NBI,mid_fusion,0,2,0.6,0.021133013674302967,0.493740010655301,0.7917691630890924,0.2249416775173611
病例78,far,NBI,mid_fusion,0,2,0.65,0.02330847096430474,0.4596430474160895,0.8017712661258077,0.21940104166666666
病例78,far,NBI,mid_fusion,0,2,0.7,0.026682649618185048,0.42039602202095544,0.813227984270322,0.212890625
病例78,far,NBI,mid_fusion,0,2,0.75,0.03272065352512875,0.3781299946723495,0.8248277428620716,0.2055121527777778
病例78,far,NBI,mid_fusion,0,2,0.8,0.04297638074942284,0.32507547504883677,0.8387222287054225,0.19584147135416666
病例78,far,NBI,mid_fusion,0,2,0.85,0.06859350026638253,0.24924524951163204,0.854245984077093,0.18034532335069445
病例78,far,NBI,mid_fusion,0,2,0.9,0.14495649085419995,0.13279168886521045,0.8602760530645904,0.15089246961805555
病例78,far,NBI,mid_fusion,0,2,0.95,0.700674835730776,8.87941751021133e-05,0.46070794041116336,0.045735677083333336
病例78,near,WLI,mid_fusion,0,2,0.05,0.0,0.37549564827053045,0.8419295575026593,0.3740505642361111
病例78,near,WLI,mid_fusion,0,2,0.1,0.0,0.274695129554353,0.8792387050081905,0.3466389973958333
病例78,near,WLI,mid_fusion,0,2,0.15,0.0,0.250904012568892,0.8885318915555362,0.3401692708333333
病例78,near,WLI,mid_fusion,0,2,0.2,0.0,0.22781116736078205,0.8977421557533076,0.3338894314236111
病例78,near,WLI,mid_fusion,0,2,0.25,0.0,0.19531659143619542,0.9110303305680892,0.3250528971354167
病例78,near,WLI,mid_fusion,0,2,0.3,0.0001246913888126886,0.1797551061123719,0.9174723401323583,0.3207872178819444
病例78,near,WLI,mid_fusion,0,2,0.35,0.0005735803885383676,0.17032843711813261,0.9212344118143541,0.3181016710069444
病例78,near,WLI,mid_fusion,0,2,0.4,0.00142148183246465,0.16120102745704382,0.9247041163894409,0.3153889973958333
病例78,near,WLI,mid_fusion,0,2,0.45,0.024015561485323824,0.13915558991496046,0.9228556269516915,0.3032497829861111
病例78,near,WLI,mid_fusion,0,2,0.5,0.034165440534676676,0.12987855058729644,0.9217240230366489,0.2979668511284722
病例78,near,WLI,mid_fusion,0,2,0.55,0.0428439611960398,0.12005286914885659,0.9215789852799462,0.2929348415798611
病例78,near,WLI,mid_fusion,0,2,0.6,0.052669642634479666,0.10992792837726627,0.9209639488921364,0.2875094943576389
病例78,near,WLI,mid_fusion,0,2,0.65,0.06808149829172798,0.09743385121823486,0.9184393241156148,0.2799207899305556
病例78,near,WLI,mid_fusion,0,2,0.7,0.08471532955934064,0.08484002094815332,0.9152276099386367,0.27197265625
病例78,near,WLI,mid_fusion,0,2,0.75,0.10274570438165541,0.07237088206688447,0.9110914155470865,0.2636786566840278
病例78,near,WLI,mid_fusion,0,2,0.8,0.12693583381131698,0.05875458240853887,0.9038779303923062,0.2533976236979167
病例78,near,WLI,mid_fusion,0,2,0.85,0.1594054714581411,0.039951120975585425,0.8939900275820948,0.23945448133680555
病例78,near,WLI,mid_fusion,0,2,0.9,0.2287588219157585,0.014389386268984264,0.863830619255239,0.21364339192708334
病例78,near,WLI,mid_fusion,0,2,0.95,0.7217386967256041,0.0,0.4353746805305902,0.07567003038194445
病例78,near,NBI,mid_fusion,0,2,0.05,0.0,0.18236916033711373,0.9164352376065767,0.6165228949652778
病例78,near,NBI,mid_fusion,0,2,0.1,0.0,0.11579180106128395,0.945272592036498,0.5818074544270834
病例78,near,NBI,mid_fusion,0,2,0.15,0.0,0.101303194256581,0.9517903011166083,0.5742526584201388
病例78,near,NBI,mid_fusion,0,2,0.2,0.0,0.09027416501924877,0.956812284947481,0.5685017903645834
病例78,near,NBI,mid_fusion,0,2,0.25,0.0,0.07054416814067214,0.9659296482405992,0.5582139756944444
病例78,near,NBI,mid_fusion,0,2,0.3,0.00010404744563520966,0.06197325980647175,0.9698927037266879,0.5536905924479166
病例78,near,NBI,mid_fusion,0,2,0.35,0.0005332431588804495,0.05704401206950369,0.9720024538163988,0.5508965386284722
病例78,near,NBI,mid_fusion,0,2,0.4,0.0013005930704401206,0.052830090521277705,0.9736144746345372,0.5482991536458334
病例78,near,NBI,mid_fusion,0,2,0.45,0.05212777026324004,0.04442825928623452,0.9515354083971227,0.5174153645833334
病例78,near,NBI,mid_fusion,0,2,0.5,0.06476953490791801,0.04018832587659973,0.9468680457705471,0.5086127387152778
病例78,near,NBI,mid_fusion,0,2,0.55,0.07651389033399231,0.035129018832587657,0.9429990570667205,0.4998508029513889
病例78,near,NBI,mid_fusion,0,2,0.6,0.08868744147331183,0.030772032046613256,0.9384890472325506,0.4912312825520833
病例78,near,NBI,mid_fusion,0,2,0.65,0.1024347102278639,0.02553064197273957,0.933458674583274,0.4813300238715278
病例78,near,NBI,mid_fusion,0,2,0.7,0.12112423265008844,0.01885859952138175,0.9262368671736403,0.4681057400173611
病例78,near,NBI,mid_fusion,0,2,0.75,0.14698002289043804,0.014163458537092914,0.913697027109224,0.4521755642361111
病例78,near,NBI,mid_fusion,0,2,0.8,0.1864009988554781,0.010092602226615337,0.8922550278127998,0.4294976128472222
病例78,near,NBI,mid_fusion,0,2,0.85,0.2654250338154198,0.00613879929247737,0.8439928272557949,0.38623046875
病例78,near,NBI,mid_fusion,0,2,0.9,0.4652611590885444,0.0012745812090313182,0.6962684481920591,0.2794935438368056
病例78,near,NBI,mid_fusion,0,2,0.95,0.9047835813130788,0.0,0.17387690151863355,0.04964870876736111
病例81,far,WLI,mid_fusion,0,2,0.05,0.1257855156072937,1.693932213866282,0.49001039380849404,0.1690606011284722
病例81,far,WLI,mid_fusion,0,2,0.1,0.1687442052127331,1.1033274956217163,0.5665239064783876,0.1273532443576389
病例81,far,WLI,mid_fusion,0,2,0.15,0.21304213454208304,0.9674461728649428,0.5714178853253117,0.11549207899305555
病例81,far,WLI,mid_fusion,0,2,0.2,0.23982692902029462,0.8596888843102916,0.5803153631371935,0.10663519965277778
病例81,far,WLI,mid_fusion,0,2,0.25,0.27505923560317297,0.7892242711445349,0.5766851055088027,0.09967719184027778
病例81,far,WLI,mid_fusion,0,2,0.3,0.2939116101782219,0.7518285773153395,0.5745421015106478,0.0959743923611111
病例81,far,WLI,mid_fusion,0,2,0.35,0.30400741732770165,0.7256618934789327,0.5748075041452554,0.09358723958333333
病例81,far,WLI,mid_fusion,0,2,0.4,0.31266096631297,0.6981559699186154,0.576265330797304,0.09120686848958333
病例81,far,WLI,mid_fusion,0,2,0.45,0.3369733182239621,0.6589059441640054,0.571098983980784,0.08702256944444445
病例81,far,WLI,mid_fusion,0,2,0.5,0.3444936643659215,0.6370660348202328,0.5718522512780989,0.08508978949652778
病例81,far,WLI,mid_fusion,0,2,0.55,0.3527351395899866,0.614814051715257,0.5722743419228878,0.08308241102430555
病例81,far,WLI,mid_fusion,0,2,0.6,0.36118265169465336,0.5876171834758421,0.5738478622960677,0.08073594835069445
病例81,far,WLI,mid_fusion,0,2,0.65,0.3719995879262388,0.5593901308334192,0.574200536897404,0.07816569010416667
病例81,far,WLI,mid_fusion,0,2,0.7,0.38508292984444215,0.5254970639744514,0.5745776579844319,0.0750732421875
病例81,far,WLI,mid_fusion,0,2,0.75,0.401771917173174,0.4850108169362316,0.574324992579496,0.07130940755208333
病例81,far,WLI,mid_fusion,0,2,0.8,0.425569176882662,0.436077057793345,0.5714285714256434,0.06652153862847222
病例81,far,WLI,mid_fusion,0,2,0.85,0.45853507777892244,0.36592149994849077,0.5677558736129206,0.059733072916666664
病例81,far,WLI,mid_fusion,0,2,0.9,0.5140620171010611,0.2527042340578964,0.5589856017031523,0.048624674479166664
病例81,far,WLI,mid_fusion,0,2,0.95,0.6376841454620377,0.06129597197898424,0.5090093349699036,0.027886284722222224
病例81,far,NBI,mid_fusion,0,2,0.05,0.139263834238183,0.45589480500074714,0.7430930317543311,0.1792670355902778
病例81,far,NBI,mid_fusion,0,2,0.1,0.17208746326642427,0.22119838621307963,0.8080700048594845,0.14284261067708334
病例81,far,NBI,mid_fusion,0,2,0.15,0.19584599292723015,0.1889226478059471,0.8069473947249608,0.13521321614583334
病例81,far,NBI,mid_fusion,0,2,0.2,0.21327887632614434,0.15599940230114062,0.8099169315946828,0.12835693359375
病例81,far,NBI,mid_fusion,0,2,0.25,0.2364397071275589,0.13527917517557403,0.8042389108915766,0.12238226996527778
病例81,far,NBI,mid_fusion,0,2,0.3,0.24789560193255963,0.12531752751905165,0.8012097736959085,0.11946614583333333
病例81,far,NBI,mid_fusion,0,2,0.35,0.2549683717686905,0.11894207301887733,0.7994014376164407,0.11763509114583333
病例81,far,NBI,mid_fusion,0,2,0.4,0.26089555212432136,0.11191911142102903,0.7985899954234088,0.1158718532986111
病例81,far,NBI,mid_fusion,0,2,0.45,0.2773820789958659,0.10130995666683269,0.792375542748867,0.1121826171875
病例81,far,NBI,mid_fusion,0,2,0.5,0.2832096428749315,0.0954823927877671,0.791040263842817,0.110595703125
病例81,far,NBI,mid_fusion,0,2,0.55,0.28913682323056233,0.09119888429546247,0.788944168046465,0.10920545789930555
病例81,far,NBI,mid_fusion,0,2,0.6,0.29700652487921503,0.08532151217811426,0.7862076648819457,0.1073337131076389
病例81,far,NBI,mid_fusion,0,2,0.65,0.3069183642974548,0.07859740000996165,0.7824008996323238,0.1050686306423611
病例81,far,NBI,mid_fusion,0,2,0.7,0.31937042386810777,0.07197290431837426,0.7767073066735536,0.10247124565972222
病例81,far,NBI,mid_fusion,0,2,0.75,0.33351596354036955,0.06355531204861284,0.7704842517395909,0.0993991427951389
病例81,far,NBI,mid_fusion,0,2,0.8,0.35368830004482743,0.05473925387259053,0.7598969313634344,0.09545220269097222
病例81,far,NBI,mid_fusion,0,2,0.85,0.38681077850276435,0.04328335906758978,0.7403554138955999,0.0893825954861111
病例81,far,NBI,mid_fusion,0,2,0.9,0.4432933207152463,0.0212681177466753,0.7055964142523733,0.07869466145833333
病例81,far,NBI,mid_fusion,0,2,0.95,0.609802261294018,4.9808238282611946e-05,0.5613356262519299,0.05313449435763889
病例81,near,WLI,mid_fusion,0,2,0.05,0.013073730849636494,0.18708852070267404,0.9079296734827299,0.2551676432291667
病例81,near,WLI,mid_fusion,0,2,0.1,0.03728665480982246,0.08749102936129052,0.9391389045292904,0.22825792100694445
病例81,near,WLI,mid_fusion,0,2,0.15,0.0508596212050298,0.0691129208399638,0.9405562512546719,0.2213134765625
病例81,near,WLI,mid_fusion,0,2,0.2,0.07151549190302349,0.05195169896096602,0.9376565675648129,0.21309407552083334
病例81,near,WLI,mid_fusion,0,2,0.25,0.1171643421011576,0.03775468813379513,0.9193378064417342,0.20008680555555555
病例81,near,WLI,mid_fusion,0,2,0.3,0.1350120128553153,0.032699928234890326,0.9116230125439228,0.19510904947916666
病例81,near,WLI,mid_fusion,0,2,0.35,0.14524634153951763,0.02855003276233268,0.907717286853594,0.1919826931423611
病例81,near,WLI,mid_fusion,0,2,0.4,0.15420137913819465,0.023651283971418764,0.9048636378794525,0.1889716254340278
病例81,near,WLI,mid_fusion,0,2,0.45,0.19816530937002716,0.021373521794751785,0.8795865279283961,0.1789211697048611
病例81,near,WLI,mid_fusion,0,2,0.5,0.21361040906112516,0.01978220849324472,0.870780499601163,0.17521837022569445
病例81,near,WLI,mid_fusion,0,2,0.55,0.23042840650254298,0.018315704078130362,0.8608726003475378,0.17124430338541666
病例81,near,WLI,mid_fusion,0,2,0.6,0.2490873350182533,0.01791007519735405,0.8490536082822963,0.16710069444444445
病例81,near,WLI,mid_fusion,0,2,0.65,0.268869543511498,0.017691659646166806,0.8361404510404722,0.1627536349826389
病例81,near,WLI,mid_fusion,0,2,0.7,0.2914911541701769,0.01747324409497956,0.8209921180113873,0.15778944227430555
病例81,near,WLI,mid_fusion,0,2,0.75,0.31629692034072826,0.016474773003837873,0.8042724219552492,0.15218098958333334
病例81,near,WLI,mid_fusion,0,2,0.8,0.34472214421666825,0.014415426378358139,0.7849080580042141,0.14555528428819445
病例81,near,WLI,mid_fusion,0,2,0.85,0.3828200567880433,0.011732035320914849,0.7577818216631399,0.1366916232638889
病例81,near,WLI,mid_fusion,0,2,0.9,0.45832943305563356,0.008299790945115293,0.6989431303458501,0.1195339626736111
病例81,near,WLI,mid_fusion,0,2,0.95,0.6690380355081281,0.003213828824612312,0.49612946981805905,0.0726318359375
病例81,near,NBI,mid_fusion,0,2,0.05,0.0031704587840358073,0.2188948686524218,0.8997775506512358,0.3094550238715278
病例81,near,NBI,mid_fusion,0,2,0.1,0.011696062236905206,0.06873767783875953,0.9608983408657528,0.2690633138020833
病例81,near,NBI,mid_fusion,0,2,0.15,0.0216337187616561,0.04494591570309586,0.9670937413573771,0.2604777018229167
病例81,near,NBI,mid_fusion,0,2,0.2,0.039803911120584005,0.02834763148079075,0.9657279133940275,0.2516276041666667
病例81,near,NBI,mid_fusion,0,2,0.25,0.08853306335589066,0.014999733574892099,0.9462576754979445,0.23582628038194445
病例81,near,NBI,mid_fusion,0,2,0.3,0.10758245857089573,0.012388767517450845,0.9370165745843247,0.2303127712673611
病例81,near,NBI,mid_fusion,0,2,0.35,0.11893216816752811,0.010763574359247616,0.9314443442979221,0.22701009114583334
病例81,near,NBI,mid_fusion,0,2,0.4,0.1298289550807268,0.009378163798156338,0.9259359008874567,0.2238837348090278
病例81,near,NBI,mid_fusion,0,2,0.45,0.1764000639420259,0.006847125273085735,0.8998893805296636,0.21138509114583334
病例81,near,NBI,mid_fusion,0,2,0.5,0.1937709809772473,0.0050087920285607716,0.890251974757086,0.20649549696180555
病例81,near,NBI,mid_fusion,0,2,0.55,0.2136729365375393,0.004609154366707518,0.8781184451274481,0.2013278537326389
病例81,near,NBI,mid_fusion,0,2,0.6,0.23136356370224329,0.004076304150903181,0.8671866780875795,0.1966891818576389
病例81,near,NBI,mid_fusion,0,2,0.65,0.25035967389566793,0.0034102413811477592,0.8552409611075317,0.1916842990451389
病例81,near,NBI,mid_fusion,0,2,0.7,0.2722864602760164,0.002477753503490169,0.8411943148383283,0.18586561414930555
病例81,near,NBI,mid_fusion,0,2,0.75,0.2963979325411627,0.002024830820056482,0.825036317342,0.17961290147569445
病例81,near,NBI,mid_fusion,0,2,0.8,0.3251452016838067,0.0013854105610912773,0.8052005849055801,0.17213270399305555
病例81,near,NBI,mid_fusion,0,2,0.85,0.36255128683327115,0.0005062077050141205,0.7783470778627201,0.1623874240451389
病例81,near,NBI,mid_fusion,0,2,0.9,0.44983215218202166,7.992753237065061e-05,0.7097805351698665,0.14006212022569445
病例81,near,NBI,mid_fusion,0,2,0.95,0.677892044546278,7.992753237065061e-05,0.4872347713936219,0.08201090494791667
病例9,far,WLI,mid_fusion,0,2,0.05,0.006308706014299734,4.899761671106126,0.2883000142354471,0.2850884331597222
病例9,far,WLI,mid_fusion,0,2,0.1,0.04009533155754942,3.6318519556988647,0.34332848618476824,0.22212049696180555
病例9,far,WLI,mid_fusion,0,2,0.15,0.0720594420300014,3.445955418477499,0.34535114264753897,0.2115817599826389
病例9,far,WLI,mid_fusion,0,2,0.2,0.10164026356371793,3.2313192205243237,0.35025963377876396,0.19976806640625
病例9,far,WLI,mid_fusion,0,2,0.25,0.17958783120706576,2.7444273096873686,0.35944841988772014,0.17244466145833334
病例9,far,WLI,mid_fusion,0,2,0.3,0.21155194167951774,2.629468666760129,0.35693205978371806,0.1653374565972222
病例9,far,WLI,mid_fusion,0,2,0.35,0.2248703210430394,2.567783541286976,0.35696300600310876,0.1617092556423611
病例9,far,WLI,mid_fusion,0,2,0.4,0.23538483106687227,2.513108089163045,0.35748697276453484,0.15855577256944445
病例9,far,WLI,mid_fusion,0,2,0.45,0.2882377681200056,2.1298191504275903,0.37055689365604494,0.1374579535590278
病例9,far,WLI,mid_fusion,0,2,0.5,0.310107948969578,1.9896256834431516,0.37499047473757907,0.12961832682291666
病例9,far,WLI,mid_fusion,0,2,0.55,0.3347819991588392,1.8694798822374876,0.3763931305264094,0.12261284722222222
病例9,far,WLI,mid_fusion,0,2,0.6,0.3594560493481004,1.7657367166690032,0.37609581429651356,0.11640082465277778
病例9,far,WLI,mid_fusion,0,2,0.65,0.3867937754100659,1.6628347119024254,0.37435809654067803,0.11010064019097222
病例9,far,WLI,mid_fusion,0,2,0.7,0.41343053413710923,1.5561474835272677,0.3732881295428769,0.10365125868055555
病例9,far,WLI,mid_fusion,0,2,0.75,0.4483387074162344,1.4484789008832188,0.3677570093440759,0.09675428602430555
病例9,far,WLI,mid_fusion,0,2,0.8,0.48633113696901725,1.3339408383569327,0.3607719574617922,0.08937581380208333
病例9,far,WLI,mid_fusion,0,2,0.85,0.5314734333380065,1.1864573110893033,0.3529411764687246,0.08005777994791667
病例9,far,WLI,mid_fusion,0,2,0.9,0.6139071919248563,0.8920510304219823,0.3389538461517603,0.06182861328125
病例9,far,WLI,mid_fusion,0,2,0.95,0.9589233141735595,0.02271134165147904,0.07722720084241926,0.003085666232638889
病例9,far,NBI,mid_fusion,0,2,0.05,0.0,6.862543815723585,0.22566884199162168,0.21296522352430555
病例9,far,NBI,mid_fusion,0,2,0.1,0.0,3.132699048572859,0.38965853658346505,0.1119384765625
病例9,far,NBI,mid_fusion,0,2,0.15,0.0,2.7118177265898846,0.42446463680097524,0.10053846571180555
病例9,far,NBI,mid_fusion,0,2,0.2,0.0,2.2724086129193792,0.46812001875018683,0.08863661024305555
病例9,far,NBI,mid_fusion,0,2,0.25,0.0,1.5773660490736103,0.5590705487082932,0.06981065538194445
病例9,far,NBI,mid_fusion,0,2,0.3,0.0,1.4266399599399098,0.583662136485579,0.06572808159722222
病例9,far,NBI,mid_fusion,0,2,0.35,0.0,1.3515272909364047,0.5967428656761038,0.0636935763888889
病例9,far,NBI,mid_fusion,0,2,0.4,0.0,1.2839258888332499,0.6090271424168265,0.06186252170138889
病例9,far,NBI,mid_fusion,0,2,0.45,0.0,1.0270405608412618,0.6607113316736086,0.05490451388888889
病例9,far,NBI,mid_fusion,0,2,0.5,0.0002503755633450175,0.9371557336004006,0.6808184143164465,0.05246310763888889
病例9,far,NBI,mid_fusion,0,2,0.55,0.0007511266900350526,0.8345017526289434,0.7052482770745251,0.04966905381944445
病例9,far,NBI,mid_fusion,0,2,0.6,0.005007511266900351,0.7413620430645969,0.7272394546552544,0.04703097873263889
病例9,far,NBI,mid_fusion,0,2,0.65,0.015022533800701052,0.6467200801201802,0.7485491389901193,0.044196234809027776
病例9,far,NBI,mid_fusion,0,2,0.7,0.030796194291437155,0.5528292438657987,0.7685892981160668,0.04122585720486111
病例9,far,NBI,mid_fusion,0,2,0.75,0.05358037055583375,0.46619929894842266,0.7845579078374371,0.038262261284722224
病例9,far,NBI,mid_fusion,0,2,0.8,0.09639459188783175,0.38082123184777167,0.7911003945551172,0.0347900390625
病例9,far,NBI,mid_fusion,0,2,0.85,0.17075613420130195,0.28542814221331997,0.7842765806205981,0.030192057291666668
病例9,far,NBI,mid_fusion,0,2,0.9,0.35828743114672007,0.16825237856785177,0.7090883939589281,0.021938747829861112
病例9,far,NBI,mid_fusion,0,2,0.95,0.957436154231347,0.07210816224336505,0.07637017070807794,0.003106011284722222
病例9,near,WLI,mid_fusion,0,2,0.05,0.0,0.8530732461011057,0.7009984768984583,0.2602742513020833
病例9,near,WLI,mid_fusion,0,2,0.1,0.0,0.38713727004973203,0.8378236245937746,0.1948310004340278
病例9,near,WLI,mid_fusion,0,2,0.15,0.0,0.3370672589445222,0.8557734024732851,0.1877983940972222
病例9,near,WLI,mid_fusion,0,2,0.2,0.00019313408333735695,0.28168606054753514,0.8764496740860145,0.17999267578125
病例9,near,WLI,mid_fusion,0,2,0.25,0.0019313408333735695,0.1725170199410941,0.9196307418509184,0.16441514756944445
病例9,near,WLI,mid_fusion,0,2,0.3,0.007339095166819565,0.1418569842112887,0.9301031487492533,0.15934922960069445
病例9,near,WLI,mid_fusion,0,2,0.35,0.012119163729419149,0.12630969050263144,0.934523945461131,0.156494140625
病例9,near,WLI,mid_fusion,0,2,0.4,0.016368113562841003,0.11259717058567911,0.9384774847381355,0.15397135416666666
病例9,near,WLI,mid_fusion,0,2,0.45,0.05552604895949013,0.0733426681473613,0.9361345744276611,0.14295789930555555
病例9,near,WLI,mid_fusion,0,2,0.5,0.08362705808507556,0.06373424750132779,0.9255791270399278,0.1376614040798611
病例9,near,WLI,mid_fusion,0,2,0.55,0.11443194437738399,0.055429481917821447,0.9124875621867848,0.1321682400173611
病例9,near,WLI,mid_fusion,0,2,0.6,0.14620250108637922,0.044662256771763796,0.8994633637658652,0.1261935763888889
病例9,near,WLI,mid_fusion,0,2,0.65,0.18067693496209744,0.04041330693834194,0.8811174286655733,0.1207546657986111
病例9,near,WLI,mid_fusion,0,2,0.7,0.2218627782337888,0.036695475834097824,0.8575305291700387,0.11444769965277778
病例9,near,WLI,mid_fusion,0,2,0.75,0.26623533388054654,0.034039882188209164,0.8301422991810828,0.10784233940972222
病例9,near,WLI,mid_fusion,0,2,0.8,0.3124909468398436,0.03234995895900729,0.799494665915779,0.1011081271701389
病例9,near,WLI,mid_fusion,0,2,0.85,0.37144512577857175,0.031384288542320504,0.7573227842556289,0.09269205729166667
病例9,near,WLI,mid_fusion,0,2,0.9,0.4784896914683019,0.03109458741731447,0.6717875357610654,0.07761637369791667
病例9,near,WLI,mid_fusion,0,2,0.95,0.7881319105789194,0.01458162329197045,0.3454982087305795,0.031806098090277776
病例9,near,NBI,mid_fusion,0,2,0.05,0.0,2.040844539399271,0.4949460392482974,0.1640896267361111
病例9,near,NBI,mid_fusion,0,2,0.1,0.0023878346110343092,1.3851954254115872,0.5898131292469821,0.12858072916666666
病例9,near,NBI,mid_fusion,0,2,0.15,0.011185120020108082,1.2547442503456077,0.6097097911557607,0.1210666232638889
病例9,near,NBI,mid_fusion,0,2,0.2,0.06308910393364334,1.100163378157597,0.6169825374467558,0.10992431640625
病例9,near,NBI,mid_fusion,0,2,0.25,0.16827950232499686,0.8209124041724268,0.6270905386808779,0.08917914496527778
病例9,near,NBI,mid_fusion,0,2,0.3,0.19002136483599347,0.7624732939550082,0.6297327666196212,0.08485243055555555
病例9,near,NBI,mid_fusion,0,2,0.35,0.200578107326882,0.7313057685057183,0.6317723593353937,0.08260091145833333
病例9,near,NBI,mid_fusion,0,2,0.4,0.20937539273595576,0.7041598592434335,0.6338219737009025,0.0806613498263889
病例9,near,NBI,mid_fusion,0,2,0.45,0.25688073394495414,0.5900464999371623,0.6370051171525074,0.07194010416666667
病例9,near,NBI,mid_fusion,0,2,0.5,0.27422395375141384,0.5554857358300868,0.6362935213715497,0.06913926866319445
病例9,near,NBI,mid_fusion,0,2,0.55,0.2953374387331909,0.5204222696996356,0.6333804010130846,0.06610785590277778
病例9,near,NBI,mid_fusion,0,2,0.6,0.3133090360688702,0.4856101545808722,0.6322244720819657,0.0632595486111111
病例9,near,NBI,mid_fusion,0,2,0.65,0.3309036068870177,0.4490385823802941,0.6317788062143599,0.06033664279513889
病例9,near,NBI,mid_fusion,0,2,0.7,0.35264546939801433,0.4132210632147794,0.6283239814550602,0.057230631510416664
病例9,near,NBI,mid_fusion,0,2,0.75,0.38155083574211385,0.3761467889908257,0.6201247558400849,0.053670247395833336
病例9,near,NBI,mid_fusion,0,2,0.8,0.4217669976121654,0.3356792761090863,0.6042419068842061,0.04931640625
病例9,near,NBI,mid_fusion,0,2,0.85,0.48410204851074523,0.28452934523061457,0.573083903388433,0.043192545572916664
病例9,near,NBI,mid_fusion,0,2,0.9,0.6024883750157094,0.20032675631519417,0.49756174295660244,0.03226047092013889
病例9,near,NBI,mid_fusion,0,2,0.95,0.9937162247078044,0.0,0.01248907206178982,0.0003390842013888889
