case,scale,ref_modality,config,fold,seed,threshold,missed_frac,over_ratio,dice,pred_area_frac
病例14,far,WLI,mmd_fusion_w1.0,0,0,0.05,0.0,30.14828897338403,0.062211709047859776,1.0
病例14,far,WLI,mmd_fusion_w1.0,0,0,0.1,0.0,30.14828897338403,0.062211709047859776,1.0
病例14,far,WLI,mmd_fusion_w1.0,0,0,0.15,0.0,18.667934093789608,0.09676825902976557,0.6314290364583334
病例14,far,WLI,mmd_fusion_w1.0,0,0,0.2,0.0,4.383819180397127,0.31329208166403066,0.1728447808159722
病例14,far,WLI,mmd_fusion_w1.0,0,0,0.25,0.0,3.8457963667089143,0.34212618342002554,0.1555718315972222
病例14,far,WLI,mmd_fusion_w1.0,0,0,0.3,0.0,2.8964934516265313,0.408455565140602,0.1250949435763889
病例14,far,WLI,mmd_fusion_w1.0,0,0,0.35,0.0,2.5038022813688214,0.44406922752007844,0.11248779296875
病例14,far,WLI,mmd_fusion_w1.0,0,0,0.4,0.0,2.2125052809463455,0.47477685287095184,0.10313585069444445
病例14,far,WLI,mmd_fusion_w1.0,0,0,0.45,0.0004224757076468103,1.9716941275876636,0.5034042553164713,0.09539116753472222
病例14,far,WLI,mmd_fusion_w1.0,0,0,0.5,0.001478664976763836,1.7536966624419097,0.5322299161147765,0.08835856119791667
病例14,far,WLI,mmd_fusion_w1.0,0,0,0.55,0.010984368398817067,1.1768060836501901,0.6248081670739654,0.06953260633680555
病例14,far,WLI,mmd_fusion_w1.0,0,0,0.6,0.029362061681453316,1.0038022813688212,0.6526525104704732,0.0633884006076389
病例14,far,WLI,mmd_fusion_w1.0,0,0,0.65,0.044993662864385296,0.8990283058724123,0.6692324772358135,0.05952284071180555
病例14,far,WLI,mmd_fusion_w1.0,0,0,0.7,0.061681453316434307,0.8027038445289396,0.6846485819922576,0.05589463975694445
病例14,far,WLI,mmd_fusion_w1.0,0,0,0.75,0.08132657372201098,0.672581326573722,0.7090568191023962,0.05108642578125
病例14,far,WLI,mmd_fusion_w1.0,0,0,0.8,0.11237853823405154,0.5295732995352768,0.7344227912196589,0.04549831814236111
病例14,far,WLI,mmd_fusion_w1.0,0,0,0.85,0.1677228559357837,0.3377693282636248,0.7670592816045257,0.03756374782986111
病例14,far,WLI,mmd_fusion_w1.0,0,0,0.9,0.26594845796366706,0.08724123362906633,0.8060774762142648,0.0263671875
病例14,far,WLI,mmd_fusion_w1.0,0,0,0.95,0.4856358259400084,0.01880016899028306,0.6709837420684627,0.017116970486111112
病例14,far,NBI,mmd_fusion_w1.0,0,0,0.05,0.0,4.463356798814376,0.30943673113725195,1.0
病例14,far,NBI,mmd_fusion_w1.0,0,0,0.1,0.0,4.463356798814376,0.30943673113725195,1.0
病例14,far,NBI,mmd_fusion_w1.0,0,0,0.15,0.002667654686921082,2.7687291589477585,0.41851425728379416,0.6893310546875
病例14,far,NBI,mmd_fusion_w1.0,0,0,0.2,0.08610596517228603,0.8810300111152278,0.6539669914487254,0.3285386827256944
病例14,far,NBI,mmd_fusion_w1.0,0,0,0.25,0.09618377176732124,0.7429788810670619,0.6829514117324594,0.3014255099826389
病例14,far,NBI,mmd_fusion_w1.0,0,0,0.3,0.16835865135235273,0.41304186735828086,0.7409877195286858,0.22782389322916666
病例14,far,NBI,mmd_fusion_w1.0,0,0,0.35,0.21041126343090033,0.30489070025935533,0.7539713426485867,0.20033094618055555
病例14,far,NBI,mmd_fusion_w1.0,0,0,0.4,0.2425713227121156,0.2502408299370137,0.7545352206234807,0.1844414605034722
病例14,far,NBI,mmd_fusion_w1.0,0,0,0.45,0.26817339755464986,0.2139681363467951,0.7522135689381492,0.17311604817708334
病例14,far,NBI,mmd_fusion_w1.0,0,0,0.5,0.29377547239718416,0.187402741756206,0.7458960261387507,0.1635674370659722
病例14,far,NBI,mmd_fusion_w1.0,0,0,0.55,0.40885513153019637,0.13056687662097072,0.6866943553752249,0.13210042317708334
病例14,far,NBI,mmd_fusion_w1.0,0,0,0.6,0.4442386068914413,0.11641348647647277,0.6647168306286787,0.12303331163194445
病例14,far,NBI,mmd_fusion_w1.0,0,0,0.65,0.47087810300111155,0.10448314190440904,0.6477966024797628,0.11597357855902778
病例14,far,NBI,mmd_fusion_w1.0,0,0,0.7,0.4925527973323453,0.09273805113004817,0.6342355692406996,0.10985649956597222
病例14,far,NBI,mmd_fusion_w1.0,0,0,0.75,0.5177102630603927,0.07954798073360504,0.6175926365217592,0.10283745659722222
病例14,far,NBI,mmd_fusion_w1.0,0,0,0.8,0.5494998147462022,0.06380140792886255,0.5949940055281373,0.09413655598958333
病例14,far,NBI,mmd_fusion_w1.0,0,0,0.85,0.5953686550574286,0.04516487587995554,0.5581906465613131,0.08232964409722222
病例14,far,NBI,mmd_fusion_w1.0,0,0,0.9,0.674546128195628,0.00963319748054835,0.4875395459829951,0.061333550347222224
病例14,far,NBI,mmd_fusion_w1.0,0,0,0.95,0.8154872174879585,0.0,0.3115420706902986,0.033772786458333336
病例14,near,WLI,mmd_fusion_w1.0,0,0,0.05,0.0,1.0108276172423667,0.664269182514974,1.0
病例14,near,WLI,mmd_fusion_w1.0,0,0,0.1,0.0,1.0108276172423667,0.664269182514974,1.0
病例14,near,WLI,mmd_fusion_w1.0,0,0,0.15,0.00013636797534467005,0.3196601710054411,0.8621283650703662,0.6562093098958334
病例14,near,WLI,mmd_fusion_w1.0,0,0,0.2,0.0006682030791888832,0.17070543153645798,0.9210273296837693,0.5818684895833334
病例14,near,WLI,mmd_fusion_w1.0,0,0,0.25,0.0009818494224816245,0.15136845263258378,0.929152133933078,0.5720960828993056
病例14,near,WLI,mmd_fusion_w1.0,0,0,0.3,0.005291077443373198,0.09274386003191011,0.9530360934176364,0.5407986111111112
病例14,near,WLI,mmd_fusion_w1.0,0,0,0.35,0.012041292222934366,0.0579018423313469,0.9658123646052552,0.5201144748263888
病例14,near,WLI,mmd_fusion_w1.0,0,0,0.4,0.023564386139558986,0.037310278054301725,0.9697704340753235,0.5041436089409722
病例14,near,WLI,mmd_fusion_w1.0,0,0,0.45,0.0373648252444396,0.02604628329083198,0.9681139941844258,0.4916788736979167
病例14,near,WLI,mmd_fusion_w1.0,0,0,0.5,0.05791547912888138,0.01779602078247944,0.9613693292506531,0.47735595703125
病例14,near,WLI,mmd_fusion_w1.0,0,0,0.55,0.17431918288309173,0.006054738105303351,0.9015284054101669,0.4136284722222222
病例14,near,WLI,mmd_fusion_w1.0,0,0,0.6,0.2104566963494293,0.004391048806098376,0.8802365622451519,0.3948296440972222
病例14,near,WLI,mmd_fusion_w1.0,0,0,0.65,0.23494838472133203,0.002809180292100203,0.8655111501933326,0.3818630642361111
病例14,near,WLI,mmd_fusion_w1.0,0,0,0.7,0.25481719872905045,0.0016773260967394418,0.8531682526789022,0.3714192708333333
病例14,near,WLI,mmd_fusion_w1.0,0,0,0.75,0.2762542444532326,0.0011045806002918275,0.8391983239112628,0.3604736328125
病例14,near,WLI,mmd_fusion_w1.0,0,0,0.8,0.3162236980267554,0.00019091516548253807,0.8121016787185598,0.3401421440972222
病例14,near,WLI,mmd_fusion_w1.0,0,0,0.85,0.4475324214861382,0.0,0.7117283299948072,0.2747463650173611
病例14,near,WLI,mmd_fusion_w1.0,0,0,0.9,0.6398249035196575,0.0,0.5296010747616078,0.17911783854166666
病例14,near,WLI,mmd_fusion_w1.0,0,0,0.95,0.9871404999249976,0.0,0.0253924657349471,0.006395128038194444
病例14,near,NBI,mmd_fusion_w1.0,0,0,0.05,0.0,2.4064730750571766,0.4538777307683879,1.0
病例14,near,NBI,mmd_fusion_w1.0,0,0,0.1,0.0,2.4064730750571766,0.4538777307683879,1.0
病例14,near,NBI,mmd_fusion_w1.0,0,0,0.15,0.0,1.1031949546053088,0.6444970519916589,0.6174112955729166
病例14,near,NBI,mmd_fusion_w1.0,0,0,0.2,0.0016402153071360917,0.5309677270312103,0.7894270552661143,0.4489474826388889
病例14,near,NBI,mmd_fusion_w1.0,0,0,0.25,0.0050361540416291265,0.45484787580566916,0.8122778065907753,0.4256049262152778
病例14,near,NBI,mmd_fusion_w1.0,0,0,0.3,0.046364959456649806,0.22027398526116385,0.8773458587480847,0.3446112738715278
病例14,near,NBI,mmd_fusion_w1.0,0,0,0.35,0.0781758957654723,0.18765449211079538,0.8739828940009922,0.3256971571180556
病例14,near,NBI,mmd_fusion_w1.0,0,0,0.4,0.11352138055305289,0.17046688382193267,0.8619369040523119,0.3102756076388889
病例14,near,NBI,mmd_fusion_w1.0,0,0,0.45,0.13796289879178505,0.1588698685517592,0.8531190342815382,0.2996961805555556
病例14,near,NBI,mmd_fusion_w1.0,0,0,0.5,0.1583847344468316,0.14801210525099914,0.8460029027566375,0.2905137803819444
病例14,near,NBI,mmd_fusion_w1.0,0,0,0.55,0.4701873541709982,0.11037955968304572,0.6460372681296271,0.1879340277777778
病例14,near,NBI,mmd_fusion_w1.0,0,0,0.6,0.5947051077690761,0.081525631251877,0.545183343690887,0.1429104275173611
病例14,near,NBI,mmd_fusion_w1.0,0,0,0.65,0.6436574491186731,0.06057245824381454,0.5029836632202319,0.12238905164930555
病例14,near,NBI,mmd_fusion_w1.0,0,0,0.7,0.6840621895719269,0.03659297248596576,0.4671802141860946,0.1034884982638889
病例14,near,NBI,mmd_fusion_w1.0,0,0,0.75,0.7367338923926352,0.014022685794811375,0.4122264423939008,0.08140055338541667
病例14,near,NBI,mmd_fusion_w1.0,0,0,0.8,0.7835146810820801,0.001293690946473537,0.35554122244497566,0.0639309353298611
病例14,near,NBI,mmd_fusion_w1.0,0,0,0.85,0.8358167579180816,0.0,0.2820573877837003,0.048197428385416664
病例14,near,NBI,mmd_fusion_w1.0,0,0,0.9,0.9201607873033474,0.0,0.14787240870259102,0.0234375
病例14,near,NBI,mmd_fusion_w1.0,0,0,0.95,0.9999768983759558,0.0,4.6202180742824335e-05,6.781684027777777e-06
病例17,far,WLI,mmd_fusion_w1.0,0,0,0.05,0.0,11.258375592318563,0.15084804213552946,1.0
病例17,far,WLI,mmd_fusion_w1.0,0,0,0.1,0.0,11.258375592318563,0.15084804213552946,1.0
病例17,far,WLI,mmd_fusion_w1.0,0,0,0.15,0.0013301188793748441,4.911131432371768,0.2890589282703036,0.4821031358506944
病例17,far,WLI,mmd_fusion_w1.0,0,0,0.2,0.008063845706209993,1.2823177321473107,0.6059005738064137,0.18552652994791666
病例17,far,WLI,mmd_fusion_w1.0,0,0,0.25,0.025687920857926677,0.987363870645939,0.6579464436067536,0.1600273980034722
病例17,far,WLI,mmd_fusion_w1.0,0,0,0.3,0.18879374844126695,0.32837309834566464,0.7582857364853779,0.09296332465277778
病例17,far,WLI,mmd_fusion_w1.0,0,0,0.35,0.2562972815695403,0.2592900490481337,0.7425915165570574,0.0818210177951389
病例17,far,WLI,mmd_fusion_w1.0,0,0,0.4,0.31191287721340094,0.2242912960345831,0.7196139801742322,0.0744289822048611
病例17,far,WLI,mmd_fusion_w1.0,0,0,0.45,0.353312827333943,0.19203591320974311,0.7034089881512641,0.06842041015625
病例17,far,WLI,mmd_fusion_w1.0,0,0,0.5,0.3870645938980796,0.14465042813201429,0.6974742219246169,0.06180148654513889
病例17,far,WLI,mmd_fusion_w1.0,0,0,0.55,0.4774295452656081,0.08778784603873971,0.6490114088036291,0.04979112413194445
病例17,far,WLI,mmd_fusion_w1.0,0,0,0.6,0.5086042065009561,0.06293124948042231,0.6322939508978322,0.045220269097222224
病例17,far,WLI,mmd_fusion_w1.0,0,0,0.65,0.529304181561227,0.045140909468783776,0.6210376220213829,0.04208034939236111
病例17,far,WLI,mmd_fusion_w1.0,0,0,0.7,0.5466788594230609,0.030093939645855848,0.6111858327694957,0.039435492621527776
病例17,far,WLI,mmd_fusion_w1.0,0,0,0.75,0.5655499210241915,0.025105993848200184,0.5953181067346623,0.03748914930555555
病例17,far,WLI,mmd_fusion_w1.0,0,0,0.8,0.5902402527225871,0.01961925347077895,0.5733395370444728,0.035027398003472224
病例17,far,WLI,mmd_fusion_w1.0,0,0,0.85,0.6239920192867238,0.009477097015545765,0.5427817112651939,0.03144666883680555
病例17,far,WLI,mmd_fusion_w1.0,0,0,0.9,0.6814365283897248,0.005237343087538449,0.4812861090148123,0.026414659288194444
病例17,far,WLI,mmd_fusion_w1.0,0,0,0.95,0.8018954194031092,0.0021614431789841217,0.3301011220367772,0.016337076822916668
病例17,far,NBI,mmd_fusion_w1.0,0,0,0.05,0.0,10.038778260218596,0.16612981456828005,1.0
病例17,far,NBI,mmd_fusion_w1.0,0,0,0.1,0.0,10.038778260218596,0.16612981456828005,1.0
病例17,far,NBI,mmd_fusion_w1.0,0,0,0.15,0.0,4.4876478514747715,0.3082781380532318,0.4971245659722222
病例17,far,NBI,mmd_fusion_w1.0,0,0,0.2,0.0,1.5720167689773918,0.5599077858104162,0.2329983181423611
病例17,far,NBI,mmd_fusion_w1.0,0,0,0.25,7.486150621350502e-05,1.3365773319359187,0.599385222911442,0.2116631401909722
病例17,far,NBI,mmd_fusion_w1.0,0,0,0.3,0.08856116185057643,0.7364126366222489,0.6884365281292382,0.14927842881944445
病例17,far,NBI,mmd_fusion_w1.0,0,0,0.35,0.15840694714777662,0.5397514597993711,0.7068217541631348,0.12513563368055555
病例17,far,NBI,mmd_fusion_w1.0,0,0,0.4,0.19920646803413686,0.4054499176523432,0.725933968983998,0.10927327473958333
病例17,far,NBI,mmd_fusion_w1.0,0,0,0.45,0.22772870190148226,0.33784997754154816,0.7319686380220244,0.10056559244791667
病例17,far,NBI,mmd_fusion_w1.0,0,0,0.5,0.2545291211259171,0.2847731696361731,0.7343657817082065,0.09332953559027778
病例17,far,NBI,mmd_fusion_w1.0,0,0,0.55,0.40979188501272645,0.12097619404102411,0.6898241315920473,0.0644259982638889
病例17,far,NBI,mmd_fusion_w1.0,0,0,0.6,0.4803114238658482,0.07882916604282078,0.6502130848093934,0.054219563802083336
病例17,far,NBI,mmd_fusion_w1.0,0,0,0.65,0.5104806108698907,0.051654439287318464,0.6352552581695475,0.04902479383680555
病例17,far,NBI,mmd_fusion_w1.0,0,0,0.7,0.5365324150321904,0.03046863302889654,0.6204650230476024,0.044745551215277776
病例17,far,NBI,mmd_fusion_w1.0,0,0,0.75,0.5621350501572092,0.023656235963467585,0.5991906981478298,0.04180908203125
病例17,far,NBI,mmd_fusion_w1.0,0,0,0.8,0.5873633777511603,0.01624494684833059,0.577565882534827,0.03885226779513889
病例17,far,NBI,mmd_fusion_w1.0,0,0,0.85,0.6250187153765534,0.007036981584069471,0.542657494173974,0.03460693359375
病例17,far,NBI,mmd_fusion_w1.0,0,0,0.9,0.6950890851923941,0.00014972301242701004,0.46727470888276673,0.027635362413194444
病例17,far,NBI,mmd_fusion_w1.0,0,0,0.95,0.8375505315166941,0.0,0.2794951056138621,0.014716254340277778
病例17,near,WLI,mmd_fusion_w1.0,0,0,0.05,0.0,2.983897549509632,0.4012923580653653,1.0
病例17,near,WLI,mmd_fusion_w1.0,0,0,0.1,0.0,2.983897549509632,0.4012923580653653,1.0
病例17,near,WLI,mmd_fusion_w1.0,0,0,0.15,0.0034852619349958125,1.7885607759435873,0.5265494621579858,0.6990831163194444
病例17,near,WLI,mmd_fusion_w1.0,0,0,0.2,0.18058519979466675,0.31615918731256587,0.7673953747270288,0.2850409613715278
病例17,near,WLI,mmd_fusion_w1.0,0,0,0.25,0.1963094048037176,0.25666657660821873,0.7801468659837658,0.2661607530381944
病例17,near,WLI,mmd_fusion_w1.0,0,0,0.3,0.26982411585118743,0.12809013049469106,0.7858679848781828,0.21543375651041666
病例17,near,WLI,mmd_fusion_w1.0,0,0,0.35,0.302164104503823,0.09518277362007943,0.7783922248161254,0.19905598958333334
病例17,near,WLI,mmd_fusion_w1.0,0,0,0.4,0.33620619782238675,0.055737173425553184,0.7720637913413905,0.1806098090277778
病例17,near,WLI,mmd_fusion_w1.0,0,0,0.45,0.3629265393240213,0.03079998919298625,0.7639350104469831,0.16764322916666666
病例17,near,WLI,mmd_fusion_w1.0,0,0,0.5,0.38532407532488583,0.02499121930132656,0.7497569576022841,0.16056315104166666
病例17,near,WLI,mmd_fusion_w1.0,0,0,0.55,0.48110123470132116,0.013076486639829249,0.6774244748943135,0.13353135850694445
病例17,near,WLI,mmd_fusion_w1.0,0,0,0.6,0.5177910463891066,0.009996487720530625,0.6463037062507535,0.12354871961805555
病例17,near,WLI,mmd_fusion_w1.0,0,0,0.65,0.536892443195634,0.00832140058898225,0.629466416950113,0.11833360460069445
病例17,near,WLI,mmd_fusion_w1.0,0,0,0.7,0.552454542998406,0.007159646610650312,0.6153074680076978,0.1141357421875
病例17,near,WLI,mmd_fusion_w1.0,0,0,0.75,0.5687190986950531,0.006105962769837625,0.6000902221709709,0.10978868272569445
病例17,near,WLI,mmd_fusion_w1.0,0,0,0.8,0.587036987004566,0.004755086050847,0.5825742272352354,0.10485161675347222
病例17,near,WLI,mmd_fusion_w1.0,0,0,0.85,0.6138113635749601,0.003917542485072812,0.5556246598760872,0.09792073567708333
病例17,near,WLI,mmd_fusion_w1.0,0,0,0.9,0.6644692405371085,0.003269121659957312,0.5012410953918002,0.08504231770833333
病例17,near,WLI,mmd_fusion_w1.0,0,0,0.95,0.7793748142544511,0.001891227406586875,0.3609361532843578,0.055853949652777776
病例17,near,NBI,mmd_fusion_w1.0,0,0,0.05,0.0,0.6557299737249882,0.7530886120902978,1.0
病例17,near,NBI,mmd_fusion_w1.0,0,0,0.1,0.0,0.6557299737249882,0.7530886120902978,1.0
病例17,near,NBI,mmd_fusion_w1.0,0,0,0.15,0.0,0.3961687888791574,0.8346657419465812,0.8432345920138888
病例17,near,NBI,mmd_fusion_w1.0,0,0,0.2,0.0003705450380650812,0.29621145770172247,0.8708177029580556,0.7826402452256944
病例17,near,NBI,mmd_fusion_w1.0,0,0,0.25,0.002178355678321992,0.2718565429270812,0.8792626636912927,0.7668389214409722
病例17,near,NBI,mmd_fusion_w1.0,0,0,0.3,0.02473668845022345,0.17444811246603337,0.9073434700620493,0.6943834092881944
病例17,near,NBI,mmd_fusion_w1.0,0,0,0.35,0.03871634215904242,0.14289564104291586,0.9136898726741979,0.6668836805555556
病例17,near,NBI,mmd_fusion_w1.0,0,0,0.4,0.05155067484111478,0.11541916503851422,0.9190986050352989,0.6425374348958334
病例17,near,NBI,mmd_fusion_w1.0,0,0,0.45,0.07016775584450582,0.10145073996721238,0.9155122663094297,0.6228569878472222
病例17,near,NBI,mmd_fusion_w1.0,0,0,0.5,0.08830200543466056,0.08893080913561949,0.9114114451199339,0.6043429904513888
病例17,near,NBI,mmd_fusion_w1.0,0,0,0.55,0.1834759370298008,0.026162725414898155,0.8862320695155045,0.5089518229166666
病例17,near,NBI,mmd_fusion_w1.0,0,0,0.6,0.22222596510139458,0.009072739113835927,0.870554818924503,0.4752265082465278
病例17,near,NBI,mmd_fusion_w1.0,0,0,0.65,0.24677176671382695,0.00495182914505154,0.856827180993194,0.4579128689236111
病例17,near,NBI,mmd_fusion_w1.0,0,0,0.7,0.27107053830088257,0.0034808776303083384,0.8415205625946518,0.4423489040798611
病例17,near,NBI,mmd_fusion_w1.0,0,0,0.75,0.29843472793011294,0.003222618967414494,0.8230528569070819,0.4256659613715278
病例17,near,NBI,mmd_fusion_w1.0,0,0,0.8,0.3305149453165353,0.0030991039547261334,0.8005397530825671,0.4062160915798611
病例17,near,NBI,mmd_fusion_w1.0,0,0,0.85,0.3794493476161603,0.0030991039547261334,0.764389795226271,0.3766615125868056
病例17,near,NBI,mmd_fusion_w1.0,0,0,0.9,0.4814615194592288,0.0029755889420377732,0.6816085252720002,0.3149753146701389
病例17,near,NBI,mmd_fusion_w1.0,0,0,0.95,0.7703519054997866,0.0014484942397089537,0.3730789226457984,0.13957383897569445
病例19,far,WLI,mmd_fusion_w1.0,0,0,0.05,0.0,63.503937007874015,0.03053251592737473,1.0
病例19,far,WLI,mmd_fusion_w1.0,0,0,0.1,0.0,63.503937007874015,0.03053251592737473,1.0
病例19,far,WLI,mmd_fusion_w1.0,0,0,0.15,0.0,35.71609798775153,0.053027754903150086,0.5692070855034722
病例19,far,WLI,mmd_fusion_w1.0,0,0,0.2,0.0,10.882764654418198,0.15524617996551698,0.18421766493055555
病例19,far,WLI,mmd_fusion_w1.0,0,0,0.25,0.0,7.1281714785651795,0.21910193127800304,0.1260104709201389
病例19,far,WLI,mmd_fusion_w1.0,0,0,0.3,0.0,3.3775153105861766,0.37191897827729664,0.06786431206597222
病例19,far,WLI,mmd_fusion_w1.0,0,0,0.35,0.0,2.062117235345582,0.49235408140757747,0.04747178819444445
病例19,far,WLI,mmd_fusion_w1.0,0,0,0.4,0.0,1.7082239720034995,0.5393417482536352,0.041985405815972224
病例19,far,WLI,mmd_fusion_w1.0,0,0,0.45,0.0,1.4186351706036746,0.5850287907794622,0.037495930989583336
病例19,far,WLI,mmd_fusion_w1.0,0,0,0.5,0.0,1.1972878390201225,0.6255301682771168,0.034064398871527776
病例19,far,WLI,mmd_fusion_w1.0,0,0,0.55,0.0,0.884514435695538,0.6933575978056816,0.029215494791666668
病例19,far,WLI,mmd_fusion_w1.0,0,0,0.6,0.0,0.7528433945756781,0.7265215318492528,0.027174207899305556
病例19,far,WLI,mmd_fusion_w1.0,0,0,0.65,0.0004374453193350831,0.6566054243219598,0.7526350461009118,0.025675455729166668
病例19,far,WLI,mmd_fusion_w1.0,0,0,0.7,0.0026246719160104987,0.5800524934383202,0.7739307535510195,0.024454752604166668
病例19,far,WLI,mmd_fusion_w1.0,0,0,0.75,0.006124234470691163,0.49606299212598426,0.7983134223331287,0.023098415798611112
病例19,far,WLI,mmd_fusion_w1.0,0,0,0.8,0.01399825021872266,0.38495188101487315,0.8317343173278278,0.021253797743055556
病例19,far,WLI,mmd_fusion_w1.0,0,0,0.85,0.0389326334208224,0.24190726159230097,0.872517871309124,0.018649631076388888
病例19,far,WLI,mmd_fusion_w1.0,0,0,0.9,0.14085739282589677,0.09055118110236221,0.8813102983872266,0.014723036024305556
病例19,far,WLI,mmd_fusion_w1.0,0,0,0.95,0.4588801399825022,0.0,0.702242407019522,0.008388943142361112
病例19,far,NBI,mmd_fusion_w1.0,0,0,0.05,0.0,24.928609108493053,0.07427045310587212,1.0
病例19,far,NBI,mmd_fusion_w1.0,0,0,0.1,0.0,24.928609108493053,0.07427045310587212,1.0
病例19,far,NBI,mmd_fusion_w1.0,0,0,0.15,0.0,7.009671179883946,0.22198368398410948,0.3089124891493056
病例19,far,NBI,mmd_fusion_w1.0,0,0,0.2,0.0,3.548443819236856,0.3604614311961702,0.1754218207465278
病例19,far,NBI,mmd_fusion_w1.0,0,0,0.25,0.0,2.4156848953754175,0.45293086970192364,0.13173421223958334
病例19,far,NBI,mmd_fusion_w1.0,0,0,0.3,0.0,1.1614207842447688,0.6326269536646497,0.08336046006944445
病例19,far,NBI,mmd_fusion_w1.0,0,0,0.35,0.0,0.8369966590469492,0.704970868967987,0.07084825303819445
病例19,far,NBI,mmd_fusion_w1.0,0,0,0.4,0.0,0.6119219272023915,0.7657196714638096,0.06216769748263889
病例19,far,NBI,mmd_fusion_w1.0,0,0,0.45,0.000703358537014243,0.41427817830138913,0.8280635290628875,0.05451795789930555
病例19,far,NBI,mmd_fusion_w1.0,0,0,0.5,0.0054510286618603835,0.266221206259891,0.8798319981264693,0.048624674479166664
病例19,far,NBI,mmd_fusion_w1.0,0,0,0.55,0.02110075611042729,0.1519254439950765,0.9187984815900412,0.04361300998263889
病例19,far,NBI,mmd_fusion_w1.0,0,0,0.6,0.03323369087392298,0.12449446105152101,0.924577482544988,0.04208713107638889
病例19,far,NBI,mmd_fusion_w1.0,0,0,0.65,0.043080710392122384,0.10638297872340426,0.9275609340299338,0.041008843315972224
病例19,far,NBI,mmd_fusion_w1.0,0,0,0.7,0.05521364515561808,0.08791981712678038,0.9295847750784637,0.03982883029513889
病例19,far,NBI,mmd_fusion_w1.0,0,0,0.75,0.07191841040970635,0.0694566555301565,0.9292253521044962,0.038472493489583336
病例19,far,NBI,mmd_fusion_w1.0,0,0,0.8,0.09618427993669773,0.049938456128011253,0.9252092520841939,0.036783854166666664
病例19,far,NBI,mmd_fusion_w1.0,0,0,0.85,0.14014418850008792,0.03059609636011957,0.9096828201943103,0.034342447916666664
病例19,far,NBI,mmd_fusion_w1.0,0,0,0.9,0.2159310708633726,0.00703358537014243,0.8755154133037942,0.030510796440972224
病例19,far,NBI,mmd_fusion_w1.0,0,0,0.95,0.4436433972217338,0.0,0.7149474635553615,0.021457248263888888
病例19,near,WLI,mmd_fusion_w1.0,0,0,0.05,0.0,25.679211145286775,0.07225639450130258,1.0
病例19,near,WLI,mmd_fusion_w1.0,0,0,0.1,0.0,25.679211145286775,0.07225639450130258,1.0
病例19,near,WLI,mmd_fusion_w1.0,0,0,0.15,0.0,9.625836801157952,0.1720306274897721,0.3982815212673611
病例19,near,WLI,mmd_fusion_w1.0,0,0,0.2,0.0,2.8272118690066943,0.41431784107790737,0.14345296223958334
病例19,near,WLI,mmd_fusion_w1.0,0,0,0.25,0.0,1.8918038719015742,0.513900511387662,0.10839165581597222
病例19,near,WLI,mmd_fusion_w1.0,0,0,0.3,0.0,1.1485435136602136,0.6352143431752947,0.0805324978298611
病例19,near,WLI,mmd_fusion_w1.0,0,0,0.35,0.0,0.9795549122489596,0.6712411950408596,0.07419840494791667
病例19,near,WLI,mmd_fusion_w1.0,0,0,0.4,0.0,0.8666546046679935,0.6976773541990805,0.06996663411458333
病例19,near,WLI,mmd_fusion_w1.0,0,0,0.45,0.0,0.7447077980821422,0.7286750164750911,0.0653957790798611
病例19,near,WLI,mmd_fusion_w1.0,0,0,0.5,0.0,0.6175140220734576,0.7640837768662191,0.060628255208333336
病例19,near,WLI,mmd_fusion_w1.0,0,0,0.55,0.0,0.4783788673783246,0.8069791210336765,0.055413140190972224
病例19,near,WLI,mmd_fusion_w1.0,0,0,0.6,0.0001809299800977022,0.4136059345033472,0.828547867150247,0.052978515625
病例19,near,WLI,mmd_fusion_w1.0,0,0,0.65,0.0023520897412701285,0.3716301791206803,0.8421534936934543,0.051323784722222224
病例19,near,WLI,mmd_fusion_w1.0,0,0,0.7,0.005427899402931066,0.33508232314094444,0.8538365952092742,0.04983859592013889
病例19,near,WLI,mmd_fusion_w1.0,0,0,0.75,0.011398588746155238,0.2934684277184729,0.8664076746145531,0.048055013020833336
病例19,near,WLI,mmd_fusion_w1.0,0,0,0.8,0.021711597611724264,0.24552198299258188,0.8798307704753084,0.04587131076388889
病例19,near,WLI,mmd_fusion_w1.0,0,0,0.85,0.04487063506423014,0.18563415958024246,0.8923258958680499,0.04275851779513889
病例19,near,WLI,mmd_fusion_w1.0,0,0,0.9,0.08829383028767866,0.10982449791930522,0.9019958829239954,0.038289388020833336
病例19,near,WLI,mmd_fusion_w1.0,0,0,0.95,0.23032386466437488,0.016102768228695497,0.8620060790186219,0.029452853732638888
病例19,near,NBI,mmd_fusion_w1.0,0,0,0.05,0.0,15.45347020754296,0.11459039241000742,1.0
病例19,near,NBI,mmd_fusion_w1.0,0,0,0.1,0.0,15.45347020754296,0.11459039241000742,1.0
病例19,near,NBI,mmd_fusion_w1.0,0,0,0.15,0.0,5.0659451015398345,0.28304776944290083,0.3686726888020833
病例19,near,NBI,mmd_fusion_w1.0,0,0,0.2,0.0,1.6307743807185897,0.5508466762944441,0.15989176432291666
病例19,near,NBI,mmd_fusion_w1.0,0,0,0.25,0.0,1.4684222271814327,0.5766310642112449,0.1500244140625
病例19,near,NBI,mmd_fusion_w1.0,0,0,0.3,0.0,1.1119169828163356,0.6426906665687451,0.12835693359375
病例19,near,NBI,mmd_fusion_w1.0,0,0,0.35,0.001450569069404151,0.9814773488060701,0.6701613809088622,0.12034098307291667
病例19,near,NBI,mmd_fusion_w1.0,0,0,0.4,0.008591832180316894,0.8968980138361973,0.6864979717956867,0.11476643880208333
病例19,near,NBI,mmd_fusion_w1.0,0,0,0.45,0.01740682883284981,0.78899799151975,0.7090462578980271,0.10767279730902778
病例19,near,NBI,mmd_fusion_w1.0,0,0,0.5,0.025663914304842668,0.6620174068288328,0.739154357299957,0.0994533962673611
病例19,near,NBI,mmd_fusion_w1.0,0,0,0.55,0.03994644052666815,0.5155099308190136,0.7756242675526205,0.08968098958333333
病例19,near,NBI,mmd_fusion_w1.0,0,0,0.6,0.052443650970765456,0.4721044409729971,0.7832142033627705,0.08628336588541667
病例19,near,NBI,mmd_fusion_w1.0,0,0,0.65,0.061370229859406385,0.4381834411961616,0.7898220740773211,0.08367919921875
病例19,near,NBI,mmd_fusion_w1.0,0,0,0.7,0.07185896005355948,0.40537826378040615,0.7954860612977789,0.08104790581597222
病例19,near,NBI,mmd_fusion_w1.0,0,0,0.75,0.0874804731086811,0.36855612586476233,0.8000782663953427,0.07786051432291667
病例19,near,NBI,mmd_fusion_w1.0,0,0,0.8,0.11303280517741575,0.3199062709216693,0.8038224289574081,0.07335069444444445
病例19,near,NBI,mmd_fusion_w1.0,0,0,0.85,0.1585583575094845,0.25150636018745814,0.804073146021197,0.06642659505208333
病例19,near,NBI,mmd_fusion_w1.0,0,0,0.9,0.2510600312430261,0.16558803838428923,0.7823755682434876,0.055582682291666664
病例19,near,NBI,mmd_fusion_w1.0,0,0,0.95,0.4863869671948226,0.059584914081678195,0.6529541102159517,0.03483751085069445
病例21,far,WLI,mmd_fusion_w1.0,0,0,0.05,0.0,15.960662525879917,0.11135446685871832,1.0
病例21,far,WLI,mmd_fusion_w1.0,0,0,0.1,0.0,15.960662525879917,0.11135446685871832,1.0
病例21,far,WLI,mmd_fusion_w1.0,0,0,0.15,0.14941338854382333,7.23717506326202,0.1871938639899414,0.4768541124131944
病例21,far,WLI,mmd_fusion_w1.0,0,0,0.2,0.7696112261329653,0.9017713365539453,0.2161083238915892,0.06675211588541667
病例21,far,WLI,mmd_fusion_w1.0,0,0,0.25,0.9353577179664136,0.6270991488382792,0.07642099537614616,0.04078504774305555
病例21,far,WLI,mmd_fusion_w1.0,0,0,0.3,1.0,0.10777547734069473,0.0,0.006354437934027778
病例21,far,WLI,mmd_fusion_w1.0,0,0,0.35,1.0,0.005981136415919025,0.0,0.00035264756944444444
病例21,far,WLI,mmd_fusion_w1.0,0,0,0.4,1.0,0.0,0.0,0.0
病例21,far,WLI,mmd_fusion_w1.0,0,0,0.45,1.0,0.0,0.0,0.0
病例21,far,WLI,mmd_fusion_w1.0,0,0,0.5,1.0,0.0,0.0,0.0
病例21,far,WLI,mmd_fusion_w1.0,0,0,0.55,1.0,0.0,0.0,0.0
病例21,far,WLI,mmd_fusion_w1.0,0,0,0.6,1.0,0.0,0.0,0.0
病例21,far,WLI,mmd_fusion_w1.0,0,0,0.65,1.0,0.0,0.0,0.0
病例21,far,WLI,mmd_fusion_w1.0,0,0,0.7,1.0,0.0,0.0,0.0
病例21,far,WLI,mmd_fusion_w1.0,0,0,0.75,1.0,0.0,0.0,0.0
病例21,far,WLI,mmd_fusion_w1.0,0,0,0.8,1.0,0.0,0.0,0.0
病例21,far,WLI,mmd_fusion_w1.0,0,0,0.85,1.0,0.0,0.0,0.0
病例21,far,WLI,mmd_fusion_w1.0,0,0,0.9,1.0,0.0,0.0,0.0
病例21,far,WLI,mmd_fusion_w1.0,0,0,0.95,1.0,0.0,0.0,0.0
病例21,far,NBI,mmd_fusion_w1.0,0,0,0.05,0.0,10.61436672967864,0.15854937809071473,1.0
病例21,far,NBI,mmd_fusion_w1.0,0,0,0.1,0.0,10.61436672967864,0.15854937809071473,1.0
病例21,far,NBI,mmd_fusion_w1.0,0,0,0.15,0.002205419029615627,2.786389413988658,0.41712216002565505,0.3258192274305556
病例21,far,NBI,mmd_fusion_w1.0,0,0,0.2,0.1152331442974165,1.2706364209199748,0.5607947879469789,0.1855807834201389
病例21,far,NBI,mmd_fusion_w1.0,0,0,0.25,0.12649653434152489,1.178875236294896,0.5723427863634497,0.17671034071180555
病例21,far,NBI,mmd_fusion_w1.0,0,0,0.3,0.25693131695022053,0.9393509766855702,0.5540286586781946,0.14485677083333334
病例21,far,NBI,mmd_fusion_w1.0,0,0,0.35,0.2952110901071204,0.8419187145557656,0.5534902421657332,0.1331719292534722
病例21,far,NBI,mmd_fusion_w1.0,0,0,0.4,0.329473850031506,0.7566950220541903,0.552505192106203,0.12288411458333333
病例21,far,NBI,mmd_fusion_w1.0,0,0,0.45,0.35255198487712663,0.680371770636421,0.5562698788639228,0.11432562934027778
病例21,far,NBI,mmd_fusion_w1.0,0,0,0.5,0.37161310649023316,0.6362633900441084,0.554952698940752,0.10888671875
病例21,far,NBI,mmd_fusion_w1.0,0,0,0.55,0.4545526149968494,0.38082860743541275,0.5663231926702391,0.07975260416666667
病例21,far,NBI,mmd_fusion_w1.0,0,0,0.6,0.47833963453056083,0.32002205419029617,0.5665041484878688,0.07246907552083333
病例21,far,NBI,mmd_fusion_w1.0,0,0,0.65,0.49614051669817266,0.2872558286074354,0.5626209322754502,0.068115234375
病例21,far,NBI,mmd_fusion_w1.0,0,0,0.7,0.5089792060491494,0.2597668557025835,0.5609141623152739,0.06464301215277778
病例21,far,NBI,mmd_fusion_w1.0,0,0,0.75,0.5235507246376812,0.22652804032766224,0.5595485870192889,0.060526529947916664
病例21,far,NBI,mmd_fusion_w1.0,0,0,0.8,0.5415879017013232,0.1869092627599244,0.5572310785554252,0.055562337239583336
病例21,far,NBI,mmd_fusion_w1.0,0,0,0.85,0.5681316950220542,0.13350661625708884,0.5517761899942046,0.04867892795138889
病例21,far,NBI,mmd_fusion_w1.0,0,0,0.9,0.6238185255198487,0.04450220541902961,0.5295780894797939,0.03622097439236111
病例21,far,NBI,mmd_fusion_w1.0,0,0,0.95,0.8350661625708885,0.0,0.2831643002009252,0.014200846354166666
病例21,near,WLI,mmd_fusion_w1.0,0,0,0.05,0.0,7.143141153081511,0.21874320504444278,1.0
病例21,near,WLI,mmd_fusion_w1.0,0,0,0.1,0.0,7.143141153081511,0.21874320504444278,1.0
病例21,near,WLI,mmd_fusion_w1.0,0,0,0.15,0.000552242102937928,3.050419703998233,0.39583128287523833,0.4973347981770833
病例21,near,WLI,mmd_fusion_w1.0,0,0,0.2,0.028550916721890876,1.1544621161917386,0.6215461804808466,0.2610677083333333
病例21,near,WLI,mmd_fusion_w1.0,0,0,0.25,0.0781974817760106,0.7712060967528165,0.684589357119482,0.20790608723958334
病例21,near,WLI,mmd_fusion_w1.0,0,0,0.3,0.1949414623370886,0.27540313673514466,0.7739229687023228,0.1326836480034722
病例21,near,WLI,mmd_fusion_w1.0,0,0,0.35,0.27694941462337086,0.13552021206096754,0.7780716089710947,0.1054348415798611
病例21,near,WLI,mmd_fusion_w1.0,0,0,0.4,0.3602275237464104,0.0399271040424122,0.7617701209864487,0.0834689670138889
病例21,near,WLI,mmd_fusion_w1.0,0,0,0.45,0.45057433178705547,0.013253810470510271,0.7031840831158668,0.06909857855902778
病例21,near,WLI,mmd_fusion_w1.0,0,0,0.5,0.512535895736691,0.007952286282306162,0.6519443110873668,0.06083848741319445
病例21,near,WLI,mmd_fusion_w1.0,0,0,0.55,0.9307488402915838,5.52242102937928e-05,0.12952538346263737,0.008511013454861112
病例21,near,WLI,mmd_fusion_w1.0,0,0,0.6,0.9791252485089463,0.0,0.040895813047490556,0.0025634765625
病例21,near,WLI,mmd_fusion_w1.0,0,0,0.65,0.9972940136956041,0.0,0.0053973674064801596,0.0003323025173611111
病例21,near,WLI,mmd_fusion_w1.0,0,0,0.7,1.0,0.0,0.0,0.0
病例21,near,WLI,mmd_fusion_w1.0,0,0,0.75,1.0,0.0,0.0,0.0
病例21,near,WLI,mmd_fusion_w1.0,0,0,0.8,1.0,0.0,0.0,0.0
病例21,near,WLI,mmd_fusion_w1.0,0,0,0.85,1.0,0.0,0.0,0.0
病例21,near,WLI,mmd_fusion_w1.0,0,0,0.9,1.0,0.0,0.0,0.0
病例21,near,WLI,mmd_fusion_w1.0,0,0,0.95,1.0,0.0,0.0,0.0
病例21,near,NBI,mmd_fusion_w1.0,0,0,0.05,0.0,0.4547750591949487,0.8147386020188353,1.0
病例21,near,NBI,mmd_fusion_w1.0,0,0,0.1,0.0,0.4547750591949487,0.8147386020188353,1.0
病例21,near,NBI,mmd_fusion_w1.0,0,0,0.15,0.0407162588792423,0.06066495659037095,0.9498100047860479,0.7011040581597222
病例21,near,NBI,mmd_fusion_w1.0,0,0,0.2,0.23574388318863457,0.010290055248618785,0.861353881735016,0.5324164496527778
病例21,near,NBI,mmd_fusion_w1.0,0,0,0.25,0.2927880820836622,0.005564325177584846,0.8258077151262185,0.4899563259548611
病例21,near,NBI,mmd_fusion_w1.0,0,0,0.3,0.3744475138121547,0.004400157853196527,0.7675713628545339,0.4330240885416667
病例21,near,NBI,mmd_fusion_w1.0,0,0,0.35,0.3996448303078137,0.003946329913180742,0.7484318500475067,0.4153917100694444
病例21,near,NBI,mmd_fusion_w1.0,0,0,0.4,0.4180149960536701,0.003798342541436464,0.734003172923922,0.4026624891493056
病例21,near,NBI,mmd_fusion_w1.0,0,0,0.45,0.43117600631412784,0.0036010260457774268,0.7234990368985491,0.3934800889756944
病例21,near,NBI,mmd_fusion_w1.0,0,0,0.5,0.44673441199684294,0.0027624309392265192,0.7111254826617521,0.3822089301215278
病例21,near,NBI,mmd_fusion_w1.0,0,0,0.55,0.5429163378058406,0.000818863456985004,0.6270428292038281,0.31475830078125
病例21,near,NBI,mmd_fusion_w1.0,0,0,0.6,0.5790548539857933,0.0007202052091554854,0.5921859819565634,0.2898491753472222
病例21,near,NBI,mmd_fusion_w1.0,0,0,0.65,0.6087707182320442,0.0007202052091554854,0.5621314356993067,0.2694227430555556
病例21,near,NBI,mmd_fusion_w1.0,0,0,0.7,0.630751775848461,0.0007202052091554854,0.5390609246719437,0.2543131510416667
病例21,near,NBI,mmd_fusion_w1.0,0,0,0.75,0.6523184688239937,0.0007004735595895817,0.515701826269817,0.2394748263888889
病例21,near,NBI,mmd_fusion_w1.0,0,0,0.8,0.682567087608524,0.0006511444356748224,0.48165807142126055,0.21864827473958334
病例21,near,NBI,mmd_fusion_w1.0,0,0,0.85,0.7470303867403315,0.0006511444356748224,0.40358236206064235,0.17433675130208334
病例21,near,NBI,mmd_fusion_w1.0,0,0,0.9,0.8384668508287293,0.0006511444356748224,0.2779819862645031,0.1114841037326389
病例21,near,NBI,mmd_fusion_w1.0,0,0,0.95,0.95655090765588,9.865824782951854e-06,0.08327896752225852,0.029873318142361112
病例29,near,WLI,mmd_fusion_w1.0,0,0,0.05,0.0,5.562349799732977,0.2644680625682565,1.0
病例29,near,WLI,mmd_fusion_w1.0,0,0,0.1,0.0,5.562349799732977,0.2644680625682565,1.0
病例29,near,WLI,mmd_fusion_w1.0,0,0,0.15,0.14463729417000445,2.0273253226524255,0.4406033652738978,0.4392768012152778
病例29,near,WLI,mmd_fusion_w1.0,0,0,0.2,0.4528704939919893,0.19577214063195372,0.627837499679218,0.11320665147569445
病例29,near,WLI,mmd_fusion_w1.0,0,0,0.25,0.503382287494437,0.12242990654205607,0.6134689389757738,0.0943332248263889
病例29,near,WLI,mmd_fusion_w1.0,0,0,0.3,0.631820204717401,0.03368936359590565,0.5252698412681738,0.061238606770833336
病例29,near,WLI,mmd_fusion_w1.0,0,0,0.35,0.6596795727636849,0.020961281708945262,0.49999999999836536,0.0550537109375
病例29,near,WLI,mmd_fusion_w1.0,0,0,0.4,0.6741878059635069,0.013751668891855808,0.48644518272263637,0.05174424913194445
病例29,near,WLI,mmd_fusion_w1.0,0,0,0.45,0.6890520694259012,0.009345794392523364,0.47102841540947504,0.048807779947916664
病例29,near,WLI,mmd_fusion_w1.0,0,0,0.5,0.703293279928794,0.006008010680907877,0.45552063405146376,0.04612901475694445
病例29,near,WLI,mmd_fusion_w1.0,0,0,0.55,0.7373831775700934,0.0017356475300400534,0.4154171066511249,0.040283203125
病例29,near,WLI,mmd_fusion_w1.0,0,0,0.6,0.7532710280373832,0.0016466399643969738,0.39528002566612497,0.037848578559027776
病例29,near,WLI,mmd_fusion_w1.0,0,0,0.65,0.7642189586114819,0.0016466399643969738,0.3810825391103,0.03618028428819445
病例29,near,WLI,mmd_fusion_w1.0,0,0,0.7,0.7753004005340454,0.0016466399643969738,0.366453766873398,0.034491644965277776
病例29,near,WLI,mmd_fusion_w1.0,0,0,0.75,0.7880729862038274,0.0014686248331108145,0.3493123051518455,0.03251817491319445
病例29,near,WLI,mmd_fusion_w1.0,0,0,0.8,0.8082777036048064,0.001068090787716956,0.32146854712214956,0.029378255208333332
病例29,near,WLI,mmd_fusion_w1.0,0,0,0.85,0.8423230974632844,0.0008455718736092568,0.2722034419165942,0.024156358506944444
病例29,near,WLI,mmd_fusion_w1.0,0,0,0.9,0.9039163328882955,0.0006230529595015577,0.17522217262437517,0.014736599392361112
病例29,near,WLI,mmd_fusion_w1.0,0,0,0.95,1.0,0.0,0.0,0.0
病例29,near,NBI,mmd_fusion_w1.0,0,0,0.05,0.0,5.2958883053669785,0.2741270036340326,1.0
病例29,near,NBI,mmd_fusion_w1.0,0,0,0.1,0.0,5.2958883053669785,0.2741270036340326,1.0
病例29,near,NBI,mmd_fusion_w1.0,0,0,0.15,0.011826992869646898,1.5416079586695701,0.5599061339519784,0.4018147786458333
病例29,near,NBI,mmd_fusion_w1.0,0,0,0.2,0.02574612527219162,0.4767943298748986,0.7949691669846445,0.2304755316840278
病例29,near,NBI,mmd_fusion_w1.0,0,0,0.25,0.032705691473463985,0.3742367960377439,0.8262066701905031,0.2130805121527778
病例29,near,NBI,mmd_fusion_w1.0,0,0,0.3,0.06237991546048418,0.22407241364587335,0.8674870133700695,0.1845160590277778
病例29,near,NBI,mmd_fusion_w1.0,0,0,0.35,0.0810383843559199,0.1762520814653516,0.8772008477321543,0.1739569769965278
病例29,near,NBI,mmd_fusion_w1.0,0,0,0.4,0.0950002134836258,0.12625421630160966,0.891074956907363,0.16379801432291666
病例29,near,NBI,mmd_fusion_w1.0,0,0,0.45,0.1098586738397165,0.07770803979334785,0.9046844149343559,0.15372721354166666
病例29,near,NBI,mmd_fusion_w1.0,0,0,0.5,0.1248879210964519,0.04803381580632766,0.9100839216710845,0.14662679036458334
病例29,near,NBI,mmd_fusion_w1.0,0,0,0.55,0.1752273600614833,0.014644976730284786,0.8967758408558372,0.1333279079861111
病例29,near,NBI,mmd_fusion_w1.0,0,0,0.6,0.19751505059561933,0.011314632167712736,0.8848661754645962,0.12925889756944445
病例29,near,NBI,mmd_fusion_w1.0,0,0,0.65,0.21399598650783486,0.008880918833525469,0.875826633044208,0.1262546115451389
病例29,near,NBI,mmd_fusion_w1.0,0,0,0.7,0.22953759446650443,0.006831476025788822,0.8670061980472132,0.12346055772569445
病例29,near,NBI,mmd_fusion_w1.0,0,0,0.75,0.2504589897954827,0.005166303744502797,0.854320266684054,0.119873046875
病例29,near,NBI,mmd_fusion_w1.0,0,0,0.8,0.28218265659023956,0.00307416421160497,0.8342389281706135,0.114501953125
病例29,near,NBI,mmd_fusion_w1.0,0,0,0.85,0.3334187267836557,0.001579778830963665,0.7991809572541613,0.10612657335069445
病例29,near,NBI,mmd_fusion_w1.0,0,0,0.9,0.425216685880193,0.001537082105802485,0.7292721904690558,0.09153917100694445
病例29,near,NBI,mmd_fusion_w1.0,0,0,0.95,0.618632850860339,0.0012809017548354041,0.5516474693494993,0.06077745225694445
病例40,far,WLI,mmd_fusion_w1.0,0,0,0.05,0.0,2.5404451487430673,0.4404854445940401,1.0
病例40,far,WLI,mmd_fusion_w1.0,0,0,0.1,0.0,2.5404451487430673,0.4404854445940401,1.0
病例40,far,WLI,mmd_fusion_w1.0,0,0,0.15,9.604072126581671e-05,1.0467958414367693,0.6563849572859941,0.5780910915798612
病例40,far,WLI,mmd_fusion_w1.0,0,0,0.2,0.0007683257701265337,0.8587000888376671,0.6992690918250027,0.5247734917534722
病例40,far,WLI,mmd_fusion_w1.0,0,0,0.25,0.013757833321328242,0.6840500372157795,0.7386773366895305,0.4717746310763889
病例40,far,WLI,mmd_fusion_w1.0,0,0,0.3,0.041417561045883455,0.4998199236476266,0.7798417814232056,0.41192626953125
病例40,far,WLI,mmd_fusion_w1.0,0,0,0.35,0.07301495834233715,0.4413311243967442,0.7828220361313258,0.3864813910590278
病例40,far,WLI,mmd_fusion_w1.0,0,0,0.4,0.10840596412879061,0.39153401042041824,0.7810284993156157,0.3624199761284722
病例40,far,WLI,mmd_fusion_w1.0,0,0,0.45,0.1339768061658143,0.37249393742947007,0.7737472112571072,0.3498196072048611
病例40,far,WLI,mmd_fusion_w1.0,0,0,0.5,0.15846719008859755,0.3508367547840284,0.7676924761792052,0.3367852105034722
病例40,far,WLI,mmd_fusion_w1.0,0,0,0.55,0.33143652908833343,0.13697807870537107,0.7405683586208054,0.22752549913194445
病例40,far,WLI,mmd_fusion_w1.0,0,0,0.6,0.4201301351773152,0.052966457778097914,0.7102608593348966,0.1787448459201389
病例40,far,WLI,mmd_fusion_w1.0,0,0,0.65,0.47280847079161564,0.03217364162404859,0.676161734362892,0.1579928927951389
病例40,far,WLI,mmd_fusion_w1.0,0,0,0.7,0.5046219597109174,0.019400225695694974,0.6540601372653647,0.14539930555555555
病例40,far,WLI,mmd_fusion_w1.0,0,0,0.75,0.5319695550913587,0.006674830127974261,0.6347443829361206,0.13408067491319445
病例40,far,WLI,mmd_fusion_w1.0,0,0,0.8,0.5638790847319264,0.004705995342025019,0.6053758602866147,0.12451171875
病例40,far,WLI,mmd_fusion_w1.0,0,0,0.85,0.6051285745155947,0.004705995342025019,0.5642723576528722,0.11286078559027778
病例40,far,WLI,mmd_fusion_w1.0,0,0,0.9,0.6779514514154001,0.00408173065379721,0.4856966975657487,0.09211561414930555
病例40,far,WLI,mmd_fusion_w1.0,0,0,0.95,0.805613580157987,0.0018007635237340632,0.32501003612941587,0.055413140190972224
病例40,far,NBI,mmd_fusion_w1.0,0,0,0.05,0.0,11.259394745593616,0.15083644754323267,1.0
病例40,far,NBI,mmd_fusion_w1.0,0,0,0.1,0.0,11.259394745593616,0.15083644754323267,1.0
病例40,far,NBI,mmd_fusion_w1.0,0,0,0.15,0.004572663784502827,4.250498836049219,0.31874450922407854,0.4279106987847222
病例40,far,NBI,mmd_fusion_w1.0,0,0,0.2,0.05803126039241769,0.826737612238111,0.680439613234399,0.14427354600694445
病例40,far,NBI,mmd_fusion_w1.0,0,0,0.25,0.07931493182573994,0.5104755570335883,0.7574037343521052,0.11673990885416667
病例40,far,NBI,mmd_fusion_w1.0,0,0,0.3,0.17292983039574328,0.11207183239108746,0.8530269250520792,0.07660590277777778
病例40,far,NBI,mmd_fusion_w1.0,0,0,0.35,0.20951114067176588,0.08530096441636183,0.8428330821698305,0.0714382595486111
病例40,far,NBI,mmd_fusion_w1.0,0,0,0.4,0.24102095111406718,0.06900565347522447,0.8303997816854032,0.0675387912326389
病例40,far,NBI,mmd_fusion_w1.0,0,0,0.45,0.26845693382108415,0.055786498170934486,0.8185877756032255,0.06422254774305555
病例40,far,NBI,mmd_fusion_w1.0,0,0,0.5,0.29447954772198204,0.04456268706351846,0.8062707838441507,0.06118435329861111
病例40,far,NBI,mmd_fusion_w1.0,0,0,0.55,0.3979048885932823,0.02760226139008979,0.7389041934458784,0.05136447482638889
病例40,far,NBI,mmd_fusion_w1.0,0,0,0.6,0.4301629531094114,0.026188892583970735,0.7140699067525442,0.04861789279513889
病例40,far,NBI,mmd_fusion_w1.0,0,0,0.65,0.4539408047888261,0.026022613900897905,0.6946956475715548,0.04666476779513889
病例40,far,NBI,mmd_fusion_w1.0,0,0,0.7,0.4751413368806119,0.02577319587628866,0.6769610208531609,0.044915093315972224
病例40,far,NBI,mmd_fusion_w1.0,0,0,0.75,0.5000831393415364,0.025690056534752245,0.6553678474078726,0.04287380642361111
病例40,far,NBI,mmd_fusion_w1.0,0,0,0.8,0.5331725972730296,0.025523777851679415,0.6256267409435898,0.0401611328125
病例40,far,NBI,mmd_fusion_w1.0,0,0,0.85,0.5799800465580313,0.02510808114399734,0.5812909906766696,0.036309136284722224
病例40,far,NBI,mmd_fusion_w1.0,0,0,0.9,0.6584635849684071,0.023860991020951114,0.5002740059641949,0.029805501302083332
病例40,far,NBI,mmd_fusion_w1.0,0,0,0.95,0.8136015962753576,0.01454938476887263,0.31041883004284926,0.016391330295138888
病例40,near,WLI,mmd_fusion_w1.0,0,0,0.05,0.0,2.7941539728283242,0.4171747531127001,1.0
病例40,near,WLI,mmd_fusion_w1.0,0,0,0.1,0.0,2.7941539728283242,0.4171747531127001,1.0
病例40,near,WLI,mmd_fusion_w1.0,0,0,0.15,0.0011321531494442158,0.8263688760806917,0.707103825135968,0.4810655381944444
病例40,near,WLI,mmd_fusion_w1.0,0,0,0.2,0.003679497735693701,0.4770738987237546,0.8056301104791569,0.3883327907986111
病例40,near,WLI,mmd_fusion_w1.0,0,0,0.25,0.00797653355290243,0.40163132976533555,0.8288776376741925,0.3673163519965278
病例40,near,WLI,mmd_fusion_w1.0,0,0,0.3,0.02802079044874434,0.28936805269658294,0.8596461284623546,0.3324449327256944
病例40,near,WLI,mmd_fusion_w1.0,0,0,0.35,0.043973857554549196,0.2496140386990531,0.8668922071851762,0.3177625868055556
病例40,near,WLI,mmd_fusion_w1.0,0,0,0.4,0.06610230547550432,0.22164470975710168,0.866508302196571,0.3045586480034722
病例40,near,WLI,mmd_fusion_w1.0,0,0,0.45,0.09134417455743105,0.2053314121037464,0.8596606538610243,0.2936062282986111
病例40,near,WLI,mmd_fusion_w1.0,0,0,0.5,0.11730650473445862,0.19496191848497324,0.8497015332018308,0.2840304904513889
病例40,near,WLI,mmd_fusion_w1.0,0,0,0.55,0.20435364347468093,0.1428828736105393,0.820876305763521,0.24736192491319445
病例40,near,WLI,mmd_fusion_w1.0,0,0,0.6,0.24058254425689585,0.1270327295183203,0.805128554864891,0.2336357964409722
病例40,near,WLI,mmd_fusion_w1.0,0,0,0.65,0.260472416632359,0.11910765747221079,0.7957748428706761,0.22630479600694445
病例40,near,WLI,mmd_fusion_w1.0,0,0,0.7,0.27688863729930013,0.11280362289007823,0.7877394850796937,0.22031656901041666
病例40,near,WLI,mmd_fusion_w1.0,0,0,0.75,0.2926615891313298,0.10529024289831206,0.7804559520756601,0.2141791449652778
病例40,near,WLI,mmd_fusion_w1.0,0,0,0.8,0.3124485384932071,0.09579559489501853,0.7710798176245584,0.20646158854166666
病例40,near,WLI,mmd_fusion_w1.0,0,0,0.85,0.3441745574310416,0.08123198847262247,0.7550993200895361,0.19426133897569445
病例40,near,WLI,mmd_fusion_w1.0,0,0,0.9,0.4009623301770276,0.05905207904487443,0.7225636250764702,0.17344835069444445
病例40,near,WLI,mmd_fusion_w1.0,0,0,0.95,0.5563246191848498,0.014537875668999589,0.6085191981920375,0.12076822916666667
病例40,near,NBI,mmd_fusion_w1.0,0,0,0.05,0.0,2.8466113632806387,0.41265945422228717,1.0
病例40,near,NBI,mmd_fusion_w1.0,0,0,0.1,0.0,2.8466113632806387,0.41265945422228717,1.0
病例40,near,NBI,mmd_fusion_w1.0,0,0,0.15,0.0,0.9020190953200814,0.6891753411352416,0.4944661458333333
病例40,near,NBI,mmd_fusion_w1.0,0,0,0.2,5.217300568685762e-05,0.5833985495904419,0.7741492477019346,0.41162109375
病例40,near,NBI,mmd_fusion_w1.0,0,0,0.25,0.00013043251421714406,0.5519904001669537,0.7836398393007946,0.4034356011284722
病例40,near,NBI,mmd_fusion_w1.0,0,0,0.3,0.00036521103980800335,0.4911305890332342,0.8026727830659475,0.3875528971354167
病例40,near,NBI,mmd_fusion_w1.0,0,0,0.35,0.0008086815881462931,0.4743569677049095,0.8079012033190877,0.3830769856770833
病例40,near,NBI,mmd_fusion_w1.0,0,0,0.4,0.002165179736004591,0.4558094641832316,0.813349210061012,0.3779025607638889
病例40,near,NBI,mmd_fusion_w1.0,0,0,0.45,0.006547712213700632,0.4312881515104085,0.8194298009673809,0.3703884548611111
病例40,near,NBI,mmd_fusion_w1.0,0,0,0.5,0.013669327489956697,0.41034068972713517,0.8230837886661917,0.3630913628472222
病例40,near,NBI,mmd_fusion_w1.0,0,0,0.55,0.1100067824907393,0.3100380862941514,0.8090732308850206,0.3119710286458333
病例40,near,NBI,mmd_fusion_w1.0,0,0,0.6,0.18750978243856628,0.2586998486982835,0.7845636484995849,0.2784762912326389
病例40,near,NBI,mmd_fusion_w1.0,0,0,0.65,0.23681327281264675,0.23115250169562268,0.765352971183156,0.2584974500868056
病例40,near,NBI,mmd_fusion_w1.0,0,0,0.7,0.28256899880002084,0.19617050138258466,0.7498227820481627,0.23750813802083334
病例40,near,NBI,mmd_fusion_w1.0,0,0,0.75,0.32589868002295613,0.15289299316533625,0.7379347763996545,0.2149929470486111
病例40,near,NBI,mmd_fusion_w1.0,0,0,0.8,0.3815933635936766,0.11465017999686962,0.7136599683890815,0.19057210286458334
病例40,near,NBI,mmd_fusion_w1.0,0,0,0.85,0.47052225178692547,0.0593989669744874,0.6664805936811806,0.15308973524305555
病例40,near,NBI,mmd_fusion_w1.0,0,0,0.9,0.6988834976783013,0.002165179736004591,0.462089671736465,0.07884385850694445
病例40,near,NBI,mmd_fusion_w1.0,0,0,0.95,0.9546877445609642,0.0,0.08669611439672906,0.01177978515625
病例44,far,WLI,mmd_fusion_w1.0,0,0,0.05,0.0,6.8597089707371675,0.22574104935101358,1.0
病例44,far,WLI,mmd_fusion_w1.0,0,0,0.1,0.0,6.8597089707371675,0.22574104935101358,1.0
病例44,far,WLI,mmd_fusion_w1.0,0,0,0.15,0.0,4.0827248014498165,0.3288000140202871,0.6466810438368056
病例44,far,WLI,mmd_fusion_w1.0,0,0,0.2,0.0,1.0479185544480571,0.6561855129224997,0.26055908203125
病例44,far,WLI,mmd_fusion_w1.0,0,0,0.25,0.003464634081338948,0.7494270028250093,0.72581866179955,0.2221408420138889
病例44,far,WLI,mmd_fusion_w1.0,0,0,0.3,0.01540429614626086,0.4354778529929108,0.8136907252806782,0.18067762586805555
病例44,far,WLI,mmd_fusion_w1.0,0,0,0.35,0.023719417941474336,0.3553648526197964,0.8374177029973541,0.1694268120659722
病例44,far,WLI,mmd_fusion_w1.0,0,0,0.4,0.03501945525291829,0.30200948776717657,0.8513319696201562,0.1612006293402778
病例44,far,WLI,mmd_fusion_w1.0,0,0,0.45,0.044773732743457174,0.2512126219284686,0.8658533639307504,0.1534966362847222
病例44,far,WLI,mmd_fusion_w1.0,0,0,0.5,0.05975161238739939,0.20947710676403178,0.8747613498279865,0.14628092447916666
病例44,far,WLI,mmd_fusion_w1.0,0,0,0.55,0.1328820425350461,0.1257928681839987,0.8702024659635984,0.12632921006944445
病例44,far,WLI,mmd_fusion_w1.0,0,0,0.6,0.16449016576941528,0.105644688449443,0.8608380471171925,0.11974419487847222
病例44,far,WLI,mmd_fusion_w1.0,0,0,0.65,0.18847609402483875,0.09514418207984648,0.8512482178277061,0.1153564453125
病例44,far,WLI,mmd_fusion_w1.0,0,0,0.7,0.2064921912478013,0.08512339427535846,0.8447723081264157,0.1117892795138889
病例44,far,WLI,mmd_fusion_w1.0,0,0,0.75,0.22717339161025532,0.07435637759181281,0.8367623719496847,0.1077880859375
病例44,far,WLI,mmd_fusion_w1.0,0,0,0.8,0.2498800703587229,0.06017802888971803,0.8287253776143783,0.10309516059027778
病例44,far,WLI,mmd_fusion_w1.0,0,0,0.85,0.2831938596023666,0.04237513991791483,0.8149315234492336,0.0965915256076389
病例44,far,WLI,mmd_fusion_w1.0,0,0,0.9,0.3307926016736848,0.01748307659506423,0.7935153583592671,0.0873684353298611
病例44,far,WLI,mmd_fusion_w1.0,0,0,0.95,0.46058312456692074,0.0,0.7008067587663142,0.0686306423611111
病例44,far,NBI,mmd_fusion_w1.0,0,0,0.05,0.0,6.861804222648752,0.22568767597993786,1.0
病例44,far,NBI,mmd_fusion_w1.0,0,0,0.1,0.0,6.861804222648752,0.22568767597993786,1.0
病例44,far,NBI,mmd_fusion_w1.0,0,0,0.15,0.0,4.070750693111537,0.32944854781594596,0.6449856228298612
病例44,far,NBI,mmd_fusion_w1.0,0,0,0.2,0.0,2.147526124973342,0.48221516627825556,0.4003567165798611
病例44,far,NBI,mmd_fusion_w1.0,0,0,0.25,5.331627212625293e-05,1.9128812113457028,0.5111120195117645,0.3705037434895833
病例44,far,NBI,mmd_fusion_w1.0,0,0,0.3,0.006504585199402858,1.3124333546598421,0.6010386091658855,0.2933078342013889
病例44,far,NBI,mmd_fusion_w1.0,0,0,0.35,0.013489016847941992,1.0830134357005758,0.642777739177651,0.2632378472222222
病例44,far,NBI,mmd_fusion_w1.0,0,0,0.4,0.022072936660268713,0.8370121561100448,0.694812205237618,0.23085530598958334
病例44,far,NBI,mmd_fusion_w1.0,0,0,0.45,0.028790786948176585,0.6976434207720196,0.7278102962608071,0.2122734917534722
病例44,far,NBI,mmd_fusion_w1.0,0,0,0.5,0.03550863723608445,0.6098848368522073,0.7493010251615423,0.20025634765625
病例44,far,NBI,mmd_fusion_w1.0,0,0,0.55,0.07293666026871401,0.3917146513115803,0.799613713180199,0.16774495442708334
病例44,far,NBI,mmd_fusion_w1.0,0,0,0.6,0.08909149072296865,0.34644913627639157,0.807057323033593,0.15993245442708334
病例44,far,NBI,mmd_fusion_w1.0,0,0,0.65,0.10146086585625932,0.31643207506931115,0.8113325630637124,0.154541015625
病例44,far,NBI,mmd_fusion_w1.0,0,0,0.7,0.11393687353380251,0.29004052036681593,0.8143574666156698,0.14959716796875
病例44,far,NBI,mmd_fusion_w1.0,0,0,0.75,0.12966517381104714,0.26066325442525057,0.8168330456083044,0.14385986328125
病例44,far,NBI,mmd_fusion_w1.0,0,0,0.8,0.15232458946470462,0.23320537428023033,0.8147275103107567,0.1374850802951389
病例44,far,NBI,mmd_fusion_w1.0,0,0,0.85,0.1845276178289614,0.19513755598208574,0.811169154886343,0.1285468207465278
病例44,far,NBI,mmd_fusion_w1.0,0,0,0.9,0.24541480059714224,0.1299317551716784,0.800826118936228,0.11250813802083333
病例44,far,NBI,mmd_fusion_w1.0,0,0,0.95,0.39597995308168055,0.01930049050970356,0.744178408379334,0.07928466796875
病例44,near,WLI,mmd_fusion_w1.0,0,0,0.05,0.0,1.1027893445895842,0.6445813034283278,1.0
病例44,near,WLI,mmd_fusion_w1.0,0,0,0.1,0.0,1.1027893445895842,0.6445813034283278,1.0
病例44,near,WLI,mmd_fusion_w1.0,0,0,0.15,0.005048200330842508,0.3368604186868975,0.853372147067655,0.6333550347222222
病例44,near,WLI,mmd_fusion_w1.0,0,0,0.2,0.01662768809537391,0.08149848839199134,0.9524782972016322,0.50640869140625
病例44,near,WLI,mmd_fusion_w1.0,0,0,0.25,0.045604928412526384,0.06288859734185158,0.9462180121582453,0.4837782118055556
病例44,near,WLI,mmd_fusion_w1.0,0,0,0.3,0.14073640978837487,0.04193999201414637,0.9039153915384759,0.4285753038194444
病例44,near,WLI,mmd_fusion_w1.0,0,0,0.35,0.18404540528207175,0.03336945981404369,0.8824354960589115,0.4039035373263889
病例44,near,WLI,mmd_fusion_w1.0,0,0,0.4,0.23171809936683588,0.027779362272545776,0.8555185911527424,0.3785739474826389
病例44,near,WLI,mmd_fusion_w1.0,0,0,0.45,0.27228908790143175,0.021847013861160232,0.8318797580809286,0.3564588758680556
病例44,near,WLI,mmd_fusion_w1.0,0,0,0.5,0.3023073412811591,0.015786321373566826,0.8143580012643444,0.3393012152777778
病例44,near,WLI,mmd_fusion_w1.0,0,0,0.55,0.4764702526952256,0.008385146312246877,0.6834971700917081,0.2529568142361111
病例44,near,WLI,mmd_fusion_w1.0,0,0,0.6,0.5240003422508699,0.005575837088585934,0.6425587618143083,0.22901746961805555
病例44,near,WLI,mmd_fusion_w1.0,0,0,0.65,0.5471593177799327,0.003836061833323826,0.6217449191363299,0.21717664930555555
病例44,near,WLI,mmd_fusion_w1.0,0,0,0.7,0.565270092978153,0.0032228623581084933,0.604651162790098,0.20827229817708334
病例44,near,WLI,mmd_fusion_w1.0,0,0,0.75,0.5870030232160174,0.002852090582396897,0.5833912474184586,0.1977606879340278
病例44,near,WLI,mmd_fusion_w1.0,0,0,0.8,0.6149535109235069,0.002495579259597285,0.5550051387455756,0.1842990451388889
病例44,near,WLI,mmd_fusion_w1.0,0,0,0.85,0.6574639210541326,0.0020107238605898124,0.5095190115071225,0.1638522677951389
病例44,near,WLI,mmd_fusion_w1.0,0,0,0.9,0.7534652900576122,0.00029946951115167417,0.3954570928592231,0.11738416883680555
病例44,near,WLI,mmd_fusion_w1.0,0,0,0.95,0.9709942387770235,0.0,0.056376285373685005,0.0137939453125
病例44,near,NBI,mmd_fusion_w1.0,0,0,0.05,0.0,0.4823721009721231,0.8056809852221466,1.0
病例44,near,NBI,mmd_fusion_w1.0,0,0,0.1,0.0,0.4823721009721231,0.8056809852221466,1.0
病例44,near,NBI,mmd_fusion_w1.0,0,0,0.15,0.005267761101002282,0.19955163712766277,0.9066577481303573,0.8056572808159722
病例44,near,NBI,mmd_fusion_w1.0,0,0,0.2,0.020387441818382878,0.08886833613141254,0.9471806685519167,0.7207912868923612
病例44,near,NBI,mmd_fusion_w1.0,0,0,0.25,0.02213666019925005,0.0739296090396389,0.9531793550152607,0.70953369140625
病例44,near,NBI,mmd_fusion_w1.0,0,0,0.3,0.027052567028238817,0.05350195530445447,0.9602484410419044,0.6924370659722222
病例44,near,NBI,mmd_fusion_w1.0,0,0,0.35,0.029696500557940344,0.04310717481125532,0.96384062312714,0.6836412217881944
病例44,near,NBI,mmd_fusion_w1.0,0,0,0.4,0.03140550702200597,0.03381822203009862,0.9674274296381435,0.6762220594618056
病例44,near,NBI,mmd_fusion_w1.0,0,0,0.45,0.03351663265408704,0.02578589164899018,0.9702336799926479,0.6693793402777778
病例44,near,NBI,mmd_fusion_w1.0,0,0,0.5,0.036060036391784706,0.019060448563931923,0.972203492940117,0.6631266276041666
病例44,near,NBI,mmd_fusion_w1.0,0,0,0.55,0.04537914811054256,0.005358237913805756,0.9741133023871084,0.6475965711805556
病例44,near,NBI,mmd_fusion_w1.0,0,0,0.6,0.05472841876690157,0.002754516300905773,0.9704917017582309,0.6395331488715278
病例44,near,NBI,mmd_fusion_w1.0,0,0,0.65,0.06503272244729726,0.0018698541312718025,0.9654578201310239,0.6319851345486112
病例44,near,NBI,mmd_fusion_w1.0,0,0,0.7,0.07841323776301107,0.0012867813376494124,0.9585516065952725,0.6225653754340278
病例44,near,NBI,mmd_fusion_w1.0,0,0,0.75,0.09875041468539202,0.0009851919616378313,0.9475692444279717,0.608642578125
病例44,near,NBI,mmd_fusion_w1.0,0,0,0.8,0.12824585565932464,0.000593125772822776,0.9311885228292753,0.5884806315104166
病例44,near,NBI,mmd_fusion_w1.0,0,0,0.85,0.17695253988519496,9.047681280347431e-05,0.9028910467425943,0.5552842881944444
病例44,near,NBI,mmd_fusion_w1.0,0,0,0.9,0.2709478954088044,0.0,0.8432968591922723,0.4918145073784722
病例44,near,NBI,mmd_fusion_w1.0,0,0,0.95,0.6224000482543002,0.0,0.5481997168581898,0.2547268337673611
病例5,far,WLI,mmd_fusion_w1.0,0,0,0.05,0.0,31.717106722875528,0.059317070602673466,1.0
病例5,far,WLI,mmd_fusion_w1.0,0,0,0.1,0.0,31.717106722875528,0.059317070602673466,1.0
病例5,far,WLI,mmd_fusion_w1.0,0,0,0.15,0.0,16.40004437541602,0.10869539003230631,0.5318332248263888
病例5,far,WLI,mmd_fusion_w1.0,0,0,0.2,0.0,8.690037719103616,0.18709007887051246,0.2961764865451389
病例5,far,WLI,mmd_fusion_w1.0,0,0,0.25,0.0,7.491901486576436,0.21070593735341114,0.2595553927951389
病例5,far,WLI,mmd_fusion_w1.0,0,0,0.3,0.0,4.177057909917905,0.3237787356310209,0.1582370334201389
病例5,far,WLI,mmd_fusion_w1.0,0,0,0.35,0.0,3.2862214333259376,0.3783420776479398,0.1310085720486111
病例5,far,WLI,mmd_fusion_w1.0,0,0,0.4,0.0,2.578211670734413,0.43685179800117835,0.10936821831597222
病例5,far,WLI,mmd_fusion_w1.0,0,0,0.45,0.0,2.159529620590193,0.4808235984398526,0.09657118055555555
病例5,far,WLI,mmd_fusion_w1.0,0,0,0.5,0.0,1.838029731528733,0.5211007052808353,0.08674452039930555
病例5,far,WLI,mmd_fusion_w1.0,0,0,0.55,0.0,1.0632349678278235,0.6529045342557372,0.06306287977430555
病例5,far,WLI,mmd_fusion_w1.0,0,0,0.6,0.0,0.8966052806745063,0.6904634239701994,0.05796983506944445
病例5,far,WLI,mmd_fusion_w1.0,0,0,0.65,0.0,0.8027512757932106,0.7135845471761115,0.05510118272569445
病例5,far,WLI,mmd_fusion_w1.0,0,0,0.7,0.0,0.7381850454848015,0.7304108256970228,0.05312771267361111
病例5,far,WLI,mmd_fusion_w1.0,0,0,0.75,0.0,0.6649656090525848,0.7504787278265717,0.05088975694444445
病例5,far,WLI,mmd_fusion_w1.0,0,0,0.8,0.0006656312402928778,0.5762147770135345,0.7760165403103375,0.04815673828125
病例5,far,WLI,mmd_fusion_w1.0,0,0,0.85,0.002662524961171511,0.45285112047925447,0.8140903739852025,0.04432508680555555
病例5,far,WLI,mmd_fusion_w1.0,0,0,0.9,0.024184601730641225,0.27335256268027514,0.8677123409207091,0.03818088107638889
病例5,far,WLI,mmd_fusion_w1.0,0,0,0.95,0.16374528511204792,0.048591080541380074,0.8873454973409376,0.027045355902777776
病例5,far,NBI,mmd_fusion_w1.0,0,0,0.05,0.0,30.62256058331546,0.06130726602195564,1.0
病例5,far,NBI,mmd_fusion_w1.0,0,0,0.1,0.0,30.62256058331546,0.06130726602195564,1.0
病例5,far,NBI,mmd_fusion_w1.0,0,0,0.15,0.0,12.44906712416899,0.1384172405602315,0.4252997504340278
病例5,far,NBI,mmd_fusion_w1.0,0,0,0.2,0.0030023589963542783,3.6450782757881193,0.3534151811153848,0.1467963324652778
病例5,far,NBI,mmd_fusion_w1.0,0,0,0.25,0.005790263778683251,2.659017799699764,0.42732049036580644,0.11552598741319445
病例5,far,NBI,mmd_fusion_w1.0,0,0,0.3,0.012438344413467724,1.303881621273858,0.6000781860789675,0.07246229383680555
病例5,far,NBI,mmd_fusion_w1.0,0,0,0.35,0.024876688826935448,0.857602401887197,0.6884699825824174,0.05795627170138889
病例5,far,NBI,mmd_fusion_w1.0,0,0,0.4,0.034312674244048894,0.5451426120523268,0.7692176289650733,0.04777696397569445
病例5,far,NBI,mmd_fusion_w1.0,0,0,0.45,0.04503538494531418,0.3465580098648938,0.8298546403202585,0.041158040364583336
病例5,far,NBI,mmd_fusion_w1.0,0,0,0.5,0.05833154621488312,0.24404889556079776,0.861656200933461,0.037495930989583336
病例5,far,NBI,mmd_fusion_w1.0,0,0,0.55,0.10100793480591894,0.07248552434055329,0.9119982595353856,0.030721028645833332
病例5,far,NBI,mmd_fusion_w1.0,0,0,0.6,0.13424833797984131,0.04310529701908643,0.9070890911031672,0.028740776909722224
病例5,far,NBI,mmd_fusion_w1.0,0,0,0.65,0.16319965687325755,0.016941882907999143,0.9028227672269455,0.026997884114583332
病例5,far,NBI,mmd_fusion_w1.0,0,0,0.7,0.19729787690328116,0.003645721638430195,0.8887569749389913,0.025499131944444444
病例5,far,NBI,mmd_fusion_w1.0,0,0,0.75,0.2451211666309243,0.0,0.860320175964068,0.023871527777777776
病例5,far,NBI,mmd_fusion_w1.0,0,0,0.8,0.30538280077203517,0.0,0.819792457595295,0.021965874565972224
病例5,far,NBI,mmd_fusion_w1.0,0,0,0.85,0.3941668453785117,0.0,0.7545405982805217,0.019158257378472224
病例5,far,NBI,mmd_fusion_w1.0,0,0,0.9,0.5582243191078705,0.0,0.6128216569892485,0.013970269097222222
病例5,far,NBI,mmd_fusion_w1.0,0,0,0.95,0.9633283294016728,0.0,0.07074886222443631,0.00115966796875
病例5,near,WLI,mmd_fusion_w1.0,0,0,0.05,0.0,8.981452650104922,0.18212526736885382,1.0
病例5,near,WLI,mmd_fusion_w1.0,0,0,0.1,0.0,8.981452650104922,0.18212526736885382,1.0
病例5,near,WLI,mmd_fusion_w1.0,0,0,0.15,0.0,4.933527381032966,0.2884534653269206,0.5944552951388888
病例5,near,WLI,mmd_fusion_w1.0,0,0,0.2,0.0,2.3534827049346783,0.4594023074284613,0.3359714084201389
病例5,near,WLI,mmd_fusion_w1.0,0,0,0.25,0.0,1.8695593312123469,0.5168547187955622,0.2874891493055556
病例5,near,WLI,mmd_fusion_w1.0,0,0,0.3,0.0,1.1362620997766195,0.6377018043670947,0.2140231662326389
病例5,near,WLI,mmd_fusion_w1.0,0,0,0.35,0.0,0.9082109253367631,0.6877080278363064,0.19117567274305555
病例5,near,WLI,mmd_fusion_w1.0,0,0,0.4,0.0,0.7184051986732553,0.7357254911707569,0.17215983072916666
病例5,near,WLI,mmd_fusion_w1.0,0,0,0.45,0.0,0.6026534894740405,0.768446513561423,0.16056315104166666
病例5,near,WLI,mmd_fusion_w1.0,0,0,0.5,0.0,0.5336763013605903,0.7893668180582705,0.1536526150173611
病例5,near,WLI,mmd_fusion_w1.0,0,0,0.55,0.00013538211602247342,0.378325323224802,0.8408618677572628,0.13807508680555555
病例5,near,WLI,mmd_fusion_w1.0,0,0,0.6,0.001421512218235971,0.3117173221417451,0.8644594198626884,0.13127305772569445
病例5,near,WLI,mmd_fusion_w1.0,0,0,0.65,0.003316861842550599,0.2784133216002166,0.8761678071976311,0.12774658203125
病例5,near,WLI,mmd_fusion_w1.0,0,0,0.7,0.007175252149191092,0.24883232924930618,0.8857953859134986,0.12439643012152778
病例5,near,WLI,mmd_fusion_w1.0,0,0,0.75,0.014485886414404656,0.21891288160833955,0.8941227046585576,0.12066650390625
病例5,near,WLI,mmd_fusion_w1.0,0,0,0.8,0.0313409598592026,0.19163338522981113,0.8967851099802695,0.1162448459201389
病例5,near,WLI,mmd_fusion_w1.0,0,0,0.85,0.06335883029851756,0.16090164489270967,0.8930841965956915,0.1099582248263889
病例5,near,WLI,mmd_fusion_w1.0,0,0,0.9,0.1215054491301699,0.1080349285859338,0.8844515623372595,0.09883626302083333
病例5,near,WLI,mmd_fusion_w1.0,0,0,0.95,0.2638597441278007,0.027144114262505924,0.8349648738883068,0.07647026909722222
病例5,near,NBI,mmd_fusion_w1.0,0,0,0.05,0.0,7.012606640221703,0.2219113825597514,1.0
病例5,near,NBI,mmd_fusion_w1.0,0,0,0.1,0.0,7.012606640221703,0.2219113825597514,1.0
病例5,near,NBI,mmd_fusion_w1.0,0,0,0.15,0.0,4.648155192088247,0.30083533585053795,0.7049085828993056
病例5,near,NBI,mmd_fusion_w1.0,0,0,0.2,0.0,3.1048742052926155,0.3917824258870703,0.5123019748263888
病例5,near,NBI,mmd_fusion_w1.0,0,0,0.25,0.0,2.586154431342716,0.43609521439775817,0.4475640190972222
病例5,near,NBI,mmd_fusion_w1.0,0,0,0.3,0.0,1.8612182796283214,0.5179712347652369,0.3570895724826389
病例5,near,NBI,mmd_fusion_w1.0,0,0,0.35,0.0003260337988371461,1.6549475628973538,0.5470738670147688,0.3313056098090278
病例5,near,NBI,mmd_fusion_w1.0,0,0,0.4,0.0016301689941857307,1.5049176764657937,0.5699616882000125,0.3124186197916667
病例5,near,NBI,mmd_fusion_w1.0,0,0,0.45,0.0032603379883714614,1.3774928000869424,0.5907948982211563,0.2963121202256944
病例5,near,NBI,mmd_fusion_w1.0,0,0,0.5,0.00516220181492148,1.2675107319458785,0.6098905674823694,0.2823486328125
病例5,near,NBI,mmd_fusion_w1.0,0,0,0.55,0.009020268434494376,0.817095038852361,0.7058072256502781,0.2256537543402778
病例5,near,NBI,mmd_fusion_w1.0,0,0,0.6,0.012769657121121556,0.7214041188936586,0.728950588800271,0.21324327256944445
病例5,near,NBI,mmd_fusion_w1.0,0,0,0.65,0.017116774438950173,0.6579362060533609,0.7443774563247302,0.2047797309027778
病例5,near,NBI,mmd_fusion_w1.0,0,0,0.7,0.021246535890887354,0.6010433081562788,0.7587833852878111,0.19716389973958334
病例5,near,NBI,mmd_fusion_w1.0,0,0,0.75,0.02657175460522741,0.5310003803727653,0.7773655319039741,0.18775770399305555
病例5,near,NBI,mmd_fusion_w1.0,0,0,0.8,0.034450904743791776,0.4284627506384829,0.8066368567973157,0.1739773220486111
病例5,near,NBI,mmd_fusion_w1.0,0,0,0.85,0.04999184915502907,0.27783513557572137,0.8528500695118104,0.15323893229166666
病例5,near,NBI,mmd_fusion_w1.0,0,0,0.9,0.09080041297614519,0.13285877302613705,0.8904736561977369,0.13005235460069445
病例5,near,NBI,mmd_fusion_w1.0,0,0,0.95,0.21616040862902788,0.030212465358908872,0.8641864366137545,0.1015964084201389
病例56,far,WLI,mmd_fusion_w1.0,0,0,0.05,0.0,9.046055320888405,0.18106011077245918,1.0
病例56,far,WLI,mmd_fusion_w1.0,0,0,0.1,0.0,9.046055320888405,0.18106011077245918,1.0
病例56,far,WLI,mmd_fusion_w1.0,0,0,0.15,0.0,3.896784303038561,0.33916790867983876,0.4874335394965278
病例56,far,WLI,mmd_fusion_w1.0,0,0,0.2,0.0031339419539446792,1.1981196348276333,0.6240191061058,0.21849229600694445
病例56,far,WLI,mmd_fusion_w1.0,0,0,0.25,0.0062678839078893584,0.9630739882817823,0.6721658986159628,0.19478352864583334
病例56,far,WLI,mmd_fusion_w1.0,0,0,0.3,0.028477994277149477,0.5705136939637553,0.764365351627454,0.1534966362847222
病例56,far,WLI,mmd_fusion_w1.0,0,0,0.35,0.038220466003542716,0.4497887995639733,0.7976382179258196,0.1405097113715278
病例56,far,WLI,mmd_fusion_w1.0,0,0,0.4,0.04843984194031885,0.35311350320207113,0.8257656379306321,0.12986924913194445
病例56,far,WLI,mmd_fusion_w1.0,0,0,0.45,0.05716037607303447,0.2845074260798474,0.846603248399209,0.12217203776041667
病例56,far,WLI,mmd_fusion_w1.0,0,0,0.5,0.06758413952854612,0.22128355361765908,0.8658737188382074,0.1148410373263889
病例56,far,WLI,mmd_fusion_w1.0,0,0,0.55,0.13121678702820547,0.0827088159149748,0.8903784387624271,0.09471299913194445
病例56,far,WLI,mmd_fusion_w1.0,0,0,0.6,0.17154925739201526,0.054707725848208204,0.8798523931808551,0.08791097005208333
病例56,far,WLI,mmd_fusion_w1.0,0,0,0.65,0.1936231094154517,0.044420220738520234,0.8713833468273894,0.0846896701388889
病例56,far,WLI,mmd_fusion_w1.0,0,0,0.7,0.2143343779806513,0.038016078484807196,0.861625821873649,0.08199055989583333
病例56,far,WLI,mmd_fusion_w1.0,0,0,0.75,0.23613571331244038,0.031884452922741516,0.850747401165298,0.07921006944444445
病例56,far,WLI,mmd_fusion_w1.0,0,0,0.8,0.2656356451832675,0.02330017713584957,0.8356137834767409,0.07541910807291667
病例56,far,WLI,mmd_fusion_w1.0,0,0,0.85,0.3109415451696416,0.012876413680337921,0.809735398899925,0.06987169053819445
病例56,far,WLI,mmd_fusion_w1.0,0,0,0.9,0.39651178634691375,0.0016351001498841804,0.7519524617964688,0.060234917534722224
病例56,far,WLI,mmd_fusion_w1.0,0,0,0.95,0.6131625562065677,0.0010900667665894536,0.5574317690920998,0.038614908854166664
病例56,far,NBI,mmd_fusion_w1.0,0,0,0.05,0.0,4.262151166940261,0.31937906746126615,1.0
病例56,far,NBI,mmd_fusion_w1.0,0,0,0.1,0.0,4.262151166940261,0.31937906746126615,1.0
病例56,far,NBI,mmd_fusion_w1.0,0,0,0.15,0.00774391549496824,2.342338162872029,0.4578311269178869,0.6336941189236112
病例56,far,NBI,mmd_fusion_w1.0,0,0,0.2,0.10627364213831988,0.8777032331739347,0.6449569281870631,0.3366360134548611
病例56,far,NBI,mmd_fusion_w1.0,0,0,0.25,0.13046891727928056,0.7313539361929913,0.6686424631587105,0.3042263454861111
病例56,far,NBI,mmd_fusion_w1.0,0,0,0.3,0.22046963100421096,0.3433730640211263,0.7344002151682114,0.21339246961805555
病例56,far,NBI,mmd_fusion_w1.0,0,0,0.35,0.2488045107415602,0.2759260580972093,0.7411449897881467,0.1951904296875
病例56,far,NBI,mmd_fusion_w1.0,0,0,0.4,0.2728213546499179,0.2381700092784241,0.7399996368442976,0.18345133463541666
病例56,far,NBI,mmd_fusion_w1.0,0,0,0.45,0.2911640853615017,0.2053386624794804,0.7406178340372851,0.17372639973958334
病例56,far,NBI,mmd_fusion_w1.0,0,0,0.5,0.3084362286774677,0.17250731568053673,0.7419929166253623,0.16420491536458334
病例56,far,NBI,mmd_fusion_w1.0,0,0,0.55,0.3830561701520234,0.10912854185996716,0.7148527952350421,0.13798014322916666
病例56,far,NBI,mmd_fusion_w1.0,0,0,0.6,0.4120334023267433,0.08711012775676254,0.7020175120886639,0.1282891167534722
病例56,far,NBI,mmd_fusion_w1.0,0,0,0.65,0.4292341731496681,0.07561915637713225,0.6933564538838336,0.1228366427951389
病例56,far,NBI,mmd_fusion_w1.0,0,0,0.7,0.444686317893084,0.0687317107986582,0.6838647300518933,0.11859130859375
病例56,far,NBI,mmd_fusion_w1.0,0,0,0.75,0.46070944258082935,0.061201912782813506,0.6739057727024595,0.11411539713541667
病例56,far,NBI,mmd_fusion_w1.0,0,0,0.8,0.48254942545143104,0.0517450574548569,0.6595105976515521,0.10816786024305555
病例56,far,NBI,mmd_fusion_w1.0,0,0,0.85,0.5201984155306545,0.03850545999571765,0.6320218116846894,0.09849717881944445
病例56,far,NBI,mmd_fusion_w1.0,0,0,0.9,0.588466205124545,0.016772535864677755,0.5762542474500894,0.0813937717013889
病例56,far,NBI,mmd_fusion_w1.0,0,0,0.95,0.7480550995646278,0.0004996074512882735,0.40232505128674967,0.0479736328125
病例56,near,WLI,mmd_fusion_w1.0,0,0,0.05,0.0,3.1733223898338663,0.38659875594243276,1.0
病例56,near,WLI,mmd_fusion_w1.0,0,0,0.1,0.0,3.1733223898338663,0.38659875594243276,1.0
病例56,near,WLI,mmd_fusion_w1.0,0,0,0.15,2.8302153793903717e-05,1.4039849432541815,0.5875349208455937,0.5760294596354166
病例56,near,WLI,mmd_fusion_w1.0,0,0,0.2,0.016188831970112925,0.8848668383663997,0.6858986375154787,0.4477674696180556
病例56,near,WLI,mmd_fusion_w1.0,0,0,0.25,0.0357739223954943,0.7484504570797837,0.7109038363217306,0.4103868272569444
病例56,near,WLI,mmd_fusion_w1.0,0,0,0.3,0.0814535986188549,0.47635355050519346,0.7670854063499131,0.3342420789930556
病例56,near,WLI,mmd_fusion_w1.0,0,0,0.35,0.10565194011264258,0.3808620836045623,0.78616743375944,0.3055623372395833
病例56,near,WLI,mmd_fusion_w1.0,0,0,0.4,0.12928423853055218,0.2931537089972547,0.8047766035356221,0.2788831922743056
病例56,near,WLI,mmd_fusion_w1.0,0,0,0.45,0.1447089123482297,0.24314380324342683,0.8151704790666606,0.2632039388020833
病例56,near,WLI,mmd_fusion_w1.0,0,0,0.5,0.1561712846347607,0.20318116208643477,0.8244500670554227,0.2508816189236111
病例56,near,WLI,mmd_fusion_w1.0,0,0,0.55,0.24642685308351966,0.07836866385531939,0.8227042392769394,0.1993476019965278
病例56,near,WLI,mmd_fusion_w1.0,0,0,0.6,0.3112670874253531,0.03727393654657119,0.7980650979736033,0.17396375868055555
病例56,near,WLI,mmd_fusion_w1.0,0,0,0.65,0.3366258172246908,0.02340588118755837,0.7865568214218585,0.16456434461805555
病例56,near,WLI,mmd_fusion_w1.0,0,0,0.7,0.35454108057623185,0.01463221351144822,0.7776186579364811,0.1581692165798611
病例56,near,WLI,mmd_fusion_w1.0,0,0,0.75,0.3740978688478193,0.00950952367475165,0.7654367991126169,0.1522555881076389
病例56,near,WLI,mmd_fusion_w1.0,0,0,0.8,0.39492825404013243,0.006566099680185662,0.7508780556322863,0.14655897352430555
病例56,near,WLI,mmd_fusion_w1.0,0,0,0.85,0.42388135737129595,0.003367956301474542,0.7295011467876836,0.13885498046875
病例56,near,WLI,mmd_fusion_w1.0,0,0,0.9,0.47915546373078993,0.0008207624600232077,0.6845717474180516,0.125
病例56,near,WLI,mmd_fusion_w1.0,0,0,0.95,0.6183454560892084,2.8302153793903717e-05,0.5524488416383939,0.0914577907986111
病例56,near,NBI,mmd_fusion_w1.0,0,0,0.05,0.0,0.5995140365340391,0.7693745722818975,1.0
病例56,near,NBI,mmd_fusion_w1.0,0,0,0.1,0.0,0.5995140365340391,0.7693745722818975,1.0
病例56,near,NBI,mmd_fusion_w1.0,0,0,0.15,0.08292836377836595,0.22662385559942727,0.8555987916381921,0.71502685546875
病例56,near,NBI,mmd_fusion_w1.0,0,0,0.2,0.10878856250271185,0.1509632490128867,0.8728062720430497,0.6515570746527778
病例56,near,NBI,mmd_fusion_w1.0,0,0,0.25,0.11396277172733979,0.14327244326810432,0.8732400389137829,0.6435139973958334
病例56,near,NBI,mmd_fusion_w1.0,0,0,0.3,0.13009285373367466,0.1392263635180284,0.8659525532071041,0.6309000651041666
病例56,near,NBI,mmd_fusion_w1.0,0,0,0.35,0.13781620167483838,0.1361457022605979,0.8629045390882398,0.6241455078125
病例56,near,NBI,mmd_fusion_w1.0,0,0,0.4,0.1435978652319174,0.1288779450687725,0.8627519547146129,0.6159871419270834
病例56,near,NBI,mmd_fusion_w1.0,0,0,0.45,0.14932529179502754,0.11544886536208618,0.8653318841614399,0.6040106879340278
病例56,near,NBI,mmd_fusion_w1.0,0,0,0.5,0.15613745823751465,0.10277910357096369,0.8669932072859421,0.5918307834201388
病例56,near,NBI,mmd_fusion_w1.0,0,0,0.55,0.19142404651364603,0.09389508395886666,0.8500270832734556,0.5642157660590278
病例56,near,NBI,mmd_fusion_w1.0,0,0,0.6,0.20827005684036967,0.0846422527877815,0.8438943455559091,0.5478990342881944
病例56,near,NBI,mmd_fusion_w1.0,0,0,0.65,0.2193127088124268,0.07890397882587756,0.8396332073353635,0.5374077690972222
病例56,near,NBI,mmd_fusion_w1.0,0,0,0.7,0.23300212609016357,0.07274265631101662,0.833810922040522,0.5249972873263888
病例56,near,NBI,mmd_fusion_w1.0,0,0,0.75,0.25925283117108516,0.061895257517247365,0.8218459279580088,0.5018039279513888
病例56,near,NBI,mmd_fusion_w1.0,0,0,0.8,0.2941706078882284,0.050559725777758496,0.8037278128430417,0.4728868272569444
病例56,near,NBI,mmd_fusion_w1.0,0,0,0.85,0.34716015099579123,0.033214735106521454,0.7743994235490469,0.4289143880208333
病例56,near,NBI,mmd_fusion_w1.0,0,0,0.9,0.4576626025079186,0.016943636915867574,0.695624952172431,0.3496568467881944
病例56,near,NBI,mmd_fusion_w1.0,0,0,0.95,0.6379572178591574,0.007593179155638478,0.528670088069023,0.23109266493055555
病例61,far,WLI,mmd_fusion_w1.0,0,0,0.05,0.0,40.17732476961743,0.0474188443890918,1.0
病例61,far,WLI,mmd_fusion_w1.0,0,0,0.1,0.0,40.17732476961743,0.0474188443890918,1.0
病例61,far,WLI,mmd_fusion_w1.0,0,0,0.15,0.0,20.878246299916224,0.08741928790253833,0.5313178168402778
病例61,far,WLI,mmd_fusion_w1.0,0,0,0.2,0.0,6.60513822954482,0.23241927632571013,0.1846923828125
病例61,far,WLI,mmd_fusion_w1.0,0,0,0.25,0.0,5.447361072326166,0.26855150174259046,0.15657552083333334
病例61,far,WLI,mmd_fusion_w1.0,0,0,0.3,0.024574141301312483,2.7592851158894165,0.41203184900966067,0.0906982421875
病例61,far,WLI,mmd_fusion_w1.0,0,0,0.35,0.06087685004188774,2.0541748115051663,0.47034965034636117,0.07269287109375
病例61,far,WLI,mmd_fusion_w1.0,0,0,0.4,0.10360234571348785,1.6266406031834684,0.5088776157220285,0.061272515190972224
病例61,far,WLI,mmd_fusion_w1.0,0,0,0.45,0.15833566043004746,1.3800614353532532,0.5224928490896897,0.053955078125
病例61,far,WLI,mmd_fusion_w1.0,0,0,0.5,0.24071488411058364,1.2083216978497626,0.5117154417943754,0.047783745659722224
病例61,far,WLI,mmd_fusion_w1.0,0,0,0.55,0.38089919017034346,0.5853113655403519,0.561692424619183,0.029249403211805556
病例61,far,WLI,mmd_fusion_w1.0,0,0,0.6,0.41133761519128736,0.4144093828539514,0.5877596542508329,0.024359809027777776
病例61,far,WLI,mmd_fusion_w1.0,0,0,0.65,0.43423624685841944,0.31834683049427537,0.6005632132710751,0.021470811631944444
病例61,far,WLI,mmd_fusion_w1.0,0,0,0.7,0.4613236526110025,0.23568835520804243,0.6071765816712752,0.018805609809027776
病例61,far,WLI,mmd_fusion_w1.0,0,0,0.75,0.4970678581401843,0.1499581122591455,0.6085487413311615,0.015855577256944444
病例61,far,WLI,mmd_fusion_w1.0,0,0,0.8,0.5504049148282603,0.05501256632225635,0.5976243503972231,0.012254503038194444
病例61,far,WLI,mmd_fusion_w1.0,0,0,0.85,0.671879363306339,0.0,0.4941126997372979,0.007968478732638888
病例61,far,WLI,mmd_fusion_w1.0,0,0,0.9,0.9754258586986875,0.0,0.04796947396980187,0.0005967881944444445
病例61,far,WLI,mmd_fusion_w1.0,0,0,0.95,1.0,0.0,0.0,0.0
病例61,far,NBI,mmd_fusion_w1.0,0,0,0.05,0.0,9.057018142136135,0.18088059314808913,1.0
病例61,far,NBI,mmd_fusion_w1.0,0,0,0.1,0.0,9.057018142136135,0.18088059314808913,1.0
病例61,far,NBI,mmd_fusion_w1.0,0,0,0.15,0.0,5.592142954576456,0.2634302346470737,0.6554768880208334
病例61,far,NBI,mmd_fusion_w1.0,0,0,0.2,0.0,1.2365298049379347,0.6179458001419944,0.2223849826388889
病例61,far,NBI,mmd_fusion_w1.0,0,0,0.25,0.0,1.0453553403355613,0.6567378110217985,0.2033759223090278
病例61,far,NBI,mmd_fusion_w1.0,0,0,0.3,0.0,0.6316327922520802,0.7599844499138008,0.1622382269965278
病例61,far,NBI,mmd_fusion_w1.0,0,0,0.35,0.0,0.5200518346746692,0.7936344691309816,0.15114339192708334
病例61,far,NBI,mmd_fusion_w1.0,0,0,0.4,0.0,0.42511253580684766,0.8247039963978269,0.14170328776041666
病例61,far,NBI,mmd_fusion_w1.0,0,0,0.45,0.0004774246351111717,0.34865639066975856,0.8513172035178155,0.13405354817708334
病例61,far,NBI,mmd_fusion_w1.0,0,0,0.5,0.0007502387123175556,0.2936161505933706,0.8716163959757522,0.12855360243055555
病例61,far,NBI,mmd_fusion_w1.0,0,0,0.55,0.003751193561587778,0.19233392443050062,0.9104054348813911,0.11818440755208333
病例61,far,NBI,mmd_fusion_w1.0,0,0,0.6,0.0064793343336516165,0.15973264220433775,0.9228089069053156,0.11467149522569445
病例61,far,NBI,mmd_fusion_w1.0,0,0,0.65,0.010025917337334607,0.13722548083481106,0.9307768764598712,0.11208089192708333
病例61,far,NBI,mmd_fusion_w1.0,0,0,0.7,0.01623243759377984,0.12003819397080889,0.9352266096059936,0.10975477430555555
病例61,far,NBI,mmd_fusion_w1.0,0,0,0.75,0.02598554085390806,0.1030555176647115,0.9378735141494127,0.10709635416666667
病例61,far,NBI,mmd_fusion_w1.0,0,0,0.8,0.04092211158095758,0.08518619560769336,0.9383111466955649,0.10383436414930555
病例61,far,NBI,mmd_fusion_w1.0,0,0,0.85,0.06772609466648478,0.06813531578229437,0.9320831912685574,0.09947374131944445
病例61,far,NBI,mmd_fusion_w1.0,0,0,0.9,0.12051561860592007,0.045355340335561316,0.9138260931156055,0.09195963541666667
病例61,far,NBI,mmd_fusion_w1.0,0,0,0.95,0.23516573455190287,0.0084572363933979,0.8626153846120669,0.07689073350694445
病例61,near,WLI,mmd_fusion_w1.0,0,0,0.05,0.0,5.139139847620633,0.28014579384733623,1.0
病例61,near,WLI,mmd_fusion_w1.0,0,0,0.1,0.0,5.139139847620633,0.28014579384733623,1.0
病例61,near,WLI,mmd_fusion_w1.0,0,0,0.15,0.0,3.286023564677963,0.3783562399083382,0.6981472439236112
病例61,near,WLI,mmd_fusion_w1.0,0,0,0.2,0.0,1.767434114659228,0.5308652889816213,0.4507853190104167
病例61,near,WLI,mmd_fusion_w1.0,0,0,0.25,0.0,1.513884841167409,0.5691706161130697,0.40948486328125
病例61,near,WLI,mmd_fusion_w1.0,0,0,0.3,0.0,0.7848370040384696,0.7181748867516061,0.2907307942708333
病例61,near,WLI,mmd_fusion_w1.0,0,0,0.35,0.0,0.5887838794287855,0.7725635252480338,0.2587958441840278
病例61,near,WLI,mmd_fusion_w1.0,0,0,0.4,0.0,0.4575128023647945,0.8138309587124302,0.23741319444444445
病例61,near,WLI,mmd_fusion_w1.0,0,0,0.45,0.0,0.38586119322203255,0.8382717341973994,0.2257419162326389
病例61,near,WLI,mmd_fusion_w1.0,0,0,0.5,0.00020816853324451476,0.33252841500478786,0.857336665475085,0.21702067057291666
病例61,near,WLI,mmd_fusion_w1.0,0,0,0.55,0.0033306965319122362,0.1920562887713893,0.9107302505166143,0.1936306423611111
病例61,near,WLI,mmd_fusion_w1.0,0,0,0.6,0.007119363836962405,0.14709188559057412,0.9279377431888561,0.18568929036458334
病例61,near,WLI,mmd_fusion_w1.0,0,0,0.65,0.010741496315416961,0.12044631333527624,0.9378169834015396,0.1807590060763889
病例61,near,WLI,mmd_fusion_w1.0,0,0,0.7,0.01440526250052042,0.10241891835630126,0.9440500877314084,0.17722574869791666
病例61,near,WLI,mmd_fusion_w1.0,0,0,0.75,0.019942545484824513,0.08410008743078397,0.9495955949072196,0.17333984375
病例61,near,WLI,mmd_fusion_w1.0,0,0,0.8,0.027603147508222656,0.06311669927973687,0.9554314700027501,0.1686740451388889
病例61,near,WLI,mmd_fusion_w1.0,0,0,0.85,0.0437153919813481,0.038760980890128645,0.9586594044096106,0.1620822482638889
病例61,near,WLI,mmd_fusion_w1.0,0,0,0.9,0.08584870311003788,0.018818435405304135,0.945851641248932,0.1519707573784722
病例61,near,WLI,mmd_fusion_w1.0,0,0,0.95,0.2258212248636496,0.008285107623131687,0.8686613878941708,0.12745496961805555
病例61,near,NBI,mmd_fusion_w1.0,0,0,0.05,0.0,0.8915770839212869,0.691664078789454,1.0
病例61,near,NBI,mmd_fusion_w1.0,0,0,0.1,0.0,0.8915770839212869,0.691664078789454,1.0
病例61,near,NBI,mmd_fusion_w1.0,0,0,0.15,0.0,0.5012571516535392,0.7995979136638581,0.7936537000868056
病例61,near,NBI,mmd_fusion_w1.0,0,0,0.2,0.0,0.3794417220412038,0.8405332988291144,0.7292548285590278
病例61,near,NBI,mmd_fusion_w1.0,0,0,0.25,0.0,0.3508479359622341,0.8507568564532786,0.7141384548611112
病例61,near,NBI,mmd_fusion_w1.0,0,0,0.3,0.0,0.31954742540472586,0.8622371666532855,0.6975911458333334
病例61,near,NBI,mmd_fusion_w1.0,0,0,0.35,2.565615619467891e-05,0.30476947943659083,0.8677531391926776,0.6897650824652778
病例61,near,NBI,mmd_fusion_w1.0,0,0,0.4,0.00030787387433614695,0.2921594786669061,0.8723881808356296,0.6829494900173612
病例61,near,NBI,mmd_fusion_w1.0,0,0,0.45,0.0012443235754419273,0.28010108525540706,0.8765409860053834,0.6760796440972222
病例61,near,NBI,mmd_fusion_w1.0,0,0,0.5,0.0023218821356184418,0.26579777817687356,0.8815451665367608,0.6679484049479166
病例61,near,NBI,mmd_fusion_w1.0,0,0,0.55,0.0046437642712368835,0.22373451009569748,0.8970847520328712,0.6444837782118056
病例61,near,NBI,mmd_fusion_w1.0,0,0,0.6,0.007607050311722298,0.20695538394437746,0.9024427231575157,0.6340467664930556
病例61,near,NBI,mmd_fusion_w1.0,0,0,0.65,0.010788413679862482,0.19420427431562204,0.9061137680217465,0.6256239149305556
病例61,near,NBI,mmd_fusion_w1.0,0,0,0.7,0.014675321343356338,0.18326192369859148,0.908725229221586,0.6177842881944444
病例61,near,NBI,mmd_fusion_w1.0,0,0,0.75,0.02096107961105267,0.17024142442979193,0.9110388253896499,0.6075778537326388
病例61,near,NBI,mmd_fusion_w1.0,0,0,0.8,0.03181363368140185,0.15664366164661211,0.9113071196995205,0.5946519639756944
病例61,near,NBI,mmd_fusion_w1.0,0,0,0.85,0.05659748056546168,0.1354131923955153,0.9076345864284874,0.5703260633680556
病例61,near,NBI,mmd_fusion_w1.0,0,0,0.9,0.10442055571234318,0.0948379813736306,0.8998910808767023,0.5235934787326388
病例61,near,NBI,mmd_fusion_w1.0,0,0,0.95,0.2701464966518716,0.0025912717756625702,0.8425705844452521,0.3872138129340278
病例67,far,WLI,mmd_fusion_w1.0,0,0,0.05,0.0,16.774349083895853,0.106528327084014,1.0
病例67,far,WLI,mmd_fusion_w1.0,0,0,0.1,0.0,16.774349083895853,0.106528327084014,1.0
病例67,far,WLI,mmd_fusion_w1.0,0,0,0.15,0.0,11.52446962391514,0.14788010588316483,0.7046373155381944
病例67,far,WLI,mmd_fusion_w1.0,0,0,0.2,0.0,8.791465766634524,0.18533163550232856,0.5508761935763888
病例67,far,WLI,mmd_fusion_w1.0,0,0,0.25,0.0006027000964320154,7.006629701060752,0.2219396632488932,0.4504258897569444
病例67,far,WLI,mmd_fusion_w1.0,0,0,0.3,0.04520250723240116,3.961909353905497,0.3227462564931797,0.2766181098090278
病例67,far,WLI,mmd_fusion_w1.0,0,0,0.35,0.12355351976856316,2.7313162970106077,0.38042170250515245,0.2029758029513889
病例67,far,WLI,mmd_fusion_w1.0,0,0,0.4,0.1765911282545805,2.0668997107039537,0.4233128834342712,0.16261121961805555
病例67,far,WLI,mmd_fusion_w1.0,0,0,0.45,0.21323529411764705,1.725168756027001,0.44805217092689875,0.1413235134548611
病例67,far,WLI,mmd_fusion_w1.0,0,0,0.5,0.24975891996142718,1.482642237222758,0.4641312453375685,0.12562391493055555
病例67,far,WLI,mmd_fusion_w1.0,0,0,0.55,0.43514946962391515,0.3007473481195757,0.6055437100174094,0.048699273003472224
病例67,far,WLI,mmd_fusion_w1.0,0,0,0.6,0.498794599807136,0.1453712632594021,0.6087847730555725,0.036376953125
病例67,far,WLI,mmd_fusion_w1.0,0,0,0.65,0.5485776277724205,0.09112825458052073,0.5852934281426483,0.030524359809027776
病例67,far,WLI,mmd_fusion_w1.0,0,0,0.7,0.6066779170684667,0.055689488910318226,0.542883287575552,0.025261773003472224
病例67,far,WLI,mmd_fusion_w1.0,0,0,0.75,0.6706846673095468,0.03290742526518804,0.4834970356562826,0.020378960503472224
病例67,far,WLI,mmd_fusion_w1.0,0,0,0.8,0.7581967213114754,0.012295081967213115,0.3856209150289732,0.014295789930555556
病例67,far,WLI,mmd_fusion_w1.0,0,0,0.85,0.938404050144648,0.0,0.11604405586333547,0.0034654405381944445
病例67,far,WLI,mmd_fusion_w1.0,0,0,0.9,1.0,0.0,0.0,0.0
病例67,far,WLI,mmd_fusion_w1.0,0,0,0.95,1.0,0.0,0.0,0.0
病例67,far,NBI,mmd_fusion_w1.0,0,0,0.05,0.0,28.97682455783696,0.06456439704671726,1.0
病例67,far,NBI,mmd_fusion_w1.0,0,0,0.1,0.0,28.97682455783696,0.06456439704671726,1.0
病例67,far,NBI,mmd_fusion_w1.0,0,0,0.15,0.0,20.66720878227282,0.0882331838564231,0.7227986653645834
病例67,far,NBI,mmd_fusion_w1.0,0,0,0.2,0.0,15.341329538524091,0.11533141075225044,0.5451321072048612
病例67,far,NBI,mmd_fusion_w1.0,0,0,0.25,0.0,12.05346615165684,0.14231364550312847,0.4354519314236111
病例67,far,NBI,mmd_fusion_w1.0,0,0,0.3,0.08700955478755845,7.191705631225859,0.20055374447327165,0.2703653971354167
病例67,far,NBI,mmd_fusion_w1.0,0,0,0.35,0.3002642813579996,5.8951006302093925,0.18426617414763707,0.2199978298611111
病例67,far,NBI,mmd_fusion_w1.0,0,0,0.4,0.46859117706850983,5.016060174832283,0.1623249604118287,0.18505859375
病例67,far,NBI,mmd_fusion_w1.0,0,0,0.45,0.5551941451514536,4.516974994917666,0.14921912296204998,0.1655205620659722
病例67,far,NBI,mmd_fusion_w1.0,0,0,0.5,0.6149623907298232,4.10550924984753,0.14025473933597357,0.14980061848958334
病例67,far,NBI,mmd_fusion_w1.0,0,0,0.55,0.7946737141695467,2.496645659686928,0.1109280615040586,0.09013536241319445
病例67,far,NBI,mmd_fusion_w1.0,0,0,0.6,0.8357389713356373,1.9434844480585485,0.10571073461041597,0.0703125
病例67,far,NBI,mmd_fusion_w1.0,0,0,0.65,0.8609473470217524,1.6763569831266518,0.09877969528414485,0.06056043836805555
病例67,far,NBI,mmd_fusion_w1.0,0,0,0.7,0.8926611099817036,1.4787558446838789,0.08301234179637597,0.052910698784722224
病例67,far,NBI,mmd_fusion_w1.0,0,0,0.75,0.9310835535677984,1.2984346411872332,0.058222413052312384,0.045613606770833336
病例67,far,NBI,mmd_fusion_w1.0,0,0,0.8,0.9865826387477129,1.0951412888798537,0.012726571538635493,0.036980523003472224
病例67,far,NBI,mmd_fusion_w1.0,0,0,0.85,1.0,0.8684692010571254,0.0,0.028971354166666668
病例67,far,NBI,mmd_fusion_w1.0,0,0,0.9,1.0,0.5515348648099208,0.0,0.018398708767361112
病例67,far,NBI,mmd_fusion_w1.0,0,0,0.95,1.0,0.015450294775360847,0.0,0.0005154079861111111
病例67,near,WLI,mmd_fusion_w1.0,0,0,0.05,0.0,7.640337513184109,0.2074616160755355,1.0
病例67,near,WLI,mmd_fusion_w1.0,0,0,0.1,0.0,7.640337513184109,0.2074616160755355,1.0
病例67,near,WLI,mmd_fusion_w1.0,0,0,0.15,0.0,5.6440290636352985,0.26164212398314973,0.7689548068576388
病例67,near,WLI,mmd_fusion_w1.0,0,0,0.2,0.0,3.717567092464549,0.3497991309334777,0.5459933810763888
病例67,near,WLI,mmd_fusion_w1.0,0,0,0.25,5.8596038907769834e-05,2.706375249033165,0.4249358798769579,0.428955078125
病例67,near,WLI,mmd_fusion_w1.0,0,0,0.3,0.023204031407476854,1.7269424586897926,0.5274648778627271,0.3129204644097222
病例67,near,WLI,mmd_fusion_w1.0,0,0,0.35,0.05396695183405602,1.3579046056486581,0.5726700363561715,0.2666490342881944
病例67,near,WLI,mmd_fusion_w1.0,0,0,0.4,0.08197585843197,1.0208015938122583,0.6247557522817228,0.2243923611111111
病例67,near,WLI,mmd_fusion_w1.0,0,0,0.45,0.1000234384155631,0.8143091527012774,0.6631406243239429,0.19840494791666666
病例67,near,WLI,mmd_fusion_w1.0,0,0,0.5,0.11174264619711707,0.6594398218680417,0.6973021458619165,0.17912462022569445
病例67,near,WLI,mmd_fusion_w1.0,0,0,0.55,0.2070198054611508,0.20778155396695183,0.7926782837873988,0.11582438151041667
病例67,near,WLI,mmd_fusion_w1.0,0,0,0.6,0.2944450955115434,0.15158795265440056,0.7598283586774789,0.09920247395833333
病例67,near,WLI,mmd_fusion_w1.0,0,0,0.65,0.3380405484589242,0.12387202625102543,0.7413459329962222,0.09094916449652778
病例67,near,WLI,mmd_fusion_w1.0,0,0,0.7,0.37149888667526076,0.10113676315481074,0.7267430042661198,0.0844455295138889
病例67,near,WLI,mmd_fusion_w1.0,0,0,0.75,0.4089417555373257,0.07605765850228524,0.709078767000425,0.07720947265625
病例67,near,WLI,mmd_fusion_w1.0,0,0,0.8,0.4643150123051682,0.05801007851869214,0.672255312888182,0.06871202256944445
病例67,near,WLI,mmd_fusion_w1.0,0,0,0.85,0.5666236962381344,0.03896636587366694,0.5886894575532746,0.054667154947916664
病例67,near,WLI,mmd_fusion_w1.0,0,0,0.9,0.6543419664830658,0.01054728700339857,0.5097429250356027,0.04122585720486111
病例67,near,WLI,mmd_fusion_w1.0,0,0,0.95,0.8343489980077347,0.0,0.28422058010212525,0.019171820746527776
病例67,near,NBI,mmd_fusion_w1.0,0,0,0.05,0.0,13.789969909729187,0.12666268596030728,1.0
病例67,near,NBI,mmd_fusion_w1.0,0,0,0.1,0.0,13.789969909729187,0.12666268596030728,1.0
病例67,near,NBI,mmd_fusion_w1.0,0,0,0.15,0.0,10.36950852557673,0.16168791151749726,0.7687310112847222
病例67,near,NBI,mmd_fusion_w1.0,0,0,0.2,0.024674022066198596,7.41444332998997,0.2077422662790466,0.5672607421875
病例67,near,NBI,mmd_fusion_w1.0,0,0,0.25,0.3860581745235707,5.473620862587763,0.17324483817532055,0.4116007486979167
病例67,near,NBI,mmd_fusion_w1.0,0,0,0.3,0.8392176529588766,2.973520561685055,0.07777966471753857,0.2119208441840278
病例67,near,NBI,mmd_fusion_w1.0,0,0,0.35,0.9388164493480441,2.1747241725175526,0.037815386522727,0.1511773003472222
病例67,near,NBI,mmd_fusion_w1.0,0,0,0.4,0.970912738214644,1.8019057171514543,0.02054915854731426,0.12379964192708333
病例67,near,NBI,mmd_fusion_w1.0,0,0,0.45,0.9820461384152457,1.60320962888666,0.013699154325895614,0.10961235894097222
病例67,near,NBI,mmd_fusion_w1.0,0,0,0.5,0.9996990972918757,1.400802407221665,0.0002506370357982763,0.09473334418402778
病例67,near,NBI,mmd_fusion_w1.0,0,0,0.55,1.0,0.8195586760280843,0.0,0.055413140190972224
病例67,near,NBI,mmd_fusion_w1.0,0,0,0.6,1.0,0.6965897693079238,0.0,0.047098795572916664
病例67,near,NBI,mmd_fusion_w1.0,0,0,0.65,1.0,0.620160481444333,0.0,0.04193115234375
病例67,near,NBI,mmd_fusion_w1.0,0,0,0.7,1.0,0.5338014042126379,0.0,0.036092122395833336
病例67,near,NBI,mmd_fusion_w1.0,0,0,0.75,1.0,0.37482447342026076,0.0,0.025343153211805556
病例67,near,NBI,mmd_fusion_w1.0,0,0,0.8,1.0,0.1760280842527583,0.0,0.01190185546875
病例67,near,NBI,mmd_fusion_w1.0,0,0,0.85,1.0,0.059077231695085254,0.0,0.003994411892361111
病例67,near,NBI,mmd_fusion_w1.0,0,0,0.9,1.0,0.0,0.0,0.0
病例67,near,NBI,mmd_fusion_w1.0,0,0,0.95,1.0,0.0,0.0,0.0
病例69,far,WLI,mmd_fusion_w1.0,0,0,0.05,0.0,15.86560677113119,0.11194693948097495,1.0
病例69,far,WLI,mmd_fusion_w1.0,0,0,0.1,0.0,15.86560677113119,0.11194693948097495,1.0
病例69,far,WLI,mmd_fusion_w1.0,0,0,0.15,0.03259750657668992,9.022189179915362,0.17605795050043083,0.5923055013020834
病例69,far,WLI,mmd_fusion_w1.0,0,0,0.2,0.052384764954821,5.39505890426627,0.2581117497698364,0.3760715060763889
病例69,far,WLI,mmd_fusion_w1.0,0,0,0.25,0.0847535170993938,4.722749628274048,0.27575987318168765,0.33428955078125
病例69,far,WLI,mmd_fusion_w1.0,0,0,0.3,0.2475122955507263,3.2080521560105226,0.3033894397041656,0.2348293728298611
病例69,far,WLI,mmd_fusion_w1.0,0,0,0.35,0.32711883792748486,2.7179457851995883,0.3064940477733036,0.2010498046875
病例69,far,WLI,mmd_fusion_w1.0,0,0,0.4,0.3963170536429143,2.2677570627930916,0.31186480737322186,0.1702541775173611
病例69,far,WLI,mmd_fusion_w1.0,0,0,0.45,0.4381791147203477,2.0172709596248426,0.31394605649906066,0.1529201931423611
病例69,far,WLI,mmd_fusion_w1.0,0,0,0.5,0.46597277822257804,1.8447901178085326,0.31610304322698585,0.1410454644097222
病例69,far,WLI,mmd_fusion_w1.0,0,0,0.55,0.7103968889397232,0.7005604483586869,0.29103448275694804,0.058709038628472224
病例69,far,WLI,mmd_fusion_w1.0,0,0,0.6,0.7736474894201075,0.4258263753860231,0.2740048459655659,0.03866916232638889
病例69,far,WLI,mmd_fusion_w1.0,0,0,0.65,0.7956079149033513,0.3384421823172824,0.264956631327267,0.032185872395833336
病例69,far,WLI,mmd_fusion_w1.0,0,0,0.7,0.8179114720347707,0.279652293263182,0.24913928012324615,0.027377658420138888
病例69,far,WLI,mmd_fusion_w1.0,0,0,0.75,0.8447901178085325,0.2042777078805902,0.22833585730920128,0.021314832899305556
病例69,far,WLI,mmd_fusion_w1.0,0,0,0.8,0.8706393686377674,0.11723664646002516,0.20754197632619925,0.014621310763888888
病例69,far,WLI,mmd_fusion_w1.0,0,0,0.85,0.9068969461283313,0.03328376987304129,0.16531275385697286,0.007493760850694444
病例69,far,WLI,mmd_fusion_w1.0,0,0,0.9,1.0,0.0,0.0,0.0
病例69,far,WLI,mmd_fusion_w1.0,0,0,0.95,1.0,0.0,0.0,0.0
病例69,far,NBI,mmd_fusion_w1.0,0,0,0.05,0.0,4.013804828289698,0.33256815894500213,1.0
病例69,far,NBI,mmd_fusion_w1.0,0,0,0.1,0.0,4.013804828289698,0.33256815894500213,1.0
病例69,far,NBI,mmd_fusion_w1.0,0,0,0.15,0.0,1.561169670180211,0.5616132297051944,0.5108235677083334
病例69,far,NBI,mmd_fusion_w1.0,0,0,0.2,0.0,1.2098265895953757,0.6230866198444687,0.4407484266493056
病例69,far,NBI,mmd_fusion_w1.0,0,0,0.25,0.000884053043182591,1.0558993539612376,0.654082450359881,0.4098714192708333
病例69,far,NBI,mmd_fusion_w1.0,0,0,0.3,0.0015980958857531452,0.8495069704182251,0.7011473667864164,0.3685641818576389
病例69,far,NBI,mmd_fusion_w1.0,0,0,0.35,0.007650459027541652,0.7716763005780347,0.7180465001836412,0.3518337673611111
病例69,far,NBI,mmd_fusion_w1.0,0,0,0.4,0.022475348520911254,0.7054743284597076,0.7286805986785346,0.3356730143229167
病例69,far,NBI,mmd_fusion_w1.0,0,0,0.45,0.03787827269636178,0.6451887113226794,0.7380185443581356,0.3205769856770833
病例69,far,NBI,mmd_fusion_w1.0,0,0,0.5,0.06443386603196191,0.5934376062563754,0.7398693161946545,0.3049587673611111
病例69,far,NBI,mmd_fusion_w1.0,0,0,0.55,0.293573614416865,0.41543692621557293,0.6658547528993881,0.2237548828125
病例69,far,NBI,mmd_fusion_w1.0,0,0,0.6,0.3501530091805508,0.36181570894253656,0.646079475346676,0.2017754448784722
病例69,far,NBI,mmd_fusion_w1.0,0,0,0.65,0.3859911594695682,0.32240734444066643,0.6341703248452429,0.186767578125
病例69,far,NBI,mmd_fusion_w1.0,0,0,0.7,0.4162869772186331,0.28310098605916356,0.6253574485900126,0.1728854709201389
病例69,far,NBI,mmd_fusion_w1.0,0,0,0.75,0.4578374702482149,0.230465827949677,0.6117046784174867,0.15410020616319445
病例69,far,NBI,mmd_fusion_w1.0,0,0,0.8,0.5282216933015981,0.16691601496089764,0.5757978171544678,0.1273871527777778
病例69,far,NBI,mmd_fusion_w1.0,0,0,0.85,0.6413804828289698,0.057701462087725267,0.506409948623166,0.0830349392361111
病例69,far,NBI,mmd_fusion_w1.0,0,0,0.9,0.8789187351241075,0.0,0.21600800703583145,0.024149576822916668
病例69,far,NBI,mmd_fusion_w1.0,0,0,0.95,1.0,0.0,0.0,0.0
病例69,near,WLI,mmd_fusion_w1.0,0,0,0.05,0.0,2.297242906017307,0.46541469582704204,1.0
病例69,near,WLI,mmd_fusion_w1.0,0,0,0.1,0.0,2.297242906017307,0.46541469582704204,1.0
病例69,near,WLI,mmd_fusion_w1.0,0,0,0.15,8.944343820576463e-05,1.4736253661590752,0.5757306553363102,0.75018310546875
病例69,near,WLI,mmd_fusion_w1.0,0,0,0.2,0.00011180429775720579,0.837950850830706,0.7046828092122002,0.5573866102430556
病例69,near,WLI,mmd_fusion_w1.0,0,0,0.25,0.002683303146172939,0.7354486706468997,0.7298955912670361,0.5255194769965278
病例69,near,WLI,mmd_fusion_w1.0,0,0,0.3,0.03651528364750341,0.41074662910042264,0.8116182259970882,0.4167819552951389
病例69,near,WLI,mmd_fusion_w1.0,0,0,0.35,0.0957268397397196,0.3321705686366584,0.8086706127011591,0.3749932183159722
病例69,near,WLI,mmd_fusion_w1.0,0,0,0.4,0.1726705574562286,0.27289192996578787,0.7878497508615606,0.33367919921875
病例69,near,WLI,mmd_fusion_w1.0,0,0,0.45,0.21486549942979807,0.22940005813823483,0.7794698752377798,0.3076917860243056
病例69,near,WLI,mmd_fusion_w1.0,0,0,0.5,0.24485141208828068,0.19389101317054627,0.7748930165313551,0.2878282335069444
病例69,near,WLI,mmd_fusion_w1.0,0,0,0.55,0.4288812861966414,0.08168421994141455,0.6910911181753486,0.19798448350694445
病例69,near,WLI,mmd_fusion_w1.0,0,0,0.6,0.49003823706983296,0.04409561503544196,0.6562972129085939,0.1680365668402778
病例69,near,WLI,mmd_fusion_w1.0,0,0,0.65,0.5193086022226694,0.029069117416873503,0.6367783405897142,0.15460205078125
病例69,near,WLI,mmd_fusion_w1.0,0,0,0.7,0.541334048880839,0.02025893875360569,0.6202694325577643,0.14525010850694445
病例69,near,WLI,mmd_fusion_w1.0,0,0,0.75,0.564142125623309,0.011739451264506607,0.6021810991989215,0.1357489691840278
病例69,near,WLI,mmd_fusion_w1.0,0,0,0.8,0.5918025088884417,0.0031752420563046445,0.5784403815067359,0.12476264105902778
病例69,near,WLI,mmd_fusion_w1.0,0,0,0.85,0.6319849735023815,0.0006708257865432347,0.5377640543048607,0.11181640625
病例69,near,WLI,mmd_fusion_w1.0,0,0,0.9,0.7257664184611257,0.0,0.43042906027826544,0.08317057291666667
病例69,near,WLI,mmd_fusion_w1.0,0,0,0.95,0.9457078330091009,0.0,0.10299264035270526,0.016465928819444444
病例69,near,NBI,mmd_fusion_w1.0,0,0,0.05,0.0,0.854162737183598,0.7007308917404824,1.0
病例69,near,NBI,mmd_fusion_w1.0,0,0,0.1,0.0,0.854162737183598,0.7007308917404824,1.0
病例69,near,NBI,mmd_fusion_w1.0,0,0,0.15,0.00032693299131112704,0.4663321890678637,0.8107631275682456,0.7906561957465278
病例69,near,NBI,mmd_fusion_w1.0,0,0,0.2,0.0010185220113923573,0.38598211928024445,0.8377331034587425,0.7469482421875
病例69,near,NBI,mmd_fusion_w1.0,0,0,0.25,0.001081393740490651,0.36939655714411457,0.8435689824519665,0.7379692925347222
病例69,near,NBI,mmd_fusion_w1.0,0,0,0.3,0.001169414161228262,0.3469639242018434,0.8515925683711678,0.7258232964409722
病例69,near,NBI,mmd_fusion_w1.0,0,0,0.35,0.0013706036943428018,0.33110767412325376,0.8572893559368636,0.7171630859375
病例69,near,NBI,mmd_fusion_w1.0,0,0,0.4,0.0016598136481949526,0.3193255120902335,0.8615049073059666,0.7106526692708334
病例69,near,NBI,mmd_fusion_w1.0,0,0,0.45,0.0020873414060633495,0.30705295057024656,0.8658807355960951,0.7038031684027778
病例69,near,NBI,mmd_fusion_w1.0,0,0,0.5,0.0026909100054069686,0.29152363348296806,0.8714565112288097,0.6951022677951388
病例69,near,NBI,mmd_fusion_w1.0,0,0,0.55,0.004589636224175437,0.2546682258855483,0.8847783080546295,0.6742011176215278
病例69,near,NBI,mmd_fusion_w1.0,0,0,0.6,0.006764998050976398,0.2433010172645768,0.8881904815444926,0.6668972439236112
病例69,near,NBI,mmd_fusion_w1.0,0,0,0.65,0.00912897506507224,0.23080211751983604,0.8920043241280191,0.6588812934027778
病例69,near,NBI,mmd_fusion_w1.0,0,0,0.7,0.012813258390232249,0.21879361726206195,0.8950095476952176,0.6504177517361112
病例69,near,NBI,mmd_fusion_w1.0,0,0,0.75,0.02042073761112578,0.19956744250380373,0.8990484763498774,0.6359456380208334
病例69,near,NBI,mmd_fusion_w1.0,0,0,0.8,0.033108252543161444,0.17125001571793227,0.9044224888256267,0.61383056640625
病例69,near,NBI,mmd_fusion_w1.0,0,0,0.85,0.05899883058583877,0.12866070642674815,0.9093284080823667,0.5768975151909722
病例69,near,NBI,mmd_fusion_w1.0,0,0,0.9,0.12617098595445572,0.03953374325700706,0.9133960726578472,0.4926011827256944
病例69,near,NBI,mmd_fusion_w1.0,0,0,0.95,0.548304349466219,0.0012574345819658733,0.6217621961240497,0.2442898220486111
病例73,far,WLI,mmd_fusion_w1.0,0,0,0.05,0.0,23.27658873888706,0.07912460105511683,1.0
病例73,far,WLI,mmd_fusion_w1.0,0,0,0.1,0.0,23.27658873888706,0.07912460105511683,1.0
病例73,far,WLI,mmd_fusion_w1.0,0,0,0.15,0.0011524530786960817,15.154922621007573,0.11645807739546563,0.6654052734375
病例73,far,WLI,mmd_fusion_w1.0,0,0,0.2,0.046756667764241026,1.148831083305894,0.6145844390159506,0.08658854166666667
病例73,far,WLI,mmd_fusion_w1.0,0,0,0.25,0.05416529469871584,0.8618702667105697,0.6737422305577944,0.074462890625
病例73,far,WLI,mmd_fusion_w1.0,0,0,0.3,0.1341784655910438,0.5243661508067171,0.7244799559118027,0.05726453993055555
病例73,far,WLI,mmd_fusion_w1.0,0,0,0.35,0.17336187026671057,0.3908462298320711,0.7455638874397091,0.050150553385416664
病例73,far,WLI,mmd_fusion_w1.0,0,0,0.4,0.20200856108001317,0.296180441224893,0.7621069182330023,0.04507107204861111
病例73,far,WLI,mmd_fusion_w1.0,0,0,0.45,0.23460651959170234,0.22160026341784655,0.7704035131264363,0.040656195746527776
病例73,far,WLI,mmd_fusion_w1.0,0,0,0.5,0.27066183733947974,0.16957523872242344,0.7681636899534579,0.037027994791666664
病例73,far,WLI,mmd_fusion_w1.0,0,0,0.55,0.3784985182746131,0.08775107013500165,0.7272201887812827,0.029215494791666668
病例73,far,WLI,mmd_fusion_w1.0,0,0,0.6,0.40895620678300953,0.058939743167599604,0.7164238674843701,0.026774088541666668
病例73,far,WLI,mmd_fusion_w1.0,0,0,0.65,0.43233454066513005,0.04445176160684886,0.7042483660058798,0.025214301215277776
病例73,far,WLI,mmd_fusion_w1.0,0,0,0.7,0.45324333223575897,0.03210405004939085,0.6925964546330281,0.023844401041666668
病例73,far,WLI,mmd_fusion_w1.0,0,0,0.75,0.47760948304247614,0.020085610800131708,0.6773401643646351,0.022345648871527776
病例73,far,WLI,mmd_fusion_w1.0,0,0,0.8,0.5143233454066513,0.008396443859071453,0.6501377410396678,0.020351833767361112
病例73,far,WLI,mmd_fusion_w1.0,0,0,0.85,0.5857754362858084,0.004774448468883767,0.5838264299735023,0.017259385850694444
病例73,far,WLI,mmd_fusion_w1.0,0,0,0.9,0.7099110964767863,0.0036219953901876854,0.44846016797596766,0.012098524305555556
病例73,far,WLI,mmd_fusion_w1.0,0,0,0.95,0.9896279222917352,0.0,0.020531204171084713,0.00042724609375
病例73,far,NBI,mmd_fusion_w1.0,0,0,0.05,0.0,12.088585123380081,0.1419588966872003,1.0
病例73,far,NBI,mmd_fusion_w1.0,0,0,0.1,0.0,12.088585123380081,0.1419588966872003,1.0
病例73,far,NBI,mmd_fusion_w1.0,0,0,0.15,0.0,7.503994319190484,0.2104378362221585,0.6497260199652778
病例73,far,NBI,mmd_fusion_w1.0,0,0,0.2,0.0,3.0178412923841647,0.39857777148750495,0.3069729275173611
病例73,far,NBI,mmd_fusion_w1.0,0,0,0.25,0.0009763891354518019,2.5704775430498845,0.4372571872563379,0.2727186414930556
病例73,far,NBI,mmd_fusion_w1.0,0,0,0.3,0.013225634652938044,1.595153559382212,0.5509738811504411,0.197265625
病例73,far,NBI,mmd_fusion_w1.0,0,0,0.35,0.023167051304810934,1.241966980294692,0.6069547472613768,0.1695217556423611
病例73,far,NBI,mmd_fusion_w1.0,0,0,0.4,0.030268063199005858,0.9938753772412569,0.6544267401442002,0.1500244140625
病例73,far,NBI,mmd_fusion_w1.0,0,0,0.45,0.03665897390378129,0.8565595597372626,0.6832446724773105,0.1390448676215278
病例73,far,NBI,mmd_fusion_w1.0,0,0,0.5,0.04278359666252441,0.7796911059826025,0.6994875786446796,0.13270399305555555
病例73,far,NBI,mmd_fusion_w1.0,0,0,0.55,0.08556719332504882,0.5213917983312623,0.7508199110824618,0.10970052083333333
病例73,far,NBI,mmd_fusion_w1.0,0,0,0.6,0.09932540387005148,0.4382211965205042,0.7701707779856919,0.102294921875
病例73,far,NBI,mmd_fusion_w1.0,0,0,0.65,0.11042073495473105,0.396502751642109,0.7782566491913094,0.09825981987847222
病例73,far,NBI,mmd_fusion_w1.0,0,0,0.7,0.12062843955263625,0.3637493342801349,0.7840607811294208,0.09497748480902778
病例73,far,NBI,mmd_fusion_w1.0,0,0,0.75,0.13207882123202555,0.3287768507012249,0.7902052691094625,0.0914306640625
病例73,far,NBI,mmd_fusion_w1.0,0,0,0.8,0.14734599680454466,0.2903426238238949,0.7957586049753728,0.08732774522569445
病例73,far,NBI,mmd_fusion_w1.0,0,0,0.85,0.1759275696786792,0.23877152494230428,0.7989672977590405,0.0812038845486111
病例73,far,NBI,mmd_fusion_w1.0,0,0,0.9,0.22625599147878572,0.1571986508077401,0.8014158315675213,0.07112630208333333
病例73,far,NBI,mmd_fusion_w1.0,0,0,0.95,0.38522989526007456,0.038079176282620274,0.7438913055112835,0.04987928602430555
病例73,near,WLI,mmd_fusion_w1.0,0,0,0.05,0.0,3.445328751017455,0.3672872826319613,1.0
病例73,near,WLI,mmd_fusion_w1.0,0,0,0.1,0.0,3.445328751017455,0.3672872826319613,1.0
病例73,near,WLI,mmd_fusion_w1.0,0,0,0.15,0.00030146814988996415,1.4332097313918783,0.5824207669942986,0.5472954644097222
病例73,near,WLI,mmd_fusion_w1.0,0,0,0.2,0.002411745199119713,0.3741219740134455,0.8412395769767627,0.3085734049479167
病例73,near,WLI,mmd_fusion_w1.0,0,0,0.25,0.011817551475686593,0.31467245485514456,0.8582238047849685,0.2930840386284722
病例73,near,WLI,mmd_fusion_w1.0,0,0,0.3,0.03647764613668566,0.20029543878689215,0.8905762371811043,0.2618069118923611
病例73,near,WLI,mmd_fusion_w1.0,0,0,0.35,0.05483705646498448,0.1588134213620331,0.898453955379779,0.2483452690972222
病例73,near,WLI,mmd_fusion_w1.0,0,0,0.4,0.07609056103222694,0.1084079467004311,0.9092176699188459,0.23222520616319445
病例73,near,WLI,mmd_fusion_w1.0,0,0,0.45,0.09348527328087787,0.08510445871393688,0.9103293775718844,0.22306993272569445
病例73,near,WLI,mmd_fusion_w1.0,0,0,0.5,0.10705134002592626,0.06988031714449368,0.9098588520774242,0.21659342447916666
病例73,near,WLI,mmd_fusion_w1.0,0,0,0.55,0.1782279702149468,0.023665249766362185,0.8905987094651792,0.190185546875
病例73,near,WLI,mmd_fusion_w1.0,0,0,0.6,0.2201018962346628,0.013204304965180429,0.8698868508198357,0.1784125434027778
病例73,near,WLI,mmd_fusion_w1.0,0,0,0.65,0.24572668897530975,0.007958759157095053,0.8560431100832161,0.17146809895833334
病例73,near,WLI,mmd_fusion_w1.0,0,0,0.7,0.2661963763528383,0.005155105363118386,0.8439574918072154,0.1662326388888889
病例73,near,WLI,mmd_fusion_w1.0,0,0,0.75,0.28814325766482773,0.003798498688613548,0.8298365840786683,0.16099039713541666
病例73,near,WLI,mmd_fusion_w1.0,0,0,0.8,0.31479304211510056,0.0031051219438666304,0.8117065157209226,0.1548394097222222
病例73,near,WLI,mmd_fusion_w1.0,0,0,0.85,0.3505471646920503,0.0029845346839106448,0.7860544031511028,0.14676920572916666
病例73,near,WLI,mmd_fusion_w1.0,0,0,0.9,0.41635766181302947,0.0029845346839106448,0.7357020710607339,0.1319647894965278
病例73,near,WLI,mmd_fusion_w1.0,0,0,0.95,0.5727894847909318,0.0017183684543727955,0.597945104325834,0.09648980034722222
病例73,near,NBI,mmd_fusion_w1.0,0,0,0.05,0.0,2.906015734682525,0.40766277732461104,1.0
病例73,near,NBI,mmd_fusion_w1.0,0,0,0.1,0.0,2.906015734682525,0.40766277732461104,1.0
病例73,near,NBI,mmd_fusion_w1.0,0,0,0.15,0.0010595745808058064,1.1165532038886388,0.6412726484311757,0.5415988498263888
病例73,near,NBI,mmd_fusion_w1.0,0,0,0.2,0.003973404678021774,0.2814759873910625,0.8746656121323191,0.3270602756076389
病例73,near,NBI,mmd_fusion_w1.0,0,0,0.25,0.007152128420439194,0.24809938809567958,0.8860965980272748,0.3177015516493056
病例73,near,NBI,mmd_fusion_w1.0,0,0,0.3,0.013377129082673307,0.16606182617679002,0.9166441070054923,0.29510498046875
病例73,near,NBI,mmd_fusion_w1.0,0,0,0.35,0.015840639983046807,0.14627427088024159,0.9239052047833737,0.2894083658854167
病例73,near,NBI,mmd_fusion_w1.0,0,0,0.4,0.018145214696299435,0.13287065243304813,0.9285884283430053,0.2853868272569444
病例73,near,NBI,mmd_fusion_w1.0,0,0,0.45,0.020502768138592354,0.11239437365897592,0.9364703498740848,0.279541015625
病例73,near,NBI,mmd_fusion_w1.0,0,0,0.5,0.02288681094540542,0.08534873248390772,0.9475211918816497,0.2720065646701389
病例73,near,NBI,mmd_fusion_w1.0,0,0,0.55,0.05496543137930121,0.04198564276443008,0.9512078067496518,0.2526923285590278
病例73,near,NBI,mmd_fusion_w1.0,0,0,0.6,0.08741490291647903,0.035389790998913935,0.9369577633319686,0.24269612630208334
病例73,near,NBI,mmd_fusion_w1.0,0,0,0.65,0.13517522714630076,0.030966067124049694,0.91236306729137,0.2293362087673611
病例73,near,NBI,mmd_fusion_w1.0,0,0,0.7,0.16616778363487059,0.027681385923551693,0.8958647579461879,0.22056070963541666
病例73,near,NBI,mmd_fusion_w1.0,0,0,0.75,0.19337236099705968,0.024714577097295437,0.8809141534665785,0.2128363715277778
病例73,near,NBI,mmd_fusion_w1.0,0,0,0.8,0.22126566183677254,0.021006066064475113,0.865385181477046,0.2047458224826389
病例73,near,NBI,mmd_fusion_w1.0,0,0,0.85,0.2638340706206458,0.01652936346057058,0.8400386905648822,0.19270155164930555
病例73,near,NBI,mmd_fusion_w1.0,0,0,0.9,0.3411035469259093,0.009403724404651533,0.7899015560482853,0.17109510633680555
病例73,near,NBI,mmd_fusion_w1.0,0,0,0.95,0.5361447378877381,0.005668724007311065,0.6313000216298376,0.1202053493923611
病例78,far,WLI,mmd_fusion_w1.0,0,0,0.05,0.0,20.485647675943465,0.08894562561960034,1.0
病例78,far,WLI,mmd_fusion_w1.0,0,0,0.1,0.0,20.48404487833309,0.08895196619741753,0.9999254014756944
病例78,far,WLI,mmd_fusion_w1.0,0,0,0.15,0.0,10.574384380008743,0.15905351224807174,0.5387030707465278
病例78,far,WLI,mmd_fusion_w1.0,0,0,0.2,0.0005828354946816261,3.766282966632668,0.3466767753339735,0.2218085394965278
病例78,far,WLI,mmd_fusion_w1.0,0,0,0.25,0.0011656709893632523,2.9421535771528484,0.40430551459627156,0.18342420789930555
病例78,far,WLI,mmd_fusion_w1.0,0,0,0.3,0.0023313419787265046,1.2743698091213755,0.6098147488394646,0.1057467990451389
病例78,far,WLI,mmd_fusion_w1.0,0,0,0.35,0.0026227597260673175,0.8615765700131138,0.6977218286494178,0.0865207248263889
病例78,far,WLI,mmd_fusion_w1.0,0,0,0.4,0.004371266210112196,0.7034824420807227,0.7377456272903382,0.07908121744791667
病例78,far,WLI,mmd_fusion_w1.0,0,0,0.45,0.005974063820486667,0.6054203701005392,0.7647982062737398,0.07444254557291667
病例78,far,WLI,mmd_fusion_w1.0,0,0,0.5,0.008013988051872359,0.5248433629608044,0.7882822902750635,0.07059733072916667
病例78,far,WLI,mmd_fusion_w1.0,0,0,0.55,0.019379280198164067,0.31910243333819027,0.8528163213530202,0.060492621527777776
病例78,far,WLI,mmd_fusion_w1.0,0,0,0.6,0.028413230365729274,0.2325513623779688,0.8816024327303391,0.05604383680555555
病例78,far,WLI,mmd_fusion_w1.0,0,0,0.65,0.035844382922920005,0.18548739618242752,0.8970378905924419,0.053507486979166664
病例78,far,WLI,mmd_fusion_w1.0,0,0,0.7,0.04444120646947399,0.1493515955121667,0.9079329918253638,0.05142550998263889
病例78,far,WLI,mmd_fusion_w1.0,0,0,0.75,0.05595220748943611,0.11671280780999563,0.9162129675393041,0.049370659722222224
病例78,far,WLI,mmd_fusion_w1.0,0,0,0.8,0.07533148768760017,0.07882850065568993,0.9230545454478323,0.04670545789930555
病例78,far,WLI,mmd_fusion_w1.0,0,0,0.85,0.11569284569430278,0.039778522512020985,0.9191972737529784,0.043009440104166664
病例78,far,WLI,mmd_fusion_w1.0,0,0,0.9,0.20632376511729564,0.011219583272621302,0.8794704125221645,0.03746202256944445
病例78,far,WLI,mmd_fusion_w1.0,0,0,0.95,0.4132303657292729,0.0,0.7395775941162572,0.027309841579861112
病例78,far,NBI,mmd_fusion_w1.0,0,0,0.05,0.0,5.546616941928609,0.2650194140485557,1.0
病例78,far,NBI,mmd_fusion_w1.0,0,0,0.1,0.0,5.546616941928609,0.2650194140485557,1.0
病例78,far,NBI,mmd_fusion_w1.0,0,0,0.15,0.0,2.6124578227668267,0.43360830100736963,0.5518052842881944
病例78,far,NBI,mmd_fusion_w1.0,0,0,0.2,0.0,1.8721363878529569,0.516510731975192,0.438720703125
病例78,far,NBI,mmd_fusion_w1.0,0,0,0.25,0.0,1.7802788137098207,0.5290615053959281,0.4246893988715278
病例78,far,NBI,mmd_fusion_w1.0,0,0,0.3,0.0008435446634700764,1.3781743917599005,0.5916840846043937,0.3631388346354167
病例78,far,NBI,mmd_fusion_w1.0,0,0,0.35,0.002530633990410229,1.24453915823122,0.6153403722106523,0.34246826171875
病例78,far,NBI,mmd_fusion_w1.0,0,0,0.4,0.003995737879595098,1.116053986858462,0.6400935859383701,0.3226182725694444
病例78,far,NBI,mmd_fusion_w1.0,0,0,0.45,0.005505238856331024,0.9816640028414136,0.6683076005062007,0.3018595377604167
病例78,far,NBI,mmd_fusion_w1.0,0,0,0.5,0.006837151482862724,0.8779524063221452,0.6918307071383633,0.2858140733506944
病例78,far,NBI,mmd_fusion_w1.0,0,0,0.55,0.009722962173681406,0.5240632214526727,0.7877032825370585,0.2313164605034722
病例78,far,NBI,mmd_fusion_w1.0,0,0,0.6,0.011942816551234239,0.39690996270644646,0.8285708967016725,0.2115546332465278
病例78,far,NBI,mmd_fusion_w1.0,0,0,0.65,0.013985082578582844,0.35317883146865564,0.8430382629804831,0.2045627170138889
病例78,far,NBI,mmd_fusion_w1.0,0,0,0.7,0.01633812821878885,0.31535251287515537,0.8557248517836824,0.19842529296875
病例78,far,NBI,mmd_fusion_w1.0,0,0,0.75,0.019445924347362812,0.2801012253596164,0.8674954339227646,0.19256591796875
病例78,far,NBI,mmd_fusion_w1.0,0,0,0.8,0.024729177765938554,0.24125377375244184,0.8799999999982373,0.1858249240451389
病例78,far,NBI,mmd_fusion_w1.0,0,0,0.85,0.03724915645533653,0.18038536671994318,0.8984504474625074,0.1746148003472222
病例78,far,NBI,mmd_fusion_w1.0,0,0,0.9,0.07938199254128929,0.10513230332090215,0.9089155781517732,0.1566840277777778
病例78,far,NBI,mmd_fusion_w1.0,0,0,0.95,0.23308470964304742,0.033209021488190375,0.8520692546716024,0.1222195095486111
病例78,near,WLI,mmd_fusion_w1.0,0,0,0.05,0.0,2.677298685752762,0.4275972381432499,1.0
病例78,near,WLI,mmd_fusion_w1.0,0,0,0.1,0.0,2.677298685752762,0.4275972381432499,1.0
病例78,near,WLI,mmd_fusion_w1.0,0,0,0.15,0.0,0.6778223895857752,0.7468755238496276,0.4562649197048611
病例78,near,WLI,mmd_fusion_w1.0,0,0,0.2,0.0003740741664380658,0.3063168657572508,0.8669997620737709,0.3551364474826389
病例78,near,WLI,mmd_fusion_w1.0,0,0,0.25,0.002593580887303923,0.26621611511509014,0.8812480031719185,0.3436279296875
病例78,near,WLI,mmd_fusion_w1.0,0,0,0.3,0.011795805381680341,0.20788548342851443,0.8999670682811914,0.3252631293402778
病例78,near,WLI,mmd_fusion_w1.0,0,0,0.35,0.022244943764183647,0.18504202099802988,0.9041579226519104,0.3162095811631944
病例78,near,WLI,mmd_fusion_w1.0,0,0,0.4,0.030649143370158855,0.16970498017406918,0.9063352531059454,0.30975341796875
病例78,near,WLI,mmd_fusion_w1.0,0,0,0.45,0.038205441532207784,0.1563630015711115,0.9081426014871101,0.3040703667534722
病例78,near,WLI,mmd_fusion_w1.0,0,0,0.5,0.04566198658320656,0.14312077607920398,0.9099945307101633,0.2984415690104167
病例78,near,WLI,mmd_fusion_w1.0,0,0,0.55,0.10351879099229407,0.10681064365694905,0.8950080916209449,0.2728339301215278
病例78,near,WLI,mmd_fusion_w1.0,0,0,0.6,0.1336192922516771,0.09072545450011223,0.8853691480403612,0.2602742513020833
病例78,near,WLI,mmd_fusion_w1.0,0,0,0.65,0.1519239881293798,0.08214668694979925,0.8787338501280636,0.2529635959201389
病例78,near,WLI,mmd_fusion_w1.0,0,0,0.7,0.16761016484201602,0.06970248634629292,0.875235997481546,0.24531385633680555
病例78,near,WLI,mmd_fusion_w1.0,0,0,0.75,0.18673782388588245,0.05613606324347241,0.8700791078015634,0.2364230685763889
病例78,near,WLI,mmd_fusion_w1.0,0,0,0.8,0.20940671837202923,0.04581161624978179,0.8610228414665512,0.2274509006076389
病例78,near,WLI,mmd_fusion_w1.0,0,0,0.85,0.24294870196264245,0.030200254370433176,0.8471681527050844,0.2140842013888889
病例78,near,WLI,mmd_fusion_w1.0,0,0,0.9,0.31507020125190155,0.01224469438140602,0.8071412827847959,0.18958875868055555
病例78,near,WLI,mmd_fusion_w1.0,0,0,0.95,0.4805855507618644,0.00017456794433776403,0.6836249056344839,0.14129638671875
病例78,near,NBI,mmd_fusion_w1.0,0,0,0.05,0.0,0.9178025179481843,0.6854473487141687,1.0
病例78,near,NBI,mmd_fusion_w1.0,0,0,0.1,0.0,0.9178025179481843,0.6854473487141687,1.0
病例78,near,NBI,mmd_fusion_w1.0,0,0,0.15,0.0,0.2705883883050671,0.8808289561860221,0.6625230577256944
病例78,near,NBI,mmd_fusion_w1.0,0,0,0.2,0.0,0.15141504526063884,0.9296207184218588,0.6003824869791666
病例78,near,NBI,mmd_fusion_w1.0,0,0,0.25,0.0,0.13381802101758403,0.9372870508634156,0.5912068684895834
病例78,near,NBI,mmd_fusion_w1.0,0,0,0.3,0.0,0.1121111226719384,0.9469198748731823,0.5798882378472222
病例78,near,NBI,mmd_fusion_w1.0,0,0,0.35,0.0,0.09705025491624181,0.9537205869578178,0.5720350477430556
病例78,near,NBI,mmd_fusion_w1.0,0,0,0.4,0.00029913640620122774,0.08569607741129956,0.958763143779572,0.5659586588541666
病例78,near,NBI,mmd_fusion_w1.0,0,0,0.45,0.0009234210800124857,0.07637082509624389,0.9627577909091143,0.5607706705729166
病例78,near,NBI,mmd_fusion_w1.0,0,0,0.5,0.0016127354073457497,0.0667204245135782,0.9669106069951462,0.5553792317708334
病例78,near,NBI,mmd_fusion_w1.0,0,0,0.55,0.033568307148059515,0.04167100197690147,0.9625321407515836,0.5256551106770834
病例78,near,NBI,mmd_fusion_w1.0,0,0,0.6,0.04623608365414629,0.0323977733846634,0.9604091361510815,0.5142144097222222
病例78,near,NBI,mmd_fusion_w1.0,0,0,0.65,0.054715950473415875,0.023995942149620225,0.960030116104878,0.5054117838541666
病例78,near,NBI,mmd_fusion_w1.0,0,0,0.7,0.06636926438455935,0.019014670689834565,0.9562726879135736,0.4967380099826389
病例78,near,NBI,mmd_fusion_w1.0,0,0,0.75,0.083992300489023,0.01496982624076579,0.9487502441580742,0.4854397243923611
病例78,near,NBI,mmd_fusion_w1.0,0,0,0.8,0.1077411299552596,0.0097024243054833,0.9382513436993543,0.4703097873263889
病例78,near,NBI,mmd_fusion_w1.0,0,0,0.85,0.15417230256997191,0.004382998647383207,0.9143041916497977,0.4433254665798611
病例78,near,NBI,mmd_fusion_w1.0,0,0,0.9,0.26091197586099263,0.0015997294766413484,0.8491908127730172,0.3862169053819444
病例78,near,NBI,mmd_fusion_w1.0,0,0,0.95,0.5189236291749038,7.803558422640724e-05,0.649596515721706,0.2508884006076389
病例81,far,WLI,mmd_fusion_w1.0,0,0,0.05,0.0,14.190687132996807,0.12352780234525713,1.0
病例81,far,WLI,mmd_fusion_w1.0,0,0,0.1,0.0,14.190687132996807,0.12352780234525713,1.0
病例81,far,WLI,mmd_fusion_w1.0,0,0,0.15,0.013186360358504172,7.988977026887813,0.1978416894715776,0.5908745659722222
病例81,far,WLI,mmd_fusion_w1.0,0,0,0.2,0.13268775110744824,3.3717935510456374,0.3310917099254147,0.2790595160590278
病例81,far,WLI,mmd_fusion_w1.0,0,0,0.25,0.14711033274956217,3.017616153291439,0.3502263209096192,0.2547946506076389
病例81,far,WLI,mmd_fusion_w1.0,0,0,0.3,0.24157824250540846,2.0718038528896674,0.39601936524906933,0.1863132052951389
病例81,far,WLI,mmd_fusion_w1.0,0,0,0.35,0.2781497888121974,1.709487998351705,0.42073976221802345,0.16005452473958334
病例81,far,WLI,mmd_fusion_w1.0,0,0,0.4,0.3096734315442464,1.415576388173483,0.44452552323312705,0.13863118489583334
病例81,far,WLI,mmd_fusion_w1.0,0,0,0.45,0.3352220047388483,1.200885958586587,0.4639608872255672,0.12281629774305555
病例81,far,WLI,mmd_fusion_w1.0,0,0,0.5,0.36046152261254766,0.9979396311939838,0.48496211233307956,0.10779486762152778
病例81,far,WLI,mmd_fusion_w1.0,0,0,0.55,0.44400947769650767,0.5841145565056145,0.5195917974366054,0.07505289713541667
病例81,far,WLI,mmd_fusion_w1.0,0,0,0.6,0.46852786648810135,0.5028330071082724,0.5225097483135539,0.0680881076388889
病例81,far,WLI,mmd_fusion_w1.0,0,0,0.65,0.4827444112496137,0.45256000824147524,0.5251817373540861,0.0638427734375
病例81,far,WLI,mmd_fusion_w1.0,0,0,0.7,0.4960337900484187,0.4131039456062635,0.5257671019370962,0.060370551215277776
病例81,far,WLI,mmd_fusion_w1.0,0,0,0.75,0.5087050582054188,0.37158751416503555,0.527456727310029,0.056803385416666664
病例81,far,WLI,mmd_fusion_w1.0,0,0,0.8,0.5272483774595652,0.3153394457607912,0.5287780146308187,0.0518798828125
病例81,far,WLI,mmd_fusion_w1.0,0,0,0.85,0.5593901308334192,0.22921602966931082,0.5277315071841092,0.04409450954861111
病例81,far,WLI,mmd_fusion_w1.0,0,0,0.9,0.6147110332749562,0.10240032965900896,0.5179696696868779,0.0321044921875
病例81,far,WLI,mmd_fusion_w1.0,0,0,0.95,0.7613062738230143,0.0,0.38539587491362776,0.015713161892361112
病例81,far,NBI,mmd_fusion_w1.0,0,0,0.05,0.0,6.344523584200827,0.23967815296076614,1.0
病例81,far,NBI,mmd_fusion_w1.0,0,0,0.1,0.0,6.344523584200827,0.23967815296076614,1.0
病例81,far,NBI,mmd_fusion_w1.0,0,0,0.15,0.0009463565273696269,3.0715246301738306,0.39405905581384054,0.5542331271701388
病例81,far,NBI,mmd_fusion_w1.0,0,0,0.2,0.029337052348458435,0.8740349653832744,0.6824365731082548,0.2511664496527778
病例81,far,NBI,mmd_fusion_w1.0,0,0,0.25,0.032873437266523885,0.6805797678936096,0.7305391474458585,0.22434488932291666
病例81,far,NBI,mmd_fusion_w1.0,0,0,0.3,0.07864720824824425,0.3026846640434328,0.8285407148597408,0.1666598849826389
病例81,far,NBI,mmd_fusion_w1.0,0,0,0.35,0.11650146934302934,0.2031179957164915,0.8468240517488678,0.14794921875
病例81,far,NBI,mmd_fusion_w1.0,0,0,0.4,0.1751755740399462,0.15360860686357525,0.8338158656609003,0.13321940104166666
病例81,far,NBI,mmd_fusion_w1.0,0,0,0.45,0.21078846441201374,0.12252826617522539,0.8256474389015016,0.12413872612847222
病例81,far,NBI,mmd_fusion_w1.0,0,0,0.5,0.23668874831897196,0.10942869950689844,0.8151812548184388,0.11882866753472222
病例81,far,NBI,mmd_fusion_w1.0,0,0,0.55,0.3462170643024356,0.083428799123375,0.752680772977944,0.1003757052951389
病例81,far,NBI,mmd_fusion_w1.0,0,0,0.6,0.37047367634606765,0.07272002789261343,0.73964185393042,0.0956149631076389
病例81,far,NBI,mmd_fusion_w1.0,0,0,0.65,0.38551576430741646,0.06554764157991731,0.7315149718329929,0.09259033203125
病例81,far,NBI,mmd_fusion_w1.0,0,0,0.7,0.39921302983513474,0.05917218707974299,0.723857532929085,0.08985731336805555
病例81,far,NBI,mmd_fusion_w1.0,0,0,0.75,0.4133585695073965,0.051103252477959854,0.7164015692931589,0.08683268229166667
病例81,far,NBI,mmd_fusion_w1.0,0,0,0.8,0.4297952881406585,0.04173930368082881,0.7074745851722415,0.08331976996527778
病例81,far,NBI,mmd_fusion_w1.0,0,0,0.85,0.4561438461921602,0.029884942969567167,0.6911634384077378,0.07811821831597222
病例81,far,NBI,mmd_fusion_w1.0,0,0,0.9,0.5051551526622503,0.014992279723066194,0.6554943423592007,0.06941731770833333
病例81,far,NBI,mmd_fusion_w1.0,0,0,0.95,0.6111470837276486,0.0023907954375653735,0.5590004296127774,0.05327012803819445
病例81,near,WLI,mmd_fusion_w1.0,0,0,0.05,0.0,3.6009547879809043,0.3570819754322403,1.0
病例81,near,WLI,mmd_fusion_w1.0,0,0,0.1,0.0,3.6009547879809043,0.3570819754322403,1.0
病例81,near,WLI,mmd_fusion_w1.0,0,0,0.15,0.017629255202970453,1.263097132515835,0.6053800449933611,0.4880438910590278
病例81,near,WLI,mmd_fusion_w1.0,0,0,0.2,0.0533870011544822,0.35860713282785733,0.8212777476978597,0.2836846245659722
病例81,near,WLI,mmd_fusion_w1.0,0,0,0.25,0.0772567006770882,0.2691503635058816,0.8419599134482947,0.2590535481770833
病例81,near,WLI,mmd_fusion_w1.0,0,0,0.3,0.16899123217573092,0.1577584324003869,0.8357024067262298,0.21490478515625
病例81,near,WLI,mmd_fusion_w1.0,0,0,0.35,0.21223751131080532,0.11638428656120316,0.8274178219106161,0.19651285807291666
病例81,near,WLI,mmd_fusion_w1.0,0,0,0.4,0.25451652157633625,0.08430840275827639,0.8148287093074794,0.1803521050347222
病例81,near,WLI,mmd_fusion_w1.0,0,0,0.45,0.2814440388155637,0.06908171861836562,0.8039167772100748,0.17119004991319445
病例81,near,WLI,mmd_fusion_w1.0,0,0,0.5,0.3027551561671191,0.05968984991731411,0.7937060453207471,0.1645168728298611
病例81,near,WLI,mmd_fusion_w1.0,0,0,0.55,0.3953321476489126,0.031108614933383256,0.7393037672851897,0.13818359375
病例81,near,WLI,mmd_fusion_w1.0,0,0,0.6,0.4252862803831633,0.023245655090642452,0.7193095503080872,0.12996419270833334
病例81,near,WLI,mmd_fusion_w1.0,0,0,0.65,0.4412618178414303,0.01990701737963743,0.7078704984766813,0.1257663302951389
病例81,near,WLI,mmd_fusion_w1.0,0,0,0.7,0.45745577085088457,0.017754064089363163,0.6954365476128955,0.12177870008680555
病例81,near,WLI,mmd_fusion_w1.0,0,0,0.75,0.47492901494586415,0.015913133015070673,0.681474882052602,0.1175808376736111
病例81,near,WLI,mmd_fusion_w1.0,0,0,0.8,0.49602171674623236,0.014633841929545383,0.6637353605903765,0.11271837022569445
病例81,near,WLI,mmd_fusion_w1.0,0,0,0.85,0.5250085806109395,0.011950450872102093,0.6388836428483079,0.1058349609375
病例81,near,WLI,mmd_fusion_w1.0,0,0,0.9,0.5781459639926363,0.009485475365846048,0.5894534911590926,0.09375
病例81,near,WLI,mmd_fusion_w1.0,0,0,0.95,0.7008955037598678,0.006895690973197291,0.45804663608453255,0.06650797526041667
病例81,near,NBI,mmd_fusion_w1.0,0,0,0.05,0.0,2.928598071082219,0.40579490783263644,1.0
病例81,near,NBI,mmd_fusion_w1.0,0,0,0.1,0.0,2.928598071082219,0.40579490783263644,1.0
病例81,near,NBI,mmd_fusion_w1.0,0,0,0.15,0.0007193477913358555,1.2107422603506155,0.6226003236912291,0.5625474717881944
病例81,near,NBI,mmd_fusion_w1.0,0,0,0.2,0.003197101294826024,0.3924441839398945,0.8344075470005637,0.3536241319444444
病例81,near,NBI,mmd_fusion_w1.0,0,0,0.25,0.0054617147119944585,0.33524271327329885,0.8537611783262199,0.3384874131944444
病例81,near,NBI,mmd_fusion_w1.0,0,0,0.3,0.03991048116374487,0.19515639153833858,0.890932690523653,0.2940606011284722
病例81,near,NBI,mmd_fusion_w1.0,0,0,0.35,0.07819576916928651,0.1623328182447914,0.8845908010113203,0.2759602864583333
病例81,near,NBI,mmd_fusion_w1.0,0,0,0.4,0.09990941546331326,0.13776842329621145,0.8833688504217817,0.2641805013020833
病例81,near,NBI,mmd_fusion_w1.0,0,0,0.45,0.11642777215324772,0.11773325518196835,0.8829958597908822,0.2548760308159722
病例81,near,NBI,mmd_fusion_w1.0,0,0,0.5,0.13209356849789525,0.09748494698140353,0.883189415606985,0.2457343207465278
病例81,near,NBI,mmd_fusion_w1.0,0,0,0.55,0.21956093142217722,0.06189055256567379,0.8472306579886518,0.2144097222222222
病例81,near,NBI,mmd_fusion_w1.0,0,0,0.6,0.24138114775936484,0.05149997335748921,0.8381978481317052,0.2062106662326389
病例81,near,NBI,mmd_fusion_w1.0,0,0,0.65,0.2544093355357809,0.04569190600522193,0.8324657167492154,0.201416015625
病例81,near,NBI,mmd_fusion_w1.0,0,0,0.7,0.2660787552618959,0.04025683380401769,0.82733661700981,0.19706217447916666
病例81,near,NBI,mmd_fusion_w1.0,0,0,0.75,0.27977300580806735,0.03452869398412106,0.8208857780532,0.19211832682291666
病例81,near,NBI,mmd_fusion_w1.0,0,0,0.8,0.2967442851814355,0.028987051739755954,0.8119597649869083,0.18638780381944445
病例81,near,NBI,mmd_fusion_w1.0,0,0,0.85,0.3245324239356317,0.02296584430116694,0.7954007121667863,0.17778184678819445
病例81,near,NBI,mmd_fusion_w1.0,0,0,0.9,0.3698513347897906,0.013934033143283424,0.7665656549275364,0.1639472113715278
病例81,near,NBI,mmd_fusion_w1.0,0,0,0.95,0.4699472478286354,0.0030638887408749402,0.6914708744600802,0.13570149739583334
病例9,far,WLI,mmd_fusion_w1.0,0,0,0.05,0.0,19.672367867657368,0.09228340955689456,1.0
病例9,far,WLI,mmd_fusion_w1.0,0,0,0.1,0.0,19.672367867657368,0.09228340955689456,1.0
病例9,far,WLI,mmd_fusion_w1.0,0,0,0.15,0.0,11.652600588812561,0.1464922369176184,0.6120537651909722
病例9,far,WLI,mmd_fusion_w1.0,0,0,0.2,0.0,6.8223748773307165,0.22669632925436722,0.3783976236979167
病例9,far,WLI,mmd_fusion_w1.0,0,0,0.25,0.02845927379784102,6.038693396887705,0.2425748639231276,0.339111328125
病例9,far,WLI,mmd_fusion_w1.0,0,0,0.3,0.3035188560213094,4.251927660171036,0.2341739335370394,0.2393731011284722
病例9,far,WLI,mmd_fusion_w1.0,0,0,0.35,0.3772606196551241,3.3472592177204543,0.2505994189155437,0.1920437282986111
病例9,far,WLI,mmd_fusion_w1.0,0,0,0.4,0.45072199635496984,2.6847048927519976,0.2594616072306895,0.1564398871527778
病例9,far,WLI,mmd_fusion_w1.0,0,0,0.45,0.4988083555306323,2.2201037431655686,0.26936407474280677,0.13163926866319445
病例9,far,WLI,mmd_fusion_w1.0,0,0,0.5,0.5372213654843684,1.9998598065330155,0.26729827118398597,0.11912706163194445
病例9,far,WLI,mmd_fusion_w1.0,0,0,0.55,0.7026496565260059,0.8561615028739661,0.2761538962289164,0.05579969618055555
病例9,far,WLI,mmd_fusion_w1.0,0,0,0.6,0.7539604654423104,0.49544371232300577,0.2825631943303609,0.035868326822916664
病例9,far,WLI,mmd_fusion_w1.0,0,0,0.65,0.7852236085798402,0.3817468105986261,0.2690551457651119,0.028856065538194444
病例9,far,WLI,mmd_fusion_w1.0,0,0,0.7,0.8112995934389458,0.3070236926959204,0.2523198050402819,0.023980034722222224
病例9,far,WLI,mmd_fusion_w1.0,0,0,0.75,0.838216739099958,0.22094490396747513,0.23400588056135044,0.018513997395833332
病例9,far,WLI,mmd_fusion_w1.0,0,0,0.8,0.8704612365063789,0.12897798962568344,0.20585941851168696,0.012505425347222222
病例9,far,WLI,mmd_fusion_w1.0,0,0,0.85,0.9171456610121969,0.03911397728865835,0.14769461451770968,0.005900065104166667
病例9,far,WLI,mmd_fusion_w1.0,0,0,0.9,1.0,0.0,0.0,0.0
病例9,far,WLI,mmd_fusion_w1.0,0,0,0.95,1.0,0.0,0.0,0.0
病例9,far,NBI,mmd_fusion_w1.0,0,0,0.05,0.0,35.91937906860291,0.05274347969623457,1.0
病例9,far,NBI,mmd_fusion_w1.0,0,0,0.1,0.0,35.91937906860291,0.05274347969623457,1.0
病例9,far,NBI,mmd_fusion_w1.0,0,0,0.15,0.0,25.788432648973462,0.0719723931630984,0.7255927191840278
病例9,far,NBI,mmd_fusion_w1.0,0,0,0.2,0.0,13.455933900851276,0.1294001393139113,0.3915540907118056
病例9,far,NBI,mmd_fusion_w1.0,0,0,0.25,0.0,10.835002503755634,0.1558238885743015,0.3205634223090278
病例9,far,NBI,mmd_fusion_w1.0,0,0,0.3,0.0,7.124937406109164,0.21917958567644621,0.22007242838541666
病例9,far,NBI,mmd_fusion_w1.0,0,0,0.35,0.0,6.164747120681022,0.24495553511117768,0.1940646701388889
病例9,far,NBI,mmd_fusion_w1.0,0,0,0.4,0.0,5.438657986980471,0.2688657017830062,0.17439778645833334
病例9,far,NBI,mmd_fusion_w1.0,0,0,0.45,0.0,4.8149724586880325,0.293471472132358,0.1575046115451389
病例9,far,NBI,mmd_fusion_w1.0,0,0,0.5,0.0,4.253380070105158,0.31982703395131395,0.14229329427083334
病例9,far,NBI,mmd_fusion_w1.0,0,0,0.55,0.0,2.3918377566349522,0.4553902286046668,0.09187147352430555
病例9,far,NBI,mmd_fusion_w1.0,0,0,0.6,0.0,2.0728592889334,0.4910555111545395,0.08323160807291667
病例9,far,NBI,mmd_fusion_w1.0,0,0,0.65,0.0,1.857536304456685,0.5184656325013405,0.07739935980902778
病例9,far,NBI,mmd_fusion_w1.0,0,0,0.7,0.0,1.6169253880821233,0.5529558355215772,0.07088216145833333
病例9,far,NBI,mmd_fusion_w1.0,0,0,0.75,0.0,1.3174762143214822,0.6028679245237519,0.0627712673611111
病例9,far,NBI,mmd_fusion_w1.0,0,0,0.8,0.005508262393590386,0.9764646970455684,0.6694758132422932,0.053385416666666664
病例9,far,NBI,mmd_fusion_w1.0,0,0,0.85,0.02528793189784677,0.7223335002503756,0.7227998514600557,0.045966254340277776
病例9,far,NBI,mmd_fusion_w1.0,0,0,0.9,0.07661492238357537,0.4887330996494742,0.7656217562718951,0.038248697916666664
病例9,far,NBI,mmd_fusion_w1.0,0,0,0.95,0.29844767150726087,0.17526289434151227,0.7475987193069957,0.023749457465277776
病例9,near,WLI,mmd_fusion_w1.0,0,0,0.05,0.0,6.119694848148327,0.24631467529286583,1.0
病例9,near,WLI,mmd_fusion_w1.0,0,0,0.1,0.0,6.119694848148327,0.24631467529286583,1.0
病例9,near,WLI,mmd_fusion_w1.0,0,0,0.15,0.0,3.14176041716962,0.3889718379953339,0.5817328559027778
病例9,near,WLI,mmd_fusion_w1.0,0,0,0.2,0.0001448505625030177,2.23055381198397,0.47269905040121357,0.4537285698784722
病例9,near,WLI,mmd_fusion_w1.0,0,0,0.25,0.0006276857708464101,2.1507894355656414,0.48160644065374314,0.4424574110243056
病例9,near,WLI,mmd_fusion_w1.0,0,0,0.3,0.002221041958379605,1.8557288397469944,0.5178549053996769,0.4007907443576389
病例9,near,WLI,mmd_fusion_w1.0,0,0,0.35,0.008546183187678046,1.6704166867848003,0.5415012987690807,0.3738742404513889
病例9,near,WLI,mmd_fusion_w1.0,0,0,0.4,0.021969001979624356,1.5080392062189174,0.5611080332402201,0.34918212890625
病例9,near,WLI,mmd_fusion_w1.0,0,0,0.45,0.061513205542948195,1.3880546569455845,0.5642417556889163,0.3267754448784722
病例9,near,WLI,mmd_fusion_w1.0,0,0,0.5,0.10858963835642894,1.2632417555888176,0.5651401983583857,0.3026326497395833
病例9,near,WLI,mmd_fusion_w1.0,0,0,0.55,0.28134807590169475,0.8087489739751823,0.5686885089300435,0.2145317925347222
病例9,near,WLI,mmd_fusion_w1.0,0,0,0.6,0.3522282844865048,0.6372941914924436,0.5669610784757492,0.18049452039930555
病例9,near,WLI,mmd_fusion_w1.0,0,0,0.65,0.3857853314663705,0.5536671334073681,0.5666495913036668,0.1640353732638889
病例9,near,WLI,mmd_fusion_w1.0,0,0,0.7,0.4102167930085462,0.493167881801941,0.5662957811762487,0.1521063910590278
病例9,near,WLI,mmd_fusion_w1.0,0,0,0.75,0.43469653807155617,0.4512095021969002,0.5606742649158111,0.14277479383680555
病例9,near,WLI,mmd_fusion_w1.0,0,0,0.8,0.458162329197045,0.41673506832118196,0.553298491271686,0.1346367730034722
病例9,near,WLI,mmd_fusion_w1.0,0,0,0.85,0.4901260199893776,0.37805996813287623,0.5401396383710387,0.12471516927083333
病例9,near,WLI,mmd_fusion_w1.0,0,0,0.9,0.5494664670947805,0.3244652600067597,0.507643762579545,0.1088528103298611
病例9,near,WLI,mmd_fusion_w1.0,0,0,0.95,0.6930616580561054,0.22630486215054801,0.4003778932438974,0.07489691840277778
病例9,near,NBI,mmd_fusion_w1.0,0,0,0.05,0.0,17.531607389719742,0.1023981262828062,1.0
病例9,near,NBI,mmd_fusion_w1.0,0,0,0.1,0.0,17.531607389719742,0.1023981262828062,1.0
病例9,near,NBI,mmd_fusion_w1.0,0,0,0.15,0.0,7.012064848561016,0.22192472353509055,0.4323459201388889
病例9,near,NBI,mmd_fusion_w1.0,0,0,0.2,0.0,1.954505466884504,0.5057522405119629,0.1594306098090278
病例9,near,NBI,mmd_fusion_w1.0,0,0,0.25,0.0,1.5625235641573458,0.5613997953908301,0.1382785373263889
病例9,near,NBI,mmd_fusion_w1.0,0,0,0.3,0.0,1.08772150307905,0.6477268102053493,0.11265733506944445
病例9,near,NBI,mmd_fusion_w1.0,0,0,0.35,0.0013824305642830212,0.8961920321729295,0.6899366154350528,0.10224745008680555
病例9,near,NBI,mmd_fusion_w1.0,0,0,0.4,0.0028905366344099534,0.7338192786225964,0.7302346985700403,0.09340413411458333
病例9,near,NBI,mmd_fusion_w1.0,0,0,0.45,0.0037702651753173306,0.6362950860877215,0.7568625578805707,0.08809407552083333
病例9,near,NBI,mmd_fusion_w1.0,0,0,0.5,0.00967701394998115,0.5713208495664195,0.7731933473935476,0.08426920572916667
病例9,near,NBI,mmd_fusion_w1.0,0,0,0.55,0.19203217292949604,0.3385698127434963,0.7528103044452411,0.061869303385416664
病例9,near,NBI,mmd_fusion_w1.0,0,0,0.6,0.2347618449164258,0.2670604499183109,0.7530764949554568,0.055704752604166664
病例9,near,NBI,mmd_fusion_w1.0,0,0,0.65,0.25688073394495414,0.23124293075279628,0.7527689369780218,0.05257839626736111
病例9,near,NBI,mmd_fusion_w1.0,0,0,0.7,0.27447530476310167,0.2018348623853211,0.7528690662444387,0.050042046440972224
病例9,near,NBI,mmd_fusion_w1.0,0,0,0.75,0.2973482468266935,0.1697876083951238,0.7505201691338309,0.047078450520833336
病例9,near,NBI,mmd_fusion_w1.0,0,0,0.8,0.3261279376649491,0.1366092748523313,0.7444120505293321,0.04373508029513889
病例9,near,NBI,mmd_fusion_w1.0,0,0,0.85,0.3784089480960161,0.08734447656151816,0.7274599205712056,0.03825547960069445
病例9,near,NBI,mmd_fusion_w1.0,0,0,0.9,0.49327636043735074,0.025260776674626114,0.6615258408477315,0.028706868489583332
病例9,near,NBI,mmd_fusion_w1.0,0,0,0.95,0.8293326630639688,0.0,0.2915727321493121,0.009209526909722222
