case,scale,ref_modality,config,fold,seed,threshold,missed_frac,over_ratio,dice,pred_area_frac
病例15,far,WLI,mid_fusion_wide,2,1,0.05,0.0,17.08166768853464,0.10481264177975541,1.0
病例15,far,WLI,mid_fusion_wide,2,1,0.1,0.0,2.0767627222562846,0.4905853335724881,0.1701592339409722
病例15,far,WLI,mid_fusion_wide,2,1,0.15,0.0,1.8323727774371552,0.5218699004878832,0.1566433376736111
病例15,far,WLI,mid_fusion_wide,2,1,0.2,0.0,1.055548743102391,0.6545469138748914,0.1136813693576389
病例15,far,WLI,mid_fusion_wide,2,1,0.25,0.0003678724708767627,0.9128142244022073,0.686455307142072,0.10576714409722222
病例15,far,WLI,mid_fusion_wide,2,1,0.3,0.0009809932556713672,0.8772532188841202,0.6946623465181844,0.10376654730902778
病例15,far,WLI,mid_fusion_wide,2,1,0.35,0.0017167381974248926,0.8516247700797057,0.7005722645294928,0.10230848524305555
病例15,far,WLI,mid_fusion_wide,2,1,0.4,0.0029429797670141016,0.8279583077866339,0.7058772462856764,0.10093180338541667
病例15,far,WLI,mid_fusion_wide,2,1,0.45,0.004904966278356836,0.8094420600858369,0.7096322854238571,0.09979926215277778
病例15,far,WLI,mid_fusion_wide,2,1,0.5,0.011526670754138565,0.5057020232985898,0.7926253687276665,0.08263481987847222
病例15,far,WLI,mid_fusion_wide,2,1,0.55,0.014469650521152667,0.4580012262415696,0.8066442515139928,0.079833984375
病例15,far,WLI,mid_fusion_wide,2,1,0.6,0.0187614960147149,0.41361128142244025,0.8194572452595009,0.07714165581597222
病例15,far,WLI,mid_fusion_wide,2,1,0.65,0.024770079705702025,0.3726548129981606,0.8307306627626744,0.07454427083333333
病例15,far,WLI,mid_fusion_wide,2,1,0.7,0.03543838136112814,0.32814224402207237,0.8414184093659869,0.07149251302083333
病例15,far,WLI,mid_fusion_wide,2,1,0.75,0.04794604537093807,0.27664009809932555,0.8543603851397283,0.06795247395833333
病例15,far,WLI,mid_fusion_wide,2,1,0.8,0.06891477621091355,0.2153280196198651,0.8675731261376395,0.06340196397569445
病例15,far,WLI,mid_fusion_wide,2,1,0.85,0.12348252605763335,0.14678111587982834,0.8664242424189913,0.05659315321180555
病例15,far,WLI,mid_fusion_wide,2,1,0.9,0.2556713672593501,0.02673206621704476,0.8405455930150207,0.042643229166666664
病例15,far,WLI,mid_fusion_wide,2,1,0.95,0.7061925199264255,0.0,0.45417495971515326,0.016248914930555556
病例15,far,NBI,mid_fusion_wide,2,1,0.05,0.0,9.555945307466533,0.17307108564338047,1.0
病例15,far,NBI,mid_fusion_wide,2,1,0.1,0.018970577707781516,1.281408833846374,0.6014087288512904,0.2143283420138889
病例15,far,NBI,mid_fusion_wide,2,1,0.15,0.03092562101796836,1.1531247762903571,0.6207639748690311,0.2010430230034722
病例15,far,NBI,mid_fusion_wide,2,1,0.2,0.167585367599685,0.6875939580499678,0.6606442815730338,0.14399549696180555
病例15,far,NBI,mid_fusion_wide,2,1,0.25,0.24776290357219558,0.5691889183191352,0.6480819045249535,0.12518310546875
病例15,far,NBI,mid_fusion_wide,2,1,0.3,0.2574271601403107,0.5537261078101511,0.6467562427887684,0.122802734375
病例15,far,NBI,mid_fusion_wide,2,1,0.35,0.2660891975087694,0.5429164578710001,0.6446785096662642,0.12095811631944445
病例15,far,NBI,mid_fusion_wide,2,1,0.4,0.2727467964779154,0.5327510917030568,0.6435856826080343,0.11936442057291667
病例15,far,NBI,mid_fusion_wide,2,1,0.45,0.27954756961844085,0.5229436609635622,0.6422873189079,0.11779106987847222
病例15,far,NBI,mid_fusion_wide,2,1,0.5,0.45278831698761546,0.343761185482139,0.5787620670051912,0.08440483940972222
病例15,far,NBI,mid_fusion_wide,2,1,0.55,0.4696112821247047,0.3252917173741857,0.5716379908935589,0.08106146918402778
病例15,far,NBI,mid_fusion_wide,2,1,0.6,0.4842866346911017,0.3106879518934784,0.5647317054028741,0.07828776041666667
病例15,far,NBI,mid_fusion_wide,2,1,0.65,0.4996062710287064,0.2955114897272532,0.5572607326481553,0.07539876302083333
病例15,far,NBI,mid_fusion_wide,2,1,0.7,0.5171451070226931,0.2787601116758537,0.548195708710386,0.07215033637152778
病例15,far,NBI,mid_fusion_wide,2,1,0.75,0.5388359939866848,0.2581430309972081,0.5364533455446706,0.0681423611111111
病例15,far,NBI,mid_fusion_wide,2,1,0.8,0.5668981315770635,0.23344548643424726,0.5197594501695887,0.0631442599826389
病例15,far,NBI,mid_fusion_wide,2,1,0.85,0.6108526021905648,0.19715083398954827,0.4906358590166946,0.0555419921875
病例15,far,NBI,mid_fusion_wide,2,1,0.9,0.7081394516429236,0.10988617653375331,0.4164240845696521,0.03805881076388889
病例15,far,NBI,mid_fusion_wide,2,1,0.95,0.938793041735271,0.0005726966855179326,0.11529126213514501,0.005852593315972222
病例15,near,WLI,mid_fusion_wide,2,1,0.05,0.0,5.12333374859848,0.28076741461009536,1.0
病例15,near,WLI,mid_fusion_wide,2,1,0.1,0.2159378763340393,0.3794692911423944,0.7247984644899715,0.19001600477430555
病例15,near,WLI,mid_fusion_wide,2,1,0.15,0.2429301108757942,0.3327519621278186,0.7245305514143576,0.177978515625
病例15,near,WLI,mid_fusion_wide,2,1,0.2,0.40455130600888667,0.21473360740833022,0.6578880961651307,0.13231065538194445
病例15,near,WLI,mid_fusion_wide,2,1,0.25,0.4557119720941821,0.16955275943690046,0.6351675510633734,0.1165771484375
病例15,near,WLI,mid_fusion_wide,2,1,0.3,0.4640172750301067,0.16498484282214193,0.6302092234060931,0.1144748263888889
病例15,near,WLI,mid_fusion_wide,2,1,0.35,0.46987251359993354,0.16108135044225738,0.6269213770057778,0.1128811306423611
病例15,near,WLI,mid_fusion_wide,2,1,0.4,0.47477264233212907,0.15796686184128567,0.6240840796372731,0.111572265625
病例15,near,WLI,mid_fusion_wide,2,1,0.45,0.4797142975790042,0.1551015323283917,0.6210930722502885,0.11029730902777778
病例15,near,WLI,mid_fusion_wide,2,1,0.5,0.5393048461442631,0.0045263901000789,0.6288402675415802,0.07597520616319445
病例15,near,WLI,mid_fusion_wide,2,1,0.55,0.5515966944894315,0.004401810556040032,0.6172931256235035,0.0739474826388889
病例15,near,WLI,mid_fusion_wide,2,1,0.6,0.5615215314978614,0.004401810556040032,0.6077821907540212,0.07232666015625
病例15,near,WLI,mid_fusion_wide,2,1,0.65,0.5724845313732818,0.004401810556040032,0.5971231367072759,0.07053629557291667
病例15,near,WLI,mid_fusion_wide,2,1,0.7,0.5847763797184502,0.004401810556040032,0.5849763060885012,0.06852891710069445
病例15,near,WLI,mid_fusion_wide,2,1,0.75,0.599559818944396,0.004401810556040032,0.5700857227296184,0.06611463758680555
病例15,near,WLI,mid_fusion_wide,2,1,0.8,0.6178314854034301,0.004401810556040032,0.5512428870902928,0.06313069661458333
病例15,near,WLI,mid_fusion_wide,2,1,0.85,0.6445745608571073,0.004401810556040032,0.5227508703337117,0.05876329210069445
病例15,near,WLI,mid_fusion_wide,2,1,0.9,0.6965242307213155,0.004028071923923425,0.46420631391582223,0.05021837022569445
病例15,near,WLI,mid_fusion_wide,2,1,0.95,0.8579377932810099,0.00024915908807773764,0.24872764286662524,0.023240831163194444
病例15,near,NBI,mid_fusion_wide,2,1,0.05,0.0,2.211149825783972,0.47492967069311864,1.0
病例15,near,NBI,mid_fusion_wide,2,1,0.1,0.0,1.1447517421602786,0.6359802502644359,0.66790771484375
病例15,near,NBI,mid_fusion_wide,2,1,0.15,0.0,1.0006315331010454,0.6665263555141074,0.6230265299479166
病例15,near,NBI,mid_fusion_wide,2,1,0.2,0.03266550522648084,0.6416158536585366,0.7415507124189364,0.5010511610243056
病例15,near,NBI,mid_fusion_wide,2,1,0.25,0.0627177700348432,0.5423344947735191,0.7559896016293508,0.4607747395833333
病例15,near,NBI,mid_fusion_wide,2,1,0.3,0.0665287456445993,0.5327090592334495,0.7570178459466855,0.4565904405381944
病例15,near,NBI,mid_fusion_wide,2,1,0.35,0.06922909407665505,0.5265243902439024,0.7575572275536316,0.4538235134548611
病例15,near,NBI,mid_fusion_wide,2,1,0.4,0.07138501742160279,0.5190331010452962,0.7587814512965241,0.4508192274305556
病例15,near,NBI,mid_fusion_wide,2,1,0.45,0.07345383275261325,0.5137195121951219,0.7593813862581014,0.4485202365451389
病例15,near,NBI,mid_fusion_wide,2,1,0.5,0.3546820557491289,0.08312282229965157,0.7467053042701944,0.22684733072916666
病例15,near,NBI,mid_fusion_wide,2,1,0.55,0.36700783972125434,0.07600174216027875,0.7407775526577969,0.2207912868923611
病例15,near,NBI,mid_fusion_wide,2,1,0.6,0.37737369337979093,0.06983885017421602,0.7357626289910499,0.2156439887152778
病例15,near,NBI,mid_fusion_wide,2,1,0.65,0.3888937282229965,0.06319686411149826,0.7299828312773399,0.2099880642361111
病例15,near,NBI,mid_fusion_wide,2,1,0.7,0.4027656794425087,0.05537891986062718,0.7227756694065955,0.20323350694444445
病例15,near,NBI,mid_fusion_wide,2,1,0.75,0.42121080139372824,0.047168989547038326,0.7119361405754956,0.19493272569444445
病例15,near,NBI,mid_fusion_wide,2,1,0.8,0.44821428571428573,0.03656358885017422,0.6947913953128113,0.1832207573784722
病例15,near,NBI,mid_fusion_wide,2,1,0.85,0.5058580139372822,0.014764808362369338,0.6549668778584552,0.1584811740451389
病例15,near,NBI,mid_fusion_wide,2,1,0.9,0.6963414634146341,0.0002831010452961673,0.46575479733375796,0.09465196397569445
病例15,near,NBI,mid_fusion_wide,2,1,0.95,1.0,0.0,0.0,0.0
病例18,far,WLI,mid_fusion_wide,2,1,0.05,0.0,139.16730038022814,0.014167586931334226,1.0
病例18,far,WLI,mid_fusion_wide,2,1,0.1,0.782319391634981,17.0893536121673,0.023781089360694837,0.12347412109375
病例18,far,WLI,mid_fusion_wide,2,1,0.15,0.7994296577946768,15.963878326996198,0.023370438057133684,0.1153225368923611
病例18,far,WLI,mid_fusion_wide,2,1,0.2,0.8003802281368821,13.106463878326997,0.027906976744000618,0.09493001302083333
病例18,far,WLI,mid_fusion_wide,2,1,0.25,0.8051330798479087,12.460076045627376,0.02854159415225519,0.09028455946180555
病例18,far,WLI,mid_fusion_wide,2,1,0.3,0.8060836501901141,12.29467680608365,0.02875264270592845,0.08909776475694445
病例18,far,WLI,mid_fusion_wide,2,1,0.35,0.8060836501901141,12.154942965779467,0.029053621020942434,0.0881008572048611
病例18,far,WLI,mid_fusion_wide,2,1,0.4,0.8060836501901141,12.020912547528518,0.02934829520911129,0.08714463975694445
病例18,far,WLI,mid_fusion_wide,2,1,0.45,0.8060836501901141,11.901140684410647,0.02961672473846097,0.08629014756944445
病例18,far,WLI,mid_fusion_wide,2,1,0.5,0.8060836501901141,8.997148288973383,0.03805615147805189,0.06557210286458333
病例18,far,WLI,mid_fusion_wide,2,1,0.55,0.8070342205323194,8.654942965779467,0.03918918918881091,0.06312391493055555
病例18,far,WLI,mid_fusion_wide,2,1,0.6,0.8079847908745247,8.374524714828897,0.04014308426033244,0.061116536458333336
病例18,far,WLI,mid_fusion_wide,2,1,0.65,0.8098859315589354,8.049429657794677,0.04115226337406221,0.058783637152777776
病例18,far,WLI,mid_fusion_wide,2,1,0.7,0.8098859315589354,7.684410646387833,0.04284490145626772,0.05617947048611111
病例18,far,WLI,mid_fusion_wide,2,1,0.75,0.8098859315589354,7.238593155893536,0.04511108604888788,0.052998860677083336
病例18,far,WLI,mid_fusion_wide,2,1,0.8,0.8288973384030418,6.599809885931559,0.044036697247167744,0.04830593532986111
病例18,far,WLI,mid_fusion_wide,2,1,0.85,0.8868821292775665,5.623574144486692,0.03358261605709634,0.04092746310763889
病例18,far,WLI,mid_fusion_wide,2,1,0.9,1.0,2.9961977186311786,0.0,0.021375868055555556
病例18,far,WLI,mid_fusion_wide,2,1,0.95,1.0,0.0,0.0,0.0
病例18,far,NBI,mid_fusion_wide,2,1,0.05,0.0,8.076449587590792,0.19848260864241213,1.0
病例18,far,NBI,mid_fusion_wide,2,1,0.1,0.0,0.8645204973531946,0.6981971334621953,0.20542399088541666
病例18,far,NBI,mid_fusion_wide,2,1,0.15,0.000184660839591284,0.6956789363535639,0.7418419309886921,0.1868014865451389
病例18,far,NBI,mid_fusion_wide,2,1,0.2,0.010341007017111905,0.24627600640157576,0.885230557464872,0.13616943359375
病例18,far,NBI,mid_fusion_wide,2,1,0.25,0.01815831589314293,0.16804136402806844,0.9133907864949369,0.12668863932291666
病例18,far,NBI,mid_fusion_wide,2,1,0.3,0.022959497722516313,0.15437646189831344,0.916799029656289,0.12465413411458333
病例18,far,NBI,mid_fusion_wide,2,1,0.35,0.02646805367475071,0.14575895605072017,0.9187336625009621,0.1233181423611111
病例18,far,NBI,mid_fusion_wide,2,1,0.4,0.030284377692970578,0.13929582666502524,0.9195925634039063,0.12218560112847222
病例18,far,NBI,mid_fusion_wide,2,1,0.45,0.03514711313554106,0.13332512618490705,0.9197054595566647,0.12099202473958333
病例18,far,NBI,mid_fusion_wide,2,1,0.5,0.06937092207312569,0.08069678690139111,0.9253886644603826,0.1114230685763889
病例18,far,NBI,mid_fusion_wide,2,1,0.55,0.07995814354302598,0.07041733349747631,0.9244518662803461,0.10912407769097222
病例18,far,NBI,mid_fusion_wide,2,1,0.6,0.09171488366367106,0.06204604210267143,0.9219618869074603,0.1069064670138889
病例18,far,NBI,mid_fusion_wide,2,1,0.65,0.10568755385941155,0.053551643481472365,0.9182493284850111,0.10443115234375
病例18,far,NBI,mid_fusion_wide,2,1,0.7,0.12384586975255447,0.044195494275513975,0.9124943906631434,0.10139973958333333
病例18,far,NBI,mid_fusion_wide,2,1,0.75,0.14803643973901268,0.034593130616767206,0.9031942314564808,0.09767659505208333
病例18,far,NBI,mid_fusion_wide,2,1,0.8,0.18281423119537116,0.02400590914686692,0.887670500130758,0.0926784939236111
病例18,far,NBI,mid_fusion_wide,2,1,0.85,0.24325987935491813,0.008371291394804876,0.8574417631438923,0.08429633246527778
病例18,far,NBI,mid_fusion_wide,2,1,0.9,0.43586113504862734,0.0,0.7213411514669972,0.062154134114583336
病例18,far,NBI,mid_fusion_wide,2,1,0.95,0.8430382863474086,0.0,0.2713343264509931,0.017293294270833332
病例18,near,WLI,mid_fusion_wide,2,1,0.05,0.0,2.3708851499634234,0.45757322175708287,1.0
病例18,near,WLI,mid_fusion_wide,2,1,0.1,0.031775786393562544,0.2249908558888076,0.8829268292673724,0.3539767795138889
病例18,near,WLI,mid_fusion_wide,2,1,0.15,0.037902340892465254,0.18244787856620337,0.8972508554424351,0.33953857421875
病例18,near,WLI,mid_fusion_wide,2,1,0.2,0.08684619604974396,0.08355431602048281,0.9146592782550437,0.2956814236111111
病例18,near,WLI,mid_fusion_wide,2,1,0.25,0.11071232626188734,0.06462600585223116,0.9102630101075085,0.2829861111111111
病例18,near,WLI,mid_fusion_wide,2,1,0.3,0.11375274323335771,0.05977962692026335,0.9108273520728901,0.2806464301215278
病例18,near,WLI,mid_fusion_wide,2,1,0.35,0.11626737381126555,0.05607626188734455,0.9111543220777666,0.2788018120659722
病例18,near,WLI,mid_fusion_wide,2,1,0.4,0.11889630577907827,0.05319586686174104,0.9110312714197284,0.2771674262152778
病例18,near,WLI,mid_fusion_wide,2,1,0.45,0.12125091441111924,0.05036119239209949,0.9110408001221622,0.2756279839409722
病例18,near,WLI,mid_fusion_wide,2,1,0.5,0.19897585954645208,0.024414776883686904,0.8776236036656845,0.244873046875
病例18,near,WLI,mid_fusion_wide,2,1,0.55,0.20574250182882223,0.01943123628383321,0.875847639213396,0.2413872612847222
病例18,near,WLI,mid_fusion_wide,2,1,0.6,0.21205193855157278,0.01563643013899049,0.8737578584454551,0.23838975694444445
病例18,near,WLI,mid_fusion_wide,2,1,0.65,0.22003017556693488,0.012390270665691296,0.8703271475022379,0.23505995008680555
病例18,near,WLI,mid_fusion_wide,2,1,0.7,0.23036302121433797,0.009669897585954644,0.8650975152235976,0.23118760850694445
病例18,near,WLI,mid_fusion_wide,2,1,0.75,0.24524506217995612,0.006995245062179956,0.8568240209679278,0.2259792751736111
病例18,near,WLI,mid_fusion_wide,2,1,0.8,0.26682516459400146,0.004091989758595464,0.8440555299679662,0.2187160915798611
病例18,near,WLI,mid_fusion_wide,2,1,0.85,0.31464886613021215,0.0006629480614484272,0.8129838786207843,0.20351155598958334
病例18,near,WLI,mid_fusion_wide,2,1,0.9,0.46742410387710315,0.0,0.6950075327028311,0.1579928927951389
病例18,near,WLI,mid_fusion_wide,2,1,0.95,0.9429407461594733,0.0,0.10795847750841704,0.016927083333333332
病例18,near,NBI,mid_fusion_wide,2,1,0.05,0.0,6.5321039995913575,0.23440876952444462,1.0
病例18,near,NBI,mid_fusion_wide,2,1,0.1,0.0002043213975583593,0.9975481432292996,0.6671211165823087,0.2651774088541667
病例18,near,NBI,mid_fusion_wide,2,1,0.15,0.0004086427951167186,0.7724370434693774,0.721198496350112,0.2352634006076389
病例18,near,NBI,mid_fusion_wide,2,1,0.2,0.00582315983041324,0.2986157225315421,0.8672191774698854,0.1716376410590278
病例18,near,NBI,mid_fusion_wide,2,1,0.25,0.01174848035960566,0.2142820656893293,0.8973770263668049,0.15965440538194445
病例18,near,NBI,mid_fusion_wide,2,1,0.3,0.014915462021760228,0.20309546917300914,0.9003688314092619,0.1577487521701389
病例18,near,NBI,mid_fusion_wide,2,1,0.35,0.018388925780252335,0.1947182918731164,0.9020795193144109,0.15617540147569445
病例18,near,NBI,mid_fusion_wide,2,1,0.4,0.02038105940644634,0.18741380191040508,0.9041108806314725,0.1549411349826389
病例18,near,NBI,mid_fusion_wide,2,1,0.45,0.02380344281554886,0.18056903509220004,0.9052412192385543,0.15357801649305555
病例18,near,NBI,mid_fusion_wide,2,1,0.5,0.0823415232160188,0.06390151708637687,0.9261980254145691,0.1303168402777778
病例18,near,NBI,mid_fusion_wide,2,1,0.55,0.09531593196097461,0.05281708126883588,0.924325452740138,0.12712266710069445
病例18,near,NBI,mid_fusion_wide,2,1,0.6,0.10798385860959289,0.04413342187260561,0.9214330941301144,0.12428792317708333
病例18,near,NBI,mid_fusion_wide,2,1,0.65,0.12233743678806763,0.03473463758492108,0.9178663960017152,0.12113444010416667
病例18,near,NBI,mid_fusion_wide,2,1,0.7,0.14016447872503449,0.02594881748991163,0.9119128880196329,0.11760118272569445
病例18,near,NBI,mid_fusion_wide,2,1,0.75,0.16422332328753128,0.018184604382693977,0.9016117922554027,0.1133761935763889
病例18,near,NBI,mid_fusion_wide,2,1,0.8,0.19967308576390663,0.010267150227307554,0.8840489759045194,0.10761854383680555
病例18,near,NBI,mid_fusion_wide,2,1,0.85,0.25739388057414314,0.0033713030597129286,0.8506480208277971,0.09903971354166667
病例18,near,NBI,mid_fusion_wide,2,1,0.9,0.41967615058487,0.0,0.7344366151634416,0.07704671223958333
病例18,near,NBI,mid_fusion_wide,2,1,0.95,0.9313990907697809,0.0,0.12839388145254113,0.009107801649305556
病例23,far,WLI,mid_fusion_wide,2,1,0.05,0.0,3.46322416611175,0.3660841911640464,1.0
病例23,far,WLI,mid_fusion_wide,2,1,0.1,0.10954052908771718,0.2389369816574853,0.8363491634790744,0.2530449761284722
病例23,far,WLI,mid_fusion_wide,2,1,0.15,0.12455354440341425,0.18772322779829287,0.8486422252529251,0.23820665147569445
病例23,far,WLI,mid_fusion_wide,2,1,0.2,0.2571281554573521,0.06562140565409529,0.8215367621201668,0.1811455620659722
病例23,far,WLI,mid_fusion_wide,2,1,0.25,0.3170894121920213,0.03692717476844845,0.794156986975019,0.1612820095486111
病例23,far,WLI,mid_fusion_wide,2,1,0.3,0.32432350626551243,0.03459652521339064,0.7901387512374519,0.15913899739583334
病例23,far,WLI,mid_fusion_wide,2,1,0.35,0.3288031963193898,0.032538289242690234,0.7879121660020112,0.15767415364583334
病例23,far,WLI,mid_fusion_wide,2,1,0.4,0.33349476360554514,0.030873539560506084,0.7853347123635198,0.15625
病例23,far,WLI,mid_fusion_wide,2,1,0.45,0.3375506991948665,0.028966644470004237,0.7833073853352959,0.1549140082465278
病例23,far,WLI,mid_fusion_wide,2,1,0.5,0.5628670016344816,0.010260911677462316,0.60402768773792,0.10024007161458333
病例23,far,WLI,mid_fusion_wide,2,1,0.55,0.5754282946909619,0.009413402748350385,0.5921563660912864,0.09723578559027778
病例23,far,WLI,mid_fusion_wide,2,1,0.6,0.5872026151704098,0.00853562564319874,0.580859491459217,0.09440104166666667
病例23,far,WLI,mid_fusion_wide,2,1,0.65,0.5994914946425328,0.007506507657848538,0.5688980609644247,0.09141710069444445
病例23,far,WLI,mid_fusion_wide,2,1,0.7,0.6141715600217931,0.0066287305526968945,0.5541692026768233,0.08793131510416667
病例23,far,WLI,mid_fusion_wide,2,1,0.75,0.6322719292935408,0.005690417095465828,0.5354931129464783,0.08366563585069445
病例23,far,WLI,mid_fusion_wide,2,1,0.8,0.6591803377928446,0.004177008293480235,0.5067962912942056,0.0772976345486111
病例23,far,WLI,mid_fusion_wide,2,1,0.85,0.7105757007082754,0.003511108420606574,0.44770109560715493,0.06563313802083333
病例23,far,WLI,mid_fusion_wide,2,1,0.9,0.8294690961922635,0.0016950178582238633,0.2909522825854912,0.03858778211805555
病例23,far,WLI,mid_fusion_wide,2,1,0.95,0.9944911919607724,0.0,0.010957254665830952,0.0012342664930555555
病例23,far,NBI,mid_fusion_wide,2,1,0.05,0.0,7.5590898537264914,0.20922493988474336,1.0
病例23,far,NBI,mid_fusion_wide,2,1,0.1,0.5100998374738798,0.16502205711632226,0.5920521903805828,0.07651774088541667
病例23,far,NBI,mid_fusion_wide,2,1,0.15,0.585035987926631,0.05700023218017181,0.5638234946150722,0.05514187282986111
病例23,far,NBI,mid_fusion_wide,2,1,0.2,0.8423496633387508,0.0018574413745066172,0.2719263115725274,0.018636067708333332
病例23,far,NBI,mid_fusion_wide,2,1,0.25,0.9098560482934758,0.0,0.16537990522248347,0.010531955295138888
病例23,far,NBI,mid_fusion_wide,2,1,0.3,0.9143255166008822,0.0,0.15782720273653855,0.010009765625
病例23,far,NBI,mid_fusion_wide,2,1,0.35,0.9174019038774088,0.0,0.15259235429653856,0.009650336371527778
病例23,far,NBI,mid_fusion_wide,2,1,0.4,0.9202461109821222,0.0,0.147726050961468,0.009318033854166666
病例23,far,NBI,mid_fusion_wide,2,1,0.45,0.9228000928720688,0.0,0.14333441103489958,0.009019639756944444
病例23,far,NBI,mid_fusion_wide,2,1,0.5,1.0,0.0,0.0,0.0
病例23,far,NBI,mid_fusion_wide,2,1,0.55,1.0,0.0,0.0,0.0
病例23,far,NBI,mid_fusion_wide,2,1,0.6,1.0,0.0,0.0,0.0
病例23,far,NBI,mid_fusion_wide,2,1,0.65,1.0,0.0,0.0,0.0
病例23,far,NBI,mid_fusion_wide,2,1,0.7,1.0,0.0,0.0,0.0
病例23,far,NBI,mid_fusion_wide,2,1,0.75,1.0,0.0,0.0,0.0
病例23,far,NBI,mid_fusion_wide,2,1,0.8,1.0,0.0,0.0,0.0
病例23,far,NBI,mid_fusion_wide,2,1,0.85,1.0,0.0,0.0,0.0
病例23,far,NBI,mid_fusion_wide,2,1,0.9,1.0,0.0,0.0,0.0
病例23,far,NBI,mid_fusion_wide,2,1,0.95,1.0,0.0,0.0,0.0
病例23,near,WLI,mid_fusion_wide,2,1,0.05,0.0,0.831046429325353,0.7064525608913199,1.0
病例23,near,WLI,mid_fusion_wide,2,1,0.1,0.5315468577318051,0.027045485589400356,0.6264842154203742,0.2706095377604167
病例23,near,WLI,mid_fusion_wide,2,1,0.15,0.5459636661658244,0.01927208155865443,0.6163493387943931,0.2584906684027778
病例23,near,WLI,mid_fusion_wide,2,1,0.2,0.6320299015286039,0.008443953260235188,0.534679369203083,0.2055731879340278
病例23,near,WLI,mid_fusion_wide,2,1,0.25,0.661583737939427,0.0044703281965951,0.5040131676278813,0.1872626410590278
病例23,near,WLI,mid_fusion_wide,2,1,0.3,0.6654456047981523,0.00402329537693559,0.499865487907363,0.1849093967013889
病例23,near,WLI,mid_fusion_wide,2,1,0.35,0.6683761532825868,0.003663185605543207,0.4967079567007991,0.1831122504340278
病例23,near,WLI,mid_fusion_wide,2,1,0.4,0.6708720865256858,0.0033775813040940756,0.49399858351614606,0.18159315321180555
病例23,near,WLI,mid_fusion_wide,2,1,0.45,0.6734797779736996,0.00312922973761657,0.49113730177955217,0.18003336588541666
病例23,near,WLI,mid_fusion_wide,2,1,0.5,0.7663135935229911,0.0007202195427847662,0.37862143891801603,0.1280178493923611
病例23,near,WLI,mid_fusion_wide,2,1,0.55,0.7732798549626851,0.0007202195427847662,0.3694194057479039,0.12421332465277778
病例23,near,WLI,mid_fusion_wide,2,1,0.6,0.7792154574014976,0.0007202195427847662,0.3614959997556532,0.1209716796875
病例23,near,WLI,mid_fusion_wide,2,1,0.65,0.7855608399249978,0.0007202195427847662,0.3529399742480401,0.11750623914930555
病例23,near,WLI,mid_fusion_wide,2,1,0.7,0.7925891892563113,0.0007202195427847662,0.3433581383871815,0.11366780598958333
病例23,near,WLI,mid_fusion_wide,2,1,0.75,0.8014180874445865,0.0007202195427847662,0.33116244395861383,0.10884602864583333
病例23,near,WLI,mid_fusion_wide,2,1,0.8,0.8128422595025518,0.0007202195427847662,0.3151127418693981,0.10260687934027778
病例23,near,WLI,mid_fusion_wide,2,1,0.85,0.8303634625175398,0.0007202195427847662,0.28988859416414864,0.09303792317708333
病例23,near,WLI,mid_fusion_wide,2,1,0.9,0.8791645453303697,8.692304826712694e-05,0.21560003988056187,0.0660400390625
病例23,near,WLI,mid_fusion_wide,2,1,0.95,1.0,0.0,0.0,0.0
病例23,near,NBI,mid_fusion_wide,2,1,0.05,0.0,2.868205666316894,0.4108289865066545,1.0
病例23,near,NBI,mid_fusion_wide,2,1,0.1,0.3328174186778594,0.04939664218258132,0.777339690688952,0.1852484809027778
病例23,near,NBI,mid_fusion_wide,2,1,0.15,0.3683630640083945,0.03205666316894019,0.7593188268672985,0.1715766059027778
病例23,near,NBI,mid_fusion_wide,2,1,0.2,0.5394281217208814,0.011096537250786988,0.6259180035639467,0.12193467881944445
病例23,near,NBI,mid_fusion_wide,2,1,0.25,0.6139296956977964,0.0071615949632738716,0.5542082470334133,0.1016574435763889
病例23,near,NBI,mid_fusion_wide,2,1,0.3,0.6209076600209864,0.006846799580272823,0.5470548152624413,0.09977213541666667
病例23,near,NBI,mid_fusion_wide,2,1,0.35,0.626311647429171,0.0066107030430220355,0.541459984414654,0.09831407335069445
病例23,near,NBI,mid_fusion_wide,2,1,0.4,0.6305876180482686,0.006322140608604407,0.5370402150896458,0.0971340603298611
病例23,near,NBI,mid_fusion_wide,2,1,0.45,0.6349422875131164,0.006059811122770199,0.5324966039747211,0.09594048394097222
病例23,near,NBI,mid_fusion_wide,2,1,0.5,0.7499213011542497,0.004354669464847849,0.3987118091126985,0.06577555338541667
病例23,near,NBI,mid_fusion_wide,2,1,0.55,0.7607292759706191,0.004354669464847849,0.3847954943354678,0.06298149956597222
病例23,near,NBI,mid_fusion_wide,2,1,0.6,0.7707502623294858,0.004354669464847849,0.37167464114753496,0.06039089626736111
病例23,near,NBI,mid_fusion_wide,2,1,0.65,0.7811647429171039,0.004354669464847849,0.3578107574840057,0.057698567708333336
病例23,near,NBI,mid_fusion_wide,2,1,0.7,0.7934155299055614,0.004249737670514166,0.34122668284259977,0.05450439453125
病例23,near,NBI,mid_fusion_wide,2,1,0.75,0.809470094438615,0.0038037775445960128,0.319056404849062,0.050238715277777776
病例23,near,NBI,mid_fusion_wide,2,1,0.8,0.8384312696747115,0.003016789087093389,0.27746992836807344,0.042548285590277776
病例23,near,NBI,mid_fusion_wide,2,1,0.85,0.888588667366212,0.002098635886673662,0.20010837043795768,0.029344346788194444
病例23,near,NBI,mid_fusion_wide,2,1,0.9,0.9420251836306401,0.0020724029380902414,0.109381573411593,0.015523274739583334
病例23,near,NBI,mid_fusion_wide,2,1,0.95,1.0,0.0,0.0,0.0
病例25,far,WLI,mid_fusion_wide,2,1,0.05,0.0,27.384215591915304,0.06806375326721209,1.0
病例25,far,WLI,mid_fusion_wide,2,1,0.1,0.006929740134744947,4.227911453320501,0.3192648059894818,0.18393961588541666
病例25,far,WLI,mid_fusion_wide,2,1,0.15,0.010202117420596728,3.862175168431184,0.3382783461059232,0.17093912760416666
病例25,far,WLI,mid_fusion_wide,2,1,0.2,0.04504331087584216,2.6895091434071223,0.41122347479935667,0.12839762369791666
病例25,far,WLI,mid_fusion_wide,2,1,0.25,0.06313763233878729,2.428873917228104,0.42918871252015345,0.11857774522569445
病例25,far,WLI,mid_fusion_wide,2,1,0.3,0.06891241578440808,2.3715110683349376,0.4328024337847494,0.11635335286458333
病例25,far,WLI,mid_fusion_wide,2,1,0.35,0.07218479307025986,2.3307025986525507,0.4357456041204369,0.11480034722222222
病例25,far,WLI,mid_fusion_wide,2,1,0.4,0.07507218479307026,2.292589027911453,0.4386125057031556,0.11335584852430555
病例25,far,WLI,mid_fusion_wide,2,1,0.45,0.07776708373435996,2.2573628488931665,0.4413024455375061,0.11201985677083333
病例25,far,WLI,mid_fusion_wide,2,1,0.5,0.19672762271414823,1.3911453320500482,0.502922567035234,0.07731119791666667
病例25,far,WLI,mid_fusion_wide,2,1,0.55,0.2134744947064485,1.3035611164581329,0.509063726403108,0.0736355251736111
病例25,far,WLI,mid_fusion_wide,2,1,0.6,0.22848893166506257,1.227526467757459,0.5145057766334113,0.07042778862847222
病例25,far,WLI,mid_fusion_wide,2,1,0.65,0.24523580365736286,1.1414821944177094,0.5212016482751481,0.0668063693576389
病例25,far,WLI,mid_fusion_wide,2,1,0.7,0.2646775745909528,1.0390760346487007,0.530077013803302,0.06251356336805555
病例25,far,WLI,mid_fusion_wide,2,1,0.75,0.2873917228103946,0.9064485081809432,0.544171688956753,0.05704074435763889
病例25,far,WLI,mid_fusion_wide,2,1,0.8,0.3208854667949952,0.7439846005774784,0.5605338417495985,0.05013699001736111
病例25,far,WLI,mid_fusion_wide,2,1,0.85,0.3726660250240616,0.49682386910490856,0.5906660625229663,0.039605034722222224
病例25,far,WLI,mid_fusion_wide,2,1,0.9,0.5420596727622714,0.11568816169393648,0.5820183486167337,0.020209418402777776
病例25,far,WLI,mid_fusion_wide,2,1,0.95,0.9992300288739172,0.0,0.0015387574533268175,2.712673611111111e-05
病例25,far,NBI,mid_fusion_wide,2,1,0.05,0.0,8.054712926005527,0.19891169590988272,1.0
病例25,far,NBI,mid_fusion_wide,2,1,0.1,0.0,0.9532084740558796,0.6772295344422739,0.21571180555555555
病例25,far,NBI,mid_fusion_wide,2,1,0.15,0.00012281240405280933,0.8219220141234265,0.7086806084462196,0.2011990017361111
病例25,far,NBI,mid_fusion_wide,2,1,0.2,0.009026711697881487,0.3853239177156893,0.834048271226332,0.15199788411458334
病例25,far,NBI,mid_fusion_wide,2,1,0.25,0.013325145839729814,0.27270494319926314,0.8734032722702794,0.13908555772569445
病例25,far,NBI,mid_fusion_wide,2,1,0.3,0.016027018728891618,0.2583972981271108,0.877618643369177,0.13720703125
病例25,far,NBI,mid_fusion_wide,2,1,0.35,0.018728891618053422,0.24771261897451644,0.8804650265823288,0.13572862413194445
病例25,far,NBI,mid_fusion_wide,2,1,0.4,0.020448265274792755,0.23923856309487257,0.882960174906919,0.13460286458333334
病例25,far,NBI,mid_fusion_wide,2,1,0.45,0.02265888854774332,0.23199263125575684,0.8847383195728488,0.13355848524305555
病例25,far,NBI,mid_fusion_wide,2,1,0.5,0.08357384095793675,0.02935216456862143,0.9419635812764163,0.10445149739583333
病例25,far,NBI,mid_fusion_wide,2,1,0.55,0.09597789376727049,0.01934295363831747,0.9400421428997509,0.10197618272569445
病例25,far,NBI,mid_fusion_wide,2,1,0.6,0.10967147681915873,0.012035615597175314,0.9360232407974951,0.09965684678819445
病例25,far,NBI,mid_fusion_wide,2,1,0.65,0.12557568314399756,0.005956401596561253,0.9300502906376786,0.09722900390625
病例25,far,NBI,mid_fusion_wide,2,1,0.7,0.14633097942892231,0.0027018728891618055,0.9197181700872623,0.0945773654513889
病例25,far,NBI,mid_fusion_wide,2,1,0.75,0.17543751918943815,0.0007982806263432606,0.9034515239154159,0.0911526150173611
病例25,far,NBI,mid_fusion_wide,2,1,0.8,0.21682529935523487,0.0006140620202640467,0.8781025164347203,0.08656141493055555
病例25,far,NBI,mid_fusion_wide,2,1,0.85,0.2857844642308873,0.0,0.8332855709957254,0.07887776692708333
病例25,far,NBI,mid_fusion_wide,2,1,0.9,0.46539760515812095,0.0,0.6967308230935267,0.059041341145833336
病例25,far,NBI,mid_fusion_wide,2,1,0.95,0.9929996929689898,0.0,0.013903286785694838,0.0007731119791666666
病例25,near,WLI,mid_fusion_wide,2,1,0.05,0.0,4.686694947936753,0.29910142687396957,1.0
病例25,near,WLI,mid_fusion_wide,2,1,0.1,0.0,0.44704974932510605,0.8173107230649668,0.2544623480902778
病例25,near,WLI,mid_fusion_wide,2,1,0.15,0.0,0.3667566525260316,0.8450382923238634,0.24034288194444445
病例25,near,WLI,mid_fusion_wide,2,1,0.2,0.0,0.2349787890474354,0.8948630787001625,0.2171698676215278
病例25,near,WLI,mid_fusion_wide,2,1,0.25,0.0,0.2097570381797146,0.9050768774308363,0.2127346462673611
病例25,near,WLI,mid_fusion_wide,2,1,0.3,0.0,0.19888160431932125,0.9095532911221047,0.2108222113715278
病例25,near,WLI,mid_fusion_wide,2,1,0.35,0.0,0.1889317392981103,0.9136876971036951,0.2090725368923611
病例25,near,WLI,mid_fusion_wide,2,1,0.4,0.0,0.18168145005784805,0.9167241165952225,0.2077975802951389
病例25,near,WLI,mid_fusion_wide,2,1,0.45,0.0,0.17450829155418435,0.9197481599699925,0.2065361870659722
病例25,near,WLI,mid_fusion_wide,2,1,0.5,0.0,0.11226378711916699,0.9468514359771651,0.1955905490451389
病例25,near,WLI,mid_fusion_wide,2,1,0.55,0.0,0.10111839568067875,0.951874013433883,0.1936306423611111
病例25,near,WLI,mid_fusion_wide,2,1,0.6,0.0,0.0892788276128037,0.9572681125962949,0.19154866536458334
病例25,near,WLI,mid_fusion_wide,2,1,0.65,0.00030852294639413806,0.0762051677593521,0.9631418592536168,0.18919542100694445
病例25,near,WLI,mid_fusion_wide,2,1,0.7,0.0016968762051677595,0.06000771307365985,0.9700217342408566,0.1861029730902778
病例25,near,WLI,mid_fusion_wide,2,1,0.75,0.006209024296182028,0.0413420748168145,0.9766348941635052,0.18202718098958334
病例25,near,WLI,mid_fusion_wide,2,1,0.8,0.01885846509834169,0.02236791361357501,0.9794229177475324,0.17646620008680555
病例25,near,WLI,mid_fusion_wide,2,1,0.85,0.05703817971461628,0.00478210566910914,0.968260568258651,0.1666598849826389
病例25,near,WLI,mid_fusion_wide,2,1,0.9,0.23235634400308522,0.0,0.868550234535031,0.13498942057291666
病例25,near,WLI,mid_fusion_wide,2,1,0.95,0.9227921326648669,0.0,0.14334813117519923,0.013576931423611112
病例25,near,NBI,mid_fusion_wide,2,1,0.05,0.0,1.22132505799765,0.6208625220958759,1.0
病例25,near,NBI,mid_fusion_wide,2,1,0.1,0.0,0.35637672863125547,0.8487607162715692,0.6106160481770834
病例25,near,NBI,mid_fusion_wide,2,1,0.15,1.5064324666325208e-05,0.30612214154439454,0.867249353295663,0.5879855685763888
病例25,near,NBI,mid_fusion_wide,2,1,0.2,0.0011448886746407158,0.16424633183694376,0.9235397761691725,0.5236070421006944
病例25,near,NBI,mid_fusion_wide,2,1,0.25,0.0031936368292609443,0.12541050284715735,0.9394010377840674,0.5052015516493056
病例25,near,NBI,mid_fusion_wide,2,1,0.3,0.003630502244584375,0.1189780362146365,0.9420385839718118,0.5021091037326388
病例25,near,NBI,mid_fusion_wide,2,1,0.35,0.004052303335241481,0.11468470368473381,0.9437433979494791,0.4999864366319444
病例25,near,NBI,mid_fusion_wide,2,1,0.4,0.004353589828567986,0.11165677442680244,0.9449484226547535,0.4984876844618056
病例25,near,NBI,mid_fusion_wide,2,1,0.45,0.004805519568557742,0.10826730137687927,0.9462444138872563,0.4967583550347222
病例25,near,NBI,mid_fusion_wide,2,1,0.5,0.04219517339037691,0.02021632370220843,0.9684475077103168,0.4402872721354167
病例25,near,NBI,mid_fusion_wide,2,1,0.55,0.04811545298424272,0.01622427766563225,0.967308855158582,0.4358249240451389
病例25,near,NBI,mid_fusion_wide,2,1,0.6,0.05483414178542376,0.01156940134373776,0.9660641148023235,0.4307047526041667
病例25,near,NBI,mid_fusion_wide,2,1,0.65,0.06348106414389443,0.008872887228465548,0.9628075174804182,0.42559814453125
病例25,near,NBI,mid_fusion_wide,2,1,0.7,0.07334819680033744,0.005905215269199481,0.9589903887370045,0.4198201497395833
病例25,near,NBI,mid_fusion_wide,2,1,0.75,0.0907776204392757,0.0033593444005905215,0.9507801608360436,0.41082763671875
病例25,near,NBI,mid_fusion_wide,2,1,0.8,0.12104184869392305,0.001807718959959025,0.9346810947617245,0.3965047200520833
病例25,near,NBI,mid_fusion_wide,2,1,0.85,0.18419149769515833,0.0014009821939682443,0.8978695183611889,0.3678927951388889
病例25,near,NBI,mid_fusion_wide,2,1,0.9,0.6181946913319876,4.519297399897563e-05,0.5526000218025154,0.1719021267361111
病例25,near,NBI,mid_fusion_wide,2,1,0.95,1.0,0.0,0.0,0.0
病例30,far,WLI,mid_fusion_wide,2,1,0.05,0.0,16.240266573132235,0.10964752033529498,1.0
病例30,far,WLI,mid_fusion_wide,2,1,0.1,0.0,1.6529872559335905,0.5474971194451814,0.15388319227430555
病例30,far,WLI,mid_fusion_wide,2,1,0.15,0.0,1.4411317666315913,0.5812041315555136,0.1415947808159722
病例30,far,WLI,mid_fusion_wide,2,1,0.2,0.010639541681281423,0.6498304688413422,0.74974527089554,0.09507921006944445
病例30,far,WLI,mid_fusion_wide,2,1,0.25,0.017420788027592657,0.4781947854553958,0.7985936237905706,0.08473036024305555
病例30,far,WLI,mid_fusion_wide,2,1,0.3,0.02104524728165556,0.4531743247983164,0.8050187481934188,0.08306884765625
病例30,far,WLI,mid_fusion_wide,2,1,0.35,0.02279901788846019,0.43505202852800184,0.8101977510623778,0.08191596137152778
病例30,far,WLI,mid_fusion_wide,2,1,0.4,0.025605050859347597,0.4200865193499357,0.813867187496026,0.08088514539930555
病例30,far,WLI,mid_fusion_wide,2,1,0.45,0.028411083830235006,0.40488717409096225,0.8176719472556446,0.07984076605902778
病例30,far,WLI,mid_fusion_wide,2,1,0.5,0.10347246580147317,0.27744650999649245,0.8247821877980812,0.06809488932291667
病例30,far,WLI,mid_fusion_wide,2,1,0.55,0.12054249970770489,0.257687361159827,0.8230209530016793,0.06595865885416667
病例30,far,WLI,mid_fusion_wide,2,1,0.6,0.13398807435987373,0.2394481468490588,0.8226343847133349,0.0641208224826389
病例30,far,WLI,mid_fusion_wide,2,1,0.65,0.14907050157839355,0.22015667017420787,0.8217229310103775,0.062127007378472224
病例30,far,WLI,mid_fusion_wide,2,1,0.7,0.16777738805097628,0.19688998012393313,0.8202823393787364,0.0596923828125
病例30,far,WLI,mid_fusion_wide,2,1,0.75,0.19326552086987023,0.16719279784870805,0.8173902742355186,0.05649142795138889
病例30,far,WLI,mid_fusion_wide,2,1,0.8,0.2271717526014264,0.12369928679995323,0.8149929104197337,0.052001953125
病例30,far,WLI,mid_fusion_wide,2,1,0.85,0.2772126739155852,0.05647141353910908,0.8124589302088812,0.04519992404513889
病例30,far,WLI,mid_fusion_wide,2,1,0.9,0.379165205191161,0.005027475739506606,0.7636991226753653,0.03630235460069445
病例30,far,WLI,mid_fusion_wide,2,1,0.95,0.7524845083596399,0.0,0.39681349577884895,0.014356825086805556
病例30,far,NBI,mid_fusion_wide,2,1,0.05,0.0,13.642502482621648,0.1278567800913358,0.9999593098958334
病例30,far,NBI,mid_fusion_wide,2,1,0.1,0.0,2.001688182720953,0.4997890661823466,0.2049899631076389
病例30,far,NBI,mid_fusion_wide,2,1,0.15,0.0,1.7311817279046673,0.5360232081533653,0.1865166558159722
病例30,far,NBI,mid_fusion_wide,2,1,0.2,0.005660377358490566,0.9773584905660377,0.6692063492041129,0.1346503363715278
病例30,far,NBI,mid_fusion_wide,2,1,0.25,0.01012909632571996,0.809433962264151,0.7072262229922763,0.12287733289930555
病例30,far,NBI,mid_fusion_wide,2,1,0.3,0.011221449851042701,0.7817279046673287,0.7137890246936672,0.12091064453125
病例30,far,NBI,mid_fusion_wide,2,1,0.35,0.01221449851042701,0.7648460774577954,0.7177026588234867,0.11968994140625
病例30,far,NBI,mid_fusion_wide,2,1,0.4,0.013207547169811321,0.7489572989076465,0.7214054956596558,0.11853705512152778
病例30,far,NBI,mid_fusion_wide,2,1,0.45,0.013803376365441907,0.7334657398212513,0.7252346003551859,0.11743842230902778
病例30,far,NBI,mid_fusion_wide,2,1,0.5,0.04478649453823237,0.4586891757696127,0.7914266907981264,0.0965576171875
病例30,far,NBI,mid_fusion_wide,2,1,0.55,0.048957298907646475,0.4299900695134062,0.7988488968561586,0.09431287977430555
病例30,far,NBI,mid_fusion_wide,2,1,0.6,0.053028798411122145,0.4074478649453823,0.8044202623442388,0.0924953884548611
病例30,far,NBI,mid_fusion_wide,2,1,0.65,0.05719960278053625,0.3775571002979146,0.8126337413300837,0.09016927083333333
病例30,far,NBI,mid_fusion_wide,2,1,0.7,0.06266137040714995,0.34796425024826216,0.8203189501550414,0.08777533637152778
病例30,far,NBI,mid_fusion_wide,2,1,0.75,0.07149950347567031,0.3116186693147964,0.8289741998367365,0.0846896701388889
病例30,far,NBI,mid_fusion_wide,2,1,0.8,0.08619662363455809,0.2676266137040715,0.8378021577783138,0.08068169487847222
病例30,far,NBI,mid_fusion_wide,2,1,0.85,0.11767626613704071,0.21062562065541213,0.8431391155777038,0.07463921440972222
病例30,far,NBI,mid_fusion_wide,2,1,0.9,0.20754716981132076,0.09821251241310824,0.8382793213885273,0.06082492404513889
病例30,far,NBI,mid_fusion_wide,2,1,0.95,0.6538232373386296,0.00019860973187686197,0.5142351379221549,0.023654513888888888
病例30,near,WLI,mid_fusion_wide,2,1,0.05,0.0,7.558096343586767,0.20924668763573756,1.0
病例30,near,WLI,mid_fusion_wide,2,1,0.1,0.0033081834010446893,0.5871154962275101,0.771490824140768,0.1850653754340278
病例30,near,WLI,mid_fusion_wide,2,1,0.15,0.005049332559489263,0.4379570516540917,0.8179107326014029,0.16743299696180555
病例30,near,WLI,mid_fusion_wide,2,1,0.2,0.06297156123041207,0.10684852002321532,0.9169127669215217,0.1219753689236111
病例30,near,WLI,mid_fusion_wide,2,1,0.25,0.10545560069645966,0.04962275101567034,0.9202340438207647,0.1103244357638889
病例30,near,WLI,mid_fusion_wide,2,1,0.3,0.11561230412071967,0.044225188624492165,0.9171230815500537,0.10850694444444445
病例30,near,WLI,mid_fusion_wide,2,1,0.35,0.12292513058618688,0.04085896691816599,0.9146038854901816,0.10725911458333333
病例30,near,WLI,mid_fusion_wide,2,1,0.4,0.12867092280905398,0.03656413232733604,0.9133939707330837,0.10608588324652778
病例30,near,WLI,mid_fusion_wide,2,1,0.45,0.13412652350551363,0.03325594892629135,0.9118635780181167,0.10506184895833333
病例30,near,WLI,mid_fusion_wide,2,1,0.5,0.2637840975043529,0.023621590249564714,0.8366862344144954,0.08878580729166667
病例30,near,WLI,mid_fusion_wide,2,1,0.55,0.2788160185722577,0.02077771329077191,0.828013593653535,0.0866970486111111
病例30,near,WLI,mid_fusion_wide,2,1,0.6,0.2905397562391178,0.016715031921067904,0.8220025553062269,0.08485243055555555
病例30,near,WLI,mid_fusion_wide,2,1,0.65,0.3036564132327336,0.0130586186883343,0.8147217600895843,0.08289252387152778
病例30,near,WLI,mid_fusion_wide,2,1,0.7,0.3186883343006384,0.008879860708067325,0.8061946294869645,0.08064778645833333
病例30,near,WLI,mid_fusion_wide,2,1,0.75,0.3380150899593732,0.004759141033081834,0.7943450100954302,0.0779079861111111
病例30,near,WLI,mid_fusion_wide,2,1,0.8,0.36511897852582703,0.0015670342426001161,0.7759256632118885,0.0743679470486111
病例30,near,WLI,mid_fusion_wide,2,1,0.85,0.4056877539175856,0.00023215322112594313,0.7454320448396832,0.06947157118055555
病例30,near,WLI,mid_fusion_wide,2,1,0.9,0.48966918165989554,0.0,0.6757868039784968,0.05963134765625
病例30,near,WLI,mid_fusion_wide,2,1,0.95,0.7470110272780035,0.0,0.4038167585325683,0.029561360677083332
病例30,near,NBI,mid_fusion_wide,2,1,0.05,0.0,5.021807489688406,0.2848269484653142,1.0
病例30,near,NBI,mid_fusion_wide,2,1,0.1,0.00024502797402703474,0.590558255400825,0.7719182077586405,0.2640923394097222
病例30,near,NBI,mid_fusion_wide,2,1,0.15,0.0006534079307387593,0.4879732102748397,0.8035529577867838,0.24698893229166666
病例30,near,NBI,mid_fusion_wide,2,1,0.2,0.010822068852860701,0.2746355208886348,0.8739041021739836,0.2098727756076389
病例30,near,NBI,mid_fusion_wide,2,1,0.25,0.02025564585290154,0.21705394699228162,0.8919747922575577,0.19874403211805555
病例30,near,NBI,mid_fusion_wide,2,1,0.3,0.0225425736104872,0.20839629190999306,0.8943484353089316,0.1969265407986111
病例30,near,NBI,mid_fusion_wide,2,1,0.35,0.024216931433005268,0.2008821007064973,0.8965853658519763,0.1954006618923611
病例30,near,NBI,mid_fusion_wide,2,1,0.4,0.026340507207906236,0.19251031159390697,0.8989687611920537,0.1936577690972222
病例30,near,NBI,mid_fusion_wide,2,1,0.45,0.02870911095683424,0.18658880222158697,0.9002271006795983,0.19228108723958334
病例30,near,NBI,mid_fusion_wide,2,1,0.5,0.1008290113121248,0.03667252011271287,0.9289707402465477,0.15540907118055555
病例30,near,NBI,mid_fusion_wide,2,1,0.55,0.11222281210438191,0.032016988606199205,0.9248670495619552,0.1527438693576389
病例30,near,NBI,mid_fusion_wide,2,1,0.6,0.12471923877976068,0.028668272961163067,0.919437175580371,0.1501125759548611
病例30,near,NBI,mid_fusion_wide,2,1,0.65,0.1395434312083963,0.0249111773594152,0.9127731929713588,0.1470269097222222
病例30,near,NBI,mid_fusion_wide,2,1,0.7,0.15657287540327522,0.020704863805284437,0.9049006506431859,0.1435004340277778
病例30,near,NBI,mid_fusion_wide,2,1,0.75,0.1765834932821497,0.014824192428635603,0.8958745251351923,0.13920084635416666
病例30,near,NBI,mid_fusion_wide,2,1,0.8,0.21043819169355168,0.00763670519050925,0.8786584257387778,0.13238525390625
病例30,near,NBI,mid_fusion_wide,2,1,0.85,0.2764323926981664,0.0006534079307387593,0.8392979796763712,0.1202663845486111
病例30,near,NBI,mid_fusion_wide,2,1,0.9,0.5408992526646792,0.0,0.6292927313929041,0.07623969184027778
病例30,near,NBI,mid_fusion_wide,2,1,0.95,1.0,0.0,0.0,0.0
病例32,far,WLI,mid_fusion_wide,2,1,0.05,0.0,26.30666666666667,0.07065473386712287,1.0
病例32,far,WLI,mid_fusion_wide,2,1,0.1,0.0,1.9701851851851853,0.5037548393091853,0.10877143012152778
病例32,far,WLI,mid_fusion_wide,2,1,0.15,0.0,1.755,0.5326231691052294,0.10089111328125
病例32,far,WLI,mid_fusion_wide,2,1,0.2,0.0,0.8433333333333334,0.7033997655288302,0.0675048828125
病例32,far,WLI,mid_fusion_wide,2,1,0.25,0.0,0.7062962962962963,0.7390173805888941,0.06248643663194445
病例32,far,WLI,mid_fusion_wide,2,1,0.3,0.0,0.6775925925925926,0.7469396223753583,0.06143527560763889
病例32,far,WLI,mid_fusion_wide,2,1,0.35,0.0,0.6538888888888889,0.7536110529568515,0.060567220052083336
病例32,far,WLI,mid_fusion_wide,2,1,0.4,0.0,0.6324074074074074,0.7597608160340502,0.05978054470486111
病例32,far,WLI,mid_fusion_wide,2,1,0.45,0.0,0.6151851851851852,0.7647641977002919,0.059149848090277776
病例32,far,WLI,mid_fusion_wide,2,1,0.5,0.0,0.5085185185185185,0.7972833308666966,0.055243598090277776
病例32,far,WLI,mid_fusion_wide,2,1,0.55,0.0,0.4687037037037037,0.8101417748045147,0.05378553602430555
病例32,far,WLI,mid_fusion_wide,2,1,0.6,0.0,0.43703703703703706,0.8206686930028824,0.05262586805555555
病例32,far,WLI,mid_fusion_wide,2,1,0.65,0.00018518518518518518,0.4003703703703704,0.8331147287953621,0.051276312934027776
病例32,far,WLI,mid_fusion_wide,2,1,0.7,0.004814814814814815,0.36277777777777775,0.8441058666390944,0.04973008897569445
病例32,far,WLI,mid_fusion_wide,2,1,0.75,0.013703703703703704,0.3224074074074074,0.8544156573285119,0.04792616102430555
病例32,far,WLI,mid_fusion_wide,2,1,0.8,0.027592592592592592,0.2712962962962963,0.8667877187118951,0.04554578993055555
病例32,far,WLI,mid_fusion_wide,2,1,0.85,0.05240740740740741,0.19907407407407407,0.8828502415382776,0.0419921875
病例32,far,WLI,mid_fusion_wide,2,1,0.9,0.13925925925925925,0.10314814814814814,0.8765676567574109,0.035298665364583336
病例32,far,WLI,mid_fusion_wide,2,1,0.95,0.5157407407407407,0.00962962962962963,0.6483203173342219,0.018086751302083332
病例32,far,NBI,mid_fusion_wide,2,1,0.05,0.0,8.30732815754592,0.19403670567474754,1.0
病例32,far,NBI,mid_fusion_wide,2,1,0.1,0.0016411033263902038,0.6899577100296661,0.7427390763289363,0.181396484375
病例32,far,NBI,mid_fusion_wide,2,1,0.15,0.0025247743482926213,0.5211765448463044,0.7920707716191964,0.16316731770833334
病例32,far,NBI,mid_fusion_wide,2,1,0.2,0.020576910938584863,0.15710408382250837,0.9168365387428968,0.12211100260416667
病例32,far,NBI,mid_fusion_wide,2,1,0.25,0.027520040396389573,0.11317301016221676,0.9325424446904562,0.11664496527777778
病例32,far,NBI,mid_fusion_wide,2,1,0.3,0.032127753582023605,0.10496749353026573,0.9338611449423451,0.1152682834201389
病例32,far,NBI,mid_fusion_wide,2,1,0.35,0.03547307959351133,0.09916051252919271,0.93476066676576,0.1142849392361111
病例32,far,NBI,mid_fusion_wide,2,1,0.4,0.038944644322413687,0.09316417345199773,0.9356890459335206,0.11326768663194445
病例32,far,NBI,mid_fusion_wide,2,1,0.45,0.04405731237770624,0.08944013128826611,0.9347322943961279,0.11231825086805555
病例32,far,NBI,mid_fusion_wide,2,1,0.5,0.05320961939026699,0.040775105724925834,0.9527136460320978,0.1061062282986111
病例32,far,NBI,mid_fusion_wide,2,1,0.55,0.06520229754465695,0.03256958909297482,0.9503031858546944,0.10393608940972222
病例32,far,NBI,mid_fusion_wide,2,1,0.6,0.07504891750299816,0.026383891939657893,0.9480187611161313,0.10221354166666667
病例32,far,NBI,mid_fusion_wide,2,1,0.65,0.08779902796187591,0.022218014264975067,0.9431265702974414,0.10039605034722222
病例32,far,NBI,mid_fusion_wide,2,1,0.7,0.10370510635611942,0.018241494666414188,0.9363048925196614,0.09825981987847222
病例32,far,NBI,mid_fusion_wide,2,1,0.75,0.1260493593385091,0.013633781480780155,0.9259989968201772,0.0953640407986111
病例32,far,NBI,mid_fusion_wide,2,1,0.8,0.15792463548570346,0.009152307012560753,0.9097480309560171,0.0914577907986111
病例32,far,NBI,mid_fusion_wide,2,1,0.85,0.21018746449536072,0.004860190620463296,0.880174445183835,0.08538140190972222
病例32,far,NBI,mid_fusion_wide,2,1,0.9,0.3230448778640409,0.0001893580761219466,0.8072710850144621,0.07275390625
病例32,far,NBI,mid_fusion_wide,2,1,0.95,0.6769551221359591,0.0,0.4883354801751427,0.034708658854166664
病例32,near,WLI,mid_fusion_wide,2,1,0.05,0.0,11.257356608478803,0.15085963658242676,1.0
病例32,near,WLI,mid_fusion_wide,2,1,0.1,0.0,0.8589359933499584,0.6995609571694834,0.15165879991319445
病例32,near,WLI,mid_fusion_wide,2,1,0.15,0.0,0.7077306733167082,0.738625897953157,0.13932291666666666
病例32,near,WLI,mid_fusion_wide,2,1,0.2,0.000914380714879468,0.28869492934330837,0.8734103626158222,0.10506184895833333
病例32,near,WLI,mid_fusion_wide,2,1,0.25,0.002660016625103907,0.25087281795511224,0.887229165122801,0.1018337673611111
病例32,near,WLI,mid_fusion_wide,2,1,0.3,0.0038237738985868663,0.2370739817123857,0.8921313183916767,0.1006130642361111
病例32,near,WLI,mid_fusion_wide,2,1,0.35,0.005569409808811305,0.22743142144638404,0.895132627479909,0.09968397352430555
病例32,near,WLI,mid_fusion_wide,2,1,0.4,0.007065669160432253,0.2172901080631754,0.8984918575316917,0.09873453776041667
病例32,near,WLI,mid_fusion_wide,2,1,0.45,0.00831255195344971,0.21005818786367414,0.9008192698270818,0.09804280598958333
病例32,near,WLI,mid_fusion_wide,2,1,0.5,0.010224438902743141,0.18753117206982545,0.9091742068456871,0.09604899088541667
病例32,near,WLI,mid_fusion_wide,2,1,0.55,0.014796342477140482,0.17689110556940982,0.9113417916151044,0.09480794270833333
病例32,near,WLI,mid_fusion_wide,2,1,0.6,0.019118869492934332,0.1655029093931837,0.9139847410986639,0.09352620442708333
病例32,near,WLI,mid_fusion_wide,2,1,0.65,0.025103906899418122,0.15295095594347466,0.9163215876204535,0.0920138888888889
病例32,near,WLI,mid_fusion_wide,2,1,0.7,0.03458021612635079,0.1374896093100582,0.9181753498263966,0.08997938368055555
病例32,near,WLI,mid_fusion_wide,2,1,0.75,0.04638403990024938,0.1202826267664173,0.919636057553731,0.0876125759548611
病例32,near,WLI,mid_fusion_wide,2,1,0.8,0.06625103906899418,0.09733998337489609,0.9194564950441211,0.08412000868055555
病例32,near,WLI,mid_fusion_wide,2,1,0.85,0.0968412302576891,0.06367414796342477,0.9183889100168277,0.07887776692708333
病例32,near,WLI,mid_fusion_wide,2,1,0.9,0.17830423940149626,0.011886949293433084,0.8962734608718094,0.06800672743055555
病例32,near,WLI,mid_fusion_wide,2,1,0.95,0.5057356608478804,0.0,0.6615487316385094,0.040323893229166664
病例32,near,NBI,mid_fusion_wide,2,1,0.05,0.0,0.1898329702251271,0.9133116667768738,1.0
病例32,near,NBI,mid_fusion_wide,2,1,0.1,0.06494795449043815,0.023900589042201242,0.9546448740177225,0.8059556749131944
病例32,near,NBI,mid_fusion_wide,2,1,0.15,0.07857661583151779,0.01281368514483983,0.9527512410825778,0.7851833767361112
病例32,near,NBI,mid_fusion_wide,2,1,0.2,0.17155652384410555,0.002186718308722666,0.9050910212893264,0.6981065538194444
病例32,near,NBI,mid_fusion_wide,2,1,0.25,0.20605987250867425,0.001831679173727104,0.884232756683494,0.6688096788194444
病例32,near,NBI,mid_fusion_wide,2,1,0.3,0.21147421931735658,0.0017590575324780118,0.8808942173340781,0.6641981336805556
病例32,near,NBI,mid_fusion_wide,2,1,0.35,0.2157185507948035,0.0016299523924796257,0.8782982722471272,0.6605224609375
病例32,near,NBI,mid_fusion_wide,2,1,0.4,0.21920438957475993,0.0015653998224804326,0.8761363224797744,0.6575385199652778
病例32,near,NBI,mid_fusion_wide,2,1,0.45,0.22269022835471639,0.001412087468732349,0.8740093541461397,0.65447998046875
病例32,near,NBI,mid_fusion_wide,2,1,0.5,0.5176470588235295,0.0008230452674897119,0.650432511832517,0.4060872395833333
病例32,near,NBI,mid_fusion_wide,2,1,0.55,0.5331961591220851,0.00029048656499636893,0.6363651363730364,0.3925713433159722
病例32,near,NBI,mid_fusion_wide,2,1,0.6,0.5487452594206407,0.00010489792624868877,0.6218372464095016,0.3793470594618056
病例32,near,NBI,mid_fusion_wide,2,1,0.65,0.5698620188816267,0.0,0.6015335398361508,0.36151123046875
病例32,near,NBI,mid_fusion_wide,2,1,0.7,0.6042766077624465,0.0,0.5670513146633172,0.3325873480902778
病例32,near,NBI,mid_fusion_wide,2,1,0.75,0.6457516339869281,0.0,0.5231660231657115,0.2977294921875
病例32,near,NBI,mid_fusion_wide,2,1,0.8,0.7131364479948358,0.0,0.44583367297643867,0.2410956488715278
病例32,near,NBI,mid_fusion_wide,2,1,0.85,0.8254659888646817,0.0,0.29719703215148585,0.14668782552083334
病例32,near,NBI,mid_fusion_wide,2,1,0.9,0.9603808601629953,0.0,0.07621856566277847,0.03329806857638889
病例32,near,NBI,mid_fusion_wide,2,1,0.95,1.0,0.0,0.0,0.0
病例53,far,WLI,mid_fusion_wide,2,1,0.05,0.0,16.43597020219936,0.10848357737962294,1.0
病例53,far,WLI,mid_fusion_wide,2,1,0.1,0.0,3.1142249024476767,0.39106610251695667,0.2359619140625
病例53,far,WLI,mid_fusion_wide,2,1,0.15,0.0,2.7307555870876197,0.4227654469095612,0.21396891276041666
病例53,far,WLI,mid_fusion_wide,2,1,0.2,0.0035473572188719402,1.5109376847581886,0.5682017395975719,0.1438056098090278
病例53,far,WLI,mid_fusion_wide,2,1,0.25,0.004848054865791652,1.1013361712191085,0.6427616756381305,0.1202392578125
病例53,far,WLI,mid_fusion_wide,2,1,0.3,0.005912262031453234,1.0630247132552915,0.6503442407339276,0.11798095703125
病例53,far,WLI,mid_fusion_wide,2,1,0.35,0.006621733475227622,1.0277876315478303,0.6576125244592657,0.11591932508680555
病例53,far,WLI,mid_fusion_wide,2,1,0.4,0.007922431122147333,1.0,0.6631362630387957,0.11425103081597222
病例53,far,WLI,mid_fusion_wide,2,1,0.45,0.009223128769067045,0.9750502542272673,0.6681285383914036,0.11274549696180555
病例53,far,WLI,mid_fusion_wide,2,1,0.5,0.05108194395175594,0.12865082180442236,0.9134889015315111,0.06180148654513889
病例53,far,WLI,mid_fusion_wide,2,1,0.55,0.06444365614284026,0.10299160458791534,0.9178654292290147,0.059563530815972224
病例53,far,WLI,mid_fusion_wide,2,1,0.6,0.0756769540026014,0.08229868747782902,0.9212728344082423,0.057732476128472224
病例53,far,WLI,mid_fusion_wide,2,1,0.65,0.09033936384060541,0.06196050608962989,0.922753988239638,0.05572509765625
病例53,far,WLI,mid_fusion_wide,2,1,0.7,0.11091403571006267,0.04114934373891451,0.9212202891391741,0.053351508246527776
病例53,far,WLI,mid_fusion_wide,2,1,0.75,0.14224902447676482,0.022111859997635094,0.9125676185626332,0.05046251085069445
病例53,far,WLI,mid_fusion_wide,2,1,0.8,0.19333096842852074,0.009696109731583304,0.8882234229484524,0.046820746527777776
病例53,far,WLI,mid_fusion_wide,2,1,0.85,0.28473453943478777,0.0013006976469197116,0.8333677757054945,0.041097005208333336
病例53,far,WLI,mid_fusion_wide,2,1,0.9,0.5395530329904221,0.0,0.6305562302596506,0.026407877604166668
病例53,far,WLI,mid_fusion_wide,2,1,0.95,1.0,0.0,0.0,0.0
病例53,far,NBI,mid_fusion_wide,2,1,0.05,0.0,5.454629021667761,0.2682896753393883,1.0
病例53,far,NBI,mid_fusion_wide,2,1,0.1,0.0,1.2018822499452835,0.6246325891689001,0.3411322699652778
病例53,far,NBI,mid_fusion_wide,2,1,0.15,0.0,1.1027358284088422,0.6445924212061671,0.3257717556423611
病例53,far,NBI,mid_fusion_wide,2,1,0.2,0.002188662727073758,0.7697964543663821,0.7210641191903314,0.2738511827256944
病例53,far,NBI,mid_fusion_wide,2,1,0.25,0.005865616108557671,0.6601882249945283,0.7490682410357382,0.2563001844618056
病例53,far,NBI,mid_fusion_wide,2,1,0.3,0.006828627708470125,0.6455241847231342,0.7527745060620216,0.2538791232638889
病例53,far,NBI,mid_fusion_wide,2,1,0.35,0.007528999781133727,0.6337054059969359,0.7558296524697794,0.2519395616319444
病例53,far,NBI,mid_fusion_wide,2,1,0.4,0.008185598599255856,0.6251696213613482,0.7579827715969591,0.2505154079861111
病例53,far,NBI,mid_fusion_wide,2,1,0.45,0.008710877653753557,0.6136572554169403,0.7610821710624078,0.2486504448784722
病例53,far,NBI,mid_fusion_wide,2,1,0.5,0.09809586342744583,0.2589188006128256,0.8347783810047104,0.1798434787326389
病例53,far,NBI,mid_fusion_wide,2,1,0.55,0.10641278179032611,0.23887065003282995,0.8380819443286844,0.1754489474826389
病例53,far,NBI,mid_fusion_wide,2,1,0.6,0.11416064784416721,0.22355001094331364,0.8399012222688997,0.171875
病例53,far,NBI,mid_fusion_wide,2,1,0.65,0.12418472313416502,0.20674108119938717,0.8410963510996278,0.1677178276909722
病例53,far,NBI,mid_fusion_wide,2,1,0.7,0.1370540599693587,0.18918800612825565,0.8410230157188605,0.16300455729166666
病例53,far,NBI,mid_fusion_wide,2,1,0.75,0.15548260013131976,0.168308163711972,0.8391362025077982,0.1569146050347222
病例53,far,NBI,mid_fusion_wide,2,1,0.8,0.183234843510615,0.14265703655066755,0.8336796014546977,0.14864095052083334
病例53,far,NBI,mid_fusion_wide,2,1,0.85,0.24311665572335303,0.10111621799080761,0.814729303112626,0.1329277886284722
病例53,far,NBI,mid_fusion_wide,2,1,0.9,0.4914861019916831,0.04307288246881156,0.6554759352235641,0.08545600043402778
病例53,far,NBI,mid_fusion_wide,2,1,0.95,1.0,0.0,0.0,0.0
病例53,near,WLI,mid_fusion_wide,2,1,0.05,0.0,6.886191036474489,0.22506831012179962,1.0
病例53,near,WLI,mid_fusion_wide,2,1,0.1,0.004278532463365066,1.562413092309338,0.5596873590852853,0.3243815104166667
病例53,near,WLI,mid_fusion_wide,2,1,0.15,0.008129211680393624,1.446785752486897,0.5768943635675985,0.3092312282986111
病例53,near,WLI,mid_fusion_wide,2,1,0.2,0.03374692480479195,0.9262487966627447,0.6681088676860659,0.23997667100694445
病例53,near,WLI,mid_fusion_wide,2,1,0.25,0.05369558241523158,0.8081613006738688,0.6871056054973746,0.22247314453125
病例53,near,WLI,mid_fusion_wide,2,1,0.3,0.0559952936142903,0.7899775377045674,0.6905712050064738,0.2198757595486111
病例53,near,WLI,mid_fusion_wide,2,1,0.35,0.05808107819018077,0.7767140870681356,0.6929356913802197,0.2179294162326389
病例53,near,WLI,mid_fusion_wide,2,1,0.4,0.06043427104503155,0.7648946411380896,0.6948267679150949,0.2161322699652778
病例53,near,WLI,mid_fusion_wide,2,1,0.45,0.0618247940956252,0.7528077869290833,0.6972732331650027,0.2144232855902778
病例53,near,WLI,mid_fusion_wide,2,1,0.5,0.12589581773451705,0.46416729061931755,0.7476498707697727,0.16969807942708334
病例53,near,WLI,mid_fusion_wide,2,1,0.55,0.13161835490426785,0.43822868756016686,0.7529504509709176,0.1656833224826389
病例53,near,WLI,mid_fusion_wide,2,1,0.6,0.13702000213926624,0.41539202053695584,0.7575409027939308,0.1621025933159722
病例53,near,WLI,mid_fusion_wide,2,1,0.65,0.1429029842763932,0.38907904588726067,0.7631610276416982,0.15802001953125
病例53,near,WLI,mid_fusion_wide,2,1,0.7,0.14926730131564872,0.34853995079687666,0.7736491415768356,0.1520724826388889
病例53,near,WLI,mid_fusion_wide,2,1,0.75,0.15841266445609156,0.30682425927906726,0.783450748050127,0.1456231011284722
病例53,near,WLI,mid_fusion_wide,2,1,0.8,0.17082040859985026,0.2509894106321532,0.7972232934804031,0.1369696723090278
病例53,near,WLI,mid_fusion_wide,2,1,0.85,0.21280350839661996,0.163867793346882,0.8069405992138183,0.12059868706597222
病例53,near,WLI,mid_fusion_wide,2,1,0.9,0.4022890148679003,0.029414910685634826,0.7346831448832017,0.07952202690972222
病例53,near,WLI,mid_fusion_wide,2,1,0.95,0.8469889827789069,0.0,0.265411197178601,0.019402398003472224
病例53,near,NBI,mid_fusion_wide,2,1,0.05,0.0,1.1026993882527414,0.6445999917269987,1.0
病例53,near,NBI,mid_fusion_wide,2,1,0.1,0.0,0.2109173356909607,0.9046018897733531,0.5758870442708334
病例53,near,NBI,mid_fusion_wide,2,1,0.15,0.0,0.17613757896387983,0.9190595389428207,0.5593465169270834
病例53,near,NBI,mid_fusion_wide,2,1,0.2,0.0,0.10088838820996193,0.9519782256032743,0.5235595703125
病例53,near,NBI,mid_fusion_wide,2,1,0.25,1.425984285653172e-05,0.08072497041082607,0.9611963211200014,0.5139634874131944
病例53,near,NBI,mid_fusion_wide,2,1,0.3,0.00037075591426982473,0.07597644273960101,0.9632169062072582,0.51153564453125
病例53,near,NBI,mid_fusion_wide,2,1,0.35,0.0006702126142569909,0.07302465526829895,0.9644390619832623,0.5099894205729166
病例53,near,NBI,mid_fusion_wide,2,1,0.4,0.001996377999914441,0.07119939538266289,0.964626103495376,0.5084906684027778
病例53,near,NBI,mid_fusion_wide,2,1,0.45,0.00306586621415432,0.06924579691131803,0.9650022430028883,0.5070529513888888
病例53,near,NBI,mid_fusion_wide,2,1,0.5,0.018922811470617595,0.03912900879832304,0.9712644083821168,0.4851888020833333
病例53,near,NBI,mid_fusion_wide,2,1,0.55,0.027378898284540903,0.03266929998431417,0.9700551111104213,0.4780951605902778
病例53,near,NBI,mid_fusion_wide,2,1,0.6,0.03485105594136353,0.028533945555919975,0.9682070795567099,0.4725748697916667
病例53,near,NBI,mid_fusion_wide,2,1,0.65,0.04406291442668302,0.024812126570365193,0.965227783216491,0.4664238823784722
病例53,near,NBI,mid_fusion_wide,2,1,0.7,0.0583940564974974,0.01846649649920858,0.9607868814287247,0.4565904405381944
病例53,near,NBI,mid_fusion_wide,2,1,0.75,0.08032569481084319,0.010595063242403068,0.9528973730083679,0.4424167209201389
病例53,near,NBI,mid_fusion_wide,2,1,0.8,0.13093387710867427,0.004777047356938126,0.9275761565206362,0.4155815972222222
病例53,near,NBI,mid_fusion_wide,2,1,0.85,0.28937499108759823,0.0005703937142612688,0.8305597453347634,0.3382297092013889
病例53,near,NBI,mid_fusion_wide,2,1,0.9,0.9454703609166227,0.0,0.1034198320508128,0.025933159722222224
病例53,near,NBI,mid_fusion_wide,2,1,0.95,1.0,0.0,0.0,0.0
病例57,far,WLI,mid_fusion_wide,2,1,0.05,0.0,11.888383882527751,0.14400523609624852,1.0
病例57,far,WLI,mid_fusion_wide,2,1,0.1,0.002534743466480203,2.333187658421467,0.4606535208984184,0.2584228515625
病例57,far,WLI,mid_fusion_wide,2,1,0.15,0.0065553710340005246,2.1082073245345687,0.4844119589991169,0.2406548394097222
病例57,far,WLI,mid_fusion_wide,2,1,0.2,0.03417533432392273,0.9484310811991958,0.6628276648051622,0.1485256618923611
病例57,far,WLI,mid_fusion_wide,2,1,0.25,0.04737348133904379,0.6602569705445328,0.7291764233601085,0.12514241536458334
病例57,far,WLI,mid_fusion_wide,2,1,0.3,0.0513067039594441,0.6304518835766104,0.735664904430203,0.1225246853298611
病例57,far,WLI,mid_fusion_wide,2,1,0.35,0.05462809195000437,0.6107857704746089,0.7396819969200216,0.12074110243055555
病例57,far,WLI,mid_fusion_wide,2,1,0.4,0.0587361244646447,0.5928677563150074,0.7428689683691136,0.11903211805555555
病例57,far,WLI,mid_fusion_wide,2,1,0.45,0.06301896687352504,0.5784459400402063,0.744987664613972,0.1175808376736111
病例57,far,WLI,mid_fusion_wide,2,1,0.5,0.28301721877458264,0.2538239664365003,0.7276033351040997,0.07532416449652778
病例57,far,WLI,mid_fusion_wide,2,1,0.55,0.3151822393147452,0.2287387466130583,0.7157538939354325,0.07088216145833333
病例57,far,WLI,mid_fusion_wide,2,1,0.6,0.3466480202779477,0.2100340879293768,0.7012524039556205,0.0669894748263889
病例57,far,WLI,mid_fusion_wide,2,1,0.65,0.3850187920636308,0.19194126387553537,0.6806946258371755,0.06260850694444445
病例57,far,WLI,mid_fusion_wide,2,1,0.7,0.4457652303120357,0.17297439035049383,0.641769141234544,0.05642361111111111
病例57,far,WLI,mid_fusion_wide,2,1,0.75,0.5014421816274801,0.15313346735425226,0.6036937079927835,0.05056423611111111
病例57,far,WLI,mid_fusion_wide,2,1,0.8,0.5674329167030854,0.1288348920548903,0.5540752351066162,0.043558756510416664
病例57,far,WLI,mid_fusion_wide,2,1,0.85,0.6654138624246132,0.09352329341840748,0.4685721280343437,0.03321668836805555
病例57,far,WLI,mid_fusion_wide,2,1,0.9,0.836640153832707,0.014072196486321126,0.2774849677063508,0.013766818576388888
病例57,far,WLI,mid_fusion_wide,2,1,0.95,1.0,0.0,0.0,0.0
病例57,far,NBI,mid_fusion_wide,2,1,0.05,0.0,5.835844420750081,0.2552373289472953,1.0
病例57,far,NBI,mid_fusion_wide,2,1,0.1,0.0014371146446618146,1.7001529831718512,0.5399511186306449,0.3947889539930556
病例57,far,NBI,mid_fusion_wide,2,1,0.15,0.002874229289323629,1.509758472022623,0.5686676272680098,0.3667263454861111
病例57,far,NBI,mid_fusion_wide,2,1,0.2,0.02457002457002457,0.8281025450836772,0.6958577924750792,0.2638346354166667
病例57,far,NBI,mid_fusion_wide,2,1,0.25,0.03472254415650642,0.6713179732047656,0.7322150719120649,0.2394137912326389
病例57,far,NBI,mid_fusion_wide,2,1,0.3,0.03908024662741644,0.6519401047702934,0.7355310315447722,0.23594156901041666
病例57,far,NBI,mid_fusion_wide,2,1,0.35,0.04204719299058922,0.6378934680821473,0.7380658987396409,0.2334526909722222
病例57,far,NBI,mid_fusion_wide,2,1,0.4,0.04510685642761114,0.6240322655416995,0.7405356821845397,0.23097737630208334
病例57,far,NBI,mid_fusion_wide,2,1,0.45,0.04895461499235084,0.6120717630151592,0.7421005986710881,0.2286648220486111
病例57,far,NBI,mid_fusion_wide,2,1,0.5,0.1183533447684391,0.10954522275276993,0.8855466567310357,0.14499918619791666
病例57,far,NBI,mid_fusion_wide,2,1,0.55,0.13564507904130546,0.09591581289694497,0.8818730046094788,0.1404758029513889
病例57,far,NBI,mid_fusion_wide,2,1,0.6,0.15034073524639563,0.0843261786658013,0.8786614890433897,0.1366305881076389
病例57,far,NBI,mid_fusion_wide,2,1,0.65,0.1657317695053544,0.07148486393769413,0.8755260405242756,0.1325005425347222
病例57,far,NBI,mid_fusion_wide,2,1,0.7,0.188447452598396,0.05790181261879375,0.8682239746048003,0.1271904839409722
病例57,far,NBI,mid_fusion_wide,2,1,0.75,0.2215474479625423,0.04311343933985443,0.8547069452552497,0.12018500434027778
病例57,far,NBI,mid_fusion_wide,2,1,0.8,0.2678596263501924,0.016828148903620603,0.837225329337511,0.10956488715277778
病例57,far,NBI,mid_fusion_wide,2,1,0.85,0.3795837003384173,0.0022715683093041585,0.7646773133709548,0.0910915798611111
病例57,far,NBI,mid_fusion_wide,2,1,0.9,0.6339529924435585,0.001066246349265217,0.535503560527177,0.053704155815972224
病例57,far,NBI,mid_fusion_wide,2,1,0.95,1.0,0.0,0.0,0.0
病例57,near,WLI,mid_fusion_wide,2,1,0.05,0.0,5.104321907600596,0.28151877491068134,1.0
病例57,near,WLI,mid_fusion_wide,2,1,0.1,0.0,0.6162858089087597,0.7644424753544131,0.2647772894965278
病例57,near,WLI,mid_fusion_wide,2,1,0.15,0.0,0.5077413479052824,0.797530415833076,0.24699571397569445
病例57,near,WLI,mid_fusion_wide,2,1,0.2,0.006665010763371419,0.2143980791521775,0.8998687417946749,0.1978488498263889
病例57,near,WLI,mid_fusion_wide,2,1,0.25,0.01130153999006458,0.16521775128332505,0.9180472804133807,0.1890326605902778
病例57,near,WLI,mid_fusion_wide,2,1,0.3,0.012626262626262626,0.15366782579897334,0.9223302848065076,0.1869235568576389
病例57,near,WLI,mid_fusion_wide,2,1,0.35,0.013868190097698295,0.14505712866368603,0.9254287989725812,0.1853095160590278
病例57,near,WLI,mid_fusion_wide,2,1,0.4,0.015068719986752774,0.13702599768173537,0.9283233836651287,0.18379720052083334
病例57,near,WLI,mid_fusion_wide,2,1,0.45,0.01602086438152012,0.12936744494121544,0.9312047012714374,0.18238661024305555
病例57,near,WLI,mid_fusion_wide,2,1,0.5,0.07733068388806094,0.052781917536015896,0.9341352501080615,0.1597968207465278
病例57,near,WLI,mid_fusion_wide,2,1,0.55,0.08842523596621957,0.04367444941215433,0.9324384408525493,0.1564873589409722
病例57,near,WLI,mid_fusion_wide,2,1,0.6,0.09856764364961086,0.0355605232654413,0.9307544347062817,0.1534966362847222
病例57,near,WLI,mid_fusion_wide,2,1,0.65,0.11053154495777447,0.02728100678920351,0.9281009049460528,0.1501803927951389
病例57,near,WLI,mid_fusion_wide,2,1,0.7,0.12663520450405696,0.02024341778440139,0.922434524067766,0.1463894314236111
病例57,near,WLI,mid_fusion_wide,2,1,0.75,0.14981785063752276,0.01361980460341116,0.912309537557389,0.1415066189236111
病例57,near,WLI,mid_fusion_wide,2,1,0.8,0.18719986752773637,0.00819672131147541,0.8926980085457563,0.1344943576388889
病例57,near,WLI,mid_fusion_wide,2,1,0.85,0.2579483358171883,0.0036843848319258157,0.8501304244703578,0.1221652560763889
病例57,near,WLI,mid_fusion_wide,2,1,0.9,0.4802533532041729,0.00012419274714356682,0.6839352835411997,0.08516438802083333
病例57,near,WLI,mid_fusion_wide,2,1,0.95,0.9987166749461831,0.0,0.002563360482893441,0.00021023220486111112
病例57,near,NBI,mid_fusion_wide,2,1,0.05,0.0,1.6189723460561605,0.5526430734345218,1.0
病例57,near,NBI,mid_fusion_wide,2,1,0.1,0.007193222386018507,0.2716551515905014,0.8768588818465859,0.4828084309895833
病例57,near,NBI,mid_fusion_wide,2,1,0.15,0.013409587410972772,0.2187094826208195,0.8947448959039224,0.4602186414930556
病例57,near,NBI,mid_fusion_wide,2,1,0.2,0.04708452480329645,0.08020886986483847,0.9373902560465642,0.3944769965277778
病例57,near,NBI,mid_fusion_wide,2,1,0.25,0.059588299024918745,0.04692467541694048,0.9464041539676776,0.3769938151041667
病例57,near,NBI,mid_fusion_wide,2,1,0.3,0.06161305791876099,0.04129442480862476,0.9480181586541171,0.3740709092881944
病例57,near,NBI,mid_fusion_wide,2,1,0.35,0.06337140116867662,0.03779549935172193,0.948761311911062,0.3720635308159722
病例57,near,NBI,mid_fusion_wide,2,1,0.4,0.06507646128980693,0.03401239720796405,0.9496739042180921,0.3699679904513889
病例57,near,NBI,mid_fusion_wide,2,1,0.45,0.06703017601193542,0.03172122267019519,0.9497369325056051,0.36834716796875
病例57,near,NBI,mid_fusion_wide,2,1,0.5,0.10281867751274355,0.013462870539758094,0.9391401347888086,0.3477105034722222
病例57,near,NBI,mid_fusion_wide,2,1,0.55,0.1123385965223878,0.010283643855567199,0.9353921018145841,0.3428615993923611
病例57,near,NBI,mid_fusion_wide,2,1,0.6,0.12013569436797329,0.007708292630943289,0.932270691406402,0.3389010959201389
病例57,near,NBI,mid_fusion_wide,2,1,0.65,0.13214215938759924,0.005044136191677175,0.926752015172189,0.3332994249131944
病例57,near,NBI,mid_fusion_wide,2,1,0.7,0.14897962808376108,0.0027352006109798766,0.9181581266997679,0.32598876953125
病例57,near,NBI,mid_fusion_wide,2,1,0.75,0.18331172406443708,0.001101184661563327,0.8985510078449798,0.312255859375
病例57,near,NBI,mid_fusion_wide,2,1,0.8,0.2294726746354546,0.00028417668685505213,0.8702533549970208,0.2943183051215278
病例57,near,NBI,mid_fusion_wide,2,1,0.85,0.3282240733175852,0.0,0.8036674245152203,0.2565036349826389
病例57,near,NBI,mid_fusion_wide,2,1,0.9,0.773653268919951,0.0,0.3691398612533939,0.08642578125
病例57,near,NBI,mid_fusion_wide,2,1,0.95,1.0,0.0,0.0,0.0
病例6,far,WLI,mid_fusion_wide,2,1,0.05,0.0,30.049905243209096,0.06240268059520883,1.0
病例6,far,WLI,mid_fusion_wide,2,1,0.1,0.0,3.5340071594019795,0.3614017731427213,0.1460232204861111
病例6,far,WLI,mid_fusion_wide,2,1,0.15,0.0,3.150979153506001,0.38827569290986724,0.13368733723958334
病例6,far,WLI,mid_fusion_wide,2,1,0.2,0.0,1.5590650663297536,0.5619453319100582,0.08241780598958333
病例6,far,WLI,mid_fusion_wide,2,1,0.25,0.0,1.1452937460518005,0.6358706567541281,0.069091796875
病例6,far,WLI,mid_fusion_wide,2,1,0.3,0.0,1.1025479048220679,0.6446314646352339,0.0677151150173611
病例6,far,WLI,mid_fusion_wide,2,1,0.35,0.0,1.0745420088439672,0.6505033901742997,0.06681315104166667
病例6,far,WLI,mid_fusion_wide,2,1,0.4,0.0,1.0461149715729627,0.6565740356653078,0.06589762369791667
病例6,far,WLI,mid_fusion_wide,2,1,0.45,0.0,1.0242156243419667,0.6613285057745346,0.06519232855902778
病例6,far,WLI,mid_fusion_wide,2,1,0.5,0.0035797009896820385,0.5950726468730259,0.7689932558643943,0.05125596788194445
病例6,far,WLI,mid_fusion_wide,2,1,0.55,0.006948831332912192,0.5413771320277954,0.7836490528349647,0.049418131510416664
病例6,far,WLI,mid_fusion_wide,2,1,0.6,0.012634238787113077,0.4984207201516109,0.7944091486590901,0.0478515625
病例6,far,WLI,mid_fusion_wide,2,1,0.65,0.018530216887765846,0.4569383028005896,0.805008635571632,0.04632568359375
病例6,far,WLI,mid_fusion_wide,2,1,0.7,0.026531901452937462,0.41229732575279004,0.8160635480951803,0.04463026258680555
病例6,far,WLI,mid_fusion_wide,2,1,0.75,0.03811328700779111,0.35881238155401135,0.8289628890225118,0.042534722222222224
病例6,far,WLI,mid_fusion_wide,2,1,0.8,0.055380080016845655,0.29206148662876397,0.844662022210086,0.03982883029513889
病例6,far,WLI,mid_fusion_wide,2,1,0.85,0.08780795957043588,0.21036007580543273,0.8595238095152824,0.036153157552083336
病例6,far,WLI,mid_fusion_wide,2,1,0.9,0.1846704569383028,0.07559486207622658,0.862360801772134,0.028693305121527776
病例6,far,WLI,mid_fusion_wide,2,1,0.95,0.8896609812592124,0.0,0.1987483405993031,0.0035536024305555555
病例6,far,NBI,mid_fusion_wide,2,1,0.05,0.0,5.642162162162162,0.26170604045818496,1.0
病例6,far,NBI,mid_fusion_wide,2,1,0.1,0.07256756756756756,0.22842342342342342,0.8603844546576256,0.1740180121527778
病例6,far,NBI,mid_fusion_wide,2,1,0.15,0.0904954954954955,0.17135135135135135,0.8741638705468684,0.1627265082465278
病例6,far,NBI,mid_fusion_wide,2,1,0.2,0.22959459459459458,0.03815315315315315,0.8519551681174298,0.1217312282986111
病例6,far,NBI,mid_fusion_wide,2,1,0.25,0.27783783783783783,0.021711711711711712,0.8282275145920642,0.11199273003472222
病例6,far,NBI,mid_fusion_wide,2,1,0.3,0.28716216216216217,0.02045045045045045,0.8225265729337495,0.11039903428819445
病例6,far,NBI,mid_fusion_wide,2,1,0.35,0.29436936936936936,0.019234234234234236,0.8181865663824867,0.109130859375
病例6,far,NBI,mid_fusion_wide,2,1,0.4,0.3003153153153153,0.018603603603603604,0.8143973155748587,0.10814073350694445
病例6,far,NBI,mid_fusion_wide,2,1,0.45,0.3065315315315315,0.01792792792792793,0.8104124443955191,0.10710313585069445
病例6,far,NBI,mid_fusion_wide,2,1,0.5,0.4024774774774775,0.011486486486486487,0.7427211646115826,0.09168836805555555
病例6,far,NBI,mid_fusion_wide,2,1,0.55,0.4187837837837838,0.010990990990990991,0.7300761026374796,0.08915879991319445
病例6,far,NBI,mid_fusion_wide,2,1,0.6,0.43243243243243246,0.010810810810810811,0.7191780821897283,0.08707682291666667
病例6,far,NBI,mid_fusion_wide,2,1,0.65,0.4477477477477477,0.010675675675675676,0.7066893391339116,0.0847507052951389
病例6,far,NBI,mid_fusion_wide,2,1,0.7,0.4635135135135135,0.01036036036036036,0.6936517181109678,0.08232964409722222
病例6,far,NBI,mid_fusion_wide,2,1,0.75,0.48346846846846847,0.009684684684684685,0.676878578594307,0.0792236328125
病例6,far,NBI,mid_fusion_wide,2,1,0.8,0.5094144144144144,0.008558558558558558,0.6544875454443843,0.07514784071180555
病例6,far,NBI,mid_fusion_wide,2,1,0.85,0.5492792792792793,0.007972972972972973,0.6179785690003459,0.0690578884548611
病例6,far,NBI,mid_fusion_wide,2,1,0.9,0.6354954954954954,0.007972972972972973,0.5311628212263902,0.05607774522569445
病例6,far,NBI,mid_fusion_wide,2,1,0.95,0.8853603603603604,0.0,0.20569812083166014,0.017259385850694444
病例6,near,WLI,mid_fusion_wide,2,1,0.05,0.0,3.633920995568964,0.35499255342271735,1.0
病例6,near,WLI,mid_fusion_wide,2,1,0.1,0.0,1.3631878319348858,0.5946738927297751,0.5099758572048612
病例6,near,WLI,mid_fusion_wide,2,1,0.15,0.0,1.2595455831054965,0.6135824608081086,0.48760986328125
病例6,near,WLI,mid_fusion_wide,2,1,0.2,0.0,0.8782564972816693,0.6948651038872629,0.4053276909722222
病例6,near,WLI,mid_fusion_wide,2,1,0.25,0.0,0.7578014518714057,0.725215369888412,0.37933349609375
病例6,near,WLI,mid_fusion_wide,2,1,0.3,0.0,0.7431570346626442,0.7290869515400056,0.3761732313368056
病例6,near,WLI,mid_fusion_wide,2,1,0.35,0.0,0.7337921498381572,0.7315845135176434,0.3741522894965278
病例6,near,WLI,mid_fusion_wide,2,1,0.4,0.0,0.7239558781936457,0.7342262831819307,0.3720296223958333
病例6,near,WLI,mid_fusion_wide,2,1,0.45,0.0,0.7152823607051947,0.7365716468169663,0.3701578776041667
病例6,near,WLI,mid_fusion_wide,2,1,0.5,0.10071965054523742,0.2746613871342824,0.8273270017479403,0.2533365885416667
病例6,near,WLI,mid_fusion_wide,2,1,0.55,0.1065019955375381,0.25536595330127904,0.8316003451339862,0.2479248046875
病例6,near,WLI,mid_fusion_wide,2,1,0.6,0.11159297319380283,0.23930737563244397,0.8350810858700335,0.24336073133680555
病例6,near,WLI,mid_fusion_wide,2,1,0.65,0.11765815027811823,0.222557430627573,0.8383696625845949,0.2384372287326389
病例6,near,WLI,mid_fusion_wide,2,1,0.7,0.1245403978504761,0.2025077778825304,0.8426114967547712,0.23262532552083334
病例6,near,WLI,mid_fusion_wide,2,1,0.75,0.13403098582696962,0.17733572169322145,0.8476161181161986,0.22514512803819445
病例6,near,WLI,mid_fusion_wide,2,1,0.8,0.1482668677917099,0.14314446434744352,0.8539201940785868,0.2146945529513889
病例6,near,WLI,mid_fusion_wide,2,1,0.85,0.17928412054932277,0.08572954966845793,0.8609906865559037,0.1956108940972222
病例6,near,WLI,mid_fusion_wide,2,1,0.9,0.3765752176235819,0.008516388548442852,0.7640284999022453,0.13637288411458334
病例6,near,WLI,mid_fusion_wide,2,1,0.95,0.9879639231953741,0.0,0.02378586510985037,0.002597384982638889
病例6,near,NBI,mid_fusion_wide,2,1,0.05,0.0,5.1948493887325125,0.2779766318848773,1.0
病例6,near,NBI,mid_fusion_wide,2,1,0.1,0.0,1.0416334075536697,0.6575414364631802,0.3295694986979167
病例6,near,NBI,mid_fusion_wide,2,1,0.15,0.0,0.8802671932109398,0.6943800230448309,0.3035210503472222
病例6,near,NBI,mid_fusion_wide,2,1,0.2,4.201151115405621e-05,0.3502919800025207,0.8509375614449513,0.2179633246527778
病例6,near,NBI,mid_fusion_wide,2,1,0.25,0.00021005755577028105,0.27135235054404905,0.8804291527915641,0.2051934136284722
病例6,near,NBI,mid_fusion_wide,2,1,0.3,0.0004201151115405621,0.2586648741755241,0.8852715197274844,0.20311143663194445
病例6,near,NBI,mid_fusion_wide,2,1,0.35,0.0011343108011595178,0.24778389278662352,0.8892047048247111,0.2012396918402778
病例6,near,NBI,mid_fusion_wide,2,1,0.4,0.0017644834684703609,0.24055791286812586,0.8917620566693718,0.19997151692708334
病例6,near,NBI,mid_fusion_wide,2,1,0.45,0.002604713691551485,0.23375204806116875,0.8940649243035059,0.1987372504340278
病例6,near,NBI,mid_fusion_wide,2,1,0.5,0.07830945679116078,0.0703272696718901,0.9253838366776502,0.16013590494791666
病例6,near,NBI,mid_fusion_wide,2,1,0.55,0.0899886568919884,0.060958702684535564,0.9234146861325303,0.15673828125
病例6,near,NBI,mid_fusion_wide,2,1,0.6,0.09990337352434567,0.05180019325295131,0.9222789005812998,0.1536593967013889
病例6,near,NBI,mid_fusion_wide,2,1,0.65,0.11070033189093811,0.04150737302020754,0.921168867901997,0.15025499131944445
病例6,near,NBI,mid_fusion_wide,2,1,0.7,0.12460614208293072,0.029786161408225854,0.9189618293657655,0.1461181640625
病例6,near,NBI,mid_fusion_wide,2,1,0.75,0.1464101163718859,0.017812880729319833,0.9122460433249248,0.14066569010416666
病例6,near,NBI,mid_fusion_wide,2,1,0.8,0.181615762718985,0.009284543965046422,0.8955498344959186,0.13360595703125
病例6,near,NBI,mid_fusion_wide,2,1,0.85,0.24833004243162626,0.0031508633365542158,0.8566914053127682,0.12184651692708333
病例6,near,NBI,mid_fusion_wide,2,1,0.9,0.4502793765491745,0.0022686216023190355,0.7084077743470618,0.08910454644097222
病例6,near,NBI,mid_fusion_wide,2,1,0.95,0.9548796370205437,0.0,0.08634481649681897,0.007283528645833333
病例62,far,WLI,mid_fusion_wide,2,1,0.05,0.0,31.386558313200087,0.059904347768842695,1.0
病例62,far,WLI,mid_fusion_wide,2,1,0.1,0.0,9.079288381287064,0.1805170089600735,0.31121826171875
病例62,far,WLI,mid_fusion_wide,2,1,0.15,0.0,8.691412255655612,0.1870660257196535,0.2992418077256944
病例62,far,WLI,mid_fusion_wide,2,1,0.2,0.0,6.827366571491324,0.22656813714456825,0.24168565538194445
病例62,far,WLI,mid_fusion_wide,2,1,0.25,0.0,6.308148473533934,0.24072752266835665,0.2256537543402778
病例62,far,WLI,mid_fusion_wide,2,1,0.3,0.0,6.217219415769822,0.24339133456220194,0.2228461371527778
病例62,far,WLI,mid_fusion_wide,2,1,0.35,0.0,6.157698220953217,0.24516719616540528,0.22100830078125
病例62,far,WLI,mid_fusion_wide,2,1,0.4,0.0,6.105864265319569,0.24673494824622896,0.21940782335069445
病例62,far,WLI,mid_fusion_wide,2,1,0.45,0.0,6.053591038875466,0.24833642412935436,0.21779378255208334
病例62,far,WLI,mid_fusion_wide,2,1,0.5,0.0,4.043268174829783,0.3309467563135346,0.15572102864583334
病例62,far,WLI,mid_fusion_wide,2,1,0.55,0.0,3.9090709422358882,0.3384626821277934,0.1515774197048611
病例62,far,WLI,mid_fusion_wide,2,1,0.6,0.0008785416209092906,3.798594333406545,0.3446603780719602,0.1481391059027778
病例62,far,WLI,mid_fusion_wide,2,1,0.65,0.004392708104546453,3.6777948605315176,0.35097363632708384,0.14430067274305555
病例62,far,WLI,mid_fusion_wide,2,1,0.7,0.008785416209092905,3.540522732264441,0.35837369967299937,0.1399264865451389
病例62,far,WLI,mid_fusion_wide,2,1,0.75,0.014495936745003294,3.3630573248407645,0.36851182654250775,0.1342705620659722
病例62,far,WLI,mid_fusion_wide,2,1,0.8,0.026136613222051394,3.1199209312541183,0.3823732321473682,0.12640380859375
病例62,far,WLI,mid_fusion_wide,2,1,0.85,0.06039973643751373,2.72435756643971,0.40291970802729965,0.1131320529513889
病例62,far,WLI,mid_fusion_wide,2,1,0.9,0.39907753129804524,1.6059740830221831,0.37476885144596417,0.0681423611111111
病例62,far,WLI,mid_fusion_wide,2,1,0.95,1.0,0.0,0.0,0.0
病例62,far,NBI,mid_fusion_wide,2,1,0.05,0.0,3.5728462444954414,0.3588830396988576,1.0
病例62,far,NBI,mid_fusion_wide,2,1,0.1,0.0,1.7471934503504312,0.5337327860165074,0.6007622612847222
病例62,far,NBI,mid_fusion_wide,2,1,0.15,0.0,1.652484029026856,0.5475725517494374,0.5800509982638888
病例62,far,NBI,mid_fusion_wide,2,1,0.2,0.0,1.2839111827823606,0.6090298697736309,0.49945068359375
病例62,far,NBI,mid_fusion_wide,2,1,0.25,0.0,1.1283570055200645,0.6393132230333581,0.4654337565104167
病例62,far,NBI,mid_fusion_wide,2,1,0.3,0.0,1.1091608261489798,0.6432603881978064,0.4612358940972222
病例62,far,NBI,mid_fusion_wide,2,1,0.35,0.0,1.0956087576753706,0.6460764768929924,0.4582722981770833
病例62,far,NBI,mid_fusion_wide,2,1,0.4,0.0,1.0824908515784903,0.6488259321106573,0.4554036458333333
病例62,far,NBI,mid_fusion_wide,2,1,0.45,0.0,1.0684736091298146,0.6517898651783278,0.4523383246527778
病例62,far,NBI,mid_fusion_wide,2,1,0.5,0.007349748806053464,0.5183898778143026,0.7906287436232841,0.3304375542534722
病例62,far,NBI,mid_fusion_wide,2,1,0.55,0.014451404825404702,0.4899832537368976,0.7962318041730811,0.3226725260416667
病例62,far,NBI,mid_fusion_wide,2,1,0.6,0.023475779941698194,0.4635303603547727,0.8004117841427513,0.3149142795138889
病例62,far,NBI,mid_fusion_wide,2,1,0.65,0.03594244247348508,0.43521677107238105,0.8036242842545225,0.3059963650173611
病例62,far,NBI,mid_fusion_wide,2,1,0.7,0.05116913725733424,0.4002977113440427,0.8078151815170854,0.2950303819444444
病例62,far,NBI,mid_fusion_wide,2,1,0.75,0.07777708863114804,0.3491595856850462,0.8120366451390412,0.2780287000868056
病例62,far,NBI,mid_fusion_wide,2,1,0.8,0.1511195186999938,0.2748868076660671,0.7994100725715879,0.24574788411458334
病例62,far,NBI,mid_fusion_wide,2,1,0.85,0.539725857470694,0.18082862990758544,0.5609327462715453,0.14019775390625
病例62,far,NBI,mid_fusion_wide,2,1,0.9,0.9918129380388265,0.0022328350803200395,0.01620526671163156,0.0022786458333333335
病例62,far,NBI,mid_fusion_wide,2,1,0.95,1.0,0.0,0.0,0.0
病例62,near,WLI,mid_fusion_wide,2,1,0.05,0.0,4.385536888239591,0.31320780617246263,1.0
病例62,near,WLI,mid_fusion_wide,2,1,0.1,0.0,2.231811541271001,0.4726108382883197,0.6000908745659722
病例62,near,WLI,mid_fusion_wide,2,1,0.15,0.0,2.0803871439006576,0.49014956901523427,0.5719740125868056
病例62,near,WLI,mid_fusion_wide,2,1,0.2,0.0,1.75409057706355,0.5327521962888957,0.5113864474826388
病例62,near,WLI,mid_fusion_wide,2,1,0.25,0.0,1.67100073046019,0.5448105698816611,0.4959581163194444
病例62,near,WLI,mid_fusion_wide,2,1,0.3,0.0,1.6537983929875821,0.5473755760132871,0.4927639431423611
病例62,near,WLI,mid_fusion_wide,2,1,0.35,0.0,1.6433893352812272,0.548939412165134,0.4908311631944444
病例62,near,WLI,mid_fusion_wide,2,1,0.4,0.0,1.6322132943754566,0.5506284565102558,0.4887559678819444
病例62,near,WLI,mid_fusion_wide,2,1,0.45,0.00018261504747991235,1.6216946676406137,0.5521546638154118,0.4867689344618056
病例62,near,WLI,mid_fusion_wide,2,1,0.5,0.001789627465303141,1.1757487216946676,0.6290001495913501,0.4036661783854167
病例62,near,WLI,mid_fusion_wide,2,1,0.55,0.003360116873630387,1.1425858290723157,0.6349590469091645,0.397216796875
病例62,near,WLI,mid_fusion_wide,2,1,0.6,0.005441928414901388,1.1117604090577065,0.6403452046411678,0.3911064995659722
病例62,near,WLI,mid_fusion_wide,2,1,0.65,0.007121986851716581,1.0754565376186997,0.6471771553717404,0.3840535481770833
病例62,near,WLI,mid_fusion_wide,2,1,0.7,0.008984660336011687,1.0276844411979547,0.6565842326856499,0.3748372395833333
病例62,near,WLI,mid_fusion_wide,2,1,0.75,0.012856099342585829,0.9602264426588751,0.6698472100017722,0.3615926106770833
病例62,near,WLI,mid_fusion_wide,2,1,0.8,0.024470416362308255,0.8638056975894813,0.6871534968669207,0.3415323893229167
病例62,near,WLI,mid_fusion_wide,2,1,0.85,0.06778670562454346,0.7201607012417823,0.7029274875372437,0.3068169487847222
病例62,near,WLI,mid_fusion_wide,2,1,0.9,0.21223520818115413,0.32983929875821766,0.7440151776461814,0.20751953125
病例62,near,WLI,mid_fusion_wide,2,1,0.95,1.0,0.0,0.0,0.0
病例62,near,NBI,mid_fusion_wide,2,1,0.05,0.0,0.2732139465004231,0.8798116002579558,1.0
病例62,near,NBI,mid_fusion_wide,2,1,0.1,0.0004835339423558464,0.059405598632289704,0.9709123848820849,0.8316921657986112
病例62,near,NBI,mid_fusion_wide,2,1,0.15,0.0060528088141330065,0.032362235999102006,0.9810418664105759,0.8060777452256944
病例62,near,NBI,mid_fusion_wide,2,1,0.2,0.03276805912929352,0.011889754261142867,0.9774355394612027,0.7690158420138888
病例62,near,NBI,mid_fusion_wide,2,1,0.25,0.041540746369178164,0.008824494447994198,0.9743985884765232,0.7597181532118056
病例62,near,NBI,mid_fusion_wide,2,1,0.3,0.04261142867010897,0.006337748458735559,0.975073320229799,0.7569240993923612
病例62,near,NBI,mid_fusion_wide,2,1,0.35,0.043500785742656325,0.004049596767230214,0.9757463919065196,0.7544284396701388
病例62,near,NBI,mid_fusion_wide,2,1,0.4,0.04505500198594298,0.0029616453969295593,0.9754755174127904,0.7523532443576388
病例62,near,NBI,mid_fusion_wide,2,1,0.45,0.04687688880446233,0.002624898544217452,0.9746890769654377,0.7506578233506944
病例62,near,NBI,mid_fusion_wide,2,1,0.5,0.20028666655153954,3.453813873970332e-05,0.8886948511769135,0.6281331380208334
病例62,near,NBI,mid_fusion_wide,2,1,0.55,0.2157856563109814,8.63453468492583e-06,0.8790541913874123,0.6159396701388888
病例62,near,NBI,mid_fusion_wide,2,1,0.6,0.2308960920096016,0.0,0.8694841546799604,0.60406494140625
病例62,near,NBI,mid_fusion_wide,2,1,0.65,0.24979708843490425,0.0,0.8572753554544903,0.5892198350694444
病例62,near,NBI,mid_fusion_wide,2,1,0.7,0.27361113509592966,0.0,0.8415124537356999,0.5705159505208334
病例62,near,NBI,mid_fusion_wide,2,1,0.75,0.31422798625382076,0.0,0.8135999508283239,0.5386149088541666
病例62,near,NBI,mid_fusion_wide,2,1,0.8,0.3876301656103753,0.0,0.7595897930217904,0.4809638129340278
病例62,near,NBI,mid_fusion_wide,2,1,0.85,0.625157580258,0.0,0.5452878298766877,0.2944064670138889
病例62,near,NBI,mid_fusion_wide,2,1,0.9,0.9976255029616454,0.0,0.004737744316856259,0.001864963107638889
病例62,near,NBI,mid_fusion_wide,2,1,0.95,1.0,0.0,0.0,0.0
病例63,far,WLI,mid_fusion_wide,2,1,0.05,0.0,58.33843058350101,0.03314637090586754,1.0
病例63,far,WLI,mid_fusion_wide,2,1,0.1,0.0,25.301810865191147,0.07325521409083462,0.4432508680555556
病例63,far,WLI,mid_fusion_wide,2,1,0.15,0.0028169014084507044,24.264788732394365,0.07594122063701761,0.4257269965277778
病例63,far,WLI,mid_fusion_wide,2,1,0.2,0.03903420523138833,22.112676056338028,0.07983551476843381,0.3888481987847222
病例63,far,WLI,mid_fusion_wide,2,1,0.25,0.055533199195171024,21.601207243460763,0.08022423134097824,0.3799506293402778
病例63,far,WLI,mid_fusion_wide,2,1,0.3,0.06116700201207243,21.480080482897385,0.08017733177524197,0.3778143988715278
病例63,far,WLI,mid_fusion_wide,2,1,0.35,0.06639839034205232,21.404024144869215,0.08000827671814324,0.3764444986979167
病例63,far,WLI,mid_fusion_wide,2,1,0.4,0.07082494969818913,21.324346076458752,0.07991693346010224,0.3750271267361111
病例63,far,WLI,mid_fusion_wide,2,1,0.45,0.09939637826961771,21.21327967806841,0.07792750443943396,0.3726738823784722
病例63,far,WLI,mid_fusion_wide,2,1,0.5,0.6104627766599597,18.686519114688128,0.03880614965215016,0.3214789496527778
病例63,far,WLI,mid_fusion_wide,2,1,0.55,0.6494969818913481,18.348088531187123,0.03558660701510574,0.3151177300347222
病例63,far,WLI,mid_fusion_wide,2,1,0.6,0.7006036217303823,18.053521126760565,0.030940696997357273,0.3092922634548611
病例63,far,WLI,mid_fusion_wide,2,1,0.65,0.7617706237424547,17.666398390342053,0.025203286644758818,0.3017374674479167
病例63,far,WLI,mid_fusion_wide,2,1,0.7,0.8201207243460764,17.064788732394366,0.019718558383652305,0.2906155056423611
病例63,far,WLI,mid_fusion_wide,2,1,0.75,0.8824949698189135,16.114285714285714,0.01363816818847379,0.2735460069444444
病例63,far,WLI,mid_fusion_wide,2,1,0.8,0.9404426559356137,14.736418511066399,0.007540824905083583,0.24934895833333334
病例63,far,WLI,mid_fusion_wide,2,1,0.85,1.0,11.657545271629779,0.0,0.19645860460069445
病例63,far,WLI,mid_fusion_wide,2,1,0.9,1.0,1.0028169014084507,0.0,0.016899956597222224
病例63,far,WLI,mid_fusion_wide,2,1,0.95,1.0,0.0,0.0,0.0
病例63,far,NBI,mid_fusion_wide,2,1,0.05,0.0,7.900048285852245,0.20201921669987197,1.0
病例63,far,NBI,mid_fusion_wide,2,1,0.1,0.0,1.2708232737807823,0.611466848737592,0.2551472981770833
病例63,far,NBI,mid_fusion_wide,2,1,0.15,0.0,1.1303718010622887,0.6389017430189748,0.23936631944444445
病例63,far,NBI,mid_fusion_wide,2,1,0.2,0.0,0.7915861902462579,0.7164385634889701,0.2013007269965278
病例63,far,NBI,mid_fusion_wide,2,1,0.25,6.035731530661516e-05,0.7086552390149686,0.7383456636047367,0.19197591145833334
病例63,far,NBI,mid_fusion_wide,2,1,0.3,0.0009657170449058426,0.6907894736842105,0.7428250869499768,0.18986680772569445
病例63,far,NBI,mid_fusion_wide,2,1,0.35,0.0019917914051183,0.6785369386769676,0.7457436013062448,0.18837483723958334
病例63,far,NBI,mid_fusion_wide,2,1,0.4,0.003380009657170449,0.6705094157411878,0.7473353096907661,0.18731689453125
病例63,far,NBI,mid_fusion_wide,2,1,0.45,0.0051303718010622884,0.6594640270400772,0.7496191190832716,0.1858791775173611
病例63,far,NBI,mid_fusion_wide,2,1,0.5,0.037240463544181555,0.3654031868662482,0.8270551940455058,0.14923095703125
病例63,far,NBI,mid_fusion_wide,2,1,0.55,0.04689763399323998,0.34282955094157413,0.830253161227082,0.14560953776041666
病例63,far,NBI,mid_fusion_wide,2,1,0.6,0.05619266055045872,0.3231530661516176,0.8326632764428428,0.14235432942708334
病例63,far,NBI,mid_fusion_wide,2,1,0.65,0.0676605504587156,0.3032955094157412,0.8340712742958043,0.13883463541666666
病例63,far,NBI,mid_fusion_wide,2,1,0.7,0.082810236600676,0.27939401255432156,0.8351056521835653,0.13444688585069445
病例63,far,NBI,mid_fusion_wide,2,1,0.75,0.10363351038145824,0.2480082085948817,0.836016662911405,0.12858072916666666
病例63,far,NBI,mid_fusion_wide,2,1,0.8,0.1361661033317238,0.19996378561081604,0.8371304068059628,0.11952718098958333
病例63,far,NBI,mid_fusion_wide,2,1,0.85,0.19121197489135683,0.11811926605504587,0.8394675019550839,0.10414632161458333
病例63,far,NBI,mid_fusion_wide,2,1,0.9,0.542491549975857,0.017141477547078707,0.6204977079214944,0.05333116319444445
病例63,far,NBI,mid_fusion_wide,2,1,0.95,1.0,0.0,0.0,0.0
病例63,near,WLI,mid_fusion_wide,2,1,0.05,0.0,5.504455227172475,0.26650835263259787,1.0
病例63,near,WLI,mid_fusion_wide,2,1,0.1,0.0037494486104984563,0.48478164975738863,0.8030936083193118,0.2276950412326389
病例63,near,WLI,mid_fusion_wide,2,1,0.15,0.009263343625937363,0.40904278782531983,0.8256897597543781,0.2152031792534722
病例63,near,WLI,mid_fusion_wide,2,1,0.2,0.0470666078517865,0.24764005293339214,0.866077334774859,0.1845770941840278
病例63,near,WLI,mid_fusion_wide,2,1,0.25,0.05668284075871195,0.20913101014556681,0.8765062710040239,0.1771782769097222
病例63,near,WLI,mid_fusion_wide,2,1,0.3,0.06109395677106308,0.20172033524481695,0.8772255192860261,0.1753607855902778
病例63,near,WLI,mid_fusion_wide,2,1,0.35,0.06440229378032643,0.19422143802382003,0.8785700971338182,0.1736992730034722
病例63,near,WLI,mid_fusion_wide,2,1,0.4,0.06766651962946625,0.1905602117335686,0.8783609691208943,0.1726345486111111
病例63,near,WLI,mid_fusion_wide,2,1,0.45,0.07110719011910013,0.1870754300838112,0.877983697803002,0.17156982421875
病例63,near,WLI,mid_fusion_wide,2,1,0.5,0.17975297750330835,0.08676665196294663,0.8602424130253973,0.13944498697916666
病例63,near,WLI,mid_fusion_wide,2,1,0.55,0.19347154830172034,0.0788707543008381,0.8555519161460494,0.13612196180555555
病例63,near,WLI,mid_fusion_wide,2,1,0.6,0.20644022937803264,0.07115130127922364,0.8511342937552311,0.1329413519965278
病例63,near,WLI,mid_fusion_wide,2,1,0.65,0.22126157917953243,0.06409351565946185,0.8451540321209154,0.12957763671875
病例63,near,WLI,mid_fusion_wide,2,1,0.7,0.24097926775474196,0.056726951918835464,0.8360420766201782,0.12541368272569445
病例63,near,WLI,mid_fusion_wide,2,1,0.75,0.27004852227613585,0.0458756065284517,0.8220974713080081,0.11927625868055555
病例63,near,WLI,mid_fusion_wide,2,1,0.8,0.31160123511248344,0.033083370092633436,0.7997745092994419,0.11092122395833333
病例63,near,WLI,mid_fusion_wide,2,1,0.85,0.38345831495368327,0.013850904278782532,0.7563107058771237,0.09691704644097222
病例63,near,WLI,mid_fusion_wide,2,1,0.9,0.6779885310983679,0.0,0.48715382048552835,0.049506293402777776
病例63,near,WLI,mid_fusion_wide,2,1,0.95,1.0,0.0,0.0,0.0
病例63,near,NBI,mid_fusion_wide,2,1,0.05,0.0,2.6366685574765087,0.43134418067773844,1.0
病例63,near,NBI,mid_fusion_wide,2,1,0.1,0.0,1.1486916417984068,0.6351844599352744,0.5908406575520834
病例63,near,NBI,mid_fusion_wide,2,1,0.15,0.0005919056896934422,1.071546600241695,0.6508777847374269,0.5694647894965278
病例63,near,NBI,mid_fusion_wide,2,1,0.2,0.014994944138900535,0.8994500209633265,0.6829747939390173,0.5181816948784722
病例63,near,NBI,mid_fusion_wide,2,1,0.25,0.033097393148691645,0.8267935975534565,0.6922031145161445,0.49322509765625
病例63,near,NBI,mid_fusion_wide,2,1,0.3,0.03514440032554813,0.8176437221002787,0.6935172218178249,0.4901462131076389
病例63,near,NBI,mid_fusion_wide,2,1,0.35,0.03753668582139246,0.8102942264532518,0.6942282547780388,0.4874674479166667
病例63,near,NBI,mid_fusion_wide,2,1,0.4,0.04005228500258959,0.8041285421856118,0.6945884452369444,0.4850802951388889
病例63,near,NBI,mid_fusion_wide,2,1,0.45,0.04197597849409328,0.7970256739092905,0.6954676883682644,0.4825981987847222
病例63,near,NBI,mid_fusion_wide,2,1,0.5,0.2607097935728907,0.40084346560781314,0.6908822715950368,0.3135104709201389
病例63,near,NBI,mid_fusion_wide,2,1,0.55,0.27348509137544086,0.3779811083434039,0.6904407542385645,0.3037109375
病例63,near,NBI,mid_fusion_wide,2,1,0.6,0.2871729104496017,0.35482279823414803,0.689504633991329,0.2935791015625
病例63,near,NBI,mid_fusion_wide,2,1,0.65,0.3081855624337189,0.326904579870274,0.6853994355726908,0.2801242404513889
病例63,near,NBI,mid_fusion_wide,2,1,0.7,0.3498655880829655,0.28386810368214666,0.6723201305814069,0.2568291558159722
病例63,near,NBI,mid_fusion_wide,2,1,0.75,0.422941278023035,0.21964633635040817,0.642352198321722,0.21907552083333334
病例63,near,NBI,mid_fusion_wide,2,1,0.8,0.5904505882062792,0.12864083656004144,0.532508137054414,0.14798990885416666
病例63,near,NBI,mid_fusion_wide,2,1,0.85,0.9034947098428984,0.015488198880311737,0.17357168204361786,0.030795627170138888
病例63,near,NBI,mid_fusion_wide,2,1,0.9,1.0,0.0,0.0,0.0
病例63,near,NBI,mid_fusion_wide,2,1,0.95,1.0,0.0,0.0,0.0
病例64,far,WLI,mid_fusion_wide,2,1,0.05,0.0,19.19391947411668,0.09436668863639078,1.0
病例64,far,WLI,mid_fusion_wide,2,1,0.1,0.0,5.03793481238017,0.28417427175909366,0.2989976671006944
病例64,far,WLI,mid_fusion_wide,2,1,0.15,0.0,4.700493015612161,0.2984854988037311,0.28228759765625
病例64,far,WLI,mid_fusion_wide,2,1,0.2,0.017118597644480964,3.1736510545056147,0.38121796403903746,0.20583089192708334
病例64,far,WLI,mid_fusion_wide,2,1,0.25,0.02684196110654615,2.672555464256368,0.41894879580102307,0.1805352105034722
病例64,far,WLI,mid_fusion_wide,2,1,0.3,0.02999178307313065,2.6118871542043274,0.42340915204464413,0.1773749457465278
病例64,far,WLI,mid_fusion_wide,2,1,0.35,0.03286770747740345,2.5612161051766638,0.42714570858154255,0.17472330729166666
病例64,far,WLI,mid_fusion_wide,2,1,0.4,0.03533278553820871,2.5183511366748834,0.43036505269457653,0.1724785698784722
病例64,far,WLI,mid_fusion_wide,2,1,0.45,0.037113119693234733,2.477677348671597,0.43367771780899406,0.1703762478298611
病例64,far,WLI,mid_fusion_wide,2,1,0.5,0.2150095864146809,0.23240208162147358,0.7782227954600622,0.05038113064236111
病例64,far,WLI,mid_fusion_wide,2,1,0.55,0.24431662558203232,0.19186524239934263,0.7760354405402149,0.04692247178819445
病例64,far,WLI,mid_fusion_wide,2,1,0.6,0.27129553546973434,0.1621473568885237,0.7707684507802508,0.04411485460069445
病例64,far,WLI,mid_fusion_wide,2,1,0.65,0.2996439331689948,0.1317447274719255,0.7645387950309124,0.041205512152777776
病例64,far,WLI,mid_fusion_wide,2,1,0.7,0.3292248698986579,0.101615995617639,0.7569154690097595,0.038248697916666664
病例64,far,WLI,mid_fusion_wide,2,1,0.75,0.3688030676526979,0.06450287592440428,0.7444677757975733,0.03445095486111111
病例64,far,WLI,mid_fusion_wide,2,1,0.8,0.4213913996165434,0.019446726924130374,0.7241408861022869,0.029615614149305556
病例64,far,WLI,mid_fusion_wide,2,1,0.85,0.5064365927143248,0.0,0.6609205941622875,0.024441189236111112
病例64,far,WLI,mid_fusion_wide,2,1,0.9,0.6948781155847713,0.0,0.4675760755459855,0.015109592013888888
病例64,far,WLI,mid_fusion_wide,2,1,0.95,1.0,0.0,0.0,0.0
病例64,far,NBI,mid_fusion_wide,2,1,0.05,0.0,25.93260273972603,0.07160091806103955,1.0
病例64,far,NBI,mid_fusion_wide,2,1,0.1,0.0,5.090228310502283,0.28207836368715816,0.2261284722222222
病例64,far,NBI,mid_fusion_wide,2,1,0.15,0.0,4.471598173515981,0.3090426732888094,0.2031589084201389
病例64,far,NBI,mid_fusion_wide,2,1,0.2,0.0,2.585570776255708,0.43615072094146357,0.13313123914930555
病例64,far,NBI,mid_fusion_wide,2,1,0.25,0.0,2.0217351598173514,0.49729778827150506,0.11219618055555555
病例64,far,NBI,mid_fusion_wide,2,1,0.3,0.0,1.9514155251141552,0.5061477304219925,0.1095852322048611
病例64,far,NBI,mid_fusion_wide,2,1,0.35,0.0,1.8893150684931508,0.5142293603807916,0.10727945963541667
病例64,far,NBI,mid_fusion_wide,2,1,0.4,0.0,1.8418264840182648,0.5205857183582743,0.10551622178819445
病例64,far,NBI,mid_fusion_wide,2,1,0.45,0.0,1.795799086757991,0.5268982773528683,0.10380723741319445
病例64,far,NBI,mid_fusion_wide,2,1,0.5,0.0,0.7788127853881278,0.7197318259450524,0.06604682074652778
病例64,far,NBI,mid_fusion_wide,2,1,0.55,0.000547945205479452,0.7000913242009132,0.7404600811857884,0.06310356987847222
病例64,far,NBI,mid_fusion_wide,2,1,0.6,0.002374429223744292,0.6365296803652968,0.757453889885193,0.060675726996527776
病例64,far,NBI,mid_fusion_wide,2,1,0.65,0.004931506849315068,0.5716894977168949,0.7753504589712136,0.058173285590277776
病例64,far,NBI,mid_fusion_wide,2,1,0.7,0.009863013698630137,0.5041095890410959,0.7939367311013917,0.05548095703125
病例64,far,NBI,mid_fusion_wide,2,1,0.75,0.017168949771689496,0.41990867579908675,0.818091980229433,0.052083333333333336
病例64,far,NBI,mid_fusion_wide,2,1,0.8,0.02666666666666667,0.3183561643835616,0.849446082722169,0.04796006944444445
病例64,far,NBI,mid_fusion_wide,2,1,0.85,0.05132420091324201,0.217351598173516,0.8759591871078846,0.043294270833333336
病例64,far,NBI,mid_fusion_wide,2,1,0.9,0.15013698630136987,0.09497716894977169,0.8739669421405525,0.03508165147569445
病例64,far,NBI,mid_fusion_wide,2,1,0.95,0.6407305936073059,0.0,0.5286213383428028,0.013339572482638888
病例64,near,WLI,mid_fusion_wide,2,1,0.05,0.0,6.709311444554817,0.229639278917879,1.0
病例64,near,WLI,mid_fusion_wide,2,1,0.1,0.0,0.8270507659329743,0.7074510384097286,0.2369927300347222
病例64,near,WLI,mid_fusion_wide,2,1,0.15,0.0,0.7446018716996915,0.7287031392854146,0.22629801432291666
病例64,near,WLI,mid_fusion_wide,2,1,0.2,0.0008365138286192293,0.42552412819574426,0.8241585268542075,0.18480088975694445
病例64,near,WLI,mid_fusion_wide,2,1,0.25,0.004705390285983165,0.3482511632770429,0.8493920803104308,0.17427571614583334
病例64,near,WLI,mid_fusion_wide,2,1,0.3,0.0056987504574685,0.3360694306477754,0.8533417091044952,0.17256673177083334
病例64,near,WLI,mid_fusion_wide,2,1,0.35,0.00653526428608773,0.32545616144716893,0.8568336564890273,0.17108154296875
病例64,near,WLI,mid_fusion_wide,2,1,0.4,0.007058085428974748,0.31614994510378,0.8600280758935379,0.1698065863715278
病例64,near,WLI,mid_fusion_wide,2,1,0.45,0.007633188686150468,0.30642547184608143,0.8633810184428498,0.16847059461805555
病例64,near,WLI,mid_fusion_wide,2,1,0.5,0.119412349035395,0.1398546557222774,0.8716780954822831,0.13236490885416666
病例64,near,WLI,mid_fusion_wide,2,1,0.55,0.13196005646468342,0.12652271657865843,0.8704062909544681,0.12900797526041666
病例64,near,WLI,mid_fusion_wide,2,1,0.6,0.1453965598368798,0.11590944737805196,0.8673918811332784,0.1258884006076389
病例64,near,WLI,mid_fusion_wide,2,1,0.65,0.1624405290949966,0.1051916139488681,0.8622406415649984,0.1222873263888889
病例64,near,WLI,mid_fusion_wide,2,1,0.7,0.1909865634966278,0.09348042034819888,0.8504767924349378,0.1170654296875
病例64,near,WLI,mid_fusion_wide,2,1,0.75,0.21440895069796623,0.0798347885188477,0.8422645739886707,0.11225721571180555
病例64,near,WLI,mid_fusion_wide,2,1,0.8,0.24258901029957652,0.06242484446070999,0.8323948517558251,0.10634358723958333
病例64,near,WLI,mid_fusion_wide,2,1,0.85,0.2849898049877137,0.03743399383071051,0.8160147975750589,0.09760199652777778
病例64,near,WLI,mid_fusion_wide,2,1,0.9,0.3932137815653265,0.007894599257593978,0.7515865820465238,0.07973225911458333
病例64,near,WLI,mid_fusion_wide,2,1,0.95,0.7475296700998588,0.0,0.40315578560526316,0.03274875217013889
病例64,near,NBI,mid_fusion_wide,2,1,0.05,0.0,5.231237322515213,0.27657784011204034,1.0
病例64,near,NBI,mid_fusion_wide,2,1,0.1,0.0,1.8179090601757946,0.5238469456644672,0.4522230360243056
病例64,near,NBI,mid_fusion_wide,2,1,0.15,0.0,1.7008536173089925,0.5404158626117126,0.4334377712673611
病例64,near,NBI,mid_fusion_wide,2,1,0.2,0.0009296822177146721,1.458206558485463,0.5779521591915979,0.39434814453125
病例64,near,NBI,mid_fusion_wide,2,1,0.25,0.0015635564570655848,1.3942697768762677,0.5885781901966886,0.3839857313368056
病例64,near,NBI,mid_fusion_wide,2,1,0.3,0.0019016227180527383,1.3831981068289385,0.5903643066917573,0.3821546766493056
病例64,near,NBI,mid_fusion_wide,2,1,0.35,0.0036342123056119,1.3731406355645706,0.5914016253629585,0.3802625868055556
病例64,near,NBI,mid_fusion_wide,2,1,0.4,0.00929682217714672,1.361604124408384,0.5910574947363624,0.37750244140625
病例64,near,NBI,mid_fusion_wide,2,1,0.45,0.00988843813387424,1.3523073022312373,0.5924521145450503,0.37591552734375
病例64,near,NBI,mid_fusion_wide,2,1,0.5,0.07475490196078431,0.8389114266396214,0.6694592652601711,0.2831149631076389
病例64,near,NBI,mid_fusion_wide,2,1,0.55,0.08688302907369845,0.7986815415821501,0.673440129650512,0.2747124565972222
病例64,near,NBI,mid_fusion_wide,2,1,0.6,0.09930696416497634,0.7538455037187288,0.6786061098099582,0.2655232747395833
病例64,near,NBI,mid_fusion_wide,2,1,0.65,0.11502704530087897,0.7066007437457742,0.6829618275789082,0.2554185655381944
病例64,near,NBI,mid_fusion_wide,2,1,0.7,0.13746619337390129,0.6430442866801893,0.6884908587993516,0.24161783854166666
病例64,near,NBI,mid_fusion_wide,2,1,0.75,0.17131507775524002,0.5624154834347532,0.6931410494305831,0.22324625651041666
病例64,near,NBI,mid_fusion_wide,2,1,0.8,0.2645368492224476,0.42249830966869506,0.6816276974881885,0.18583170572916666
病例64,near,NBI,mid_fusion_wide,2,1,0.85,0.46623563218390807,0.17558316430020285,0.6245241038303473,0.11383734809027778
病例64,near,NBI,mid_fusion_wide,2,1,0.9,0.7425625422582827,0.0,0.4094636375843209,0.041314019097222224
病例64,near,NBI,mid_fusion_wide,2,1,0.95,1.0,0.0,0.0,0.0
病例70,far,WLI,mid_fusion_wide,2,1,0.05,0.0,8.657846476290281,0.18765517071840193,1.0
病例70,far,WLI,mid_fusion_wide,2,1,0.1,0.32604139376473673,0.5084490437516375,0.6176285225514911,0.12242974175347222
病例70,far,WLI,mid_fusion_wide,2,1,0.15,0.345886822111606,0.44812680115273773,0.6223011496382145,0.11412896050347222
病例70,far,WLI,mid_fusion_wide,2,1,0.2,0.4550039297877915,0.2734477338223736,0.5994093070141211,0.0847439236111111
病例70,far,WLI,mid_fusion_wide,2,1,0.25,0.49135446685878964,0.2095231857479696,0.5920786795235311,0.07436116536458333
病例70,far,WLI,mid_fusion_wide,2,1,0.3,0.49705265915640556,0.20166361016505108,0.5901022054845535,0.07295735677083333
病例70,far,WLI,mid_fusion_wide,2,1,0.35,0.5011789363374378,0.19616190725700813,0.5885853394621562,0.07196044921875
病例70,far,WLI,mid_fusion_wide,2,1,0.4,0.5045192559601781,0.191446161907257,0.5874359372550573,0.07112630208333333
病例70,far,WLI,mid_fusion_wide,2,1,0.45,0.5075320932669636,0.186206444851978,0.586734295744882,0.07027180989583333
病例70,far,WLI,mid_fusion_wide,2,1,0.5,0.5879617500654964,0.08167408959916164,0.5516969218602487,0.05112033420138889
病例70,far,WLI,mid_fusion_wide,2,1,0.55,0.5985066806392455,0.0734215352370972,0.544429148716442,0.049173990885416664
病例70,far,WLI,mid_fusion_wide,2,1,0.6,0.606235263295782,0.06634791721247052,0.5393621316084001,0.04764133029513889
病例70,far,WLI,mid_fusion_wide,2,1,0.65,0.6150117893633744,0.059339795651034845,0.5331035733696122,0.04600694444444445
病例70,far,WLI,mid_fusion_wide,2,1,0.7,0.6249017553052135,0.05200419177364422,0.525678094448916,0.04422336154513889
病例70,far,WLI,mid_fusion_wide,2,1,0.75,0.6365601257532093,0.04375163741157977,0.5165464277378797,0.04216172960069445
病例70,far,WLI,mid_fusion_wide,2,1,0.8,0.6530652344773382,0.034385643175268536,0.5023233760052047,0.039482964409722224
病例70,far,WLI,mid_fusion_wide,2,1,0.85,0.6765129682997119,0.0218103222425989,0.4809152872420598,0.03575303819444445
病例70,far,WLI,mid_fusion_wide,2,1,0.9,0.728910138852502,0.0036678019386953103,0.4253198376384662,0.028449164496527776
病例70,far,WLI,mid_fusion_wide,2,1,0.95,0.9219937123395336,0.0,0.14472325171550687,0.008076985677083334
病例70,far,NBI,mid_fusion_wide,2,1,0.05,0.0,10.56608361440113,0.1591585780717461,1.0
病例70,far,NBI,mid_fusion_wide,2,1,0.1,0.0041571887991215,1.7050749078359086,0.5381599304822963,0.2335205078125
病例70,far,NBI,mid_fusion_wide,2,1,0.15,0.005333751666797396,1.3918738724605852,0.5874232773582225,0.20633951822916666
病例70,far,NBI,mid_fusion_wide,2,1,0.2,0.06847595889873716,0.5788689308965409,0.742134041553688,0.1305881076388889
病例70,far,NBI,mid_fusion_wide,2,1,0.25,0.13742254294454467,0.38591262059769393,0.7672504011694438,0.1079440646701389
病例70,far,NBI,mid_fusion_wide,2,1,0.3,0.14385441995450624,0.3655973017491568,0.7706972638984265,0.10563151041666667
病例70,far,NBI,mid_fusion_wide,2,1,0.35,0.14816848380265119,0.35038042199388186,0.7736144749936827,0.10394287109375
病例70,far,NBI,mid_fusion_wide,2,1,0.4,0.1529531727978665,0.3389285434151698,0.7749829559698052,0.1025390625
病例70,far,NBI,mid_fusion_wide,2,1,0.45,0.157110361596988,0.32622166444427014,0.7771750922080813,0.10108100043402778
病例70,far,NBI,mid_fusion_wide,2,1,0.5,0.3020629068946584,0.16722880225900072,0.7483914378201422,0.0748019748263889
病例70,far,NBI,mid_fusion_wide,2,1,0.55,0.3211232253510079,0.14958035924386226,0.7425678864023741,0.0716281467013889
病例70,far,NBI,mid_fusion_wide,2,1,0.6,0.3370460428268884,0.13577535492979842,0.7371358799898083,0.0690578884548611
病例70,far,NBI,mid_fusion_wide,2,1,0.65,0.3539101105969096,0.12079378774805867,0.7313326822306164,0.06630452473958333
病例70,far,NBI,mid_fusion_wide,2,1,0.7,0.37320574162679426,0.10518472037022511,0.7237896834349722,0.06328667534722222
病例70,far,NBI,mid_fusion_wide,2,1,0.75,0.39744293670091774,0.08863440269825085,0.7125829043146765,0.059760199652777776
病例70,far,NBI,mid_fusion_wide,2,1,0.8,0.42991607184877245,0.06698564593301436,0.6964687844343995,0.05508083767361111
病例70,far,NBI,mid_fusion_wide,2,1,0.85,0.47658639893324967,0.037650011765628676,0.6705858707633876,0.04850938585069445
病例70,far,NBI,mid_fusion_wide,2,1,0.9,0.5903992469997646,0.006510314534473292,0.5784867619332088,0.03597683376736111
病例70,far,NBI,mid_fusion_wide,2,1,0.95,0.837712761785238,0.0,0.27925496018167595,0.014031304253472222
病例70,near,WLI,mid_fusion_wide,2,1,0.05,0.0,0.487096221144246,0.8041506327724799,1.0
病例70,near,WLI,mid_fusion_wide,2,1,0.1,0.008673114354004256,0.3266940306786208,0.8553217778702206,0.8863050672743056
病例70,near,WLI,mid_fusion_wide,2,1,0.15,0.01287856631402725,0.2944824873685166,0.8652872872249608,0.86181640625
病例70,near,WLI,mid_fusion_wide,2,1,0.2,0.05032423328660609,0.17120324334136772,0.8955492154061362,0.7537367078993056
病例70,near,WLI,mid_fusion_wide,2,1,0.25,0.068063777645552,0.12978407979265205,0.9040374888712719,0.7139553493923612
病例70,near,WLI,mid_fusion_wide,2,1,0.3,0.0703631614510322,0.12639551418457598,0.9043017609256367,0.7101304796006944
病例70,near,WLI,mid_fusion_wide,2,1,0.35,0.07243058987262624,0.12395494014542593,0.904273361418864,0.7070990668402778
病例70,near,WLI,mid_fusion_wide,2,1,0.4,0.07467954859465292,0.12057645955404056,0.90456214724033,0.7033148871527778
病例70,near,WLI,mid_fusion_wide,2,1,0.45,0.07696884738344242,0.11879141159978619,0.9041247450121731,0.7005750868055556
病例70,near,WLI,mid_fusion_wide,2,1,0.5,0.28748348578516897,0.021360065350908154,0.8218768539948456,0.4934963650173611
病例70,near,WLI,mid_fusion_wide,2,1,0.55,0.2975079923757274,0.0192321268291699,0.8160331769373328,0.4853244357638889
病例70,near,WLI,mid_fusion_wide,2,1,0.6,0.30662484746412255,0.017426908841534132,0.8105848925353927,0.4779798719618056
病例70,near,WLI,mid_fusion_wide,2,1,0.65,0.3171838599392882,0.015490585636919229,0.8041140386814624,0.4695773654513889
病例70,near,WLI,mid_fusion_wide,2,1,0.7,0.3302742116038202,0.012898736347408655,0.7960490038594159,0.4590318467881944
病例70,near,WLI,mid_fusion_wide,2,1,0.75,0.34845749669715703,0.00988331635688857,0.7843172961352999,0.4447767469618056
病例70,near,WLI,mid_fusion_wide,2,1,0.8,0.377250219349113,0.006061095031112277,0.7646680040612448,0.4228447808159722
病例70,near,WLI,mid_fusion_wide,2,1,0.85,0.4438314995411317,0.0008370563853283177,0.7144078555323506,0.3745591905381944
病例70,near,WLI,mid_fusion_wide,2,1,0.9,0.6626561916959972,0.0,0.5044982542395918,0.22684733072916666
病例70,near,WLI,mid_fusion_wide,2,1,0.95,0.9995058341821556,0.0,0.000987843477208044,0.0003323025173611111
病例70,near,NBI,mid_fusion_wide,2,1,0.05,0.0,0.2631578947368421,0.8837209302322236,1.0
病例70,near,NBI,mid_fusion_wide,2,1,0.1,0.1069164610745614,0.12295264528508772,0.8859796723090939,0.8043619791666666
病例70,near,NBI,mid_fusion_wide,2,1,0.15,0.11535430372807018,0.09924102247807018,0.8918308569845582,0.7789103190104166
病例70,near,NBI,mid_fusion_wide,2,1,0.2,0.15200966282894737,0.06714295504385964,0.885567955627721,0.7244805230034722
病例70,near,NBI,mid_fusion_wide,2,1,0.25,0.16336006030701755,0.05968167489035088,0.8823819053250986,0.7095879448784722
病例70,near,NBI,mid_fusion_wide,2,1,0.3,0.16503049616228072,0.05698327850877193,0.8826536387464932,0.7061292860243056
病例70,near,NBI,mid_fusion_wide,2,1,0.35,0.16636684484649122,0.05450760690789474,0.8830201348367694,0.7031114366319444
病例70,near,NBI,mid_fusion_wide,2,1,0.4,0.16732627467105263,0.05278577302631579,0.8832581405805138,0.70098876953125
病例70,near,NBI,mid_fusion_wide,2,1,0.45,0.16826857182017543,0.051115337171052634,0.8834828659298243,0.6989203559027778
病例70,near,NBI,mid_fusion_wide,2,1,0.5,0.29084429824561403,0.026187294407894735,0.8173089738712601,0.5821465386284722
病例70,near,NBI,mid_fusion_wide,2,1,0.55,0.3027943393640351,0.02216968201754386,0.810998789315684,0.5695054796006944
病例70,near,NBI,mid_fusion_wide,2,1,0.6,0.3153954221491228,0.019753974780701754,0.8033574587852818,0.5576171875
病例70,near,NBI,mid_fusion_wide,2,1,0.65,0.33065206962719296,0.017304002192982455,0.7937001315431256,0.5435994466145834
病例70,near,NBI,mid_fusion_wide,2,1,0.7,0.34998629385964913,0.01371470668859649,0.7813940077332152,0.52545166015625
病例70,near,NBI,mid_fusion_wide,2,1,0.75,0.37621641995614036,0.010587993421052632,0.7633314114991544,0.5022108289930556
病例70,near,NBI,mid_fusion_wide,2,1,0.8,0.4209327028508772,0.005773711622807018,0.7307575888606272,0.4629991319444444
病例70,near,NBI,mid_fusion_wide,2,1,0.85,0.5245254248903509,0.0003083881578947368,0.6443692425566707,0.3766615125868056
病例70,near,NBI,mid_fusion_wide,2,1,0.9,0.9502210115131579,0.0,0.09483708291504905,0.039408365885416664
病例70,near,NBI,mid_fusion_wide,2,1,0.95,1.0,0.0,0.0,0.0
病例71,far,WLI,mid_fusion_wide,2,1,0.05,0.0,6.420663278144029,0.2375109814911894,1.0
病例71,far,WLI,mid_fusion_wide,2,1,0.1,0.0,3.2556489356348446,0.38054292143402063,0.573486328125
病例71,far,WLI,mid_fusion_wide,2,1,0.15,0.0,3.0432288259272307,0.3965713373377007,0.54486083984375
病例71,far,WLI,mid_fusion_wide,2,1,0.2,0.001358764027980474,2.520708570278295,0.44194022537922373,0.4742635091145833
病例71,far,WLI,mid_fusion_wide,2,1,0.25,0.0032207739922500127,2.3822152886115444,0.455254841118824,0.4553493923611111
病例71,far,WLI,mid_fusion_wide,2,1,0.3,0.004831160988375019,2.3584620804187004,0.45716729664382894,0.4519314236111111
病例71,far,WLI,mid_fusion_wide,2,1,0.35,0.00608927582909768,2.3413013939912437,0.4585292239822874,0.4494493272569444
病例71,far,WLI,mid_fusion_wide,2,1,0.4,0.007448039857078154,2.3249459010618487,0.459781101021692,0.4470621744791667
病例71,far,WLI,mid_fusion_wide,2,1,0.45,0.00890745307231644,2.3106537164712395,0.46078614880619934,0.4449395073784722
病例71,far,WLI,mid_fusion_wide,2,1,0.5,0.02083438176236727,1.4499018670424237,0.571097315780139,0.3273383246527778
病例71,far,WLI,mid_fusion_wide,2,1,0.55,0.02551456896985557,1.4095918675456696,0.5759238605092186,0.3212754991319444
病例71,far,WLI,mid_fusion_wide,2,1,0.6,0.0304463791454884,1.3713451763877007,0.5804148402539949,0.3154568142361111
病例71,far,WLI,mid_fusion_wide,2,1,0.65,0.03653565497458608,1.3287705701776458,0.5852950168135351,0.30889892578125
病例71,far,WLI,mid_fusion_wide,2,1,0.7,0.044839212923355645,1.2787479241105129,0.5907159863671734,0.3010389539930556
病例71,far,WLI,mid_fusion_wide,2,1,0.75,0.057118413768808815,1.2115645916159228,0.597811173860761,0.2903306749131944
病例71,far,WLI,mid_fusion_wide,2,1,0.8,0.07553721503698857,1.1084494992702933,0.6096205220093756,0.2739529079861111
病例71,far,WLI,mid_fusion_wide,2,1,0.85,0.10960696492375824,0.9297468672940467,0.6314530951647398,0.24527994791666666
病例71,far,WLI,mid_fusion_wide,2,1,0.9,0.40244577525036485,0.3752201700971265,0.6058008724251784,0.13108995225694445
病例71,far,WLI,mid_fusion_wide,2,1,0.95,0.998943183533793,0.0,0.0021114015684591224,0.00014241536458333334
病例71,far,NBI,mid_fusion_wide,2,1,0.05,0.0,13.262114324402747,0.13104344244105895,1.0
病例71,far,NBI,mid_fusion_wide,2,1,0.1,0.0,6.773382338717478,0.2279622525022843,0.5450371636284722
病例71,far,NBI,mid_fusion_wide,2,1,0.15,0.0031917980462327113,6.077376922332914,0.2469123971295213,0.4960123697916667
病例71,far,NBI,mid_fusion_wide,2,1,0.2,0.0147016152432537,4.737595512138505,0.29311733901091513,0.4012654622395833
病例71,far,NBI,mid_fusion_wide,2,1,0.25,0.020795047876970695,4.330592900667376,0.3103760136114316,0.3723008897569444
病例71,far,NBI,mid_fusion_wide,2,1,0.3,0.030660605474417256,4.288422477995938,0.30980386095564105,0.36865234375
病例71,far,NBI,mid_fusion_wide,2,1,0.35,0.04120321114227682,4.249637295676565,0.3088691208769277,0.3651936848958333
病例71,far,NBI,mid_fusion_wide,2,1,0.4,0.052035980268884806,4.223135699777542,0.30722693290236003,0.3625759548611111
病例71,far,NBI,mid_fusion_wide,2,1,0.45,0.061998259019247506,4.193635748138118,0.30595472829039205,0.3598090277777778
病例71,far,NBI,mid_fusion_wide,2,1,0.5,0.09672115291614276,2.2762356127285037,0.43224104415340125,0.2229342990451389
病例71,far,NBI,mid_fusion_wide,2,1,0.55,0.11548505658187445,2.1750652867782185,0.4357667016095593,0.21452501085069445
病例71,far,NBI,mid_fusion_wide,2,1,0.6,0.13744075829383887,2.076506431956669,0.4379511859734863,0.20607503255208334
病例71,far,NBI,mid_fusion_wide,2,1,0.65,0.1662636618628494,1.9551213850469098,0.44009904781242154,0.19554307725694445
病例71,far,NBI,mid_fusion_wide,2,1,0.7,0.20640294032304865,1.7797659348099428,0.44417377182177786,0.18043348524305555
病例71,far,NBI,mid_fusion_wide,2,1,0.75,0.26134055517941773,1.564464648418609,0.44724898245894046,0.16148546006944445
病例71,far,NBI,mid_fusion_wide,2,1,0.8,0.38166166940709934,1.2459618918657511,0.43175525089338906,0.13071695963541666
病例71,far,NBI,mid_fusion_wide,2,1,0.85,0.46319760131540766,0.6869136280104459,0.48279761645651426,0.08580186631944445
病例71,far,NBI,mid_fusion_wide,2,1,0.9,0.7912757520069639,0.03153109585066254,0.33658270295300174,0.016845703125
病例71,far,NBI,mid_fusion_wide,2,1,0.95,1.0,0.0,0.0,0.0
病例71,near,WLI,mid_fusion_wide,2,1,0.05,0.0,19.34717814267973,0.09368919801161342,1.0
病例71,near,WLI,mid_fusion_wide,2,1,0.1,0.0,8.701255692010488,0.18689395502348502,0.4767862955729167
病例71,near,WLI,mid_fusion_wide,2,1,0.15,0.0,8.312267145025528,0.19394377316554406,0.4576687282986111
病例71,near,WLI,mid_fusion_wide,2,1,0.2,0.0,7.089002345798261,0.2200461529115503,0.3975490993923611
病例71,near,WLI,mid_fusion_wide,2,1,0.25,0.0,6.623292396853871,0.23192997615695848,0.3746609157986111
病例71,near,WLI,mid_fusion_wide,2,1,0.3,0.0,6.570166965640955,0.2333676821017689,0.3720499674479167
病例71,near,WLI,mid_fusion_wide,2,1,0.35,0.0,6.527390644404581,0.2345383345735549,0.3699476453993056
病例71,near,WLI,mid_fusion_wide,2,1,0.4,0.0,6.476473023319994,0.23594719106572473,0.3674452039930556
病例71,near,WLI,mid_fusion_wide,2,1,0.45,0.0,6.439354215537464,0.23698495748816711,0.3656209309895833
病例71,near,WLI,mid_fusion_wide,2,1,0.5,0.0,4.665930729957224,0.30003312080752664,0.2784627278645833
病例71,near,WLI,mid_fusion_wide,2,1,0.55,0.0,4.571960811370222,0.3043231780286301,0.2738444010416667
病例71,near,WLI,mid_fusion_wide,2,1,0.6,0.0,4.483096453704982,0.3084945618621448,0.2694769965277778
病例71,near,WLI,mid_fusion_wide,2,1,0.65,0.0008279287981233614,4.3751897336829035,0.31349713172353394,0.2641330295138889
病例71,near,WLI,mid_fusion_wide,2,1,0.7,0.0019318338622878433,4.258865737546571,0.3190278757932273,0.25836181640625
病例71,near,WLI,mid_fusion_wide,2,1,0.75,0.0033117151924934455,4.097005657513454,0.3271212155514433,0.2503390842013889
病例71,near,WLI,mid_fusion_wide,2,1,0.8,0.01200496757278874,3.851248792603836,0.3383982796504043,0.23783365885416666
病例71,near,WLI,mid_fusion_wide,2,1,0.85,0.050641644818545606,3.322892231268111,0.3601340033491412,0.2099677191840278
病例71,near,WLI,mid_fusion_wide,2,1,0.9,0.10611287429281081,1.7082930867945356,0.4963033901532415,0.12788899739583334
病例71,near,WLI,mid_fusion_wide,2,1,0.95,0.9972402373395888,0.12405133158548365,0.00489835904965836,0.006232367621527778
病例71,near,NBI,mid_fusion_wide,2,1,0.05,0.0,2.79190989276622,0.41737011854461,1.0
病例71,near,NBI,mid_fusion_wide,2,1,0.1,0.00012857767377272611,2.0571656337593542,0.49290721701729595,0.8061998155381944
病例71,near,NBI,mid_fusion_wide,2,1,0.15,0.0025201224059454314,1.8523413994394013,0.5181954204180683,0.7515530056423612
病例71,near,NBI,mid_fusion_wide,2,1,0.2,0.017769434515390748,1.4162059300023144,0.5780485036505785,0.6325141059027778
病例71,near,NBI,mid_fusion_wide,2,1,0.25,0.02442975801681796,1.2975287371100883,0.5961141097252566,0.5994601779513888
病例71,near,NBI,mid_fusion_wide,2,1,0.3,0.02586982796307249,1.2833594774603339,0.5980864265748314,0.5953436957465278
病例71,near,NBI,mid_fusion_wide,2,1,0.35,0.026718440609972485,1.2720189266335793,0.5998098256730587,0.5921291775173612
病例71,near,NBI,mid_fusion_wide,2,1,0.4,0.027567053256872476,1.2605755136678067,0.6015653584888869,0.5888875325520834
病例71,near,NBI,mid_fusion_wide,2,1,0.45,0.02846709697328156,1.2511379124128885,0.6029364826040513,0.5861612955729166
病例71,near,NBI,mid_fusion_wide,2,1,0.5,0.24416900249440687,0.43482397716460514,0.6900502418172864,0.3139987521701389
病例71,near,NBI,mid_fusion_wide,2,1,0.55,0.26029264278550673,0.39200761179828736,0.6940021231414133,0.2984551323784722
病例71,near,NBI,mid_fusion_wide,2,1,0.6,0.27783063748810655,0.36256332450433304,0.6928172297663807,0.2860649956597222
病例71,near,NBI,mid_fusion_wide,2,1,0.65,0.3114922724818063,0.3304446215959061,0.6820445542654124,0.2687174479166667
病例71,near,NBI,mid_fusion_wide,2,1,0.7,0.3404479646154242,0.2953686321907064,0.6747609213234833,0.2518310546875
病例71,near,NBI,mid_fusion_wide,2,1,0.75,0.3678864401985239,0.2582868310746522,0.6687615627371466,0.23481580946180555
病例71,near,NBI,mid_fusion_wide,2,1,0.8,0.41391724740915986,0.19947540309100728,0.6564700799299251,0.20716688368055555
病例71,near,NBI,mid_fusion_wide,2,1,0.85,0.5145421349036953,0.07758376835446293,0.6211707413368741,0.14848497178819445
病例71,near,NBI,mid_fusion_wide,2,1,0.9,0.8584616967109832,0.0005400262298454496,0.24786093848453603,0.037468804253472224
病例71,near,NBI,mid_fusion_wide,2,1,0.95,1.0,0.0,0.0,0.0
病例77,far,WLI,mid_fusion_wide,2,1,0.05,0.0,17.561933534743204,0.10223938223931645,1.0
病例77,far,WLI,mid_fusion_wide,2,1,0.1,0.04947129909365559,1.0954179254783485,0.624126957884762,0.11022271050347222
病例77,far,WLI,mid_fusion_wide,2,1,0.15,0.055765357502517626,0.8690835850956697,0.6712604590779396,0.0976901584201389
病例77,far,WLI,mid_fusion_wide,2,1,0.2,0.09818731117824774,0.4086102719033233,0.7806472703455342,0.07059733072916667
病例77,far,WLI,mid_fusion_wide,2,1,0.25,0.11190835850956697,0.3204934541792548,0.8042177258432361,0.06511094835069445
病例77,far,WLI,mid_fusion_wide,2,1,0.3,0.11581067472306143,0.3023665659617321,0.8087507196268926,0.06392415364583333
病例77,far,WLI,mid_fusion_wide,2,1,0.35,0.11883182275931521,0.2873867069486405,0.8126777732581838,0.0629543728298611
病例77,far,WLI,mid_fusion_wide,2,1,0.4,0.12185297079556898,0.2754279959718026,0.8155249006265166,0.06214735243055555
病例77,far,WLI,mid_fusion_wide,2,1,0.45,0.12449647532729104,0.26472809667673713,0.8181390424607802,0.06142849392361111
病例77,far,WLI,mid_fusion_wide,2,1,0.5,0.19624874118831823,0.14891742195367574,0.8232336255748889,0.051323784722222224
病例77,far,WLI,mid_fusion_wide,2,1,0.55,0.20971802618328297,0.13481873111782477,0.8210292290536779,0.04983859592013889
病例77,far,WLI,mid_fusion_wide,2,1,0.6,0.22079556898288016,0.12197885196374622,0.8197046944261425,0.04855007595486111
病例77,far,WLI,mid_fusion_wide,2,1,0.65,0.23225075528700906,0.10574018126888217,0.8195928240219069,0.04705810546875
病例77,far,WLI,mid_fusion_wide,2,1,0.7,0.24760825780463241,0.09038267875125881,0.8165858323600206,0.045403374565972224
病例77,far,WLI,mid_fusion_wide,2,1,0.75,0.26774924471299094,0.07187814702920443,0.8117499302204036,0.04332139756944445
病例77,far,WLI,mid_fusion_wide,2,1,0.8,0.29682779456193353,0.05211480362537765,0.8012048192713626,0.040690104166666664
病例77,far,WLI,mid_fusion_wide,2,1,0.85,0.3456696878147029,0.02756797583081571,0.7780854726384395,0.036736382378472224
病例77,far,WLI,mid_fusion_wide,2,1,0.9,0.47482376636455187,0.0017623363544813696,0.68788128606193,0.028388129340277776
病例77,far,WLI,mid_fusion_wide,2,1,0.95,0.8557401812688822,0.0,0.2521452145186783,0.007771809895833333
病例77,far,NBI,mid_fusion_wide,2,1,0.05,0.0,1.1075680697491603,0.6435900855940118,1.0
病例77,far,NBI,mid_fusion_wide,2,1,0.1,0.12947902522689916,0.14733080826127348,0.8628195411492766,0.4829508463541667
病例77,far,NBI,mid_fusion_wide,2,1,0.15,0.14498677910383764,0.12153219466876296,0.8651591955969996,0.4633517795138889
病例77,far,NBI,mid_fusion_wide,2,1,0.2,0.1953976988494247,0.07659544057743158,0.855414912853215,0.4181111653645833
病例77,far,NBI,mid_fusion_wide,2,1,0.25,0.21413563924819554,0.06507539484027729,0.8491517440013211,0.4037543402777778
病例77,far,NBI,mid_fusion_wide,2,1,0.3,0.2168369899235332,0.06033016508254127,0.8496511086983644,0.4002210828993056
病例77,far,NBI,mid_fusion_wide,2,1,0.35,0.2192096048024012,0.057628814407203605,0.8494149659857342,0.3978135850694444
病例77,far,NBI,mid_fusion_wide,2,1,0.4,0.22128206960623167,0.05624240691774458,0.8487572342125914,0.3961724175347222
病例77,far,NBI,mid_fusion_wide,2,1,0.45,0.2234402915743586,0.05379832773529622,0.848533120933892,0.3939887152777778
病例77,far,NBI,mid_fusion_wide,2,1,0.5,0.30619595512041736,0.008875866504680911,0.8149553421522941,0.3334079318576389
病例77,far,NBI,mid_fusion_wide,2,1,0.55,0.3155720717501608,0.005817194311441435,0.8098564156329298,0.3275078667534722
病例77,far,NBI,mid_fusion_wide,2,1,0.6,0.3250339455442007,0.004273565354105624,0.8038948658579567,0.3222859700520833
病例77,far,NBI,mid_fusion_wide,2,1,0.65,0.3368970199385407,0.0029014507253626812,0.7960398757735831,0.3160061306423611
病例77,far,NBI,mid_fusion_wide,2,1,0.7,0.3548345601372115,0.0019152433359536911,0.7834047796726918,0.3070271809895833
病例77,far,NBI,mid_fusion_wide,2,1,0.75,0.3850067891088401,0.0009433288072607732,0.7611601022468258,0.2922498914930556
病例77,far,NBI,mid_fusion_wide,2,1,0.8,0.4466804830986922,0.00020010005002501252,0.7123431347286715,0.26263427734375
病例77,far,NBI,mid_fusion_wide,2,1,0.85,0.5987851068391339,0.0,0.5726671834830341,0.19036865234375
病例77,far,NBI,mid_fusion_wide,2,1,0.9,0.8941184878153362,0.0,0.19148798676516163,0.050238715277777776
病例77,far,NBI,mid_fusion_wide,2,1,0.95,1.0,0.0,0.0,0.0
病例77,near,WLI,mid_fusion_wide,2,1,0.05,0.0,7.247902449938472,0.21626525699480068,1.0
病例77,near,WLI,mid_fusion_wide,2,1,0.1,0.017563485848528917,0.3108289517843159,0.856801385397554,0.15679931640625
病例77,near,WLI,mid_fusion_wide,2,1,0.15,0.030260655554312562,0.22172502517060075,0.8850149314661298,0.14445665147569445
病例77,near,WLI,mid_fusion_wide,2,1,0.2,0.0983890815527464,0.04178319722564045,0.9278724384039607,0.1143798828125
病例77,near,WLI,mid_fusion_wide,2,1,0.25,0.11925271283141291,0.030036916881082894,0.9218699686750333,0.11042616102430555
病例77,near,WLI,mid_fusion_wide,2,1,0.3,0.12641235037476228,0.02589775142633404,0.9198150711124596,0.10905626085069445
病例77,near,WLI,mid_fusion_wide,2,1,0.35,0.13250922922027072,0.022653540664503858,0.9179095643912231,0.10792371961805555
病例77,near,WLI,mid_fusion_wide,2,1,0.4,0.13787895737778275,0.019521199239288512,0.9163495838260513,0.10689290364583333
病例77,near,WLI,mid_fusion_wide,2,1,0.45,0.14240966551068351,0.017843159190066002,0.9145515822096855,0.10614013671875
病例77,near,WLI,mid_fusion_wide,2,1,0.5,0.20472088600514599,0.01331245105716523,0.8794457846202776,0.09803602430555555
病例77,near,WLI,mid_fusion_wide,2,1,0.55,0.2192638997650744,0.011075064324868553,0.8714490853440986,0.09600151909722222
病例77,near,WLI,mid_fusion_wide,2,1,0.6,0.2321288734757803,0.008613938919342208,0.8644836272013083,0.0941433376736111
病例77,near,WLI,mid_fusion_wide,2,1,0.65,0.2486855352947757,0.006096878845508446,0.8550240300427925,0.0918307834201389
病例77,near,WLI,mid_fusion_wide,2,1,0.7,0.26826266920237163,0.0034120147667524334,0.8434286451086572,0.08913167317708333
病例77,near,WLI,mid_fusion_wide,2,1,0.75,0.2971808927173062,0.0006152813513815863,0.8251789584263965,0.08528645833333333
病例77,near,WLI,mid_fusion_wide,2,1,0.8,0.3420404966998546,0.0,0.7936979184211271,0.07977294921875
病例77,near,WLI,mid_fusion_wide,2,1,0.85,0.4097214453518291,0.0,0.7423586929733658,0.0715671115451389
病例77,near,WLI,mid_fusion_wide,2,1,0.9,0.5365812730730507,0.0,0.6333371555225573,0.05618625217013889
病例77,near,WLI,mid_fusion_wide,2,1,0.95,0.9000447477346459,0.0,0.18174421561056828,0.012118869357638888
病例77,near,NBI,mid_fusion_wide,2,1,0.05,0.0,0.49414828400328303,0.8018769424522936,1.0
病例77,near,NBI,mid_fusion_wide,2,1,0.1,0.0016415203315465756,0.16102098511485577,0.9246716438216837,0.7759467230902778
病例77,near,NBI,mid_fusion_wide,2,1,0.15,0.006495151435317006,0.13494918379961293,0.9335459760534462,0.7552490234375
病例77,near,NBI,mid_fusion_wide,2,1,0.2,0.032435225810374,0.10374003181712248,0.934256292345995,0.7170003255208334
病例77,near,NBI,mid_fusion_wide,2,1,0.25,0.04734063573447902,0.09837975863571422,0.9289528938068182,0.7034369574652778
病例77,near,NBI,mid_fusion_wide,2,1,0.3,0.05017783136925088,0.09648491726534872,0.9283280844569254,0.7002699110243056
病例77,near,NBI,mid_fusion_wide,2,1,0.35,0.05225506388756599,0.09477246704293285,0.9280165100653219,0.6977335611979166
病例77,near,NBI,mid_fusion_wide,2,1,0.4,0.05509225952233785,0.09329307217623038,0.9271978841445467,0.6948445638020834
病例77,near,NBI,mid_fusion_wide,2,1,0.45,0.05684524111096475,0.09145902785518142,0.927109375777699,0.69244384765625
病例77,near,NBI,mid_fusion_wide,2,1,0.5,0.21681241070433382,0.039396487957117816,0.859425470758797,0.550537109375
病例77,near,NBI,mid_fusion_wide,2,1,0.55,0.22905288330006385,0.03529268712825138,0.8536486850367709,0.5395982530381944
病例77,near,NBI,mid_fusion_wide,2,1,0.6,0.24116162895560803,0.03194884941584168,0.8474913852120751,0.5292561848958334
病例77,near,NBI,mid_fusion_wide,2,1,0.65,0.25643182117561225,0.02812876815045243,0.839385291139774,0.5164794921875
病例77,near,NBI,mid_fusion_wide,2,1,0.7,0.2817335265328456,0.024247889835746637,0.8244023562655484,0.4969482421875
病例77,near,NBI,mid_fusion_wide,2,1,0.75,0.32617616958323625,0.020539269827437708,0.7953712286572404,0.4647216796875
病例77,near,NBI,mid_fusion_wide,2,1,0.8,0.41903352957269807,0.015564044625034199,0.7277862401620159,0.3992445203993056
病例77,near,NBI,mid_fusion_wide,2,1,0.85,0.5964393194783613,0.004083535145760926,0.5733844902421027,0.2728271484375
病例77,near,NBI,mid_fusion_wide,2,1,0.9,0.9691353646303033,0.0,0.05988106354739285,0.020657009548611112
病例77,near,NBI,mid_fusion_wide,2,1,0.95,1.0,0.0,0.0,0.0
