case,scale,ref_modality,config,fold,seed,threshold,missed_frac,over_ratio,dice,pred_area_frac
病例12,far,WLI,mmd_fusion_w1e-4,1,1,0.05,0.16044873467258022,15.954865640490478,0.09436119989429909,0.4365573459201389
病例12,far,WLI,mmd_fusion_w1e-4,1,1,0.1,1.0,1.735977041481868,0.0,0.045125325520833336
病例12,far,WLI,mmd_fusion_w1e-4,1,1,0.15,1.0,0.41481867988520743,0.0,0.010782877604166666
病例12,far,WLI,mmd_fusion_w1e-4,1,1,0.2,1.0,0.07852856770153926,0.0,0.002041286892361111
病例12,far,WLI,mmd_fusion_w1e-4,1,1,0.25,1.0,0.05296112705452648,0.0,0.001376681857638889
病例12,far,WLI,mmd_fusion_w1e-4,1,1,0.3,1.0,0.04174276024002087,0.0,0.0010850694444444445
病例12,far,WLI,mmd_fusion_w1e-4,1,1,0.35,1.0,0.034437777198017216,0.0,0.0008951822916666666
病例12,far,WLI,mmd_fusion_w1e-4,1,1,0.4,1.0,0.028437255413514217,0.0,0.0007392035590277778
病例12,far,WLI,mmd_fusion_w1e-4,1,1,0.45,1.0,0.021393164623010698,0.0,0.0005560980902777778
病例12,far,WLI,mmd_fusion_w1e-4,1,1,0.5,1.0,0.0,0.0,0.0
病例12,far,WLI,mmd_fusion_w1e-4,1,1,0.55,1.0,0.0,0.0,0.0
病例12,far,WLI,mmd_fusion_w1e-4,1,1,0.6,1.0,0.0,0.0,0.0
病例12,far,WLI,mmd_fusion_w1e-4,1,1,0.65,1.0,0.0,0.0,0.0
病例12,far,WLI,mmd_fusion_w1e-4,1,1,0.7,1.0,0.0,0.0,0.0
病例12,far,WLI,mmd_fusion_w1e-4,1,1,0.75,1.0,0.0,0.0,0.0
病例12,far,WLI,mmd_fusion_w1e-4,1,1,0.8,1.0,0.0,0.0,0.0
病例12,far,WLI,mmd_fusion_w1e-4,1,1,0.85,1.0,0.0,0.0,0.0
病例12,far,WLI,mmd_fusion_w1e-4,1,1,0.9,1.0,0.0,0.0,0.0
病例12,far,WLI,mmd_fusion_w1e-4,1,1,0.95,1.0,0.0,0.0,0.0
病例12,far,NBI,mmd_fusion_w1e-4,1,1,0.05,0.0,25.333993660855786,0.07316896406772393,0.9015163845486112
病例12,far,NBI,mmd_fusion_w1e-4,1,1,0.1,0.1269809825673534,10.152535657686212,0.14519397084236027,0.3774481879340278
病例12,far,NBI,mmd_fusion_w1e-4,1,1,0.15,0.3892630744849445,4.946711568938193,0.18627273276482909,0.1902533637152778
病例12,far,NBI,mmd_fusion_w1e-4,1,1,0.2,0.49980190174326466,2.8805467511885894,0.22836212354061516,0.11573621961805555
病例12,far,NBI,mmd_fusion_w1e-4,1,1,0.25,0.5289223454833597,2.801307448494453,0.22052209393879296,0.1120266384548611
病例12,far,NBI,mmd_fusion_w1e-4,1,1,0.3,0.5471473851030111,2.7490095087163233,0.21554853613589386,0.10961235894097222
病例12,far,NBI,mmd_fusion_w1e-4,1,1,0.35,0.5584389857369255,2.7072107765451663,0.21286348660548696,0.10779486762152778
病例12,far,NBI,mmd_fusion_w1e-4,1,1,0.4,0.5679477020602218,2.6632329635499206,0.2109998548821603,0.10596381293402778
病例12,far,NBI,mmd_fusion_w1e-4,1,1,0.45,0.5833993660855784,2.60162440570523,0.20735555117231633,0.10332573784722222
病例12,far,NBI,mmd_fusion_w1e-4,1,1,0.5,0.7254358161648178,0.7702060221870047,0.26855260608149045,0.0357666015625
病例12,far,NBI,mmd_fusion_w1e-4,1,1,0.55,0.7503961965134707,0.6600633914421553,0.261410788379031,0.031141493055555556
病例12,far,NBI,mmd_fusion_w1e-4,1,1,0.6,0.7737717908082409,0.5687400950871633,0.25206930802061506,0.027214898003472224
病例12,far,NBI,mmd_fusion_w1e-4,1,1,0.65,0.803486529318542,0.4766244057052298,0.2349040966110004,0.023044162326388888
病例12,far,NBI,mmd_fusion_w1e-4,1,1,0.7,0.8393423137876387,0.3803486529318542,0.20851009126869122,0.018520779079861112
病例12,far,NBI,mmd_fusion_w1e-4,1,1,0.75,0.8872820919175911,0.2640649762282092,0.1637410071918886,0.012898763020833334
病例12,far,NBI,mmd_fusion_w1e-4,1,1,0.8,0.9480982567353408,0.18997622820919177,0.08358589886610965,0.008280436197916666
病例12,far,NBI,mmd_fusion_w1e-4,1,1,0.85,0.9960380348652932,0.045166402535657686,0.007552870090491826,0.001681857638888889
病例12,far,NBI,mmd_fusion_w1e-4,1,1,0.9,1.0,0.0,0.0,0.0
病例12,far,NBI,mmd_fusion_w1e-4,1,1,0.95,1.0,0.0,0.0,0.0
病例12,near,WLI,mmd_fusion_w1e-4,1,1,0.05,0.0,6.041591046581972,0.2487070019369123,0.6314968532986112
病例12,near,WLI,mmd_fusion_w1e-4,1,1,0.1,0.0009074410163339383,2.540154264972777,0.4402019091401533,0.3174031575520833
病例12,near,WLI,mmd_fusion_w1e-4,1,1,0.15,0.01588021778584392,1.6643980641258318,0.5394627756579765,0.2375217013888889
病例12,near,WLI,mmd_fusion_w1e-4,1,1,0.2,0.05845432546884453,1.3121597096188748,0.5787528760997077,0.2021145290798611
病例12,near,WLI,mmd_fusion_w1e-4,1,1,0.25,0.06170598911070781,1.2873563218390804,0.5817704426092888,0.19959852430555555
病例12,near,WLI,mmd_fusion_w1e-4,1,1,0.3,0.06389897156684815,1.272761645493043,0.5834472357058409,0.1980929904513889
病例12,near,WLI,mmd_fusion_w1e-4,1,1,0.35,0.06639443436176648,1.2602087114337568,0.5846335977256194,0.1967434353298611
病例12,near,WLI,mmd_fusion_w1e-4,1,1,0.4,0.06888989715668481,1.2456896551724137,0.5861937633882738,0.1952175564236111
病例12,near,WLI,mmd_fusion_w1e-4,1,1,0.45,0.0720659407138536,1.22678463399879,0.5882832350530028,0.1932373046875
病例12,near,WLI,mmd_fusion_w1e-4,1,1,0.5,0.21453418027828192,0.6094222625529341,0.6559520050500286,0.1250949435763889
病例12,near,WLI,mmd_fusion_w1e-4,1,1,0.55,0.22882637628554145,0.5716122202056866,0.6583389819545581,0.12042236328125
病例12,near,WLI,mmd_fusion_w1e-4,1,1,0.6,0.24198427102238354,0.5406079854809437,0.6595387702712124,0.11646185980902778
病例12,near,WLI,mmd_fusion_w1e-4,1,1,0.65,0.2562764670296431,0.5061252268602541,0.6611320247356106,0.1120876736111111
病例12,near,WLI,mmd_fusion_w1e-4,1,1,0.7,0.2741228070175439,0.4652147610405324,0.6625711820512077,0.10681830512152778
病例12,near,WLI,mmd_fusion_w1e-4,1,1,0.75,0.2928009679370841,0.4063067150635209,0.6692189344854227,0.09986029730902778
病例12,near,WLI,mmd_fusion_w1e-4,1,1,0.8,0.31836055656382334,0.3504234724742892,0.6708841917212307,0.0925564236111111
病例12,near,WLI,mmd_fusion_w1e-4,1,1,0.85,0.36161524500907444,0.27124924379915305,0.6685938304333402,0.0815768771701389
病例12,near,WLI,mmd_fusion_w1e-4,1,1,0.9,0.4886569872958258,0.1782365396249244,0.6052902475021023,0.06184217664930555
病例12,near,WLI,mmd_fusion_w1e-4,1,1,0.95,0.9101633393829401,0.0,0.1648626144867828,0.008056640625
病例12,near,NBI,mmd_fusion_w1e-4,1,1,0.05,0.0,12.285869396618581,0.13999847992949044,0.5808783637152778
病例12,near,NBI,mmd_fusion_w1e-4,1,1,0.1,0.10283852954862727,0.359547076159454,0.7951061928600239,0.05494520399305555
病例12,near,NBI,mmd_fusion_w1e-4,1,1,0.15,0.21234682798200713,0.2258414766558089,0.7823742392667562,0.0443115234375
病例12,near,NBI,mmd_fusion_w1e-4,1,1,0.2,0.2269272529858849,0.216379711493718,0.777171370647301,0.04326036241319445
病例12,near,NBI,mmd_fusion_w1e-4,1,1,0.25,0.2346827982007135,0.20924460989607568,0.7751767478336592,0.042609320746527776
病例12,near,NBI,mmd_fusion_w1e-4,1,1,0.3,0.2413525670854661,0.20505661548006826,0.7726698262182253,0.042134602864583336
病例12,near,NBI,mmd_fusion_w1e-4,1,1,0.35,0.24678144873584612,0.20102373196835738,0.7708548297422743,0.04172092013888889
病例12,near,NBI,mmd_fusion_w1e-4,1,1,0.4,0.254071661237785,0.19574996122227392,0.7683335996104143,0.04117160373263889
病例12,near,NBI,mmd_fusion_w1e-4,1,1,0.45,0.26337831549557933,0.1881495269117419,0.7654122008158158,0.04043240017361111
病例12,near,NBI,mmd_fusion_w1e-4,1,1,0.5,0.326198231735691,0.176516209089499,0.7283091625389528,0.037177191840277776
病例12,near,NBI,mmd_fusion_w1e-4,1,1,0.55,0.34046843493097567,0.16938110749185667,0.7212280552902957,0.03624131944444445
病例12,near,NBI,mmd_fusion_w1e-4,1,1,0.6,0.3511710873274391,0.16302156041569724,0.7162058042914459,0.03549533420138889
病例12,near,NBI,mmd_fusion_w1e-4,1,1,0.65,0.3634248487668683,0.15573134791375834,0.7103418433517062,0.03464084201388889
病例12,near,NBI,mmd_fusion_w1e-4,1,1,0.7,0.3769194974406701,0.14611447184737086,0.7043661230869335,0.03363037109375
病例12,near,NBI,mmd_fusion_w1e-4,1,1,0.75,0.39087947882736157,0.13556693035520398,0.6982574679881022,0.03255886501736111
病例12,near,NBI,mmd_fusion_w1e-4,1,1,0.8,0.4105785636730262,0.12191717077710564,0.688842563213189,0.031100802951388888
病例12,near,NBI,mmd_fusion_w1e-4,1,1,0.85,0.4426865208624166,0.10020164417558554,0.6724686505645473,0.02874755859375
病例12,near,NBI,mmd_fusion_w1e-4,1,1,0.9,0.5041104389638592,0.061113696292849386,0.6369794779773164,0.02435302734375
病例12,near,NBI,mmd_fusion_w1e-4,1,1,0.95,0.6730262137428261,0.003257328990228013,0.4916044776062079,0.014438205295138888
病例2,far,WLI,mmd_fusion_w1e-4,1,1,0.05,0.0,36.58684480986639,0.05183113597013462,0.9920789930555556
病例2,far,WLI,mmd_fusion_w1e-4,1,1,0.1,0.0,5.854830421377184,0.2546203918738196,0.18092854817708334
病例2,far,WLI,mmd_fusion_w1e-4,1,1,0.15,0.0,5.02415210688592,0.2847318750446824,0.1590033637152778
病例2,far,WLI,mmd_fusion_w1e-4,1,1,0.2,0.0,4.841469681397739,0.2923348480854308,0.1541815863715278
病例2,far,WLI,mmd_fusion_w1e-4,1,1,0.25,0.0,4.771325796505653,0.2953631327301534,0.15233018663194445
病例2,far,WLI,mmd_fusion_w1e-4,1,1,0.3,0.0,4.714285714285714,0.29787234042439203,0.1508246527777778
病例2,far,WLI,mmd_fusion_w1e-4,1,1,0.35,0.0,4.670349434737924,0.29983436693386295,0.1496649848090278
病例2,far,WLI,mmd_fusion_w1e-4,1,1,0.4,0.0,4.6104830421377185,0.30254975124260514,0.14808485243055555
病例2,far,WLI,mmd_fusion_w1e-4,1,1,0.45,0.0,4.553956834532374,0.3051591657507246,0.14659288194444445
病例2,far,WLI,mmd_fusion_w1e-4,1,1,0.5,0.0005138746145940391,3.989465570400822,0.3337766527936257,0.1316799587673611
病例2,far,WLI,mmd_fusion_w1e-4,1,1,0.55,0.0005138746145940391,3.840955806783145,0.3422638687240233,0.12776014539930555
病例2,far,WLI,mmd_fusion_w1e-4,1,1,0.6,0.0005138746145940391,3.725077081192189,0.3491921005370323,0.12470160590277778
病例2,far,WLI,mmd_fusion_w1e-4,1,1,0.65,0.0005138746145940391,3.5999486125385407,0.3569953654826917,0.12139892578125
病例2,far,WLI,mmd_fusion_w1e-4,1,1,0.7,0.0017985611510791368,3.4504110996916753,0.36640573422443456,0.11741807725694445
病例2,far,WLI,mmd_fusion_w1e-4,1,1,0.75,0.003854059609455293,3.262589928057554,0.37885376459481673,0.11240641276041667
病例2,far,WLI,mmd_fusion_w1e-4,1,1,0.8,0.007194244604316547,2.9982014388489207,0.39783783783578974,0.10533989800347222
病例2,far,WLI,mmd_fusion_w1e-4,1,1,0.85,0.015159301130524152,2.5606372045220964,0.4333276807391706,0.09358045789930555
病例2,far,WLI,mmd_fusion_w1e-4,1,1,0.9,0.051644398766700926,1.7173689619732786,0.5174178173370896,0.07035997178819445
病例2,far,WLI,mmd_fusion_w1e-4,1,1,0.95,0.46891058581706063,0.22456320657759507,0.6050051221922288,0.019944932725694444
病例2,far,NBI,mmd_fusion_w1e-4,1,1,0.05,0.0,29.90482206780375,0.06268644895584448,0.9953274197048612
病例2,far,NBI,mmd_fusion_w1e-4,1,1,0.1,0.0,4.607917456306591,0.30266721901691257,0.1806098090277778
病例2,far,NBI,mmd_fusion_w1e-4,1,1,0.15,0.0,2.824173510212676,0.41457878655427943,0.12316216362847222
病例2,far,NBI,mmd_fusion_w1e-4,1,1,0.2,0.015792798483891344,2.4026110760160035,0.4487111793767162,0.10907660590277778
病例2,far,NBI,mmd_fusion_w1e-4,1,1,0.25,0.01831964624131396,2.3543903979785217,0.4527972027950039,0.10744222005208333
病例2,far,NBI,mmd_fusion_w1e-4,1,1,0.3,0.019793640766477154,2.3177511054958937,0.4561265984005873,0.10621473524305555
病例2,far,NBI,mmd_fusion_w1e-4,1,1,0.35,0.02063592335228469,2.286586649821015,0.45915395626408434,0.10518391927083333
病例2,far,NBI,mmd_fusion_w1e-4,1,1,0.4,0.022109917877447885,2.2493156453990313,0.46266500622434537,0.10393608940972222
病例2,far,NBI,mmd_fusion_w1e-4,1,1,0.45,0.02337334175615919,2.2053063802905877,0.467069486402482,0.10247802734375
病例2,far,NBI,mmd_fusion_w1e-4,1,1,0.5,0.1530848599705201,1.512739524110339,0.5041679724192781,0.07599555121527778
病例2,far,NBI,mmd_fusion_w1e-4,1,1,0.55,0.17351021267635292,1.432301537165719,0.5072370121445642,0.07274712456597222
病例2,far,NBI,mmd_fusion_w1e-4,1,1,0.6,0.19351442408928196,1.3638660770688567,0.5087672688595326,0.06989881727430555
病例2,far,NBI,mmd_fusion_w1e-4,1,1,0.65,0.2122552116234997,1.2823752368919772,0.5131687242763157,0.06667073567708333
病例2,far,NBI,mmd_fusion_w1e-4,1,1,0.7,0.23583912402611076,1.1903558643925036,0.5172831587162905,0.06294759114583333
病例2,far,NBI,mmd_fusion_w1e-4,1,1,0.75,0.26658243840808593,1.0873868182775321,0.5200059719280381,0.05864122178819445
病例2,far,NBI,mmd_fusion_w1e-4,1,1,0.8,0.3129079806275005,0.9389345125289534,0.5232940421736565,0.0523681640625
病例2,far,NBI,mmd_fusion_w1e-4,1,1,0.85,0.40282164666245523,0.6721415034744157,0.5263060220791843,0.04087999131944445
病例2,far,NBI,mmd_fusion_w1e-4,1,1,0.9,0.5952832175194778,0.19267214150347442,0.5067229106181556,0.019239637586805556
病例2,far,NBI,mmd_fusion_w1e-4,1,1,0.95,1.0,0.0,0.0,0.0
病例2,near,WLI,mmd_fusion_w1e-4,1,1,0.05,0.0,9.708703965416909,0.1708130981794249,0.8735826280381944
病例2,near,WLI,mmd_fusion_w1e-4,1,1,0.1,0.006899991686757004,0.3761742455731981,0.8383157894707427,0.11170111762152778
病例2,near,WLI,mmd_fusion_w1e-4,1,1,0.15,0.029428880206168427,0.2432454900656746,0.8768306421296401,0.09901936848958333
病例2,near,WLI,mmd_fusion_w1e-4,1,1,0.2,0.03857344750187048,0.22844791753262947,0.8780654468116389,0.09706624348958333
病例2,near,WLI,mmd_fusion_w1e-4,1,1,0.25,0.041732479840385736,0.22005154210657576,0.8798229210362178,0.09612358940972222
病例2,near,WLI,mmd_fusion_w1e-4,1,1,0.3,0.043561393299526144,0.2138166098595062,0.8814065731981866,0.09546576605902778
病例2,near,WLI,mmd_fusion_w1e-4,1,1,0.35,0.045889101338432124,0.20791420733228033,0.8826085284697096,0.09479437934027778
病例2,near,WLI,mmd_fusion_w1e-4,1,1,0.4,0.04954692825671295,0.20242746695485908,0.8829594161451791,0.09404839409722222
病例2,near,WLI,mmd_fusion_w1e-4,1,1,0.45,0.05628065508354809,0.19369856180896167,0.8830461670067945,0.09278700086805555
病例2,near,WLI,mmd_fusion_w1e-4,1,1,0.5,0.09950951866323053,0.1569540277662316,0.8753484989257128,0.08626302083333333
病例2,near,WLI,mmd_fusion_w1e-4,1,1,0.55,0.11098179399783856,0.1452323551417408,0.8740498569641436,0.08437093098958333
病例2,near,WLI,mmd_fusion_w1e-4,1,1,0.6,0.12178900989275916,0.13625405270596058,0.8719049191116214,0.08275689019097222
病例2,near,WLI,mmd_fusion_w1e-4,1,1,0.65,0.13351068251724998,0.12769141241998502,0.8690178422508378,0.08110215928819445
病例2,near,WLI,mmd_fusion_w1e-4,1,1,0.7,0.14722753346080306,0.11862997755424391,0.8651429535259123,0.07924397786458333
病例2,near,WLI,mmd_fusion_w1e-4,1,1,0.75,0.16568293291212902,0.10616011306010474,0.8599091765878677,0.07672119140625
病例2,near,WLI,mmd_fusion_w1e-4,1,1,0.8,0.19203591320974311,0.08986615678776291,0.8514608611816047,0.0732421875
病例2,near,WLI,mmd_fusion_w1e-4,1,1,0.85,0.24050211987696402,0.06168426303100839,0.8340713014067007,0.0669894748263889
病例2,near,WLI,mmd_fusion_w1e-4,1,1,0.9,0.3441682600382409,0.0188710616011306,0.7832216430837269,0.05504014756944445
病例2,near,WLI,mmd_fusion_w1e-4,1,1,0.95,0.7085377005569873,0.0,0.4513678789800362,0.023776584201388888
病例2,near,NBI,mmd_fusion_w1e-4,1,1,0.05,0.05152671755725191,20.162654139753375,0.08579148989842997,0.9752671983506944
病例2,near,NBI,mmd_fusion_w1e-4,1,1,0.1,0.35158543746330007,1.1711685261303582,0.4599364814887284,0.08405897352430555
病例2,near,NBI,mmd_fusion_w1e-4,1,1,0.15,0.5142395772166765,0.5240751614797416,0.4833832444636375,0.046651204427083336
病例2,near,NBI,mmd_fusion_w1e-4,1,1,0.2,0.5515267175572519,0.4556664709336465,0.4710508056397267,0.041768391927083336
病例2,near,NBI,mmd_fusion_w1e-4,1,1,0.25,0.5582795067527891,0.4442160892542572,0.46843621078486464,0.04092746310763889
病例2,near,NBI,mmd_fusion_w1e-4,1,1,0.3,0.5638578978273635,0.43540810334703467,0.46607577064502254,0.040262858072916664
病例2,near,NBI,mmd_fusion_w1e-4,1,1,0.35,0.5681150910158543,0.4283617146212566,0.46433080807714383,0.039740668402777776
病例2,near,NBI,mmd_fusion_w1e-4,1,1,0.4,0.5735466823253083,0.42072812683499705,0.4617340856674741,0.03913709852430555
病例2,near,NBI,mmd_fusion_w1e-4,1,1,0.45,0.57809747504404,0.4051673517322372,0.4618351277481774,0.0382080078125
病例2,near,NBI,mmd_fusion_w1e-4,1,1,0.5,0.7047856723429242,0.26746917204932474,0.37782996711716454,0.025994194878472224
病例2,near,NBI,mmd_fusion_w1e-4,1,1,0.55,0.7228420434527305,0.2505871990604815,0.362832708750237,0.024380154079861112
病例2,near,NBI,mmd_fusion_w1e-4,1,1,0.6,0.7413388138578978,0.2348796241926013,0.34637310791875,0.022800021701388888
病例2,near,NBI,mmd_fusion_w1e-4,1,1,0.65,0.7608631826189078,0.21682325308279507,0.3284936479095735,0.021063910590277776
病例2,near,NBI,mmd_fusion_w1e-4,1,1,0.7,0.7862595419847328,0.20038167938931298,0.302294197027901,0.019131130642361112
病例2,near,NBI,mmd_fusion_w1e-4,1,1,0.75,0.8172342924251321,0.17748091603053434,0.2687243686567157,0.016642252604166668
病例2,near,NBI,mmd_fusion_w1e-4,1,1,0.8,0.8559894304169113,0.14900176159718145,0.22275204359420125,0.013536241319444444
病例2,near,NBI,mmd_fusion_w1e-4,1,1,0.85,0.911332941867293,0.10584263065179096,0.1484576625273632,0.008985731336805556
病例2,near,NBI,mmd_fusion_w1e-4,1,1,0.9,0.9892836171462126,0.016881972988843218,0.0208571428568449,0.0012749565972222222
病例2,near,NBI,mmd_fusion_w1e-4,1,1,0.95,1.0,0.0,0.0,0.0
病例24,far,WLI,mmd_fusion_w1e-4,1,1,0.05,0.0,3.5249709639953544,0.361992852637913,0.6605360243055556
病例24,far,WLI,mmd_fusion_w1e-4,1,1,0.1,0.0008362369337979094,0.4139372822299652,0.8281159755095527,0.20627848307291666
病例24,far,WLI,mmd_fusion_w1e-4,1,1,0.15,0.024065040650406506,0.16557491289198606,0.9114456785818478,0.1666327582465278
病例24,far,WLI,mmd_fusion_w1e-4,1,1,0.2,0.04989547038327526,0.14304297328687574,0.9078237709446059,0.1595730251736111
病例24,far,WLI,mmd_fusion_w1e-4,1,1,0.25,0.05421602787456446,0.13830429732868757,0.9076237182324841,0.15825059678819445
病例24,far,WLI,mmd_fusion_w1e-4,1,1,0.3,0.056817653890824625,0.13421602787456446,0.9080418642076482,0.15727403428819445
病例24,far,WLI,mmd_fusion_w1e-4,1,1,0.35,0.05960511033681765,0.12980255516840883,0.9085074392385527,0.1562228732638889
病例24,far,WLI,mmd_fusion_w1e-4,1,1,0.4,0.06285714285714286,0.1261788617886179,0.908382680744583,0.1552191840277778
病例24,far,WLI,mmd_fusion_w1e-4,1,1,0.45,0.06852497096399536,0.12130081300813009,0.9075272710792841,0.1536797417534722
病例24,far,WLI,mmd_fusion_w1e-4,1,1,0.5,0.1613472706155633,0.07907084785133565,0.874633590927894,0.1339653862847222
病例24,far,WLI,mmd_fusion_w1e-4,1,1,0.55,0.17207897793263646,0.07126596980255517,0.8718688845379846,0.1312594943576389
病例24,far,WLI,mmd_fusion_w1e-4,1,1,0.6,0.18155632984901277,0.06387921022067364,0.8696102870378616,0.12879774305555555
病例24,far,WLI,mmd_fusion_w1e-4,1,1,0.65,0.19149825783972124,0.05347270615563299,0.8684348411864856,0.1258273654513889
病例24,far,WLI,mmd_fusion_w1e-4,1,1,0.7,0.2038095238095238,0.04148664343786295,0.866518353724172,0.1222805447048611
病例24,far,WLI,mmd_fusion_w1e-4,1,1,0.75,0.21937282229965158,0.03284552845528455,0.8609196874577663,0.1187472873263889
病例24,far,WLI,mmd_fusion_w1e-4,1,1,0.8,0.23930313588850174,0.022253193960511033,0.8533013705746696,0.1142917209201389
病例24,far,WLI,mmd_fusion_w1e-4,1,1,0.85,0.27554006968641115,0.007851335656213706,0.8364084960286515,0.1068996853298611
病例24,far,WLI,mmd_fusion_w1e-4,1,1,0.9,0.36576074332171893,0.0,0.7761889871200609,0.09258355034722222
病例24,far,WLI,mmd_fusion_w1e-4,1,1,0.95,0.7154471544715447,0.0,0.443037974681942,0.04153781467013889
病例24,far,NBI,mmd_fusion_w1e-4,1,1,0.05,8.28775070445881e-05,7.925078733631692,0.20149471838319777,0.7303127712673612
病例24,far,NBI,mmd_fusion_w1e-4,1,1,0.1,0.05063815680424333,1.2654566550638158,0.5906161381784206,0.18123372395833334
病例24,far,NBI,mmd_fusion_w1e-4,1,1,0.15,0.09547488811536549,0.5317420851980772,0.7425500068011207,0.1175265842013889
病例24,far,NBI,mmd_fusion_w1e-4,1,1,0.2,0.11014420686225758,0.3439416542350406,0.7967202166705126,0.10095893012152778
病例24,far,NBI,mmd_fusion_w1e-4,1,1,0.25,0.11528261229902205,0.3323388032487983,0.7981010055669018,0.09958902994791667
病例24,far,NBI,mmd_fusion_w1e-4,1,1,0.3,0.11926073263716228,0.32496270512182995,0.7986022394198594,0.0986599392361111
病例24,far,NBI,mmd_fusion_w1e-4,1,1,0.35,0.12315597546825792,0.31725509696668325,0.799274760139007,0.09771050347222222
病例24,far,NBI,mmd_fusion_w1e-4,1,1,0.4,0.12738272832753192,0.31103928393833913,0.7992257476818004,0.09685601128472222
病例24,far,NBI,mmd_fusion_w1e-4,1,1,0.45,0.13533896900381237,0.30341455329023703,0.7976299694159111,0.0955810546875
病例24,far,NBI,mmd_fusion_w1e-4,1,1,0.5,0.2026355047240179,0.07889938670644787,0.8499492026995452,0.07170274522569445
病例24,far,NBI,mmd_fusion_w1e-4,1,1,0.55,0.21498425327366152,0.06729653572020554,0.8476062639783104,0.06974283854166667
病例24,far,NBI,mmd_fusion_w1e-4,1,1,0.6,0.22683573678103763,0.05793137742416708,0.8444826649730945,0.06800672743055555
病例24,far,NBI,mmd_fusion_w1e-4,1,1,0.65,0.23935024034477043,0.049809381733797446,0.840283817803432,0.0663180881076389
病例24,far,NBI,mmd_fusion_w1e-4,1,1,0.7,0.2545997016409746,0.04160450853638323,0.8342454317742591,0.06439887152777778
病例24,far,NBI,mmd_fusion_w1e-4,1,1,0.75,0.27548483341621083,0.031907840212166416,0.8249893832830416,0.061896430121527776
病例24,far,NBI,mmd_fusion_w1e-4,1,1,0.8,0.3016741256423007,0.019310459141389028,0.8131242460756906,0.058722601996527776
病例24,far,NBI,mmd_fusion_w1e-4,1,1,0.85,0.34385877672799603,0.006630200563567048,0.7892139759717429,0.05423312717013889
病例24,far,NBI,mmd_fusion_w1e-4,1,1,0.9,0.43767611470246975,0.0001657550140891762,0.7197793454584428,0.046027289496527776
病例24,far,NBI,mmd_fusion_w1e-4,1,1,0.95,0.713078070611636,0.0,0.44590417310377445,0.023478190104166668
病例24,near,WLI,mmd_fusion_w1e-4,1,1,0.05,0.009804282923592937,2.919464818841915,0.4033662652770162,0.7193535698784722
病例24,near,WLI,mmd_fusion_w1e-4,1,1,0.1,0.17054292138144558,0.09863256053960415,0.8603926516395014,0.17076280381944445
病例24,near,WLI,mmd_fusion_w1e-4,1,1,0.15,0.22052264936788177,0.06774538350963842,0.8439451683044796,0.1558837890625
病例24,near,WLI,mmd_fusion_w1e-4,1,1,0.2,0.24278500608160408,0.05595075743614316,0.8352407862890345,0.14961751302083334
病例24,near,WLI,mmd_fusion_w1e-4,1,1,0.25,0.24824002064059564,0.051564630865062105,0.8337489269492013,0.14780680338541666
病例24,near,WLI,mmd_fusion_w1e-4,1,1,0.3,0.25325273672183113,0.0492794220633224,0.8315547529124291,0.14646402994791666
病例24,near,WLI,mmd_fusion_w1e-4,1,1,0.35,0.2573071394345951,0.047805093804135494,0.8295936432112693,0.14544677734375
病例24,near,WLI,mmd_fusion_w1e-4,1,1,0.4,0.2618038406251152,0.04566731782831447,0.8276375056803429,0.14422607421875
病例24,near,WLI,mmd_fusion_w1e-4,1,1,0.45,0.2668534149128303,0.043087243374737384,0.8255068373745605,0.142822265625
病例24,near,WLI,mmd_fusion_w1e-4,1,1,0.5,0.33297703733736317,0.004128119125723343,0.7982796647534224,0.12348768446180555
病例24,near,WLI,mmd_fusion_w1e-4,1,1,0.55,0.34458737237846004,0.004128119125723343,0.7898722931687066,0.12135145399305555
病例24,near,WLI,mmd_fusion_w1e-4,1,1,0.6,0.3549076701927684,0.004128119125723343,0.7822996982885634,0.11945258246527778
病例24,near,WLI,mmd_fusion_w1e-4,1,1,0.65,0.36670229626626366,0.004128119125723343,0.7735284186814326,0.1172824435763889
病例24,near,WLI,mmd_fusion_w1e-4,1,1,0.7,0.3800449670119052,0.004128119125723343,0.763452329617222,0.11482747395833333
病例24,near,WLI,mmd_fusion_w1e-4,1,1,0.75,0.39644686889535957,0.004128119125723343,0.7508368104893602,0.11180962456597222
病例24,near,WLI,mmd_fusion_w1e-4,1,1,0.8,0.41764033762117136,0.0030223729313331614,0.7346616139289641,0.10770670572916667
病例24,near,WLI,mmd_fusion_w1e-4,1,1,0.85,0.4520659024731857,0.0008108805425527994,0.707584664078851,0.10096571180555555
病例24,near,WLI,mmd_fusion_w1e-4,1,1,0.9,0.5057314511075891,0.0,0.661552502403341,0.0909423828125
病例24,near,WLI,mmd_fusion_w1e-4,1,1,0.95,0.6715196638531569,0.0,0.49452043392477174,0.06043836805555555
病例24,near,NBI,mmd_fusion_w1e-4,1,1,0.05,0.0,1.0452893524940354,0.6567520417595544,0.9999525282118056
病例24,near,NBI,mmd_fusion_w1e-4,1,1,0.1,0.0,0.38743549908450314,0.8377189669692718,0.6783243815104166
病例24,near,NBI,mmd_fusion_w1e-4,1,1,0.15,0.0,0.2269599955612273,0.8980852839678982,0.5998670789930556
病例24,near,NBI,mmd_fusion_w1e-4,1,1,0.2,0.00013871164622981745,0.16978305498529656,0.9216822023598132,0.5718451605902778
病例24,near,NBI,mmd_fusion_w1e-4,1,1,0.25,0.0006242024080341785,0.1646507240747933,0.9236262010519113,0.5690985785590278
病例24,near,NBI,mmd_fusion_w1e-4,1,1,0.3,0.0010542085113466127,0.16183487765632804,0.9246156315192267,0.5675116644965278
病例24,near,NBI,mmd_fusion_w1e-4,1,1,0.35,0.0013455029684292293,0.1587416079454031,0.9257961435334912,0.56585693359375
病例24,near,NBI,mmd_fusion_w1e-4,1,1,0.4,0.001636797425511846,0.1543305775952949,0.9275478117422756,0.5635579427083334
病例24,near,NBI,mmd_fusion_w1e-4,1,1,0.45,0.0027881040892193307,0.14912889086167674,0.9292204686746744,0.5604519314236112
病例24,near,NBI,mmd_fusion_w1e-4,1,1,0.5,0.033110469955057426,0.0761388226155468,0.9465258069328065,0.5099419487847222
病例24,near,NBI,mmd_fusion_w1e-4,1,1,0.55,0.03770182544526438,0.07232425234422682,0.945923097899546,0.5058322482638888
病例24,near,NBI,mmd_fusion_w1e-4,1,1,0.6,0.04234866559396327,0.06973034455972923,0.94471736066384,0.5022922092013888
病例24,near,NBI,mmd_fusion_w1e-4,1,1,0.65,0.049298119070077126,0.06703933862287077,0.9423427263283843,0.4975789388020833
病例24,near,NBI,mmd_fusion_w1e-4,1,1,0.7,0.057010486600454977,0.06395994007656883,0.9397242284957392,0.4923027886284722
病例24,near,NBI,mmd_fusion_w1e-4,1,1,0.75,0.06909227098707207,0.06074182988403706,0.9348107701515964,0.4848225911458333
病例24,near,NBI,mmd_fusion_w1e-4,1,1,0.8,0.08443377906008989,0.05712145591743883,0.9282424498112518,0.4755520290798611
病例24,near,NBI,mmd_fusion_w1e-4,1,1,0.85,0.11105254397159185,0.05171170171447595,0.9161294011687018,0.4598931206597222
病例24,near,NBI,mmd_fusion_w1e-4,1,1,0.9,0.21043943849525606,0.032749819674859904,0.8665489366230255,0.4020317925347222
病例24,near,NBI,mmd_fusion_w1e-4,1,1,0.95,1.0,0.0,0.0,0.0
病例26,far,WLI,mmd_fusion_w1e-4,1,1,0.05,0.0,4.929155759162303,0.28863545134673485,0.4915228949652778
病例26,far,WLI,mmd_fusion_w1e-4,1,1,0.1,0.017179319371727748,0.9973821989528796,0.6595662915161692,0.1641574435763889
病例26,far,WLI,mmd_fusion_w1e-4,1,1,0.15,0.04662958115183246,0.68782722513089,0.7219228148401104,0.1360541449652778
病例26,far,WLI,mmd_fusion_w1e-4,1,1,0.2,0.05571007853403141,0.6075752617801047,0.7400782201681732,0.12864854600694445
病例26,far,WLI,mmd_fusion_w1e-4,1,1,0.25,0.06004581151832461,0.5936681937172775,0.7419844370516225,0.12713623046875
病例26,far,WLI,mmd_fusion_w1e-4,1,1,0.3,0.0630726439790576,0.5855693717277487,0.7428571428547337,0.1262139214409722
病例26,far,WLI,mmd_fusion_w1e-4,1,1,0.35,0.06609947643979057,0.5786158376963351,0.7433985608675694,0.12538655598958334
病例26,far,WLI,mmd_fusion_w1e-4,1,1,0.4,0.07018979057591623,0.5683900523560209,0.7443840461040527,0.12419976128472222
病例26,far,WLI,mmd_fusion_w1e-4,1,1,0.45,0.07403468586387435,0.553746727748691,0.7468329374480508,0.12266710069444445
病例26,far,WLI,mmd_fusion_w1e-4,1,1,0.5,0.11845549738219895,0.3043193717277487,0.8065868263442867,0.09830729166666667
病例26,far,WLI,mmd_fusion_w1e-4,1,1,0.55,0.12843586387434555,0.2800229057591623,0.8101593095288766,0.09546576605902778
病例26,far,WLI,mmd_fusion_w1e-4,1,1,0.6,0.13718913612565445,0.2591623036649215,0.8132156212621411,0.09301079644097222
病例26,far,WLI,mmd_fusion_w1e-4,1,1,0.65,0.14651505235602094,0.23862892670157068,0.815906780320576,0.09053548177083333
病例26,far,WLI,mmd_fusion_w1e-4,1,1,0.7,0.15796793193717276,0.21425065445026178,0.8189847231030435,0.08756510416666667
病例26,far,WLI,mmd_fusion_w1e-4,1,1,0.75,0.16974803664921467,0.18324607329842932,0.8246861414666042,0.0840182834201389
病例26,far,WLI,mmd_fusion_w1e-4,1,1,0.8,0.19093586387434555,0.14913285340314136,0.8263357981333236,0.0794338650173611
病例26,far,WLI,mmd_fusion_w1e-4,1,1,0.85,0.22725785340314136,0.1056119109947644,0.8227864640005975,0.07281494140625
病例26,far,WLI,mmd_fusion_w1e-4,1,1,0.9,0.2999836387434555,0.05930955497382199,0.795777922436549,0.06294759114583333
病例26,far,WLI,mmd_fusion_w1e-4,1,1,0.95,0.5510471204188482,0.0,0.6196928635918039,0.03721788194444445
病例26,far,NBI,mmd_fusion_w1e-4,1,1,0.05,0.0,9.575153615881518,0.17278388403023595,0.9103800455729166
病例26,far,NBI,mmd_fusion_w1e-4,1,1,0.1,0.0,1.4117693398455964,0.5862061003473038,0.20762125651041666
病例26,far,NBI,mmd_fusion_w1e-4,1,1,0.15,0.0,0.9387899795178825,0.6805522047964601,0.1669040256076389
病例26,far,NBI,mmd_fusion_w1e-4,1,1,0.2,0.0,0.8000630219001102,0.7142696376302209,0.1549614800347222
病例26,far,NBI,mmd_fusion_w1e-4,1,1,0.25,0.0,0.7821017803686782,0.718880960469139,0.1534152560763889
病例26,far,NBI,mmd_fusion_w1e-4,1,1,0.3,0.0,0.7693398455963447,0.7221937759551624,0.1523166232638889
病例26,far,NBI,mmd_fusion_w1e-4,1,1,0.35,0.0,0.7557113596974949,0.7257654155092028,0.15114339192708334
病例26,far,NBI,mmd_fusion_w1e-4,1,1,0.4,0.0,0.7435008665511266,0.7289955780143312,0.1500922309027778
病例26,far,NBI,mmd_fusion_w1e-4,1,1,0.45,0.0,0.7235701906412478,0.7343302577134344,0.14837646484375
病例26,far,NBI,mmd_fusion_w1e-4,1,1,0.5,0.002126989128722231,0.39231132818654485,0.8349757753507301,0.11967637803819445
病例26,far,NBI,mmd_fusion_w1e-4,1,1,0.55,0.0029935402552386955,0.36363636363636365,0.8446906493998375,0.11713324652777778
病例26,far,NBI,mmd_fusion_w1e-4,1,1,0.6,0.0037025366314794392,0.3378761619662833,0.8536618292242536,0.11485460069444445
病例26,far,NBI,mmd_fusion_w1e-4,1,1,0.65,0.0052780841342366476,0.3099889711674807,0.8632075471668608,0.11231825086805555
病例26,far,NBI,mmd_fusion_w1e-4,1,1,0.7,0.007956514888923901,0.27611469985820075,0.8747568769072146,0.10917154947916667
病例26,far,NBI,mmd_fusion_w1e-4,1,1,0.75,0.01370726327398771,0.24231920592405862,0.8851184163984266,0.10576714409722222
病例26,far,NBI,mmd_fusion_w1e-4,1,1,0.8,0.024814873168426028,0.2027729636048527,0.8955040329840651,0.1014065212673611
病例26,far,NBI,mmd_fusion_w1e-4,1,1,0.85,0.05041752008823066,0.1446352607531117,0.9068612699333928,0.09419759114583333
病例26,far,NBI,mmd_fusion_w1e-4,1,1,0.9,0.1257286907200252,0.06302190011028833,0.9025699414407019,0.0806884765625
病例26,far,NBI,mmd_fusion_w1e-4,1,1,0.95,0.7201827635103198,0.0,0.4372768681494689,0.024088541666666668
病例26,near,WLI,mmd_fusion_w1e-4,1,1,0.05,0.0,7.111865309110268,0.21949402588281128,0.8266669379340278
病例26,near,WLI,mmd_fusion_w1e-4,1,1,0.1,0.0,1.5324416051108005,0.5661806261999055,0.2580769856770833
病例26,near,WLI,mmd_fusion_w1e-4,1,1,0.15,0.0,1.029080987555733,0.6602662682880174,0.2067803276909722
病例26,near,WLI,mmd_fusion_w1e-4,1,1,0.2,0.0,0.8832767684833965,0.6936552265315077,0.1919216579861111
病例26,near,WLI,mmd_fusion_w1e-4,1,1,0.25,0.0,0.8645105476808411,0.6981995585998415,0.1900092230902778
病例26,near,WLI,mmd_fusion_w1e-4,1,1,0.3,0.0,0.8502695148732282,0.7016880296964776,0.18855794270833334
病例26,near,WLI,mmd_fusion_w1e-4,1,1,0.35,0.0,0.8398216543554935,0.7042695786645163,0.1874932183159722
病例26,near,WLI,mmd_fusion_w1e-4,1,1,0.4,0.0,0.8260464497238305,0.7077024513134723,0.1860894097222222
病例26,near,WLI,mmd_fusion_w1e-4,1,1,0.45,0.0,0.8068809476276037,0.7125346736510763,0.1841362847222222
病例26,near,WLI,mmd_fusion_w1e-4,1,1,0.5,0.0,0.4418047514473947,0.8190663069227944,0.14693196614583334
病例26,near,WLI,mmd_fusion_w1e-4,1,1,0.55,0.0,0.4093964197777334,0.8300834115869467,0.14362928602430555
病例26,near,WLI,mmd_fusion_w1e-4,1,1,0.6,0.0,0.38197910427896453,0.839637928142036,0.1408352322048611
病例26,near,WLI,mmd_fusion_w1e-4,1,1,0.65,0.0,0.35110135090171024,0.8506651570878837,0.1376885308159722
病例26,near,WLI,mmd_fusion_w1e-4,1,1,0.7,6.654688227856525e-05,0.32062287881812734,0.8618049381983258,0.1345757378472222
病例26,near,WLI,mmd_fusion_w1e-4,1,1,0.75,0.0003327344113928262,0.2802954681573168,0.8769154432127582,0.1304389105902778
病例26,near,WLI,mmd_fusion_w1e-4,1,1,0.8,0.0014640314101284355,0.22645904039395753,0.8975624345718631,0.12483723958333333
病例26,near,WLI,mmd_fusion_w1e-4,1,1,0.85,0.0093831104012777,0.1497304851267718,0.9256599197807243,0.1162109375
病例26,near,WLI,mmd_fusion_w1e-4,1,1,0.9,0.05536700605576629,0.06954149198110068,0.937985264476367,0.10335286458333333
病例26,near,WLI,mmd_fusion_w1e-4,1,1,0.95,0.4083316696612764,0.007386703932920743,0.7400224728422322,0.06104871961805555
病例26,near,NBI,mmd_fusion_w1e-4,1,1,0.05,0.0023030062899311574,2.1842900302114803,0.477140167103586,0.8714124891493056
病例26,near,NBI,mmd_fusion_w1e-4,1,1,0.1,0.14716953097914912,0.14783814570848397,0.852545456794875,0.2740410698784722
病例26,near,NBI,mmd_fusion_w1e-4,1,1,0.15,0.29433906195829823,0.017730672081620526,0.8189211713641709,0.19810655381944445
病例26,near,NBI,mmd_fusion_w1e-4,1,1,0.2,0.3475558417116537,0.01022732900797385,0.7848142742236084,0.18147786458333334
病例26,near,NBI,mmd_fusion_w1e-4,1,1,0.25,0.3535733742756674,0.009756822346590066,0.7806220095682108,0.17970106336805555
病例26,near,NBI,mmd_fusion_w1e-4,1,1,0.3,0.3575602991431826,0.008865336040810263,0.7780993656542475,0.17836507161458334
病例26,near,NBI,mmd_fusion_w1e-4,1,1,0.35,0.3610519538408202,0.008444356396414244,0.7757083803069887,0.17729356553819445
病例26,near,NBI,mmd_fusion_w1e-4,1,1,0.4,0.36496458818285377,0.008246248328463176,0.7728868729173543,0.17616780598958334
病例26,near,NBI,mmd_fusion_w1e-4,1,1,0.45,0.37046208706849587,0.007949086226536575,0.7689073723995933,0.17458089192708334
病例26,near,NBI,mmd_fusion_w1e-4,1,1,0.5,0.5187212124213758,0.007156653954732307,0.6466908461706873,0.1337619357638889
病例26,near,NBI,mmd_fusion_w1e-4,1,1,0.55,0.531424892278738,0.006933782378287356,0.6351369495155827,0.1302218967013889
病例26,near,NBI,mmd_fusion_w1e-4,1,1,0.6,0.5426179981179734,0.0067109108018424055,0.6247991475388177,0.12709554036458334
病例26,near,NBI,mmd_fusion_w1e-4,1,1,0.65,0.5538606309741965,0.006289931157446387,0.6143354020312788,0.1239013671875
病例26,near,NBI,mmd_fusion_w1e-4,1,1,0.7,0.566688128374028,0.005968005547025903,0.6021231568613717,0.12030029296875
病例26,near,NBI,mmd_fusion_w1e-4,1,1,0.75,0.5819176860977663,0.005398444851666584,0.5874084511932443,0.11597357855902778
病例26,near,NBI,mmd_fusion_w1e-4,1,1,0.8,0.6037343370808776,0.004952701698776683,0.5656015834854984,0.10987684461805555
病例26,near,NBI,mmd_fusion_w1e-4,1,1,0.85,0.6436283492645238,0.00398692486751523,0.5239378162876835,0.09868706597222222
病例26,near,NBI,mmd_fusion_w1e-4,1,1,0.9,0.7301520479421525,0.002402060323906691,0.42420585487304535,0.0745578342013889
病例26,near,NBI,mmd_fusion_w1e-4,1,1,0.95,0.9175127532068743,0.0013867564756574711,0.1522081838740839,0.022969563802083332
病例3,far,WLI,mmd_fusion_w1e-4,1,1,0.05,0.0,10.188152077807251,0.1640937844580058,0.4290703667534722
病例3,far,WLI,mmd_fusion_w1e-4,1,1,0.1,0.0,3.8702033598585324,0.34070369923984606,0.1867743598090278
病例3,far,WLI,mmd_fusion_w1e-4,1,1,0.15,0.0,3.0212201591511936,0.39830956154112235,0.15421549479166666
病例3,far,WLI,mmd_fusion_w1e-4,1,1,0.2,0.0,2.6001768346595933,0.43476589528548176,0.1380683051215278
病例3,far,WLI,mmd_fusion_w1e-4,1,1,0.25,0.0,2.5487179487179485,0.43968432919783973,0.13609483506944445
病例3,far,WLI,mmd_fusion_w1e-4,1,1,0.3,0.0,2.5214854111405836,0.44233251202455187,0.13505045572916666
病例3,far,WLI,mmd_fusion_w1e-4,1,1,0.35,0.0,2.4988505747126437,0.4445579969323354,0.1341824001736111
病例3,far,WLI,mmd_fusion_w1e-4,1,1,0.4,0.0,2.4703801945181256,0.44738924050455936,0.1330905490451389
病例3,far,WLI,mmd_fusion_w1e-4,1,1,0.45,0.0,2.4249336870026523,0.45198417455759904,0.13134765625
病例3,far,WLI,mmd_fusion_w1e-4,1,1,0.5,0.0005305039787798408,1.584792219274978,0.5576989491313943,0.09910753038194445
病例3,far,WLI,mmd_fusion_w1e-4,1,1,0.55,0.001237842617152962,1.5168877099911582,0.5681806750134893,0.09647623697916667
病例3,far,WLI,mmd_fusion_w1e-4,1,1,0.6,0.0017683465959328027,1.4565870910698497,0.5778778727513033,0.0941433376736111
病例3,far,WLI,mmd_fusion_w1e-4,1,1,0.65,0.0022988505747126436,1.4021220159151193,0.5869135545584785,0.09203423394097222
病例3,far,WLI,mmd_fusion_w1e-4,1,1,0.7,0.0028293545534924846,1.3359858532272326,0.5983341291283445,0.0894775390625
病例3,far,WLI,mmd_fusion_w1e-4,1,1,0.75,0.004244031830238726,1.2629531388152078,0.6111352289960325,0.08662245008680555
病例3,far,WLI,mmd_fusion_w1e-4,1,1,0.8,0.007073386383731211,1.1648099027409373,0.6288850310767269,0.08275010850694445
病例3,far,WLI,mmd_fusion_w1e-4,1,1,0.85,0.011847922192749778,1.0012378426171529,0.6611061815991652,0.0762939453125
病例3,far,WLI,mmd_fusion_w1e-4,1,1,0.9,0.01803713527851459,0.7474801061007957,0.7195335276921313,0.06632486979166667
病例3,far,WLI,mmd_fusion_w1e-4,1,1,0.95,0.1660477453580902,0.14058355437665782,0.84470714668776,0.037373860677083336
病例3,far,NBI,mmd_fusion_w1e-4,1,1,0.05,0.0,11.083654968135715,0.15286248413531858,0.9129774305555556
病例3,far,NBI,mmd_fusion_w1e-4,1,1,0.1,0.043712413607396104,0.8242527600753972,0.6878429853422175,0.1345282660590278
病例3,far,NBI,mmd_fusion_w1e-4,1,1,0.15,0.09720850911049278,0.3751907369176914,0.7926238228425366,0.0965576171875
病例3,far,NBI,mmd_fusion_w1e-4,1,1,0.2,0.11130060138228166,0.2859707387128624,0.8173188046854164,0.08875189887152778
病例3,far,NBI,mmd_fusion_w1e-4,1,1,0.25,0.11471142626335158,0.27259671483708825,0.8205149536174846,0.08748372395833333
病例3,far,NBI,mmd_fusion_w1e-4,1,1,0.3,0.11794273404541783,0.2635311013374024,0.8222054886177116,0.08655463324652778
病例3,far,NBI,mmd_fusion_w1e-4,1,1,0.35,0.12045597343146935,0.25724800287227356,0.8232378391967435,0.08589002821180555
病例3,far,NBI,mmd_fusion_w1e-4,1,1,0.4,0.12261017861951351,0.24827214792208957,0.8255214931136495,0.0850490993923611
病例3,far,NBI,mmd_fusion_w1e-4,1,1,0.45,0.1275468988421147,0.23651377793734854,0.8273748723151712,0.08378770616319445
病例3,far,NBI,mmd_fusion_w1e-4,1,1,0.5,0.22134458307153757,0.08670675881877749,0.8348570878604809,0.06538221571180555
病例3,far,NBI,mmd_fusion_w1e-4,1,1,0.55,0.236244502288843,0.07826945516560452,0.8292564077534876,0.06361897786458333
病例3,far,NBI,mmd_fusion_w1e-4,1,1,0.6,0.25150345570415583,0.07153756395296652,0.8225082605867607,0.061957465277777776
病例3,far,NBI,mmd_fusion_w1e-4,1,1,0.65,0.26837806301050177,0.06642132663136163,0.8137979233186212,0.060295952690972224
病例3,far,NBI,mmd_fusion_w1e-4,1,1,0.7,0.2866888071088771,0.060407503814738354,0.8043115226921496,0.05845811631944445
病例3,far,NBI,mmd_fusion_w1e-4,1,1,0.75,0.30939772013284267,0.05511174939412979,0.7911974908694986,0.056342230902777776
病例3,far,NBI,mmd_fusion_w1e-4,1,1,0.8,0.338389731621937,0.050444304820034105,0.7728845548874232,0.05379909939236111
病例3,far,NBI,mmd_fusion_w1e-4,1,1,0.85,0.393950273763576,0.04541782604793106,0.7339529322205883,0.04922146267361111
病例3,far,NBI,mmd_fusion_w1e-4,1,1,0.9,0.49008168028004667,0.04003231307782066,0.6579800787545866,0.04155137803819445
病例3,far,NBI,mmd_fusion_w1e-4,1,1,0.95,0.7422134458307154,0.0392244861323041,0.3975086505162802,0.022440592447916668
病例3,near,WLI,mmd_fusion_w1e-4,1,1,0.05,0.0,2.8978028202605612,0.40834636946294695,0.8866644965277778
病例3,near,WLI,mmd_fusion_w1e-4,1,1,0.1,0.0,0.6038815848314104,0.7680840832580338,0.3648478190104167
病例3,near,WLI,mmd_fusion_w1e-4,1,1,0.15,0.00011924991801568136,0.40822228184718123,0.8304302073651124,0.3203125
病例3,near,WLI,mmd_fusion_w1e-4,1,1,0.2,0.0016396863727156188,0.3322600840711922,0.8567335243542049,0.3026869032118056
病例3,near,WLI,mmd_fusion_w1e-4,1,1,0.25,0.0019378111677548222,0.32209402856035535,0.8603405075478826,0.3003065321180556
病例3,near,WLI,mmd_fusion_w1e-4,1,1,0.3,0.0022359359627940256,0.31520734579494974,0.8627552072581167,0.2986721462673611
病例3,near,WLI,mmd_fusion_w1e-4,1,1,0.35,0.0024148108398175474,0.3098112870047402,0.8646846776995688,0.2974039713541667
病例3,near,WLI,mmd_fusion_w1e-4,1,1,0.4,0.002683123155352831,0.3024177920877679,0.8673321234108539,0.2956610785590278
病例3,near,WLI,mmd_fusion_w1e-4,1,1,0.45,0.003070685388903795,0.2938616104701428,0.8703800104101114,0.2936265733506944
病例3,near,WLI,mmd_fusion_w1e-4,1,1,0.5,0.032734102495304535,0.1373162805950571,0.9191999320042508,0.2512681749131944
病例3,near,WLI,mmd_fusion_w1e-4,1,1,0.55,0.03622216259726321,0.12542110127299289,0.9226290704630231,0.2477688259548611
病例3,near,WLI,mmd_fusion_w1e-4,1,1,0.6,0.03938228542467877,0.11456935873356587,0.9258131249268391,0.24458143446180555
病例3,near,WLI,mmd_fusion_w1e-4,1,1,0.65,0.04304922040366097,0.10198849238291148,0.9295570710786825,0.24088541666666666
病例3,near,WLI,mmd_fusion_w1e-4,1,1,0.7,0.04811734191932743,0.08788718957755716,0.933323589592322,0.23652479383680555
病例3,near,WLI,mmd_fusion_w1e-4,1,1,0.75,0.05682258593447217,0.07214620039948723,0.9360059171583787,0.2309638129340278
病例3,near,WLI,mmd_fusion_w1e-4,1,1,0.8,0.07244432519452643,0.05181408937781355,0.9372232430627206,0.2227851019965278
病例3,near,WLI,mmd_fusion_w1e-4,1,1,0.85,0.11301910979936201,0.02450585815222252,0.928053402372338,0.2073432074652778
病例3,near,WLI,mmd_fusion_w1e-4,1,1,0.9,0.22597859463971617,0.007035745162925201,0.8691707676327053,0.17767333984375
病例3,near,WLI,mmd_fusion_w1e-4,1,1,0.95,0.9310735473869362,0.0,0.12896388230336364,0.015679253472222224
病例3,near,NBI,mmd_fusion_w1e-4,1,1,0.05,0.0,1.5279009798865395,0.5669093354381356,0.9972330729166666
病例3,near,NBI,mmd_fusion_w1e-4,1,1,0.1,0.0,0.7664259927797834,0.7229544564787365,0.69683837890625
病例3,near,NBI,mmd_fusion_w1e-4,1,1,0.15,0.0015643802647412755,0.5618359979370809,0.7799450752356595,0.6155124240451388
病例3,near,NBI,mmd_fusion_w1e-4,1,1,0.2,0.006119993123603232,0.5056558363417569,0.7952516540799769,0.591552734375
病例3,near,NBI,mmd_fusion_w1e-4,1,1,0.25,0.006842014784253052,0.49946707925047273,0.7968771552313189,0.5888264973958334
病例3,near,NBI,mmd_fusion_w1e-4,1,1,0.3,0.007168643630737493,0.49530685920577616,0.798051611565414,0.5870564778645834
病例3,near,NBI,mmd_fusion_w1e-4,1,1,0.35,0.007357744541860065,0.490734055354994,0.7994295919915827,0.5851779513888888
病例3,near,NBI,mmd_fusion_w1e-4,1,1,0.4,0.007615609420663572,0.4856970947223655,0.8009295872349629,0.5830891927083334
病例3,near,NBI,mmd_fusion_w1e-4,1,1,0.45,0.008165721162111055,0.4794739556472408,0.8026795403316712,0.5804172092013888
病例3,near,NBI,mmd_fusion_w1e-4,1,1,0.5,0.04100051572975761,0.3468454529826371,0.831798763894378,0.5151435004340278
病例3,near,NBI,mmd_fusion_w1e-4,1,1,0.55,0.04404332129963899,0.3374419804022692,0.8336594031791182,0.5102335611979166
病例3,near,NBI,mmd_fusion_w1e-4,1,1,0.6,0.04739556472408458,0.3289496303936737,0.8350487499805339,0.5055609809027778
病例3,near,NBI,mmd_fusion_w1e-4,1,1,0.65,0.051916795599106065,0.3190304280556988,0.8363790776317229,0.4998643663194444
病例3,near,NBI,mmd_fusion_w1e-4,1,1,0.7,0.0580367887227093,0.3053979714629534,0.8382837778910278,0.4920722113715278
病例3,near,NBI,mmd_fusion_w1e-4,1,1,0.75,0.06627127385250128,0.29037304452466906,0.8396456838974464,0.4828965928819444
病例3,near,NBI,mmd_fusion_w1e-4,1,1,0.8,0.07861440605122916,0.27247722193570567,0.8399664621478017,0.4709676106770833
病例3,near,NBI,mmd_fusion_w1e-4,1,1,0.85,0.10512291559222967,0.2299123259412068,0.8423207307495673,0.4437188042534722
病例3,near,NBI,mmd_fusion_w1e-4,1,1,0.9,0.17326800756403646,0.16960632628502664,0.8282483832348823,0.3930460611979167
病例3,near,NBI,mmd_fusion_w1e-4,1,1,0.95,0.9905105724600309,0.011758638473439918,0.0185839814159873,0.008382161458333334
病例34,near,WLI,mmd_fusion_w1e-4,1,1,0.05,0.0,3.7356805407083002,0.348694454965551,0.9313286675347222
病例34,near,WLI,mmd_fusion_w1e-4,1,1,0.1,0.00027587158177868205,0.5699162040070347,0.7781043251864969,0.3086886935763889
病例34,near,WLI,mmd_fusion_w1e-4,1,1,0.15,0.006689885858133039,0.1338322011103831,0.9339385588053272,0.22166612413194445
病例34,near,WLI,mmd_fusion_w1e-4,1,1,0.2,0.01934549467223008,0.10010690023793924,0.9425919787853122,0.21254475911458334
病例34,near,WLI,mmd_fusion_w1e-4,1,1,0.25,0.021690403117348874,0.09217559226180214,0.9450051630509559,0.21052381727430555
病例34,near,WLI,mmd_fusion_w1e-4,1,1,0.3,0.02324218076485396,0.08700300010345184,0.9465804468044403,0.2092013888888889
病例34,near,WLI,mmd_fusion_w1e-4,1,1,0.35,0.02448360288285803,0.08348563743577364,0.9475623440336506,0.20826551649305555
病例34,near,WLI,mmd_fusion_w1e-4,1,1,0.4,0.026000896582640782,0.07883030449325838,0.9489333109340686,0.20705159505208334
病例34,near,WLI,mmd_fusion_w1e-4,1,1,0.45,0.02789751370736922,0.07331287285768474,0.9505184186108901,0.2055935329861111
病例34,near,WLI,mmd_fusion_w1e-4,1,1,0.5,0.12124556019173074,0.03644953274250836,0.9176614631143563,0.1799858940972222
病例34,near,WLI,mmd_fusion_w1e-4,1,1,0.55,0.1344873961171075,0.03282871823166316,0.9118619436859003,0.1766696506076389
病例34,near,WLI,mmd_fusion_w1e-4,1,1,0.6,0.14531535570192075,0.03020793820476568,0.9068788876675689,0.17402479383680555
病例34,near,WLI,mmd_fusion_w1e-4,1,1,0.65,0.15617779923445635,0.027587158177868203,0.9018039764858358,0.17137315538194445
病例34,near,WLI,mmd_fusion_w1e-4,1,1,0.7,0.16807476119866202,0.024449118935135693,0.8962903795053289,0.16841634114583334
病例34,near,WLI,mmd_fusion_w1e-4,1,1,0.75,0.18238559950343114,0.020828304424290494,0.8894641081895795,0.1648898654513889
病例34,near,WLI,mmd_fusion_w1e-4,1,1,0.8,0.20504155315700542,0.01720748991344529,0.8773572339234699,0.1597222222222222
病例34,near,WLI,mmd_fusion_w1e-4,1,1,0.85,0.2556984723611159,0.01169005827787165,0.847727897567166,0.1486748589409722
病例34,near,WLI,mmd_fusion_w1e-4,1,1,0.9,0.32773543915307424,0.0053105279492396285,0.8014717974000957,0.13325330946180555
病例34,near,WLI,mmd_fusion_w1e-4,1,1,0.95,0.6429532052829408,0.0,0.5262114705345813,0.0702175564236111
病例34,near,NBI,mmd_fusion_w1e-4,1,1,0.05,0.0,1.4971013018714403,0.5719022205415525,0.9990030924479166
病例34,near,NBI,mmd_fusion_w1e-4,1,1,0.1,0.00879780309194467,0.4100216978573366,0.8255808207374178,0.5605807834201388
病例34,near,NBI,mmd_fusion_w1e-4,1,1,0.15,0.026257797667480338,0.07161988066178465,0.9521465274316657,0.418212890625
病例34,near,NBI,mmd_fusion_w1e-4,1,1,0.2,0.036988066178464875,0.048108218063466233,0.957687120700474,0.4045138888888889
病例34,near,NBI,mmd_fusion_w1e-4,1,1,0.25,0.03858150257662056,0.04290412259289395,0.959345055353175,0.40179443359375
病例34,near,NBI,mmd_fusion_w1e-4,1,1,0.3,0.03985286140493626,0.04068348250610252,0.9597485448976475,0.4003974066840278
病例34,near,NBI,mmd_fusion_w1e-4,1,1,0.35,0.040802142663411985,0.038767968538106864,0.9601744383348944,0.3992513020833333
病例34,near,NBI,mmd_fusion_w1e-4,1,1,0.4,0.04276851098454028,0.03632695958774071,0.9603244787584093,0.3974880642361111
病例34,near,NBI,mmd_fusion_w1e-4,1,1,0.45,0.04485353946297803,0.03212299972877678,0.9612651727747638,0.3949720594618056
病例34,near,NBI,mmd_fusion_w1e-4,1,1,0.5,0.11415107133170599,0.006526308652020613,0.936229677071764,0.3570081922743056
病例34,near,NBI,mmd_fusion_w1e-4,1,1,0.55,0.12542378627610523,0.005136289666395444,0.930542529398194,0.3519422743055556
病例34,near,NBI,mmd_fusion_w1e-4,1,1,0.6,0.13673040412259288,0.0038140764849471116,0.9247251300573575,0.3468899197048611
病例34,near,NBI,mmd_fusion_w1e-4,1,1,0.65,0.15032546786004883,0.0019494168700840793,0.9177614413482273,0.3407050238715278
病例34,near,NBI,mmd_fusion_w1e-4,1,1,0.7,0.16519189042582044,0.0015256305939788447,0.9092117530846687,0.3345879448784722
病例34,near,NBI,mmd_fusion_w1e-4,1,1,0.75,0.1860591266612422,0.0009831841605641442,0.8969420731129425,0.3260226779513889
病例34,near,NBI,mmd_fusion_w1e-4,1,1,0.8,0.22252169785733658,0.0002542717656631408,0.8746853306880057,0.3111436631944444
病例34,near,NBI,mmd_fusion_w1e-4,1,1,0.85,0.285784513154326,0.0,0.8332855377000412,0.2857326931423611
病例34,near,NBI,mmd_fusion_w1e-4,1,1,0.9,0.37908529970165444,0.0,0.7661287792422521,0.2484063042534722
病例34,near,NBI,mmd_fusion_w1e-4,1,1,0.95,0.9972199620287496,0.0,0.005544661572781214,0.0011121961805555555
病例35,far,WLI,mmd_fusion_w1e-4,1,1,0.05,0.0,19.361998361998364,0.09362419967010385,0.3372124565972222
病例35,far,WLI,mmd_fusion_w1e-4,1,1,0.1,0.02293202293202293,3.0397215397215396,0.3895192229173984,0.06652153862847222
病例35,far,WLI,mmd_fusion_w1e-4,1,1,0.15,0.08845208845208845,1.624078624078624,0.5156358582289131,0.0419921875
病例35,far,WLI,mmd_fusion_w1e-4,1,1,0.2,0.10483210483210484,1.2518427518427517,0.5689004554252584,0.03555636935763889
病例35,far,WLI,mmd_fusion_w1e-4,1,1,0.25,0.11097461097461098,1.210892710892711,0.5735799207321852,0.03477647569444445
病例35,far,WLI,mmd_fusion_w1e-4,1,1,0.3,0.11752661752661753,1.1822276822276823,0.5758952431777673,0.03419325086805555
病例35,far,WLI,mmd_fusion_w1e-4,1,1,0.35,0.12325962325962327,1.1601146601146601,0.5774002157419444,0.033732096354166664
病例35,far,WLI,mmd_fusion_w1e-4,1,1,0.4,0.1294021294021294,1.1367731367731368,0.5789760348505042,0.033243815104166664
病例35,far,WLI,mmd_fusion_w1e-4,1,1,0.45,0.14004914004914004,1.0999180999181,0.5810736026482973,0.03245713975694445
病例35,far,WLI,mmd_fusion_w1e-4,1,1,0.5,0.2035217035217035,0.44553644553644556,0.7105022830920457,0.02056884765625
病例35,far,WLI,mmd_fusion_w1e-4,1,1,0.55,0.22153972153972154,0.3963963963963964,0.7158727169889687,0.019456651475694444
病例35,far,WLI,mmd_fusion_w1e-4,1,1,0.6,0.2362817362817363,0.35585585585585583,0.7206336939582567,0.018541124131944444
病例35,far,WLI,mmd_fusion_w1e-4,1,1,0.65,0.25266175266175267,0.3165438165438165,0.72420634919198,0.017618815104166668
病例35,far,WLI,mmd_fusion_w1e-4,1,1,0.7,0.2714987714987715,0.27805077805077805,0.7261224489647731,0.016669379340277776
病例35,far,WLI,mmd_fusion_w1e-4,1,1,0.75,0.2964782964782965,0.23300573300573302,0.7265806724312417,0.015509711371527778
病例35,far,WLI,mmd_fusion_w1e-4,1,1,0.8,0.32882882882882886,0.18058968058968058,0.7249004864943631,0.014105902777777778
病例35,far,WLI,mmd_fusion_w1e-4,1,1,0.85,0.3841113841113841,0.10606060606060606,0.7153388822659849,0.011956108940972222
病例35,far,WLI,mmd_fusion_w1e-4,1,1,0.9,0.5221130221130221,0.033169533169533166,0.6325203251861106,0.008463541666666666
病例35,far,WLI,mmd_fusion_w1e-4,1,1,0.95,0.8849303849303849,0.0,0.20639001100968088,0.0019056532118055555
病例35,far,NBI,mmd_fusion_w1e-4,1,1,0.05,0.04010914051841746,11.04256480218281,0.14764762664194145,0.89495849609375
病例35,far,NBI,mmd_fusion_w1e-4,1,1,0.1,0.21246020918599362,0.17371532514779445,0.8030977555147324,0.07167561848958333
病例35,far,NBI,mmd_fusion_w1e-4,1,1,0.15,0.257662573897226,0.09158708503865394,0.8095615949176276,0.06218126085069445
病例35,far,NBI,mmd_fusion_w1e-4,1,1,0.2,0.26712141882673945,0.08149158708503865,0.8078600431058807,0.060723198784722224
病例35,far,NBI,mmd_fusion_w1e-4,1,1,0.25,0.2723055934515689,0.07557980900409277,0.8070812528329697,0.059895833333333336
病例35,far,NBI,mmd_fusion_w1e-4,1,1,0.3,0.27748976807639836,0.07121418826739427,0.8055978095486989,0.059183756510416664
病例35,far,NBI,mmd_fusion_w1e-4,1,1,0.35,0.2815825375170532,0.06803092314688494,0.804296914770368,0.05864122178819445
病例35,far,NBI,mmd_fusion_w1e-4,1,1,0.4,0.2858572078217372,0.06530241018644839,0.8026578073048676,0.05811903211805555
病例35,far,NBI,mmd_fusion_w1e-4,1,1,0.45,0.2933151432469304,0.061664392905866304,0.7992593735493532,0.057291666666666664
病例35,far,NBI,mmd_fusion_w1e-4,1,1,0.5,0.3312414733969986,0.03810823101409732,0.7836095273576831,0.05270724826388889
病例35,far,NBI,mmd_fusion_w1e-4,1,1,0.55,0.345793542519327,0.0328331059572533,0.7755674160290281,0.051228841145833336
病例35,far,NBI,mmd_fusion_w1e-4,1,1,0.6,0.3575261482492042,0.030923146884947704,0.7678678188990278,0.050211588541666664
病例35,far,NBI,mmd_fusion_w1e-4,1,1,0.65,0.3713506139154161,0.030104592996816736,0.7579778484441387,0.04911973741319445
病例35,far,NBI,mmd_fusion_w1e-4,1,1,0.7,0.38590268303774444,0.029922692132787632,0.7470679353798015,0.04802110460069445
病例35,far,NBI,mmd_fusion_w1e-4,1,1,0.75,0.4035470668485675,0.029922692132787632,0.7334750027920061,0.04670545789930555
病例35,far,NBI,mmd_fusion_w1e-4,1,1,0.8,0.4281036834924966,0.02955889040472942,0.7142208087192513,0.04484727647569445
病例35,far,NBI,mmd_fusion_w1e-4,1,1,0.85,0.4653933606184629,0.029286039108685765,0.683687118344381,0.042046440972222224
病例35,far,NBI,mmd_fusion_w1e-4,1,1,0.9,0.5455206912232833,0.029195088676671213,0.6126402255831996,0.036064995659722224
病例35,far,NBI,mmd_fusion_w1e-4,1,1,0.95,0.7216916780354706,0.02855843565256935,0.4259169044441094,0.022881401909722224
病例35,near,WLI,mmd_fusion_w1e-4,1,1,0.05,0.05224901658970412,2.8261074055070976,0.3970586918161082,0.59857177734375
病例35,near,WLI,mmd_fusion_w1e-4,1,1,0.1,0.28856678638618094,0.22909184197024116,0.7332378539148766,0.1491767035590278
病例35,near,WLI,mmd_fusion_w1e-4,1,1,0.15,0.41140755943218743,0.11980502821959979,0.6890579637584116,0.11235894097222222
病例35,near,WLI,mmd_fusion_w1e-4,1,1,0.2,0.44646827432871555,0.09769967504703267,0.6704471892056489,0.10329182942708333
病例35,near,WLI,mmd_fusion_w1e-4,1,1,0.25,0.45164186762442277,0.09368051992474774,0.6678991771673057,0.1018337673611111
病例35,near,WLI,mmd_fusion_w1e-4,1,1,0.3,0.45501966820591755,0.09034547631263896,0.6665097916159005,0.10076904296875
病例35,near,WLI,mmd_fusion_w1e-4,1,1,0.35,0.45831195484864035,0.08756627330254832,0.6649521060210866,0.09980604383680555
病例35,near,WLI,mmd_fusion_w1e-4,1,1,0.4,0.46186078330767916,0.08478707029245768,0.6631714835190791,0.09880235460069445
病例35,near,WLI,mmd_fusion_w1e-4,1,1,0.45,0.4664357790319822,0.0805968872926287,0.6611040474659327,0.097412109375
病例35,near,WLI,mmd_fusion_w1e-4,1,1,0.5,0.5771763297417479,0.028518898580468615,0.5826655668142156,0.07158745659722222
病例35,near,WLI,mmd_fusion_w1e-4,1,1,0.55,0.5913288866085172,0.02163502650932102,0.5714456534719256,0.06825086805555555
病例35,near,WLI,mmd_fusion_w1e-4,1,1,0.6,0.6037284077304601,0.017145544723789978,0.5607284387556017,0.06557210286458333
病例35,near,WLI,mmd_fusion_w1e-4,1,1,0.65,0.6183940482298614,0.012442278091328886,0.547478836950842,0.0625
病例35,near,WLI,mmd_fusion_w1e-4,1,1,0.7,0.6368223020352317,0.009149991448606122,0.5292871385825981,0.05905490451388889
病例35,near,WLI,mmd_fusion_w1e-4,1,1,0.75,0.6623054557892937,0.006755601162989567,0.5023533901523268,0.054633246527777776
病例35,near,WLI,mmd_fusion_w1e-4,1,1,0.8,0.6991619634000342,0.0035060714896528134,0.4612863043320616,0.048272026909722224
病例35,near,WLI,mmd_fusion_w1e-4,1,1,0.85,0.7527364460407047,0.001068924234650248,0.3961501575544727,0.039388020833333336
病例35,near,WLI,mmd_fusion_w1e-4,1,1,0.9,0.8345305284761416,0.0,0.2839533347997507,0.0262451171875
病例35,near,WLI,mmd_fusion_w1e-4,1,1,0.95,0.9843081922353344,0.0,0.030898758156047573,0.0024888780381944445
病例35,near,NBI,mmd_fusion_w1e-4,1,1,0.05,0.0,1.647330245251176,0.548346287699891,0.9999660915798612
病例35,near,NBI,mmd_fusion_w1e-4,1,1,0.1,0.013411612625228914,0.692448561887321,0.736524658718017,0.63421630859375
病例35,near,NBI,mmd_fusion_w1e-4,1,1,0.15,0.08449136414233904,0.44093145175769327,0.7770268725851038,0.5123630099826388
病例35,near,NBI,mmd_fusion_w1e-4,1,1,0.2,0.12090200725340228,0.3959926747818593,0.7728026010505431,0.4816351996527778
病例35,near,NBI,mmd_fusion_w1e-4,1,1,0.25,0.12424144493518618,0.3903910373801573,0.7729044525425662,0.4782579210069444
病例35,near,NBI,mmd_fusion_w1e-4,1,1,0.3,0.12625228913066897,0.3868720600380624,0.7730160747182373,0.4761691623263889
病例35,near,NBI,mmd_fusion_w1e-4,1,1,0.35,0.12802973176774748,0.3840532873711803,0.7730152161450523,0.4744330512152778
病例35,near,NBI,mmd_fusion_w1e-4,1,1,0.4,0.13038170131782112,0.38134223850048476,0.7726641887466519,0.4725206163194444
病例35,near,NBI,mmd_fusion_w1e-4,1,1,0.45,0.13296707242629896,0.3759560486911559,0.77310493876509,0.4695095486111111
病例35,near,NBI,mmd_fusion_w1e-4,1,1,0.5,0.2401163416998815,0.2531509210384574,0.7549633435001561,0.3826497395833333
病例35,near,NBI,mmd_fusion_w1e-4,1,1,0.55,0.2504757800998241,0.24194764623505333,0.7527339277497023,0.3745049370659722
病例35,near,NBI,mmd_fusion_w1e-4,1,1,0.6,0.2608172645337355,0.23227045854429243,0.7498861628683771,0.366943359375
病例35,near,NBI,mmd_fusion_w1e-4,1,1,0.65,0.2725591583180725,0.22069015045423535,0.7468089616331234,0.3581339518229167
病例35,near,NBI,mmd_fusion_w1e-4,1,1,0.7,0.28853818808574816,0.2084814535530899,0.7411279538412887,0.3474867078993056
病例35,near,NBI,mmd_fusion_w1e-4,1,1,0.75,0.3108011059643075,0.1939926029659952,0.7319477547900353,0.3336046006944444
病例35,near,NBI,mmd_fusion_w1e-4,1,1,0.8,0.3450393191856081,0.172322165966462,0.7168684169148749,0.3124864366319444
病例35,near,NBI,mmd_fusion_w1e-4,1,1,0.85,0.4152931882652878,0.1500772020539337,0.6740975327033925,0.2775472005208333
病例35,near,NBI,mmd_fusion_w1e-4,1,1,0.9,0.6657330604330497,0.11716758231893425,0.460602162241829,0.17051866319444445
病例35,near,NBI,mmd_fusion_w1e-4,1,1,0.95,0.9963194369636252,0.009659233724729793,0.007264222816733821,0.005038791232638889
病例38,far,WLI,mmd_fusion_w1e-4,1,1,0.05,0.0007703081232492997,3.74124649859944,0.3481347744402516,0.4590793185763889
病例38,far,WLI,mmd_fusion_w1e-4,1,1,0.1,0.22927170868347338,0.25322128851540615,0.7616081932019874,0.09916178385416667
病例38,far,WLI,mmd_fusion_w1e-4,1,1,0.15,0.3912464985994398,0.04852941176470588,0.734640412402879,0.06365288628472222
病例38,far,WLI,mmd_fusion_w1e-4,1,1,0.2,0.448109243697479,0.03375350140056022,0.6961091728097155,0.05671522352430555
病例38,far,WLI,mmd_fusion_w1e-4,1,1,0.25,0.45560224089635853,0.030672268907563024,0.6912680063992029,0.05569118923611111
病例38,far,WLI,mmd_fusion_w1e-4,1,1,0.3,0.4598039215686274,0.028431372549019607,0.6887499999969252,0.05506727430555555
病例38,far,WLI,mmd_fusion_w1e-4,1,1,0.35,0.46365546218487397,0.026050420168067228,0.6865671641760271,0.054463704427083336
病例38,far,WLI,mmd_fusion_w1e-4,1,1,0.4,0.4700280112044818,0.024299719887955182,0.6819553953562426,0.05367702907986111
病例38,far,WLI,mmd_fusion_w1e-4,1,1,0.45,0.4788515406162465,0.0226890756302521,0.6751338111191366,0.052666558159722224
病例38,far,WLI,mmd_fusion_w1e-4,1,1,0.5,0.6403361344537815,0.007703081232492998,0.5260678070238345,0.035576714409722224
病例38,far,WLI,mmd_fusion_w1e-4,1,1,0.55,0.6663865546218487,0.005812324929971989,0.49814398494014667,0.03287082248263889
病例38,far,WLI,mmd_fusion_w1e-4,1,1,0.6,0.6990896358543417,0.004481792717086834,0.4610267689476904,0.029574924045138888
病例38,far,WLI,mmd_fusion_w1e-4,1,1,0.65,0.7323529411764705,0.0036414565826330533,0.4210642282669325,0.026272243923611112
病例38,far,WLI,mmd_fusion_w1e-4,1,1,0.7,0.7616246498599439,0.0027310924369747898,0.3841336116888555,0.023349338107638888
病例38,far,WLI,mmd_fusion_w1e-4,1,1,0.75,0.7934873949579831,0.0014705882352941176,0.34191304347627877,0.0201416015625
病例38,far,WLI,mmd_fusion_w1e-4,1,1,0.8,0.8350140056022409,0.0004901960784313725,0.28312203328556673,0.016025119357638888
病例38,far,WLI,mmd_fusion_w1e-4,1,1,0.85,0.896498599439776,0.0,0.1875872572649601,0.010023328993055556
病例38,far,WLI,mmd_fusion_w1e-4,1,1,0.9,0.9997198879551821,0.0,0.0005600672080610468,2.712673611111111e-05
病例38,far,WLI,mmd_fusion_w1e-4,1,1,0.95,1.0,0.0,0.0,0.0
病例38,far,NBI,mmd_fusion_w1e-4,1,1,0.05,0.002027946086311364,2.3431185853839493,0.45977941344002243,0.9161851671006944
病例38,far,NBI,mmd_fusion_w1e-4,1,1,0.1,0.06469642636329913,0.34240138493879063,0.821268417680082,0.3503689236111111
病例38,far,NBI,mmd_fusion_w1e-4,1,1,0.15,0.1083219982688265,0.23148262643749226,0.839953407104438,0.3079901801215278
病例38,far,NBI,mmd_fusion_w1e-4,1,1,0.2,0.11774452825522444,0.18803017188079635,0.8523031345555567,0.2934909396701389
病例38,far,NBI,mmd_fusion_w1e-4,1,1,0.25,0.1204896747866947,0.1826882651168542,0.8529831504457001,0.2912733289930556
病例38,far,NBI,mmd_fusion_w1e-4,1,1,0.3,0.12244342772350686,0.17942376653888958,0.8532474090450702,0.2898423936631944
病例38,far,NBI,mmd_fusion_w1e-4,1,1,0.35,0.12432298751081984,0.1754667985655991,0.8538426294330056,0.2882419162326389
病例38,far,NBI,mmd_fusion_w1e-4,1,1,0.4,0.1264993198961296,0.1716829479411401,0.8542026917532024,0.2866075303819444
病例38,far,NBI,mmd_fusion_w1e-4,1,1,0.45,0.1305552120687523,0.16606899962903426,0.8542755084673604,0.2839558919270833
病例38,far,NBI,mmd_fusion_w1e-4,1,1,0.5,0.19389143069123285,0.0758006677383455,0.8566922925279497,0.24183485243055555
病例38,far,NBI,mmd_fusion_w1e-4,1,1,0.55,0.20516878941511066,0.06511685421046123,0.8546810802174603,0.2358127170138889
病例38,far,NBI,mmd_fusion_w1e-4,1,1,0.6,0.2151601335476691,0.058464201805366635,0.8515576783738273,0.23124864366319445
病例38,far,NBI,mmd_fusion_w1e-4,1,1,0.65,0.2258686781253864,0.05176208730060591,0.8479479886213627,0.2264743381076389
病例38,far,NBI,mmd_fusion_w1e-4,1,1,0.7,0.23808581674292073,0.04454062074935081,0.8435463556201145,0.22114393446180555
病例38,far,NBI,mmd_fusion_w1e-4,1,1,0.75,0.2534190676394213,0.03642883640410535,0.8374389702607115,0.2147148980034722
病例38,far,NBI,mmd_fusion_w1e-4,1,1,0.8,0.27666625448250276,0.026140719673550143,0.826915465082235,0.20551893446180555
病例38,far,NBI,mmd_fusion_w1e-4,1,1,0.85,0.31430691232842833,0.009051564238901941,0.8091992937078681,0.19051106770833334
病例38,far,NBI,mmd_fusion_w1e-4,1,1,0.9,0.3856065289971559,0.002448373933473476,0.7599920461312694,0.16914876302083334
病例38,far,NBI,mmd_fusion_w1e-4,1,1,0.95,0.8300482255471745,0.0,0.2905278288619221,0.04660373263888889
病例38,near,WLI,mmd_fusion_w1e-4,1,1,0.05,0.05838328422906296,1.5097361915405194,0.5456507874203546,0.4908989800347222
病例38,near,WLI,mmd_fusion_w1e-4,1,1,0.1,0.08469640014900606,0.21991940126655152,0.857337710740738,0.22733561197916666
病例38,near,WLI,mmd_fusion_w1e-4,1,1,0.15,0.10206915235869823,0.14402790477158048,0.8794799077883153,0.20865885416666666
病例38,near,WLI,mmd_fusion_w1e-4,1,1,0.2,0.10850350502895459,0.1349859460191676,0.8798462566830216,0.2055596245659722
病例38,near,WLI,mmd_fusion_w1e-4,1,1,0.25,0.10992583561922178,0.1302109790375563,0.881137167472583,0.2043185763888889
病例38,near,WLI,mmd_fusion_w1e-4,1,1,0.3,0.1109756510548952,0.12638423244945646,0.8822274124966273,0.2033420138888889
病例38,near,WLI,mmd_fusion_w1e-4,1,1,0.35,0.1123641166311084,0.1227945409597345,0.8830306909664066,0.20234510633680555
病例38,near,WLI,mmd_fusion_w1e-4,1,1,0.4,0.11354939212299774,0.11940803955433642,0.8838614914472424,0.20142957899305555
病例38,near,WLI,mmd_fusion_w1e-4,1,1,0.45,0.11490399268515697,0.11348166209488977,0.8857259048378647,0.19997151692708334
病例38,near,WLI,mmd_fusion_w1e-4,1,1,0.5,0.14104778353483016,0.06386941650580785,0.89342890857378,0.18480088975694445
病例38,near,WLI,mmd_fusion_w1e-4,1,1,0.55,0.14636459074130515,0.05533543296420468,0.8943409615027598,0.18202718098958334
病例38,near,WLI,mmd_fusion_w1e-4,1,1,0.6,0.15113955772291646,0.050662061024755324,0.8937619225884834,0.18013509114583334
病例38,near,WLI,mmd_fusion_w1e-4,1,1,0.65,0.1568966101120932,0.045616173930712184,0.8927777379314122,0.1779717339409722
病例38,near,WLI,mmd_fusion_w1e-4,1,1,0.7,0.16424531816180704,0.04070574689288496,0.8907778379337831,0.17551676432291666
病例38,near,WLI,mmd_fusion_w1e-4,1,1,0.75,0.1735243320125978,0.03613396999559755,0.88743841020911,0.17274305555555555
病例38,near,WLI,mmd_fusion_w1e-4,1,1,0.8,0.18832334315418742,0.030952622845338482,0.8809983275424436,0.16874186197916666
病例38,near,WLI,mmd_fusion_w1e-4,1,1,0.85,0.21947915608384977,0.023332994683192793,0.8653925581029824,0.1609768337673611
病例38,near,WLI,mmd_fusion_w1e-4,1,1,0.9,0.28720918419181146,0.009549933963222595,0.8277001120729316,0.1446533203125
病例38,near,WLI,mmd_fusion_w1e-4,1,1,0.95,0.6210166277219005,3.3865014053980834e-05,0.5496426905023215,0.0759006076388889
病例38,near,NBI,mmd_fusion_w1e-4,1,1,0.05,2.358935648235516e-05,2.1295999245140593,0.484299758369663,0.89971923828125
病例38,near,NBI,mmd_fusion_w1e-4,1,1,0.1,0.042012643895074545,0.16236554066805056,0.9036112409041412,0.3220893012152778
病例38,near,NBI,mmd_fusion_w1e-4,1,1,0.15,0.06885733157199471,0.07642951500283073,0.9276305739957375,0.2896660698784722
病例38,near,NBI,mmd_fusion_w1e-4,1,1,0.2,0.07263162860917154,0.06442253255331194,0.9311904874686968,0.2851291232638889
病例38,near,NBI,mmd_fusion_w1e-4,1,1,0.25,0.07407057935459521,0.06062464615965277,0.9321965468913337,0.2836235894097222
病例38,near,NBI,mmd_fusion_w1e-4,1,1,0.3,0.07569824495187771,0.05765238724287602,0.9327175995894587,0.2823011610243056
病例38,near,NBI,mmd_fusion_w1e-4,1,1,0.35,0.07692489148896019,0.05498678996036988,0.9333126624836819,0.2811821831597222
病例38,near,NBI,mmd_fusion_w1e-4,1,1,0.4,0.07871768258161917,0.05232119267786375,0.933604255063726,0.2799004448784722
病例38,near,NBI,mmd_fusion_w1e-4,1,1,0.45,0.08166635214191356,0.04864125306661634,0.9337522786134825,0.2779947916666667
病例38,near,NBI,mmd_fusion_w1e-4,1,1,0.5,0.12165031137950556,0.025075485940743537,0.9229148593370642,0.2597249348958333
病例38,near,NBI,mmd_fusion_w1e-4,1,1,0.55,0.12938762030571807,0.020381204000754858,0.9207988722965448,0.2561509874131944
病例38,near,NBI,mmd_fusion_w1e-4,1,1,0.6,0.13705416116248348,0.01759765993583695,0.9177621675854017,0.2531467013888889
病例38,near,NBI,mmd_fusion_w1e-4,1,1,0.65,0.14566427627854311,0.014861294583883751,0.9141205719394312,0.2498847113715278
病例38,near,NBI,mmd_fusion_w1e-4,1,1,0.7,0.15682204189469712,0.011865446310624646,0.9090654764163977,0.2458157009548611
病例38,near,NBI,mmd_fusion_w1e-4,1,1,0.75,0.1711879599924514,0.00886959803736554,0.9020191776941812,0.24082438151041666
病例38,near,NBI,mmd_fusion_w1e-4,1,1,0.8,0.1967588224193244,0.0057322136252123046,0.8880630101962704,0.2325710720486111
病例38,near,NBI,mmd_fusion_w1e-4,1,1,0.85,0.23898377052274014,0.00292508020381204,0.8628589004628925,0.21962483723958334
病例38,near,NBI,mmd_fusion_w1e-4,1,1,0.9,0.3085723721456879,0.0011322891111530478,0.8170199718459435,0.1991034613715278
病例38,near,NBI,mmd_fusion_w1e-4,1,1,0.95,0.6094074353651633,0.0007548594074353652,0.5614594282992075,0.11250813802083333
病例39,far,WLI,mmd_fusion_w1e-4,1,1,0.05,0.03070146604431004,5.307080402340412,0.2664233246896338,0.6474473741319444
病例39,far,WLI,mmd_fusion_w1e-4,1,1,0.1,0.2723029386628098,1.517060022352245,0.44853715860189536,0.2315606011284722
病例39,far,WLI,mmd_fusion_w1e-4,1,1,0.15,0.30523962921569914,0.9649595687331537,0.5224312232728021,0.1712103949652778
病例39,far,WLI,mmd_fusion_w1e-4,1,1,0.2,0.31372033396883836,0.7668792321346394,0.5595069007086707,0.14990234375
病例39,far,WLI,mmd_fusion_w1e-4,1,1,0.25,0.3183222667806193,0.75156137006114,0.5603047660203169,0.14784749348958334
病例39,far,WLI,mmd_fusion_w1e-4,1,1,0.3,0.32331865097626716,0.7437380842811123,0.5591438737524537,0.14652506510416666
病例39,far,WLI,mmd_fusion_w1e-4,1,1,0.35,0.32890671224771545,0.7350601538360397,0.5578142076487491,0.1450534396701389
病例39,far,WLI,mmd_fusion_w1e-4,1,1,0.4,0.3333114193675629,0.7277628032345014,0.556861237711941,0.14384629991319445
病例39,far,WLI,mmd_fusion_w1e-4,1,1,0.45,0.338373545460522,0.7139570047991585,0.5570222775686813,0.1418999565972222
病例39,far,WLI,mmd_fusion_w1e-4,1,1,0.5,0.3674314640720531,0.42995200841496284,0.6133936824638594,0.10960557725694445
病例39,far,WLI,mmd_fusion_w1e-4,1,1,0.55,0.37959371507461703,0.4051673131286569,0.61257343156466,0.10579427083333333
病例39,far,WLI,mmd_fusion_w1e-4,1,1,0.6,0.3903753862336467,0.384195647886398,0.6115141123693896,0.10251871744791667
病例39,far,WLI,mmd_fusion_w1e-4,1,1,0.65,0.40168299257116563,0.36066004864900403,0.6108463655258378,0.09892442491319445
病例39,far,WLI,mmd_fusion_w1e-4,1,1,0.7,0.4157517585957531,0.3331799355729406,0.6094082150428258,0.0946384006076389
病例39,far,WLI,mmd_fusion_w1e-4,1,1,0.75,0.4331733613832095,0.29656169877062655,0.6083827265008172,0.08906385633680555
病例39,far,WLI,mmd_fusion_w1e-4,1,1,0.8,0.4586812175399382,0.24331076194858983,0.6066455463029299,0.08093939887152778
病例39,far,WLI,mmd_fusion_w1e-4,1,1,0.85,0.4924725527578726,0.16113339030964433,0.6083050980986199,0.06897650824652778
病例39,far,WLI,mmd_fusion_w1e-4,1,1,0.9,0.5482874235750443,0.06337518900795477,0.5962856894879967,0.05313449435763889
病例39,far,WLI,mmd_fusion_w1e-4,1,1,0.95,0.6777989612780225,0.0005916770758004076,0.4871527260052326,0.03329806857638889
病例39,far,NBI,mmd_fusion_w1e-4,1,1,0.05,0.0,3.2091232685908846,0.38394176848487843,0.7377726236979166
病例39,far,NBI,mmd_fusion_w1e-4,1,1,0.1,0.001547628259692022,0.18409038149036602,0.9149441588354637,0.207275390625
病例39,far,NBI,mmd_fusion_w1e-4,1,1,0.15,0.0030565658128917433,0.07974154608063143,0.9601296717200877,0.188720703125
病例39,far,NBI,mmd_fusion_w1e-4,1,1,0.2,0.003985142768706956,0.0707653021744177,0.963832416037733,0.1869845920138889
病例39,far,NBI,mmd_fusion_w1e-4,1,1,0.25,0.004758956898552967,0.06445871701617271,0.9663942894693972,0.18574354383680555
病例39,far,NBI,mmd_fusion_w1e-4,1,1,0.3,0.005378008202429776,0.05993190435657355,0.9682121200689838,0.1848415798611111
病例39,far,NBI,mmd_fusion_w1e-4,1,1,0.35,0.006267894451752689,0.055985452294358896,0.9696283292731381,0.1839938693576389
病例39,far,NBI,mmd_fusion_w1e-4,1,1,0.4,0.0072738528205525035,0.052039000232144236,0.970992828623113,0.18312581380208334
病例39,far,NBI,mmd_fusion_w1e-4,1,1,0.45,0.009014934612706029,0.04704789909463747,0.9724916943503132,0.18194580078125
病例39,far,NBI,mmd_fusion_w1e-4,1,1,0.5,0.023020970362918825,0.03373829606128608,0.9717716330870869,0.1771579318576389
病例39,far,NBI,mmd_fusion_w1e-4,1,1,0.55,0.03199721426913255,0.02750909231602569,0.9701799286471029,0.1744927300347222
病例39,far,NBI,mmd_fusion_w1e-4,1,1,0.6,0.03838118084036214,0.023523949547318734,0.9688157792138286,0.1726752387152778
病例39,far,NBI,mmd_fusion_w1e-4,1,1,0.65,0.04689313626866826,0.020080476669503987,0.9660581580012039,0.17057969835069445
病例39,far,NBI,mmd_fusion_w1e-4,1,1,0.7,0.0561015244138358,0.017372127215042946,0.9625377285889752,0.1684909396701389
病例39,far,NBI,mmd_fusion_w1e-4,1,1,0.75,0.06921767391472568,0.014625087054089608,0.9569022095802452,0.16571044921875
病例39,far,NBI,mmd_fusion_w1e-4,1,1,0.8,0.08736361525961464,0.011568521241197864,0.9485854462812446,0.1619940863715278
病例39,far,NBI,mmd_fusion_w1e-4,1,1,0.85,0.1269055172947458,0.007931594830921613,0.9283172552791651,0.1544257269965278
病例39,far,NBI,mmd_fusion_w1e-4,1,1,0.9,0.2243287162423586,0.004372049833629962,0.8715195513707229,0.1367255316840278
病例39,far,NBI,mmd_fusion_w1e-4,1,1,0.95,0.6601021434651396,0.00019345353246150274,0.5072756669346712,0.059611002604166664
病例39,near,WLI,mmd_fusion_w1e-4,1,1,0.05,0.0,1.9197259640400068,0.510239751030236,0.6849839952256944
病例39,near,WLI,mmd_fusion_w1e-4,1,1,0.1,0.02387697288547147,0.054807191998612476,0.9612570810427834,0.24186197916666666
病例39,near,WLI,mmd_fusion_w1e-4,1,1,0.15,0.029745042492917848,0.027779383708157485,0.9712094907393356,0.23414442274305555
病例39,near,WLI,mmd_fusion_w1e-4,1,1,0.2,0.03197086199919061,0.02387697288547147,0.9719626168210194,0.23270670572916666
病例39,near,WLI,mmd_fusion_w1e-4,1,1,0.25,0.03330057235358733,0.020263629531132567,0.9730421752462676,0.23154703776041666
病例39,near,WLI,mmd_fusion_w1e-4,1,1,0.3,0.034688096201653466,0.018066716771694514,0.9734015419804215,0.2307061089409722
病例39,near,WLI,mmd_fusion_w1e-4,1,1,0.35,0.03593108631554605,0.016476845695785395,0.9735386411720447,0.23004150390625
病例39,near,WLI,mmd_fusion_w1e-4,1,1,0.4,0.03743423715095103,0.015002601607215124,0.9734841840598528,0.2293429904513889
病例39,near,WLI,mmd_fusion_w1e-4,1,1,0.45,0.04139446146730647,0.013239290050297739,0.9722930776659157,0.2280002170138889
病例39,near,WLI,mmd_fusion_w1e-4,1,1,0.5,0.05402670983407527,0.011013470544024975,0.966765140323535,0.2245144314236111
病例39,near,WLI,mmd_fusion_w1e-4,1,1,0.55,0.06347921604902584,0.009625946695958837,0.9624359450412737,0.22197129991319445
病例39,near,WLI,mmd_fusion_w1e-4,1,1,0.6,0.07067699601086894,0.008816557784586922,0.9589846080405695,0.2200927734375
病例39,near,WLI,mmd_fusion_w1e-4,1,1,0.65,0.07929120656761288,0.0056946291264381105,0.955883676959041,0.2173394097222222
病例39,near,WLI,mmd_fusion_w1e-4,1,1,0.7,0.08883043302306759,0.0031797421518182344,0.9519365798400121,0.2145114474826389
病例39,near,WLI,mmd_fusion_w1e-4,1,1,0.75,0.10137596114933226,0.0024570734809504537,0.9453821123362446,0.2113986545138889
病例39,near,WLI,mmd_fusion_w1e-4,1,1,0.8,0.12036769381973753,0.0015898710759091172,0.9351710997388786,0.20673963758680555
病例39,near,WLI,mmd_fusion_w1e-4,1,1,0.85,0.1636121870844655,0.0007515754177024917,0.9105327752762838,0.19639756944444445
病例39,near,WLI,mmd_fusion_w1e-4,1,1,0.9,0.2825056368156328,0.0,0.8355129176119911,0.1683281792534722
病例39,near,WLI,mmd_fusion_w1e-4,1,1,0.95,0.8019598774353934,0.0,0.3306068283259003,0.04646131727430555
病例39,near,NBI,mmd_fusion_w1e-4,1,1,0.05,0.0,3.4668824614527862,0.3658392171591047,0.8703477647569444
病例39,near,NBI,mmd_fusion_w1e-4,1,1,0.1,0.0,0.2908356827120532,0.8730438481860995,0.2515123155381944
病例39,near,NBI,mmd_fusion_w1e-4,1,1,0.15,0.0,0.14117155685496502,0.9340680776342956,0.22235107421875
病例39,near,NBI,mmd_fusion_w1e-4,1,1,0.2,0.0,0.12857192579443807,0.9395970959498011,0.21989610460069445
病例39,near,NBI,mmd_fusion_w1e-4,1,1,0.25,0.0,0.12188924854686575,0.9425562627108743,0.2185940212673611
病例39,near,NBI,mmd_fusion_w1e-4,1,1,0.3,0.0,0.11739932477115311,0.9445549436986199,0.2177191840277778
病例39,near,NBI,mmd_fusion_w1e-4,1,1,0.35,0.0,0.11304862343809823,0.9464997529221767,0.21687147352430555
病例39,near,NBI,mmd_fusion_w1e-4,1,1,0.4,0.0,0.10828025477707007,0.9486404833821197,0.2159423828125
病例39,near,NBI,mmd_fusion_w1e-4,1,1,0.45,3.480561066443911e-05,0.10267655146009537,0.9511512803943799,0.21484375
病例39,near,NBI,mmd_fusion_w1e-4,1,1,0.5,0.001601058090564199,0.06860185861960948,0.9660363379174465,0.20789930555555555
病例39,near,NBI,mmd_fusion_w1e-4,1,1,0.55,0.003306533013121715,0.06000487278549302,0.9692169704337898,0.20589192708333334
病例39,near,NBI,mmd_fusion_w1e-4,1,1,0.6,0.005255647210330305,0.05356583481257179,0.9712829226831414,0.2042575412326389
病例39,near,NBI,mmd_fusion_w1e-4,1,1,0.65,0.010476488809996172,0.04771849222094602,0.9714344290286143,0.20210096571180555
病例39,near,NBI,mmd_fusion_w1e-4,1,1,0.7,0.01524485747102433,0.04027009153875605,0.9725855519826531,0.19972059461805555
病例39,near,NBI,mmd_fusion_w1e-4,1,1,0.75,0.019839198078730292,0.034492360168459156,0.9730318055370781,0.1976996527777778
病例39,near,NBI,mmd_fusion_w1e-4,1,1,0.8,0.030280881278062024,0.02843618391284675,0.9706143635998352,0.1944851345486111
病例39,near,NBI,mmd_fusion_w1e-4,1,1,0.85,0.05318297309526296,0.02102258884132122,0.962290848631076,0.18857828776041666
病例39,near,NBI,mmd_fusion_w1e-4,1,1,0.9,0.11865232675507292,0.012112352511224809,0.9309387695062022,0.17408582899305555
病例39,near,NBI,mmd_fusion_w1e-4,1,1,0.95,0.7452577355469702,0.0,0.406047156725642,0.04963514539930555
病例42,far,WLI,mmd_fusion_w1e-4,1,1,0.05,0.003300935264991748,6.371355217311572,0.23821524840516706,0.2724745008680556
病例42,far,WLI,mmd_fusion_w1e-4,1,1,0.1,0.04529616724738676,0.6317623326609206,0.7382302892744027,0.05866834852430555
病例42,far,WLI,mmd_fusion_w1e-4,1,1,0.15,0.05006418485237484,0.5263157894736842,0.767236910310544,0.05459255642361111
病例42,far,WLI,mmd_fusion_w1e-4,1,1,0.2,0.05171465248487071,0.5028424720337429,0.7737543019544085,0.05366346571180555
病例42,far,WLI,mmd_fusion_w1e-4,1,1,0.25,0.052814964239867965,0.4861544104162846,0.7785062928571971,0.05300564236111111
病例42,far,WLI,mmd_fusion_w1e-4,1,1,0.3,0.054282046579864296,0.47001650467632494,0.7829651559949672,0.05235460069444445
病例42,far,WLI,mmd_fusion_w1e-4,1,1,0.35,0.05556574362736109,0.45552906656886116,0.7870405746100172,0.05177137586805555
病例42,far,WLI,mmd_fusion_w1e-4,1,1,0.4,0.05703282596735742,0.4425087108013937,0.7905904058979812,0.05123562282986111
病例42,far,WLI,mmd_fusion_w1e-4,1,1,0.45,0.058866678892352836,0.4249037227214377,0.7955355758735425,0.050516764322916664
病例42,far,WLI,mmd_fusion_w1e-4,1,1,0.5,0.06015037593984962,0.3768567760865579,0.811367054533275,0.04869249131944445
病例42,far,WLI,mmd_fusion_w1e-4,1,1,0.55,0.0618008435723455,0.3570511644966074,0.817513582607722,0.04789903428819445
病例42,far,WLI,mmd_fusion_w1e-4,1,1,0.6,0.06400146708234,0.33962956170915093,0.8226287372002367,0.047173394097222224
病例42,far,WLI,mmd_fusion_w1e-4,1,1,0.65,0.06565193471483587,0.3211076471666972,0.8285226441106713,0.046427408854166664
病例42,far,WLI,mmd_fusion_w1e-4,1,1,0.7,0.06876948468732808,0.3005684944067486,0.8345110928444165,0.045552571614583336
病例42,far,WLI,mmd_fusion_w1e-4,1,1,0.75,0.07225380524481936,0.27599486521181,0.8419738703433305,0.044514973958333336
病例42,far,WLI,mmd_fusion_w1e-4,1,1,0.8,0.07775536401980561,0.2494039977993765,0.8493497719908009,0.043328179253472224
病例42,far,WLI,mmd_fusion_w1e-4,1,1,0.85,0.08564093159728589,0.20685860993948285,0.8621077202311566,0.041463216145833336
病例42,far,WLI,mmd_fusion_w1e-4,1,1,0.9,0.11003117549972492,0.1483587016321291,0.8732343679633536,0.038397894965277776
病例42,far,WLI,mmd_fusion_w1e-4,1,1,0.95,0.23766733907940582,0.052814964239867965,0.8399676702279251,0.030144585503472224
病例42,far,NBI,mmd_fusion_w1e-4,1,1,0.05,0.0,7.043349691707562,0.22115699029448557,0.8669772677951388
病例42,far,NBI,mmd_fusion_w1e-4,1,1,0.1,0.05429721907638103,0.1740908518937964,0.8922592900365302,0.1207004123263889
病例42,far,NBI,mmd_fusion_w1e-4,1,1,0.15,0.12891657229143072,0.10721026802567006,0.8806411601918371,0.10544840494791667
病例42,far,NBI,mmd_fusion_w1e-4,1,1,0.2,0.1392978482446206,0.10091858562979741,0.8775418564344167,0.10365125868055555
病例42,far,NBI,mmd_fusion_w1e-4,1,1,0.25,0.1435132754498553,0.09739524348810873,0.8767026243732838,0.1028171115451389
病例42,far,NBI,mmd_fusion_w1e-4,1,1,0.3,0.14665911664779163,0.09406065181829622,0.8763892478648346,0.10211859809027778
病例42,far,NBI,mmd_fusion_w1e-4,1,1,0.35,0.14860953819051215,0.09085189379640116,0.876708778746755,0.1015625
病例42,far,NBI,mmd_fusion_w1e-4,1,1,0.4,0.15263621492387064,0.08695105071096011,0.8761384335126329,0.1007080078125
病例42,far,NBI,mmd_fusion_w1e-4,1,1,0.45,0.15741789354473387,0.08248395620989052,0.8753799392068654,0.09971110026041667
病例42,far,NBI,mmd_fusion_w1e-4,1,1,0.5,0.21498678746696867,0.07241726437649428,0.8452679357738457,0.09242078993055555
病例42,far,NBI,mmd_fusion_w1e-4,1,1,0.55,0.2276330690826727,0.06795016987542468,0.8393846153817457,0.090576171875
病例42,far,NBI,mmd_fusion_w1e-4,1,1,0.6,0.23700767585252297,0.06266515666289166,0.835854843709426,0.08899603949652778
病例42,far,NBI,mmd_fusion_w1e-4,1,1,0.65,0.24713728450987793,0.05656222473889518,0.8321568900141446,0.0872463650173611
病例42,far,NBI,mmd_fusion_w1e-4,1,1,0.7,0.25921731470995346,0.04699886749716874,0.8287172268139056,0.08491346571180555
病例42,far,NBI,mmd_fusion_w1e-4,1,1,0.75,0.27173776267774,0.03454133635334088,0.8262545506430642,0.08222113715277778
病例42,far,NBI,mmd_fusion_w1e-4,1,1,0.8,0.2868378004278344,0.019692965899081413,0.8231065282084703,0.07899305555555555
病例42,far,NBI,mmd_fusion_w1e-4,1,1,0.85,0.31603120674468355,0.0026425066062665155,0.8110568135158315,0.0740085177951389
病例42,far,NBI,mmd_fusion_w1e-4,1,1,0.9,0.3876934692336731,0.00012583364791745311,0.7594818167599521,0.0660129123263889
病例42,far,NBI,mmd_fusion_w1e-4,1,1,0.95,0.5440417767711085,0.0,0.6263342120019604,0.04914686414930555
病例42,near,WLI,mmd_fusion_w1e-4,1,1,0.05,0.003471686468137633,1.3205523838913749,0.6008465903798018,0.4073621961805556
病例42,near,WLI,mmd_fusion_w1e-4,1,1,0.1,0.029625057861441137,0.13107545131924087,0.9235287639030002,0.19364420572916666
病例42,near,WLI,mmd_fusion_w1e-4,1,1,0.15,0.0478321246721185,0.07691714241629379,0.9385194479279523,0.18092176649305555
病例42,near,WLI,mmd_fusion_w1e-4,1,1,0.2,0.053425397315229134,0.06970374942138559,0.9389324660399102,0.17867024739583334
病例42,near,WLI,mmd_fusion_w1e-4,1,1,0.25,0.055662706372473385,0.06522913130689709,0.9398418304650265,0.177490234375
病例42,near,WLI,mmd_fusion_w1e-4,1,1,0.3,0.05720567813609011,0.061448850486036106,0.9407983371166311,0.17655436197916666
病例42,near,WLI,mmd_fusion_w1e-4,1,1,0.35,0.058362906958802654,0.05755284678290387,0.9420186389315569,0.1756659613715278
病例42,near,WLI,mmd_fusion_w1e-4,1,1,0.4,0.059713007251967286,0.053193951550686625,0.9433619071558208,0.17466227213541666
病例42,near,WLI,mmd_fusion_w1e-4,1,1,0.45,0.06152599907421694,0.04891220490665021,0.9444304264262253,0.1735907660590278
病例42,near,WLI,mmd_fusion_w1e-4,1,1,0.5,0.0909967597592964,0.04204598055855578,0.9318096443169461,0.1672024197048611
病例42,near,WLI,mmd_fusion_w1e-4,1,1,0.55,0.09612714087332201,0.03587409350408888,0.9319492502864973,0.1652153862847222
病例42,near,WLI,mmd_fusion_w1e-4,1,1,0.6,0.1003317389291776,0.031900941212775806,0.9315413188462445,0.16377766927083334
病例42,near,WLI,mmd_fusion_w1e-4,1,1,0.65,0.1054235457491128,0.027734917451010647,0.9307300236767453,0.16215006510416666
病例42,near,WLI,mmd_fusion_w1e-4,1,1,0.7,0.11240549297947848,0.023453170806974233,0.9289088046487245,0.16016981336805555
病例42,near,WLI,mmd_fusion_w1e-4,1,1,0.75,0.11950316309211541,0.018631384045671964,0.9272642333375434,0.1580742730034722
病例42,near,WLI,mmd_fusion_w1e-4,1,1,0.8,0.13257984878876716,0.013655300108008023,0.9222598174901625,0.1549004448784722
病例42,near,WLI,mmd_fusion_w1e-4,1,1,0.85,0.15807745718253355,0.009257830581700354,0.9096061679497611,0.14964463975694445
病例42,near,WLI,mmd_fusion_w1e-4,1,1,0.9,0.21266008332047523,0.004127449467674742,0.8789888463010228,0.13914659288194445
病例42,near,WLI,mmd_fusion_w1e-4,1,1,0.95,0.41532942447153215,0.0,0.7379080353430104,0.10278998480902778
病例42,near,NBI,mmd_fusion_w1e-4,1,1,0.05,0.0,1.654466568249739,0.5472754949724139,0.9999254014756944
病例42,near,NBI,mmd_fusion_w1e-4,1,1,0.1,0.0015482663018039102,0.2858711698412127,0.8741774047358836,0.4837985568576389
病例42,near,NBI,mmd_fusion_w1e-4,1,1,0.15,0.00304252331401001,0.046339970474921686,0.9758319603152719,0.39300537109375
病例42,near,NBI,mmd_fusion_w1e-4,1,1,0.2,0.004320743167824866,0.034007849350088215,0.9811160092592924,0.38787841796875
病例42,near,NBI,mmd_fusion_w1e-4,1,1,0.25,0.005166888704857236,0.030875310553415188,0.982207607535565,0.3863796657986111
病例42,near,NBI,mmd_fusion_w1e-4,1,1,0.3,0.006157059014150434,0.0279588089151334,0.9831260073186084,0.3849080403645833
病例42,near,NBI,mmd_fusion_w1e-4,1,1,0.35,0.006751161199726353,0.02570842184855795,0.9839226002042143,0.3838365342881944
病例42,near,NBI,mmd_fusion_w1e-4,1,1,0.4,0.0072012386130414436,0.02365606884384114,0.9846972483608157,0.3828938802083333
病例42,near,NBI,mmd_fusion_w1e-4,1,1,0.45,0.007975371763943398,0.021027616750081014,0.9855925306518816,0.3816121419270833
病例42,near,NBI,mmd_fusion_w1e-4,1,1,0.5,0.00918157923162784,0.012656176862420336,0.9891000584077018,0.3780042860243056
病例42,near,NBI,mmd_fusion_w1e-4,1,1,0.55,0.013790371943974363,0.01022575883051885,0.9879704943450611,0.3753526475694444
病例42,near,NBI,mmd_fusion_w1e-4,1,1,0.6,0.015986749720952004,0.008101393439671624,0.987908254558364,0.3737250434027778
病例42,near,NBI,mmd_fusion_w1e-4,1,1,0.65,0.018075108918734022,0.006445108558672092,0.9876681817349766,0.372314453125
病例42,near,NBI,mmd_fusion_w1e-4,1,1,0.7,0.02100961365354841,0.004734814388074749,0.9870221802728183,0.3705647786458333
病例42,near,NBI,mmd_fusion_w1e-4,1,1,0.75,0.026860620026644584,0.00304252331401001,0.9848682232679674,0.3677232530381944
病例42,near,NBI,mmd_fusion_w1e-4,1,1,0.8,0.03312569761999064,0.001242213660749649,0.9825376643087947,0.36468505859375
病例42,near,NBI,mmd_fusion_w1e-4,1,1,0.85,0.05417131746660426,0.0002160371583912433,0.9720523613479143,0.3563707139756944
病例42,near,NBI,mmd_fusion_w1e-4,1,1,0.9,0.14249450905555755,0.0,0.9232871667126169,0.3230183919270833
病例42,near,NBI,mmd_fusion_w1e-4,1,1,0.95,0.9191840996651424,0.0,0.14954609810918706,0.030442979600694444
病例52,far,WLI,mmd_fusion_w1e-4,1,1,0.05,0.0,2.604088662573012,0.43439649984525025,0.97918701171875
病例52,far,WLI,mmd_fusion_w1e-4,1,1,0.1,0.0028955119564674755,0.24721681393839548,0.8885577008620779,0.3380669487847222
病例52,far,WLI,mmd_fusion_w1e-4,1,1,0.15,0.01213119664519994,0.1659427886775498,0.9173214658218978,0.3134765625
病例52,far,WLI,mmd_fusion_w1e-4,1,1,0.2,0.01490190205181968,0.14767110977984124,0.9237737438983605,0.3077596028645833
病例52,far,WLI,mmd_fusion_w1e-4,1,1,0.25,0.015675702660875642,0.14477559782337376,0.9246389045196438,0.3067626953125
病例52,far,WLI,mmd_fusion_w1e-4,1,1,0.3,0.01639958064999251,0.14222954420647996,0.9253801444244404,0.3058742947048611
病例52,far,WLI,mmd_fusion_w1e-4,1,1,0.35,0.017248265188957116,0.13975837451949477,0.9260278483383596,0.3049723307291667
病例52,far,WLI,mmd_fusion_w1e-4,1,1,0.4,0.01809694972792172,0.1377115471019919,0.926492062743268,0.3041856553819444
病例52,far,WLI,mmd_fusion_w1e-4,1,1,0.45,0.01969447356597274,0.1350656482452199,0.9268402048463328,0.3030327690972222
病例52,far,WLI,mmd_fusion_w1e-4,1,1,0.5,0.03996305726124507,0.12116219859218212,0.9225805677813754,0.2937486436631944
病例52,far,WLI,mmd_fusion_w1e-4,1,1,0.55,0.048275173481104286,0.11654435624781588,0.9203104068345982,0.2902357313368056
病例52,far,WLI,mmd_fusion_w1e-4,1,1,0.6,0.05536418551245569,0.11347411512156158,0.9179643914023699,0.2874755859375
病例52,far,WLI,mmd_fusion_w1e-4,1,1,0.65,0.06532374819030502,0.10880635015725626,0.9147875797023004,0.2835015190972222
病例52,far,WLI,mmd_fusion_w1e-4,1,1,0.7,0.07615695671708851,0.10413858519295092,0.9110960674491833,0.2792900933159722
病例52,far,WLI,mmd_fusion_w1e-4,1,1,0.75,0.09150816234836004,0.09872198092955918,0.9052267668151851,0.2736477322048611
病例52,far,WLI,mmd_fusion_w1e-4,1,1,0.8,0.12752733263441665,0.09243173081723328,0.8880560989851266,0.2621527777777778
病例52,far,WLI,mmd_fusion_w1e-4,1,1,0.85,0.21027407518346564,0.074035245369677,0.8474539951238215,0.2346733940972222
病例52,far,WLI,mmd_fusion_w1e-4,1,1,0.9,0.3385502471169687,0.026783485597324148,0.7835999645137304,0.1869845920138889
病例52,far,WLI,mmd_fusion_w1e-4,1,1,0.95,0.8391243572462683,0.0,0.27716257767588287,0.043707953559027776
病例52,far,NBI,mmd_fusion_w1e-4,1,1,0.05,0.021047671405010602,10.065734705096991,0.16255338571371397,0.9537217881944444
病例52,far,NBI,mmd_fusion_w1e-4,1,1,0.1,0.04602214717662766,0.21181182753475222,0.8809515175657942,0.10066731770833333
病例52,far,NBI,mmd_fusion_w1e-4,1,1,0.15,0.04884944632058431,0.15801460771224377,0.9019213583523163,0.09577772352430555
病例52,far,NBI,mmd_fusion_w1e-4,1,1,0.2,0.050263095892562636,0.1459200502630959,0.9063858491946245,0.09461127387152778
病例52,far,NBI,mmd_fusion_w1e-4,1,1,0.25,0.051833817639205214,0.13610303934657975,0.9098308150235132,0.0936279296875
病例52,far,NBI,mmd_fusion_w1e-4,1,1,0.3,0.053247467211183536,0.12652163669206,0.9132921701545009,0.0926784939236111
病例52,far,NBI,mmd_fusion_w1e-4,1,1,0.35,0.054661116783161864,0.12063143014215032,0.9151524367029759,0.09204779730902778
病例52,far,NBI,mmd_fusion_w1e-4,1,1,0.4,0.05701719940312574,0.11387732663158721,0.9169148529938261,0.09126112196180555
病例52,far,NBI,mmd_fusion_w1e-4,1,1,0.45,0.05921620984842535,0.10798712008167753,0.9183884693490306,0.09056260850694445
病例52,far,NBI,mmd_fusion_w1e-4,1,1,0.5,0.0652634885729993,0.09086625304327338,0.9229218362247095,0.08856201171875
病例52,far,NBI,mmd_fusion_w1e-4,1,1,0.55,0.07343124165554073,0.08214874734940705,0.9225476013569904,0.08710394965277778
病例52,far,NBI,mmd_fusion_w1e-4,1,1,0.6,0.08065656169009659,0.07437367470352627,0.9222406050542731,0.08580864800347222
病例52,far,NBI,mmd_fusion_w1e-4,1,1,0.65,0.08788188172465247,0.06785517945495956,0.9213438578361772,0.0846218532986111
病例52,far,NBI,mmd_fusion_w1e-4,1,1,0.7,0.0992696143878112,0.060472787245739415,0.9185487746239045,0.08300103081597222
病例52,far,NBI,mmd_fusion_w1e-4,1,1,0.75,0.11395586271891935,0.0515196732898767,0.9145960844679397,0.0809597439236111
病例52,far,NBI,mmd_fusion_w1e-4,1,1,0.8,0.1329615958532946,0.042173878897353335,0.9082682023821133,0.07851155598958333
病例52,far,NBI,mmd_fusion_w1e-4,1,1,0.85,0.17136574255870574,0.030000785360873323,0.8916589199658089,0.07414415147569445
病例52,far,NBI,mmd_fusion_w1e-4,1,1,0.9,0.25312180947145213,0.011937485274483624,0.8492967180136223,0.0655246310763889
病例52,far,NBI,mmd_fusion_w1e-4,1,1,0.95,0.5602764470274091,0.0,0.6108444250457623,0.037970648871527776
病例52,near,WLI,mmd_fusion_w1e-4,1,1,0.05,0.0,6.52350321622959,0.2346453036106695,0.92803955078125
病例52,near,WLI,mmd_fusion_w1e-4,1,1,0.1,0.05519819671229864,0.12260157237891033,0.9139985107942932,0.13166639539930555
病例52,near,WLI,mmd_fusion_w1e-4,1,1,0.15,0.07053713783055693,0.10715267469349607,0.9127524025458569,0.12786865234375
病例52,near,WLI,mmd_fusion_w1e-4,1,1,0.2,0.07779427126285117,0.10187475947000935,0.9112342459775336,0.12632242838541666
病例52,near,WLI,mmd_fusion_w1e-4,1,1,0.25,0.08290725163560393,0.09885095387322008,0.9098396421923479,0.12531873914930555
病例52,near,WLI,mmd_fusion_w1e-4,1,1,0.3,0.08714057947110891,0.09549727857496289,0.9090610457133614,0.12438286675347222
病例52,near,WLI,mmd_fusion_w1e-4,1,1,0.35,0.09153884215734785,0.09280334267964155,0.9078871459550345,0.1235080295138889
病例52,near,WLI,mmd_fusion_w1e-4,1,1,0.4,0.09687173566441255,0.09071416790367805,0.9059173881847848,0.1225925021701389
病例52,near,WLI,mmd_fusion_w1e-4,1,1,0.45,0.10324921655945901,0.0888449062620265,0.9032561745461755,0.12157524956597222
病例52,near,WLI,mmd_fusion_w1e-4,1,1,0.5,0.12507559513991973,0.06388476551762054,0.9025379271206506,0.11580403645833333
病例52,near,WLI,mmd_fusion_w1e-4,1,1,0.55,0.13865523118368245,0.060036285667161474,0.8965892182645743,0.11365424262152778
病例52,near,WLI,mmd_fusion_w1e-4,1,1,0.6,0.15168508439166528,0.05750728462257408,0.8902351074545212,0.11173502604166667
病例52,near,WLI,mmd_fusion_w1e-4,1,1,0.65,0.1664742426741437,0.055693001264500525,0.8824025841722714,0.10968695746527778
病例52,near,WLI,mmd_fusion_w1e-4,1,1,0.7,0.1851118808070812,0.05360382648853703,0.8722415112079319,0.10713026258680555
病例52,near,WLI,mmd_fusion_w1e-4,1,1,0.75,0.21001704326790918,0.05211941283193139,0.8576971288698809,0.10387505425347222
病例52,near,WLI,mmd_fusion_w1e-4,1,1,0.8,0.24404860080268295,0.04975534663807796,0.8372914383119069,0.09938557942708333
病例52,near,WLI,mmd_fusion_w1e-4,1,1,0.85,0.3136511078124141,0.04469734454890318,0.7929873594588294,0.0901760525173611
病例52,near,WLI,mmd_fusion_w1e-4,1,1,0.9,0.4618175820550882,0.03788003738523283,0.6829455471424183,0.07105848524305555
病例52,near,WLI,mmd_fusion_w1e-4,1,1,0.95,0.6640277090549233,0.01995711693880917,0.4955601508312226,0.043904622395833336
病例52,near,NBI,mmd_fusion_w1e-4,1,1,0.05,0.0,2.215718807990394,0.4744149434749305,0.9989149305555556
病例52,near,NBI,mmd_fusion_w1e-4,1,1,0.1,0.0006331186551686497,0.23750682239930138,0.8935389420252845,0.38421630859375
病例52,near,NBI,mmd_fusion_w1e-4,1,1,0.15,0.0013535640213950442,0.11337190263071717,0.9456797014699603,0.3454318576388889
病例52,near,NBI,mmd_fusion_w1e-4,1,1,0.2,0.001877524287741513,0.10428992468071172,0.9495020820127003,0.3424479166666667
病例52,near,NBI,mmd_fusion_w1e-4,1,1,0.25,0.0022049994542080557,0.1008405195939308,0.9508988015968803,0.3412746853298611
病例52,near,NBI,mmd_fusion_w1e-4,1,1,0.3,0.0028381181093767058,0.09752210457373649,0.9520881319885436,0.3400472005208333
病例52,near,NBI,mmd_fusion_w1e-4,1,1,0.35,0.0035585634756031,0.09387621438707565,0.9533875735000017,0.3386908637152778
病例52,near,NBI,mmd_fusion_w1e-4,1,1,0.4,0.0044099989084161115,0.09097260124440563,0.9542872089971705,0.3375244140625
病例52,near,NBI,mmd_fusion_w1e-4,1,1,0.45,0.006418513262744242,0.08870210675690426,0.9543190849128693,0.3361952039930556
病例52,near,NBI,mmd_fusion_w1e-4,1,1,0.5,0.045890186660844885,0.07610522868682458,0.9399101017259824,0.3200208875868056
病例52,near,NBI,mmd_fusion_w1e-4,1,1,0.55,0.05818142124222246,0.07396572426590983,0.9344438066553297,0.3155381944444444
病例52,near,NBI,mmd_fusion_w1e-4,1,1,0.6,0.06892260670232507,0.07224102172251938,0.929535101675062,0.3116658528645833
病例52,near,NBI,mmd_fusion_w1e-4,1,1,0.65,0.08084270276170724,0.0699050322017247,0.924211658561806,0.3072374131944444
病例52,near,NBI,mmd_fusion_w1e-4,1,1,0.7,0.09699814430739002,0.06743805261434341,0.9165484843102768,0.30145263671875
病例52,near,NBI,mmd_fusion_w1e-4,1,1,0.75,0.11577338718480515,0.06398864752756249,0.907729890852655,0.2945488823784722
病例52,near,NBI,mmd_fusion_w1e-4,1,1,0.8,0.14216788560200852,0.05999345049667067,0.8945882567209724,0.2851087782118056
病例52,near,NBI,mmd_fusion_w1e-4,1,1,0.85,0.18801440890732452,0.045213404650147365,0.8744195888033545,0.2662760416666667
病例52,near,NBI,mmd_fusion_w1e-4,1,1,0.9,0.28804715642397116,0.01796747080013099,0.823104784259237,0.2267388237847222
病例52,near,NBI,mmd_fusion_w1e-4,1,1,0.95,0.9226067023250737,0.0,0.14366767983760148,0.024041069878472224
病例54,far,WLI,mmd_fusion_w1e-4,1,1,0.05,0.3236645605973578,5.737449741527858,0.18245347630027545,0.7572699652777778
病例54,far,WLI,mmd_fusion_w1e-4,1,1,0.1,0.7887995404939689,0.011085582998276852,0.3455827067652933,0.0262451171875
病例54,far,WLI,mmd_fusion_w1e-4,1,1,0.15,1.0,0.0,0.0,0.0
病例54,far,WLI,mmd_fusion_w1e-4,1,1,0.2,1.0,0.0,0.0,0.0
病例54,far,WLI,mmd_fusion_w1e-4,1,1,0.25,1.0,0.0,0.0,0.0
病例54,far,WLI,mmd_fusion_w1e-4,1,1,0.3,1.0,0.0,0.0,0.0
病例54,far,WLI,mmd_fusion_w1e-4,1,1,0.35,1.0,0.0,0.0,0.0
病例54,far,WLI,mmd_fusion_w1e-4,1,1,0.4,1.0,0.0,0.0,0.0
病例54,far,WLI,mmd_fusion_w1e-4,1,1,0.45,1.0,0.0,0.0,0.0
病例54,far,WLI,mmd_fusion_w1e-4,1,1,0.5,1.0,0.0,0.0,0.0
病例54,far,WLI,mmd_fusion_w1e-4,1,1,0.55,1.0,0.0,0.0,0.0
病例54,far,WLI,mmd_fusion_w1e-4,1,1,0.6,1.0,0.0,0.0,0.0
病例54,far,WLI,mmd_fusion_w1e-4,1,1,0.65,1.0,0.0,0.0,0.0
病例54,far,WLI,mmd_fusion_w1e-4,1,1,0.7,1.0,0.0,0.0,0.0
病例54,far,WLI,mmd_fusion_w1e-4,1,1,0.75,1.0,0.0,0.0,0.0
病例54,far,WLI,mmd_fusion_w1e-4,1,1,0.8,1.0,0.0,0.0,0.0
病例54,far,WLI,mmd_fusion_w1e-4,1,1,0.85,1.0,0.0,0.0,0.0
病例54,far,WLI,mmd_fusion_w1e-4,1,1,0.9,1.0,0.0,0.0,0.0
病例54,far,WLI,mmd_fusion_w1e-4,1,1,0.95,1.0,0.0,0.0,0.0
病例54,far,NBI,mmd_fusion_w1e-4,1,1,0.05,0.0733808844507846,6.49358059914408,0.22009433195073316,0.8818834092881944
病例54,far,NBI,mmd_fusion_w1e-4,1,1,0.1,0.4239657631954351,0.23457917261055636,0.6362862815523107,0.0963406032986111
病例54,far,NBI,mmd_fusion_w1e-4,1,1,0.15,0.5850499286733238,0.10419400855920113,0.5462945573355884,0.061699761284722224
病例54,far,NBI,mmd_fusion_w1e-4,1,1,0.2,0.6325249643366619,0.06904422253922968,0.5116186693127641,0.0518798828125
病例54,far,NBI,mmd_fusion_w1e-4,1,1,0.25,0.6390870185449358,0.06624821683309558,0.5057774579164936,0.05076768663194445
病例54,far,NBI,mmd_fusion_w1e-4,1,1,0.3,0.642453637660485,0.06453637660485022,0.5028488885302028,0.050164116753472224
病例54,far,NBI,mmd_fusion_w1e-4,1,1,0.35,0.6466761768901569,0.06305278174037089,0.49891225525542293,0.04948594835069445
病例54,far,NBI,mmd_fusion_w1e-4,1,1,0.4,0.6504422253922967,0.06139800285306705,0.4954907590872508,0.04884168836805555
病例54,far,NBI,mmd_fusion_w1e-4,1,1,0.45,0.6562054208273894,0.059286733238231096,0.49005652934039584,0.047905815972222224
病例54,far,NBI,mmd_fusion_w1e-4,1,1,0.5,0.7917831669044223,0.007532097004279601,0.34253261991766387,0.025641547309027776
病例54,far,NBI,mmd_fusion_w1e-4,1,1,0.55,0.8069614835948645,0.0041084165477888734,0.32249761677634653,0.023430718315972224
病例54,far,NBI,mmd_fusion_w1e-4,1,1,0.6,0.8203708987161198,0.0019400855920114124,0.3040517699314046,0.021579318576388888
病例54,far,NBI,mmd_fusion_w1e-4,1,1,0.65,0.8353780313837376,0.00034236804564907275,0.28262147335284765,0.019605848524305556
病例54,far,NBI,mmd_fusion_w1e-4,1,1,0.7,0.854493580599144,0.0,0.2540473225392077,0.017293294270833332
病例54,far,NBI,mmd_fusion_w1e-4,1,1,0.75,0.8815977175463623,0.0,0.21173469387647073,0.014071994357638888
病例54,far,NBI,mmd_fusion_w1e-4,1,1,0.8,0.9187446504992868,0.0,0.15029816876800728,0.009657118055555556
病例54,far,NBI,mmd_fusion_w1e-4,1,1,0.85,0.9759771754636234,0.0,0.04691853337765007,0.0028550889756944445
病例54,far,NBI,mmd_fusion_w1e-4,1,1,0.9,1.0,0.0,0.0,0.0
病例54,far,NBI,mmd_fusion_w1e-4,1,1,0.95,1.0,0.0,0.0,0.0
病例54,near,WLI,mmd_fusion_w1e-4,1,1,0.05,0.06101549514771326,6.237949707790467,0.22966664043838378,0.90777587890625
病例54,near,WLI,mmd_fusion_w1e-4,1,1,0.1,0.4797061819741569,0.12573052383250227,0.6321824104213936,0.08171251085069445
病例54,near,WLI,mmd_fusion_w1e-4,1,1,0.15,0.694279127124551,0.044662484585276926,0.4527912332230096,0.044318305121527776
病例54,near,WLI,mmd_fusion_w1e-4,1,1,0.2,0.7633370864832985,0.03672725323038979,0.3717052631563296,0.03457980685763889
病例54,near,WLI,mmd_fusion_w1e-4,1,1,0.25,0.7681089485818455,0.034689828963594446,0.3661685645330137,0.03371853298611111
病例54,near,WLI,mmd_fusion_w1e-4,1,1,0.3,0.7712187014101121,0.03313495254946115,0.36259347382578777,0.03312852647569445
病例54,near,WLI,mmd_fusion_w1e-4,1,1,0.35,0.773792289957643,0.03168730899147499,0.3596607135230397,0.03261990017361111
病例54,near,WLI,mmd_fusion_w1e-4,1,1,0.4,0.7770092756420567,0.03050774757385663,0.35578938363336415,0.032063802083333336
病例54,near,WLI,mmd_fusion_w1e-4,1,1,0.45,0.7806551927510589,0.027880542598252105,0.3517324391696684,0.031270345052083336
病例54,near,WLI,mmd_fusion_w1e-4,1,1,0.5,0.8712133397673048,0.009061176344431933,0.22636886250011135,0.017435709635416668
病例54,near,WLI,mmd_fusion_w1e-4,1,1,0.55,0.8798992011152217,0.0070237520776365876,0.2131100751583431,0.016079372829861112
病例54,near,WLI,mmd_fusion_w1e-4,1,1,0.6,0.8875663503297411,0.003753149965149322,0.20146027476125727,0.014695909288194444
病例54,near,WLI,mmd_fusion_w1e-4,1,1,0.65,0.8943756366950834,0.002412739263310278,0.1906513113317011,0.013665093315972222
病例54,near,WLI,mmd_fusion_w1e-4,1,1,0.7,0.9025789501903383,0.00123317784569192,0.1773461519682917,0.012478298611111112
病例54,near,WLI,mmd_fusion_w1e-4,1,1,0.75,0.9121762908155059,0.00037531499651493217,0.1614111154899418,0.011155870225694444
病例54,near,WLI,mmd_fusion_w1e-4,1,1,0.8,0.9256876306900435,0.0,0.1383440634818668,0.0093994140625
病例54,near,WLI,mmd_fusion_w1e-4,1,1,0.85,0.947402284059836,0.0,0.0999388753051144,0.00665283203125
病例54,near,WLI,mmd_fusion_w1e-4,1,1,0.9,0.9776419494933247,0.0,0.043738200125635944,0.0028279622395833335
病例54,near,WLI,mmd_fusion_w1e-4,1,1,0.95,1.0,0.0,0.0,0.0
病例54,near,NBI,mmd_fusion_w1e-4,1,1,0.05,0.0,1.1046431740760885,0.6441964141641683,0.9971991644965278
病例54,near,NBI,mmd_fusion_w1e-4,1,1,0.1,0.0031059456674204905,0.4357341196003779,0.8196024900264656,0.6787923177083334
病例54,near,NBI,mmd_fusion_w1e-4,1,1,0.15,0.01292474164829817,0.25179629576618096,0.8817614003229223,0.5869886610243056
病例54,near,NBI,mmd_fusion_w1e-4,1,1,0.2,0.03380757449975668,0.19116594623994504,0.8957180579323436,0.5483669704861112
病例54,near,NBI,mmd_fusion_w1e-4,1,1,0.25,0.03518163341253256,0.18392351072052215,0.8980309610715821,0.5442843967013888
病例54,near,NBI,mmd_fusion_w1e-4,1,1,0.3,0.03588297598259525,0.18067443391635415,0.8990310180977397,0.5424126519097222
病例54,near,NBI,mmd_fusion_w1e-4,1,1,0.35,0.0365700054389832,0.17802650788652563,0.8997894596124053,0.54083251953125
病例54,near,NBI,mmd_fusion_w1e-4,1,1,0.4,0.037070964417599404,0.17393295737554748,0.9012552413352839,0.5386555989583334
病例54,near,NBI,mmd_fusion_w1e-4,1,1,0.45,0.03782955944236109,0.1665473907193771,0.9039905866526112,0.5347968207465278
病例54,near,NBI,mmd_fusion_w1e-4,1,1,0.5,0.16991097243294306,0.0604729052758137,0.8781399996965021,0.4219563802083333
病例54,near,NBI,mmd_fusion_w1e-4,1,1,0.55,0.18601322531703546,0.05374574184868176,0.8716309937077104,0.4111395941840278
病例54,near,NBI,mmd_fusion_w1e-4,1,1,0.6,0.200512409469556,0.04856439469842269,0.8652219709401893,0.4018147786458333
病例54,near,NBI,mmd_fusion_w1e-4,1,1,0.65,0.2172587524690121,0.04321129018406664,0.8573511428833464,0.3913438585069444
病例54,near,NBI,mmd_fusion_w1e-4,1,1,0.7,0.24117596541951736,0.03677038903042968,0.8452064949654884,0.3769599066840278
病例54,near,NBI,mmd_fusion_w1e-4,1,1,0.75,0.27495491369192454,0.028454469985400625,0.8269692270012023,0.3570149739583333
病例54,near,NBI,mmd_fusion_w1e-4,1,1,0.8,0.3243924083245069,0.018506855981450205,0.7975938020118134,0.3288777669270833
病例54,near,NBI,mmd_fusion_w1e-4,1,1,0.85,0.4052042481321387,0.0071851830647239,0.742575318965778,0.2852240668402778
病例54,near,NBI,mmd_fusion_w1e-4,1,1,0.9,0.6645864941459365,4.2939341024246416e-05,0.502320396985625,0.1589423285590278
病例54,near,NBI,mmd_fusion_w1e-4,1,1,0.95,0.9313829330432543,0.0,0.12842218055166296,0.032511393229166664
病例58,far,WLI,mmd_fusion_w1e-4,1,1,0.05,0.0,1.354022067044999,0.5962989986409977,0.7567206488715278
病例58,far,WLI,mmd_fusion_w1e-4,1,1,0.1,6.328980401257357e-05,0.21870846606611674,0.9013939866488205,0.3917439778645833
病例58,far,WLI,mmd_fusion_w1e-4,1,1,0.15,0.011181198708887998,0.10655893335583637,0.9438095909296499,0.3521185980902778
病例58,far,WLI,mmd_fusion_w1e-4,1,1,0.2,0.026244172063880508,0.0732895930465602,0.9513768653630231,0.3365817599826389
病例58,far,WLI,mmd_fusion_w1e-4,1,1,0.25,0.028839054028396024,0.06917575578574292,0.9519614533563373,0.3344251844618056
病例58,far,WLI,mmd_fusion_w1e-4,1,1,0.3,0.03040020252737284,0.06613784519313938,0.9525783452153949,0.33294677734375
病例58,far,WLI,mmd_fusion_w1e-4,1,1,0.35,0.03219341364106242,0.06398599185671189,0.952662783331825,0.3316786024305556
病例58,far,WLI,mmd_fusion_w1e-4,1,1,0.4,0.03442965338284002,0.060441762832007764,0.9531733222252792,0.3298204210069444
病例58,far,WLI,mmd_fusion_w1e-4,1,1,0.45,0.03845910423830721,0.054808970274888714,0.9537441016134073,0.3267144097222222
病例58,far,WLI,mmd_fusion_w1e-4,1,1,0.5,0.14187464399485242,0.010653783675449885,0.918380709398164,0.2792765299479167
病例58,far,WLI,mmd_fusion_w1e-4,1,1,0.55,0.15575620767494355,0.008944958967110398,0.9111255307754618,0.2742648654513889
病例58,far,WLI,mmd_fusion_w1e-4,1,1,0.6,0.16898377671357145,0.007679162886858927,0.9039194088750012,0.2696058485243056
病例58,far,WLI,mmd_fusion_w1e-4,1,1,0.65,0.18275985738697495,0.006561043015970127,0.896194331982769,0.2648179796006944
病例58,far,WLI,mmd_fusion_w1e-4,1,1,0.7,0.19891985401151874,0.005295246935718655,0.8869475847882755,0.25921630859375
病例58,far,WLI,mmd_fusion_w1e-4,1,1,0.75,0.21942575051159258,0.004261513470179954,0.8746734749348432,0.2522922092013889
病例58,far,WLI,mmd_fusion_w1e-4,1,1,0.8,0.24940402101221493,0.002848041180565811,0.8561390844001009,0.24220106336805555
病例58,far,WLI,mmd_fusion_w1e-4,1,1,0.85,0.30518343494862976,0.001244699478913947,0.8193295602950191,0.2237548828125
病例58,far,WLI,mmd_fusion_w1e-4,1,1,0.9,0.40857787810383744,8.438640535009809e-05,0.7432230013643564,0.19014485677083334
病例58,far,WLI,mmd_fusion_w1e-4,1,1,0.95,0.9410349992616189,0.0,0.11136345525517698,0.018954806857638888
病例58,far,NBI,mmd_fusion_w1e-4,1,1,0.05,0.0,0.4123596797057584,0.8290637655837254,1.0
病例58,far,NBI,mmd_fusion_w1e-4,1,1,0.1,0.0,0.17468679360944026,0.919672665450649,0.8317192925347222
病例58,far,NBI,mmd_fusion_w1e-4,1,1,0.15,0.0,0.11580016091337497,0.9452688571191477,0.7900254991319444
病例58,far,NBI,mmd_fusion_w1e-4,1,1,0.2,0.0,0.10570476226964484,0.9498007678167474,0.7828776041666666
病例58,far,NBI,mmd_fusion_w1e-4,1,1,0.25,5.746906248802728e-05,0.10239071299950193,0.9512692945524432,0.7804904513888888
病例58,far,NBI,mmd_fusion_w1e-4,1,1,0.3,0.0001340944791387303,0.10048465576031569,0.9520943064956782,0.7790866427951388
病例58,far,NBI,mmd_fusion_w1e-4,1,1,0.35,0.0002490326041147849,0.0991724455001724,0.9526321553733971,0.778076171875
病例58,far,NBI,mmd_fusion_w1e-4,1,1,0.4,0.0004980652082295698,0.097630358990077,0.9532082813801601,0.7768079969618056
病例58,far,NBI,mmd_fusion_w1e-4,1,1,0.45,0.0018485881766982107,0.09517834565725451,0.9536494747241143,0.7741156684027778
病例58,far,NBI,mmd_fusion_w1e-4,1,1,0.5,0.011656641507988199,0.028830313014827018,0.9799288702328194,0.7201944986979166
病例58,far,NBI,mmd_fusion_w1e-4,1,1,0.55,0.017106624267269454,0.02529596567181334,0.9788851633330731,0.7138332790798612
病例58,far,NBI,mmd_fusion_w1e-4,1,1,0.6,0.02293973410980422,0.02164668020382361,0.9776923703588976,0.7071194118923612
病例58,far,NBI,mmd_fusion_w1e-4,1,1,0.65,0.029155971035592507,0.017317344163058888,0.9766249783203049,0.6996527777777778
病例58,far,NBI,mmd_fusion_w1e-4,1,1,0.7,0.036358760200758594,0.012901804528562124,0.9750774136330497,0.6914265950520834
病例58,far,NBI,mmd_fusion_w1e-4,1,1,0.75,0.046205126240373935,0.008285123175357265,0.9722283242774081,0.6811862521701388
病例58,far,NBI,mmd_fusion_w1e-4,1,1,0.8,0.06078311175817019,0.0035439255200950155,0.9668888538292938,0.6675075954861112
病例58,far,NBI,mmd_fusion_w1e-4,1,1,0.85,0.10769702310256311,7.662541665070304e-05,0.9430486101264638,0.6318359375
病例58,far,NBI,mmd_fusion_w1e-4,1,1,0.9,0.32220029883912493,0.0,0.8079625961209986,0.4799058702256944
病例58,far,NBI,mmd_fusion_w1e-4,1,1,0.95,0.999913796406268,0.0,0.00017239232662582973,6.103515625e-05
病例58,near,WLI,mmd_fusion_w1e-4,1,1,0.05,0.0,0.38893598583323913,0.8371927970692901,0.9999932183159722
病例58,near,WLI,mmd_fusion_w1e-4,1,1,0.1,0.0020628461625409743,0.08991748615349836,0.9559450497390287,0.7832234700520834
病例58,near,WLI,mmd_fusion_w1e-4,1,1,0.15,0.01015410120191402,0.07628763045853584,0.9581625628560156,0.7675849066840278
病例58,near,WLI,mmd_fusion_w1e-4,1,1,0.2,0.01589050902377454,0.07130477374627935,0.9575777573078545,0.7598673502604166
病例58,near,WLI,mmd_fusion_w1e-4,1,1,0.25,0.016540446855807994,0.06905353980633737,0.9582979582653941,0.7577785915798612
病例58,near,WLI,mmd_fusion_w1e-4,1,1,0.3,0.0170302550770506,0.0677065671979202,0.9586785970194212,0.7564561631944444
病例58,near,WLI,mmd_fusion_w1e-4,1,1,0.35,0.017661354131343957,0.06701895181040654,0.9586795852326819,0.7555067274305556
病例58,near,WLI,mmd_fusion_w1e-4,1,1,0.4,0.01849026035190837,0.06668927319995478,0.9584124721189458,0.7546725802951388
病例58,near,WLI,mmd_fusion_w1e-4,1,1,0.45,0.02028936362608794,0.06618062620097208,0.9577348066293933,0.7530110677083334
病例58,near,WLI,mmd_fusion_w1e-4,1,1,0.5,0.07916054406390113,0.027476357333936174,0.9452671375593111,0.6827596028645834
病例58,near,WLI,mmd_fusion_w1e-4,1,1,0.55,0.09547492558682792,0.018132323574846464,0.9409113400643058,0.6642862955729166
病例58,near,WLI,mmd_fusion_w1e-4,1,1,0.6,0.10868090878263818,0.012141592253494593,0.9365248244493805,0.6504652235243056
病例58,near,WLI,mmd_fusion_w1e-4,1,1,0.65,0.12208469914471949,0.00760144681813044,0.9312198387398307,0.6375461154513888
病例58,near,WLI,mmd_fusion_w1e-4,1,1,0.7,0.13904901849967974,0.004803888323725557,0.9228982814672535,0.6233181423611112
病例58,near,WLI,mmd_fusion_w1e-4,1,1,0.75,0.16126935684412796,0.002044007384800874,0.9112800884226547,0.6053331163194444
病例58,near,WLI,mmd_fusion_w1e-4,1,1,0.8,0.20154666365246224,0.0012433593308466147,0.887319889250725,0.5757581922743056
病例58,near,WLI,mmd_fusion_w1e-4,1,1,0.85,0.3242153649071248,0.00014129083305075167,0.8064612219888342,0.4866468641493056
病例58,near,WLI,mmd_fusion_w1e-4,1,1,0.9,0.584218755887118,0.0,0.5873523834865192,0.2993503146701389
病例58,near,WLI,mmd_fusion_w1e-4,1,1,0.95,1.0,0.0,0.0,0.0
病例58,near,NBI,mmd_fusion_w1e-4,1,1,0.05,0.0,0.22216144085005513,0.9000246171287103,0.9999932183159722
病例58,near,NBI,mmd_fusion_w1e-4,1,1,0.1,0.0003895533397982611,0.03994993825165146,0.9802214771915146,0.8505859375
病例58,near,NBI,mmd_fusion_w1e-4,1,1,0.15,0.001997496912582573,0.009962619456117231,0.9940436632911365,0.8247341579861112
病例58,near,NBI,mmd_fusion_w1e-4,1,1,0.2,0.003099849980522333,0.008313234038673529,0.994308294513314,0.8224826388888888
病例58,near,NBI,mmd_fusion_w1e-4,1,1,0.25,0.003638593961094396,0.007459532038690106,0.9944615180978915,0.8213433159722222
病例58,near,NBI,mmd_fusion_w1e-4,1,1,0.3,0.003936975242642001,0.006058797689202742,0.9950074102281874,0.8199530707465278
病例58,near,NBI,mmd_fusion_w1e-4,1,1,0.35,0.0045254494368053315,0.004981309728058616,0.9952477036087641,0.8185899522569444
病例58,near,NBI,mmd_fusion_w1e-4,1,1,0.4,0.005445458388243778,0.003903821766914489,0.9953217538442097,0.81695556640625
病例58,near,NBI,mmd_fusion_w1e-4,1,1,0.45,0.007376648349371327,0.0031412918251817225,0.9947298694714525,0.8147515190972222
病例58,near,NBI,mmd_fusion_w1e-4,1,1,0.5,0.05727262931927626,0.002478222310631491,0.9692830146869844,0.7733832465277778
病例58,near,NBI,mmd_fusion_w1e-4,1,1,0.55,0.06779885786276119,0.002154975922288253,0.9638361141814862,0.7645060221354166
病例58,near,NBI,mmd_fusion_w1e-4,1,1,0.6,0.07690777531889499,0.0017322691067624802,0.9591443039714772,0.7567070855034722
病例58,near,NBI,mmd_fusion_w1e-4,1,1,0.65,0.08745886896917555,0.0002154975922288253,0.95416334454148,0.7468329535590278
病例58,near,NBI,mmd_fusion_w1e-4,1,1,0.7,0.09997430605631118,5.801858252314527e-05,0.9473537276383345,0.7364637586805556
病例58,near,NBI,mmd_fusion_w1e-4,1,1,0.75,0.11671681129870452,4.144184465938948e-05,0.9380041808775715,0.7227511935763888
病例58,near,NBI,mmd_fusion_w1e-4,1,1,0.8,0.14601619547289288,0.0,0.921241925028088,0.6987440321180556
病例58,near,NBI,mmd_fusion_w1e-4,1,1,0.85,0.21173467273375274,0.0,0.8815977307695352,0.6449720594618056
病例58,near,NBI,mmd_fusion_w1e-4,1,1,0.9,0.5085743176600277,0.0,0.6590012337305026,0.4020928276909722
病例58,near,NBI,mmd_fusion_w1e-4,1,1,0.95,1.0,0.0,0.0,0.0
病例59,far,WLI,mmd_fusion_w1e-4,1,1,0.05,0.11096256684491979,2.4843533372945137,0.406566657231354,0.4620293511284722
病例59,far,WLI,mmd_fusion_w1e-4,1,1,0.1,0.23772034066151712,0.9743513567042978,0.5570934882111905,0.23785400390625
病例59,far,WLI,mmd_fusion_w1e-4,1,1,0.15,0.3362547039017627,0.8230342642107348,0.5338191665162698,0.20363362630208334
病例59,far,WLI,mmd_fusion_w1e-4,1,1,0.2,0.36789463260051497,0.7818875024757378,0.5237011055719162,0.19366455078125
病例59,far,WLI,mmd_fusion_w1e-4,1,1,0.25,0.37269756387403447,0.7706971677559913,0.5231881065444494,0.1914740668402778
病例59,far,WLI,mmd_fusion_w1e-4,1,1,0.3,0.37551990493166965,0.7648049118637354,0.5227338666213729,0.1902804904513889
病例59,far,WLI,mmd_fusion_w1e-4,1,1,0.35,0.37854030501089325,0.7598039215686274,0.5219579139970848,0.1891818576388889
病例59,far,WLI,mmd_fusion_w1e-4,1,1,0.4,0.38220439691027924,0.7539611804317686,0.5209603340281399,0.18787977430555555
病例59,far,WLI,mmd_fusion_w1e-4,1,1,0.45,0.3868587839176075,0.7437116260645672,0.5203050484242939,0.18583848741319445
病例59,far,WLI,mmd_fusion_w1e-4,1,1,0.5,0.44914834620716976,0.6058625470390177,0.5108248961119664,0.15842692057291666
病例59,far,WLI,mmd_fusion_w1e-4,1,1,0.55,0.4566745890275302,0.5912061794414736,0.5090816302848382,0.1553887261284722
病例59,far,WLI,mmd_fusion_w1e-4,1,1,0.6,0.4624678154089919,0.5788770053475936,0.5079662166892638,0.15290662977430555
病例59,far,WLI,mmd_fusion_w1e-4,1,1,0.65,0.4690037631214102,0.5654089918795802,0.5065778596553849,0.15016682942708334
病例59,far,WLI,mmd_fusion_w1e-4,1,1,0.7,0.47549019607843135,0.5519409784115666,0.5051983975569792,0.1474338107638889
病例59,far,WLI,mmd_fusion_w1e-4,1,1,0.75,0.4839572192513369,0.5347593582887701,0.5032594524107797,0.1439208984375
病例59,far,WLI,mmd_fusion_w1e-4,1,1,0.8,0.4953456129926718,0.5110417904535551,0.5007246554803588,0.13911268446180555
病例59,far,WLI,mmd_fusion_w1e-4,1,1,0.85,0.5124777183600713,0.47761933056050704,0.49617012698927593,0.13218858506944445
病例59,far,WLI,mmd_fusion_w1e-4,1,1,0.9,0.5437710437710438,0.4207268766092295,0.48613712506796597,0.12011040581597222
病例59,far,WLI,mmd_fusion_w1e-4,1,1,0.95,0.7479203802733214,0.24876213111507228,0.3359176536559799,0.06859673394097222
病例59,far,NBI,mmd_fusion_w1e-4,1,1,0.05,0.0,6.536878304162603,0.2342776748994527,0.9958292643229166
病例59,far,NBI,mmd_fusion_w1e-4,1,1,0.1,0.0,2.1305240466047324,0.48420006213049493,0.4136284722222222
病例59,far,NBI,mmd_fusion_w1e-4,1,1,0.15,0.0,0.8930862803469691,0.6913032679262475,0.2501288519965278
病例59,far,NBI,mmd_fusion_w1e-4,1,1,0.2,0.0,0.6958887235025407,0.7418703830615683,0.22407362196180555
病例59,far,NBI,mmd_fusion_w1e-4,1,1,0.25,5.132679772109018e-05,0.6799260894112816,0.7462652263833098,0.2219577365451389
病例59,far,NBI,mmd_fusion_w1e-4,1,1,0.3,5.132679772109018e-05,0.6677616383513832,0.7496681096666673,0.22035047743055555
病例59,far,NBI,mmd_fusion_w1e-4,1,1,0.35,0.00015398039316327054,0.6588307755479136,0.7521380721621033,0.21915690104166666
病例59,far,NBI,mmd_fusion_w1e-4,1,1,0.4,0.00015398039316327054,0.6483087820150901,0.7551265651030059,0.2177666558159722
病例59,far,NBI,mmd_fusion_w1e-4,1,1,0.45,0.0003592875840476313,0.6318842067443412,0.7597425394952999,0.2155693901909722
病例59,far,NBI,mmd_fusion_w1e-4,1,1,0.5,0.004106143817687214,0.3416824924292973,0.8520738642582788,0.1767306857638889
病例59,far,NBI,mmd_fusion_w1e-4,1,1,0.55,0.005902581737925371,0.31879074064569113,0.8596156406709431,0.1734686957465278
病例59,far,NBI,mmd_fusion_w1e-4,1,1,0.6,0.007596366062721347,0.29841400195041834,0.8664187130290679,0.17055257161458334
病例59,far,NBI,mmd_fusion_w1e-4,1,1,0.65,0.009649437971564954,0.2775239952779346,0.8733733167344724,0.16752115885416666
病例59,far,NBI,mmd_fusion_w1e-4,1,1,0.7,0.012677719037109274,0.2540676487193964,0.8809910920770317,0.16402180989583334
病例59,far,NBI,mmd_fusion_w1e-4,1,1,0.75,0.017348457629728482,0.22594056356823897,0.8898442946760635,0.15968831380208334
病例59,far,NBI,mmd_fusion_w1e-4,1,1,0.8,0.024790843299286557,0.18842067443412205,0.9014565640250001,0.15374755859375
病例59,far,NBI,mmd_fusion_w1e-4,1,1,0.85,0.040445516604219064,0.1390442950264333,0.9144715924354575,0.14515516493055555
病例59,far,NBI,mmd_fusion_w1e-4,1,1,0.9,0.09012985679823436,0.05722937945901555,0.9250880626198954,0.1277804904513889
病例59,far,NBI,mmd_fusion_w1e-4,1,1,0.95,0.6547759585279475,0.001129189549863984,0.5128283328866119,0.04576280381944445
病例59,near,WLI,mmd_fusion_w1e-4,1,1,0.05,0.39058439147545854,2.635627830994282,0.287118667785923,0.5927327473958334
病例59,near,WLI,mmd_fusion_w1e-4,1,1,0.1,0.5190094304596421,0.47156010989826985,0.4926792165801622,0.17399088541666666
病例59,near,WLI,mmd_fusion_w1e-4,1,1,0.15,0.6015073884309794,0.2793495210514591,0.47500608528141663,0.1238132052951389
病例59,near,WLI,mmd_fusion_w1e-4,1,1,0.2,0.6516670379446053,0.22235835746639934,0.44354095260502646,0.10424126519097222
病例59,near,WLI,mmd_fusion_w1e-4,1,1,0.25,0.6571619514368456,0.21630652706616174,0.43977711101481215,0.10213216145833333
病例59,near,WLI,mmd_fusion_w1e-4,1,1,0.3,0.6600950471522982,0.21337343135070913,0.4376613442957317,0.10106065538194445
病例59,near,WLI,mmd_fusion_w1e-4,1,1,0.35,0.6632509096309497,0.21081161357392145,0.4351998464554599,0.10001627604166667
病例59,near,WLI,mmd_fusion_w1e-4,1,1,0.4,0.6670379446053315,0.2077300066830029,0.43222401619290013,0.09876166449652778
病例59,near,WLI,mmd_fusion_w1e-4,1,1,0.45,0.6706393406103809,0.20230934877849557,0.4300673874038152,0.09711371527777778
病例59,near,WLI,mmd_fusion_w1e-4,1,1,0.5,0.7950174500631173,0.16484740476720874,0.29928174549315817,0.06755235460069445
病例59,near,WLI,mmd_fusion_w1e-4,1,1,0.55,0.805190465582535,0.16191430905175613,0.2871763997583953,0.0651584201388889
病例59,near,WLI,mmd_fusion_w1e-4,1,1,0.6,0.8119848518601025,0.15860993539763868,0.2792390405285932,0.06331380208333333
病例59,near,WLI,mmd_fusion_w1e-4,1,1,0.65,0.81666295388728,0.15582535085765203,0.27380853364309016,0.06195068359375
病例59,near,WLI,mmd_fusion_w1e-4,1,1,0.7,0.8219722284101879,0.15214969926486968,0.2676752170143532,0.060309516059027776
病例59,near,WLI,mmd_fusion_w1e-4,1,1,0.75,0.8282839533674909,0.14851117546595383,0.2601310498038186,0.058492024739583336
病例59,near,WLI,mmd_fusion_w1e-4,1,1,0.8,0.8361550456671865,0.1443157347590406,0.25049667934310466,0.05628797743055555
病例59,near,WLI,mmd_fusion_w1e-4,1,1,0.85,0.8495210514591223,0.13785549862627164,0.2336023054748311,0.052666558159722224
病例59,near,WLI,mmd_fusion_w1e-4,1,1,0.9,0.8726145392440782,0.12742258854978838,0.20303577240523407,0.04654269748263889
病例59,near,WLI,mmd_fusion_w1e-4,1,1,0.95,0.9316848592856612,0.10028217123338531,0.11691818903854831,0.030795627170138888
病例59,near,NBI,mmd_fusion_w1e-4,1,1,0.05,0.0,0.45118398519772457,0.815932223805659,0.9999525282118056
病例59,near,NBI,mmd_fusion_w1e-4,1,1,0.1,0.04487923941499518,0.23537980040548787,0.8720570791843967,0.8203260633680556
病例59,near,NBI,mmd_fusion_w1e-4,1,1,0.15,0.09832096529732497,0.21772336279353582,0.8508804517419334,0.7713351779513888
病例59,near,NBI,mmd_fusion_w1e-4,1,1,0.2,0.10965887841269216,0.21674901088518395,0.8450906848888824,0.7628512912326388
病例59,near,NBI,mmd_fusion_w1e-4,1,1,0.25,0.11117453693679508,0.21545971694584964,0.8447766220156192,0.7609185112847222
病例59,near,NBI,mmd_fusion_w1e-4,1,1,0.3,0.11197173395271932,0.21433773596047478,0.8447894088838953,0.7595960828993056
病例59,near,NBI,mmd_fusion_w1e-4,1,1,0.35,0.11254256638387497,0.21297954845186307,0.8450217180445583,0.7582668728298612
病例59,near,NBI,mmd_fusion_w1e-4,1,1,0.4,0.11341849890754482,0.21152294155856938,0.8451261844446735,0.7566596137152778
病例59,near,NBI,mmd_fusion_w1e-4,1,1,0.45,0.11498336712398874,0.20935771509556522,0.8451370059347253,0.75408935546875
病例59,near,NBI,mmd_fusion_w1e-4,1,1,0.5,0.1426982658504419,0.17421215282562053,0.8440028292650479,0.7107747395833334
病例59,near,NBI,mmd_fusion_w1e-4,1,1,0.55,0.14617247012971674,0.16326791724898135,0.8465911031520785,0.7008395724826388
病例59,near,NBI,mmd_fusion_w1e-4,1,1,0.6,0.14999114225537863,0.15317993031907565,0.8486557660557107,0.6912570529513888
病例59,near,NBI,mmd_fusion_w1e-4,1,1,0.65,0.15525657933586598,0.14188138495758124,0.8504307590172797,0.6798434787326388
病例59,near,NBI,mmd_fusion_w1e-4,1,1,0.7,0.1636517528492412,0.12925417790287974,0.8509841425612987,0.6653578016493056
病例59,near,NBI,mmd_fusion_w1e-4,1,1,0.75,0.17577702104206444,0.11591835127846781,0.8496525135692945,0.6478135850694444
病例59,near,NBI,mmd_fusion_w1e-4,1,1,0.8,0.2021337322599059,0.10186406314587722,0.8399784482754269,0.6199679904513888
病例59,near,NBI,mmd_fusion_w1e-4,1,1,0.85,0.2569926972816566,0.08647127138161133,0.8122612784175182,0.5715603298611112
病例59,near,NBI,mmd_fusion_w1e-4,1,1,0.9,0.449441962088853,0.05535106194516072,0.6856652570934083,0.4175075954861111
病例59,near,NBI,mmd_fusion_w1e-4,1,1,0.95,0.9829143948192036,0.0,0.03359718217178534,0.011773003472222222
病例72,far,WLI,mmd_fusion_w1e-4,1,1,0.05,0.0,6.850446131309096,0.2259773089769283,0.7995469835069444
病例72,far,WLI,mmd_fusion_w1e-4,1,1,0.1,0.0,2.1139965374883474,0.48614528033069054,0.3171522352430556
病例72,far,WLI,mmd_fusion_w1e-4,1,1,0.15,0.0007990411506192569,0.9957384471966974,0.667259549111416,0.2031792534722222
病例72,far,WLI,mmd_fusion_w1e-4,1,1,0.2,0.001997602876548142,0.8083632973764816,0.7112418734857133,0.18397352430555555
病例72,far,WLI,mmd_fusion_w1e-4,1,1,0.25,0.0023971234518577705,0.7881209215607937,0.7162252605394487,0.18187120225694445
病例72,far,WLI,mmd_fusion_w1e-4,1,1,0.3,0.0024637102144093753,0.7738047676121987,0.7198942815936571,0.18040635850694445
病例72,far,WLI,mmd_fusion_w1e-4,1,1,0.35,0.00253029697696098,0.7635504061792515,0.7225370794628662,0.1793551974826389
病例72,far,WLI,mmd_fusion_w1e-4,1,1,0.4,0.0027300572646157943,0.7500998801438274,0.7259815802212167,0.17796495225694445
病例72,far,WLI,mmd_fusion_w1e-4,1,1,0.45,0.0031295778399254228,0.7300572646157943,0.7311308084859933,0.17588297526041666
病例72,far,WLI,mmd_fusion_w1e-4,1,1,0.5,0.023505127180716474,0.3790784392062858,0.8290931705087373,0.1380615234375
病例72,far,WLI,mmd_fusion_w1e-4,1,1,0.55,0.028033027034225597,0.35051271807164736,0.8370079417390492,0.13469102647569445
病例72,far,WLI,mmd_fusion_w1e-4,1,1,0.6,0.032560926887734716,0.32674124384072445,0.8433853834073158,0.1318088107638889
病例72,far,WLI,mmd_fusion_w1e-4,1,1,0.65,0.03835397522972433,0.30310294313490477,0.849229683638571,0.1288113064236111
病例72,far,WLI,mmd_fusion_w1e-4,1,1,0.7,0.04527899853509122,0.275602610201092,0.8561277802631553,0.12530517578125
病例72,far,WLI,mmd_fusion_w1e-4,1,1,0.75,0.05413503795445465,0.24397389798907976,0.8638671815584764,0.1211819118923611
病例72,far,WLI,mmd_fusion_w1e-4,1,1,0.8,0.0659874816886403,0.2023571713943268,0.8743922204186685,0.11573621961805555
病例72,far,WLI,mmd_fusion_w1e-4,1,1,0.85,0.09335464109734985,0.1406312425089892,0.8857087100732267,0.1066623263888889
病例72,far,WLI,mmd_fusion_w1e-4,1,1,0.9,0.1583433213477161,0.06632041550139832,0.8822502966396236,0.09247504340277778
病例72,far,WLI,mmd_fusion_w1e-4,1,1,0.95,0.4823545079238247,0.0004661073378612332,0.6819597350731086,0.05276828342013889
病例72,far,NBI,mmd_fusion_w1e-4,1,1,0.05,0.0,3.1757759401903036,0.38641549076124987,0.9999932183159722
病例72,far,NBI,mmd_fusion_w1e-4,1,1,0.1,0.0,2.2132985953783417,0.4746874579913465,0.7695041232638888
病例72,far,NBI,mmd_fusion_w1e-4,1,1,0.15,0.0,1.7926200724966017,0.5273399290643813,0.66876220703125
病例72,far,NBI,mmd_fusion_w1e-4,1,1,0.2,0.0,1.628200045310376,0.551237521366424,0.6293877495659722
病例72,far,NBI,mmd_fusion_w1e-4,1,1,0.25,0.0,1.6114635251472587,0.5537921083992897,0.6253797743055556
病例72,far,NBI,mmd_fusion_w1e-4,1,1,0.3,0.0,1.6019766651563208,0.5552506820339521,0.62310791015625
病例72,far,NBI,mmd_fusion_w1e-4,1,1,0.35,0.0,1.592008382419574,0.5567915737020704,0.6207207573784722
病例72,far,NBI,mmd_fusion_w1e-4,1,1,0.4,0.0,1.5822383325781604,0.5583101441938415,0.6183810763888888
病例72,far,NBI,mmd_fusion_w1e-4,1,1,0.45,0.0,1.5681354780244676,0.5605168336000885,0.6150037977430556
病例72,far,NBI,mmd_fusion_w1e-4,1,1,0.5,0.0009628454916175805,0.7786588128681468,0.7193279367078693,0.4257134331597222
病例72,far,NBI,mmd_fusion_w1e-4,1,1,0.55,0.0015292251925690984,0.7307147711826009,0.7316987122941782,0.4140964084201389
病例72,far,NBI,mmd_fusion_w1e-4,1,1,0.6,0.0024637516991391026,0.6947496601721794,0.7410329231085084,0.4052598741319444
病例72,far,NBI,mmd_fusion_w1e-4,1,1,0.65,0.003823062981422746,0.6573969188944269,0.7508190772966171,0.3959893120659722
病例72,far,NBI,mmd_fusion_w1e-4,1,1,0.7,0.005918667874943362,0.6108405074762121,0.7632331358365351,0.38433837890625
病例72,far,NBI,mmd_fusion_w1e-4,1,1,0.75,0.009430222020842772,0.5576857725419121,0.7774493243234604,0.3707682291666667
病例72,far,NBI,mmd_fusion_w1e-4,1,1,0.8,0.01551880380607159,0.47660851835070234,0.8000368213923089,0.3498942057291667
病例72,far,NBI,mmd_fusion_w1e-4,1,1,0.85,0.02931014952424105,0.3589431354780245,0.8333414373227251,0.3184136284722222
病例72,far,NBI,mmd_fusion_w1e-4,1,1,0.9,0.12780357951971003,0.12848323516085183,0.8719001245599707,0.23963758680555555
病例72,far,NBI,mmd_fusion_w1e-4,1,1,0.95,0.9540382872677843,0.0,0.08788412075243567,0.011006673177083334
病例72,near,WLI,mmd_fusion_w1e-4,1,1,0.05,0.00849575212393803,7.692820256538398,0.20476477165201276,0.7070855034722222
病例72,near,WLI,mmd_fusion_w1e-4,1,1,0.1,0.10044977511244378,2.383808095952024,0.42002100104923573,0.267333984375
病例72,near,WLI,mmd_fusion_w1e-4,1,1,0.15,0.21530901216058637,1.4396968182575378,0.4867224633176102,0.18111165364583334
病例72,near,WLI,mmd_fusion_w1e-4,1,1,0.2,0.305264034649342,1.0014992503748126,0.5153378023523668,0.13810899522569445
病例72,near,WLI,mmd_fusion_w1e-4,1,1,0.25,0.3160919540229885,0.9773446610028319,0.5139745234874841,0.1352606879340278
病例72,near,WLI,mmd_fusion_w1e-4,1,1,0.3,0.3218390804597701,0.9656838247542895,0.5130111524147407,0.1338433159722222
病例72,near,WLI,mmd_fusion_w1e-4,1,1,0.35,0.32666999833416627,0.9547726136931535,0.512407694987759,0.1325615776909722
病例72,near,WLI,mmd_fusion_w1e-4,1,1,0.4,0.3333333333333333,0.9433616525070798,0.5108501404119515,0.13108995225694445
病例72,near,WLI,mmd_fusion_w1e-4,1,1,0.45,0.34124604364484423,0.9284524404464435,0.5092395853437988,0.12923177083333334
病例72,near,WLI,mmd_fusion_w1e-4,1,1,0.5,0.8514076295185741,0.028735632183908046,0.2524230633162191,0.014438205295138888
病例72,near,WLI,mmd_fusion_w1e-4,1,1,0.55,0.8759786773280027,0.0033316674995835416,0.22002216475640912,0.010369194878472222
病例72,near,WLI,mmd_fusion_w1e-4,1,1,0.6,0.8968848908878894,0.0,0.18695258230000789,0.008395724826388888
病例72,near,WLI,mmd_fusion_w1e-4,1,1,0.65,0.9194569381975679,0.0,0.14907885608456733,0.006557888454861111
病例72,near,WLI,mmd_fusion_w1e-4,1,1,0.7,0.9503581542562052,0.0,0.09458816060867649,0.004041883680555556
病例72,near,WLI,mmd_fusion_w1e-4,1,1,0.75,0.9942528735632183,0.0,0.011428571428476782,0.0004679361979166667
病例72,near,WLI,mmd_fusion_w1e-4,1,1,0.8,1.0,0.0,0.0,0.0
病例72,near,WLI,mmd_fusion_w1e-4,1,1,0.85,1.0,0.0,0.0,0.0
病例72,near,WLI,mmd_fusion_w1e-4,1,1,0.9,1.0,0.0,0.0,0.0
病例72,near,WLI,mmd_fusion_w1e-4,1,1,0.95,1.0,0.0,0.0,0.0
病例72,near,NBI,mmd_fusion_w1e-4,1,1,0.05,0.0,0.817924028159637,0.7097423422395488,0.9999593098958334
病例72,near,NBI,mmd_fusion_w1e-4,1,1,0.1,0.0,0.5827096869644552,0.7743804927412155,0.8705783420138888
病例72,near,NBI,mmd_fusion_w1e-4,1,1,0.15,0.0,0.49138813201987447,0.8027653235939296,0.8203464084201388
病例72,near,NBI,mmd_fusion_w1e-4,1,1,0.2,0.0,0.4564598256666954,0.8141798123876038,0.8011338975694444
病例72,near,NBI,mmd_fusion_w1e-4,1,1,0.25,0.0,0.44711437694953704,0.8172891381121722,0.7959933810763888
病例72,near,NBI,mmd_fusion_w1e-4,1,1,0.3,0.0,0.4409005165887879,0.8193697311326861,0.7925754123263888
病例72,near,NBI,mmd_fusion_w1e-4,1,1,0.35,0.0,0.43686890480711144,0.8207253152000381,0.7903578016493056
病例72,near,NBI,mmd_fusion_w1e-4,1,1,0.4,0.0,0.4332071656659557,0.8219604266419285,0.7883436414930556
病例72,near,NBI,mmd_fusion_w1e-4,1,1,0.45,0.0004191889925902181,0.42723988706555377,0.8237780498580939,0.7848307291666666
病例72,near,NBI,mmd_fusion_w1e-4,1,1,0.5,0.0041425735738327436,0.24939279241514506,0.8870792378228065,0.6849568684895834
病例72,near,NBI,mmd_fusion_w1e-4,1,1,0.55,0.007113883786016348,0.2314169820858351,0.8927615278442597,0.6734347873263888
病例72,near,NBI,mmd_fusion_w1e-4,1,1,0.6,0.01014683943828675,0.21418091703756673,0.8982194700359136,0.6622856987847222
病例72,near,NBI,mmd_fusion_w1e-4,1,1,0.65,0.015041487381178414,0.1940475163052189,0.9040438617828163,0.6485188802083334
病例72,near,NBI,mmd_fusion_w1e-4,1,1,0.7,0.020626564253042202,0.17252092862690946,0.9102430416293814,0.63360595703125
病例72,near,NBI,mmd_fusion_w1e-4,1,1,0.75,0.032709070510054374,0.14931758497823916,0.9140007921894068,0.61419677734375
病例72,near,NBI,mmd_fusion_w1e-4,1,1,0.8,0.06499895202751853,0.10794116559198116,0.9153475235509048,0.5736762152777778
病例72,near,NBI,mmd_fusion_w1e-4,1,1,0.85,0.14124203232686877,0.05973443144410608,0.8952425019434246,0.5052218967013888
病例72,near,NBI,mmd_fusion_w1e-4,1,1,0.9,0.40480094687395973,6.164544008679678e-05,0.7462091351721569,0.3274264865451389
病例72,near,NBI,mmd_fusion_w1e-4,1,1,0.95,0.9999506836479306,0.0,9.862784017346341e-05,2.712673611111111e-05
病例80,far,WLI,mmd_fusion_w1e-4,1,1,0.05,0.0,7.6204242789265875,0.20789103910724419,0.8735826280381944
病例80,far,WLI,mmd_fusion_w1e-4,1,1,0.1,0.004684467643712775,0.7105668205848893,0.7356680021745667,0.17287190755208334
病例80,far,WLI,mmd_fusion_w1e-4,1,1,0.15,0.009235093354748043,0.20062905708358428,0.9042325780220355,0.12073432074652778
病例80,far,WLI,mmd_fusion_w1e-4,1,1,0.2,0.010841196546878137,0.16977849160141872,0.9163386131833596,0.11744520399305555
病例80,far,WLI,mmd_fusion_w1e-4,1,1,0.25,0.011510406210265675,0.1590711369872181,0.9205696301114936,0.11629231770833333
病例80,far,WLI,mmd_fusion_w1e-4,1,1,0.3,0.012045773940975708,0.1526467242186977,0.9230624941353579,0.11558702256944445
病例80,far,WLI,mmd_fusion_w1e-4,1,1,0.35,0.012982667469718262,0.14622231145017733,0.9253693885844798,0.1148410373263889
病例80,far,WLI,mmd_fusion_w1e-4,1,1,0.4,0.013852640032122063,0.13866024225389814,0.9282227331393398,0.1139865451388889
病例80,far,WLI,mmd_fusion_w1e-4,1,1,0.45,0.0169979254500435,0.12982667469718262,0.9305080451003088,0.11277262369791667
病例80,far,WLI,mmd_fusion_w1e-4,1,1,0.5,0.0451716522786589,0.0742153516696781,0.9411609498649698,0.1042819552951389
病例80,far,WLI,mmd_fusion_w1e-4,1,1,0.55,0.0527337214749381,0.0653817841129626,0.9413133832055152,0.10262044270833333
病例80,far,WLI,mmd_fusion_w1e-4,1,1,0.6,0.060161948738539785,0.056949742354279596,0.9413499564282413,0.10101318359375
病例80,far,WLI,mmd_fusion_w1e-4,1,1,0.65,0.06892859532891656,0.05052532958575922,0.9397183479080756,0.09947374131944445
病例80,far,WLI,mmd_fusion_w1e-4,1,1,0.7,0.08258047246202235,0.04523857324499766,0.9348745226372924,0.09755452473958333
病例80,far,WLI,mmd_fusion_w1e-4,1,1,0.75,0.09723616409020946,0.03760958308237971,0.9305052595242955,0.09529622395833333
病例80,far,WLI,mmd_fusion_w1e-4,1,1,0.8,0.12474068125543733,0.030515960650471793,0.9185336048847582,0.09179009331597222
病例80,far,WLI,mmd_fusion_w1e-4,1,1,0.85,0.17125075286087132,0.022552365656160075,0.8953152111014484,0.0862698025173611
病例80,far,WLI,mmd_fusion_w1e-4,1,1,0.9,0.2516228334337148,0.010238907849829351,0.851097834769774,0.0768771701388889
病例80,far,WLI,mmd_fusion_w1e-4,1,1,0.95,0.4903968413303888,0.00033460483169376964,0.6749988919883215,0.051676432291666664
病例80,far,NBI,mmd_fusion_w1e-4,1,1,0.05,0.0,5.885243104918965,0.2536383435979189,0.82110595703125
病例80,far,NBI,mmd_fusion_w1e-4,1,1,0.1,0.008700597099800967,0.6940574353141882,0.7382999449393539,0.20098876953125
病例80,far,NBI,mmd_fusion_w1e-4,1,1,0.15,0.026897924367358543,0.31669036110321297,0.8499478468165451,0.1538153754340278
病例80,far,NBI,mmd_fusion_w1e-4,1,1,0.2,0.031902189365936875,0.25368211543929486,0.8714614793937254,0.14570448133680555
病例80,far,NBI,mmd_fusion_w1e-4,1,1,0.25,0.03463178845607051,0.24424225191924936,0.8737904055979159,0.1442532009548611
病例80,far,NBI,mmd_fusion_w1e-4,1,1,0.3,0.03667898777367074,0.23764572078475973,0.8753617197166303,0.1432223849826389
病例80,far,NBI,mmd_fusion_w1e-4,1,1,0.35,0.039579186806937734,0.2313335228888257,0.8763945825310664,0.1421237521701389
病例80,far,NBI,mmd_fusion_w1e-4,1,1,0.4,0.04230878589707137,0.2244526585157805,0.8777525864517297,0.14097764756944445
病例80,far,NBI,mmd_fusion_w1e-4,1,1,0.45,0.04537958487347171,0.21319306226897924,0.8807219118048301,0.13926866319444445
病例80,far,NBI,mmd_fusion_w1e-4,1,1,0.5,0.10844469718510094,0.11492749502416832,0.8886747534267978,0.1200290256076389
病例80,far,NBI,mmd_fusion_w1e-4,1,1,0.55,0.12209269263576912,0.10417969860676714,0.8858413427029527,0.11711968315972222
病例80,far,NBI,mmd_fusion_w1e-4,1,1,0.6,0.13289735570088143,0.09519476826841057,0.8837627148089264,0.11475965711805555
病例80,far,NBI,mmd_fusion_w1e-4,1,1,0.65,0.1458060847313051,0.08689223770258743,0.8801195289128724,0.11223008897569445
病例80,far,NBI,mmd_fusion_w1e-4,1,1,0.7,0.1599090133636622,0.07802104065965311,0.8759561221438602,0.10949028862847222
病例80,far,NBI,mmd_fusion_w1e-4,1,1,0.75,0.1800966733011089,0.06926357691214102,0.868005177445387,0.10603841145833333
病例80,far,NBI,mmd_fusion_w1e-4,1,1,0.8,0.20995166334944554,0.0557861814046062,0.8560337656709818,0.10087076822916667
病例80,far,NBI,mmd_fusion_w1e-4,1,1,0.85,0.26050611316462896,0.035143588285470574,0.8334027621981177,0.0923800998263889
病例80,far,NBI,mmd_fusion_w1e-4,1,1,0.9,0.37139607620130793,0.014444128518623827,0.7651680337771599,0.0766872829861111
病例80,far,NBI,mmd_fusion_w1e-4,1,1,0.95,0.7681546772817742,0.0,0.3764195365138195,0.02764892578125
病例80,near,WLI,mmd_fusion_w1e-4,1,1,0.05,0.0,2.8274616901835836,0.4142964001279697,0.8554009331597222
病例80,near,WLI,mmd_fusion_w1e-4,1,1,0.1,0.004278561675011379,0.645425580336823,0.7540068245260699,0.3667805989583333
病例80,near,WLI,mmd_fusion_w1e-4,1,1,0.15,0.012107419208010924,0.395357305416477,0.8290297937346205,0.30914306640625
病例80,near,WLI,mmd_fusion_w1e-4,1,1,0.2,0.014838416021847975,0.3083902291002883,0.8590707027931056,0.2890964084201389
病例80,near,WLI,mmd_fusion_w1e-4,1,1,0.25,0.015930814747382796,0.297557275072068,0.862603237088398,0.2864312065972222
病例80,near,WLI,mmd_fusion_w1e-4,1,1,0.3,0.01690183583674708,0.2921256258534365,0.8641771138958867,0.2850002712673611
病例80,near,WLI,mmd_fusion_w1e-4,1,1,0.35,0.018328023061750874,0.28808981945076617,0.8649999999988436,0.2837795681423611
病例80,near,WLI,mmd_fusion_w1e-4,1,1,0.4,0.019359732969200426,0.2817781823698983,0.8668955712319713,0.2821384006076389
病例80,near,WLI,mmd_fusion_w1e-4,1,1,0.45,0.020603853739948413,0.27291761492944927,0.8696800269439277,0.2798800998263889
病例80,near,WLI,mmd_fusion_w1e-4,1,1,0.5,0.05392201486876043,0.07076316188742224,0.9381779884135437,0.22725423177083334
病例80,near,WLI,mmd_fusion_w1e-4,1,1,0.55,0.062388104991655285,0.05983917463207404,0.938808373589556,0.22292073567708334
病例80,near,WLI,mmd_fusion_w1e-4,1,1,0.6,0.07103626156880595,0.051615839781520255,0.938072621417285,0.2191501193576389
病例80,near,WLI,mmd_fusion_w1e-4,1,1,0.65,0.08174783796085572,0.044211803975117585,0.9358155644535806,0.21510145399305555
病例80,near,WLI,mmd_fusion_w1e-4,1,1,0.7,0.0955241996662115,0.03793051130329237,0.9312941323487295,0.21061876085069445
病例80,near,WLI,mmd_fusion_w1e-4,1,1,0.75,0.11643149749658625,0.03334850553785465,0.9218641170124076,0.2049221462673611
病例80,near,WLI,mmd_fusion_w1e-4,1,1,0.8,0.14644211803975118,0.027795478683052648,0.90738709677273,0.19697401258680555
病例80,near,WLI,mmd_fusion_w1e-4,1,1,0.85,0.19311181914732212,0.017265968745258688,0.8846710471581392,0.18419053819444445
病例80,near,WLI,mmd_fusion_w1e-4,1,1,0.9,0.288605674404491,0.003762706721286603,0.8295384179876696,0.15983072916666666
病例80,near,WLI,mmd_fusion_w1e-4,1,1,0.95,0.8424821726596875,0.0,0.2721648403495198,0.03520372178819445
病例80,near,NBI,mmd_fusion_w1e-4,1,1,0.05,0.0,2.024435394298408,0.4969641214348886,0.9971923828125
病例80,near,NBI,mmd_fusion_w1e-4,1,1,0.1,0.0,0.4453700275618084,0.8178721328290944,0.4765557183159722
病例80,near,NBI,mmd_fusion_w1e-4,1,1,0.15,0.0,0.32716277921757375,0.8594156016325861,0.4375813802083333
病例80,near,NBI,mmd_fusion_w1e-4,1,1,0.2,0.0,0.30418774939322885,0.8679848248151145,0.4300062391493056
病例80,near,NBI,mmd_fusion_w1e-4,1,1,0.25,0.0,0.2985725451478876,0.8701052330151853,0.4281548394097222
病例80,near,NBI,mmd_fusion_w1e-4,1,1,0.3,0.0,0.2924225595458472,0.8724395036464946,0.4261271158854167
病例80,near,NBI,mmd_fusion_w1e-4,1,1,0.35,0.0,0.2883294253157267,0.8740000359529778,0.4247775607638889
病例80,near,NBI,mmd_fusion_w1e-4,1,1,0.4,2.056851371919865e-05,0.2848122094697437,0.8753353378577309,0.4236111111111111
病例80,near,NBI,mmd_fusion_w1e-4,1,1,0.45,0.0001645481097535892,0.2801637253692048,0.8770489584922939,0.4220309787326389
病例80,near,NBI,mmd_fusion_w1e-4,1,1,0.5,0.003908017606647744,0.21926035624665763,0.8992628080135747,0.4007161458333333
病例80,near,NBI,mmd_fusion_w1e-4,1,1,0.55,0.0060882800608828,0.20387510798469702,0.9044659903409347,0.3949245876736111
病例80,near,NBI,mmd_fusion_w1e-4,1,1,0.6,0.008618207248344235,0.19176025340408903,0.9082155643481173,0.3900960286458333
病例80,near,NBI,mmd_fusion_w1e-4,1,1,0.65,0.012464519313834382,0.1785346990826443,0.9118222391027331,0.3844672309027778
病例80,near,NBI,mmd_fusion_w1e-4,1,1,0.7,0.015961166646098153,0.1663581389608787,0.9152159773492413,0.3792995876736111
病例80,near,NBI,mmd_fusion_w1e-4,1,1,0.75,0.021720350487473776,0.15095232218519888,0.9189037761175061,0.3723212348090278
病例80,near,NBI,mmd_fusion_w1e-4,1,1,0.8,0.03128470936690115,0.1279978608745732,0.9240322548991308,0.3615993923611111
病例80,near,NBI,mmd_fusion_w1e-4,1,1,0.85,0.04856226089102801,0.09066600847422765,0.9318211576997756,0.3435940212673611
病例80,near,NBI,mmd_fusion_w1e-4,1,1,0.9,0.10858118392364968,0.04385207124933152,0.9212341506436234,0.3083699544270833
病例80,near,NBI,mmd_fusion_w1e-4,1,1,0.95,0.8854745156115019,0.0,0.20551433949690784,0.037760416666666664
