case,scale,ref_modality,config,fold,seed,threshold,missed_frac,over_ratio,dice,pred_area_frac
病例14,far,WLI,ours,0,1,0.05,0.0,4.967891846218842,0.2870308615767688,0.1915961371527778
病例14,far,WLI,ours,0,1,0.1,0.0,2.0811153358681875,0.4900621117987057,0.09891764322916667
病例14,far,WLI,ours,0,1,0.15,0.0,1.6592733417828476,0.5465566010474712,0.08537462022569445
病例14,far,WLI,ours,0,1,0.2,0.0,1.4691592733417829,0.576508555071689,0.07927110460069445
病例14,far,WLI,ours,0,1,0.25,0.0,1.4064216307562316,0.5871263797557539,0.07725694444444445
病例14,far,WLI,ours,0,1,0.3,0.0,1.0099281791297001,0.6644676819379292,0.06452772352430555
病例14,far,WLI,ours,0,1,0.35,0.0,0.8428390367553865,0.7035220686528196,0.059163411458333336
病例14,far,WLI,ours,0,1,0.4,0.0008449514152936206,0.7344740177439797,0.731009968312101,0.055657280815972224
病例14,far,WLI,ours,0,1,0.45,0.0023236163920574565,0.6552598225602028,0.7521299466458147,0.05306667751736111
病例14,far,WLI,ours,0,1,0.5,0.004013519222644698,0.5506970849176173,0.7821831453153435,0.04965549045138889
病例14,far,WLI,ours,0,1,0.55,0.005069708491761723,0.5021123785382341,0.7968868961949337,0.04806179470486111
病例14,far,WLI,ours,0,1,0.6,0.005914659907055344,0.45859738065061256,0.8106106278459166,0.046637641059027776
病例14,far,WLI,ours,0,1,0.65,0.008449514152936205,0.4144486692015209,0.8242317822579084,0.04513888888888889
病例14,far,WLI,ours,0,1,0.7,0.011829319814110688,0.36755386565272496,0.8389526542249017,0.043524848090277776
病例14,far,WLI,ours,0,1,0.75,0.019433882551753275,0.3160118293198141,0.8539367181672742,0.0416259765625
病例14,far,WLI,ours,0,1,0.8,0.030629488804393746,0.2585551330798479,0.8702000568799639,0.039421929253472224
病例14,far,WLI,ours,0,1,0.85,0.05217574989438107,0.18715673848753697,0.8878994756021776,0.03643798828125
病例14,far,WLI,ours,0,1,0.9,0.0984368398817068,0.09569074778200254,0.9028027498582464,0.03201633029513889
病例14,far,WLI,ours,0,1,0.95,0.2737642585551331,0.014575411913814956,0.8343647615479387,0.023783365885416668
病例14,far,NBI,ours,0,1,0.05,0.0015561319007039644,1.9579103371619118,0.5047292614855455,0.5411241319444444
病例14,far,NBI,ours,0,1,0.1,0.031048536494998148,0.4734346054094109,0.793446601940544,0.2640109592013889
病例14,far,NBI,ours,0,1,0.15,0.046721007780659504,0.3628010374212671,0.8231831197696035,0.24089219835069445
病例14,far,NBI,ours,0,1,0.2,0.06331974805483512,0.3054094108929233,0.835542188583079,0.2273491753472222
病例14,far,NBI,ours,0,1,0.25,0.06935902185994813,0.28632826972952946,0.8395614680111646,0.2227511935763889
病例14,far,NBI,ours,0,1,0.3,0.13171545016672842,0.1870322341608003,0.8449155444976025,0.19316270616319445
病例14,far,NBI,ours,0,1,0.35,0.16987773249351612,0.14586884031122638,0.8402085052110548,0.1786431206597222
病例14,far,NBI,ours,0,1,0.4,0.19514635050018525,0.1298258614301593,0.8320278836378343,0.17108154296875
病例14,far,NBI,ours,0,1,0.45,0.21541311596887736,0.12071137458317896,0.8235843186044968,0.1657036675347222
病例14,far,NBI,ours,0,1,0.5,0.25872545387180435,0.11533901444979622,0.7985232488509308,0.1567925347222222
病例14,far,NBI,ours,0,1,0.55,0.2716561689514635,0.11185624305298258,0.7915920027366429,0.15378824869791666
病例14,far,NBI,ours,0,1,0.6,0.2836235642830678,0.10863282697295294,0.7850660819766022,0.1510077582465278
病例14,far,NBI,ours,0,1,0.65,0.2969618377176732,0.10552056317154501,0.7774568250245274,0.14799669053819445
病例14,far,NBI,ours,0,1,0.7,0.31363467951093,0.10181548721748795,0.7676688146183045,0.14426676432291666
病例14,far,NBI,ours,0,1,0.75,0.3301222675064839,0.09733234531307892,0.7581189592620959,0.14042833116319445
病例14,far,NBI,ours,0,1,0.8,0.350129677658392,0.09188588366061504,0.7462242076138136,0.1357693142361111
病例14,far,NBI,ours,0,1,0.85,0.37917747313819933,0.08532789922193405,0.727746530867711,0.12925211588541666
病例14,far,NBI,ours,0,1,0.9,0.43093738421637645,0.07476843275287143,0.6923614398073064,0.11784532335069445
病例14,far,NBI,ours,0,1,0.95,0.5908855131530196,0.0425713227121156,0.5636405400562424,0.0826755099826389
病例14,near,WLI,ours,0,1,0.05,0.0038592137022541626,0.45225075343306376,0.8137103646475699,0.7202962239583334
病例14,near,WLI,ours,0,1,0.1,0.1883105371534549,0.07436145695544859,0.8607291079194969,0.4406399197048611
病例14,near,WLI,ours,0,1,0.15,0.23809848495179392,0.03902851454364457,0.846120062999117,0.3983086480034722
病例14,near,WLI,ours,0,1,0.2,0.2646220561563322,0.025664452959866906,0.8351621121420832,0.3784722222222222
病例14,near,WLI,ours,0,1,0.25,0.27504056947266503,0.021614324092130204,0.830150377113298,0.37127685546875
病例14,near,WLI,ours,0,1,0.3,0.4030219143336379,0.009586668666730304,0.7431733878833529,0.3016493055555556
病例14,near,WLI,ours,0,1,0.35,0.4688740096275791,0.005686544571872741,0.6912046567751373,0.2669609917534722
病例14,near,WLI,ours,0,1,0.4,0.519739264431141,0.002522807543876396,0.647782662276153,0.24009195963541666
病例14,near,WLI,ours,0,1,0.45,0.5569268113076326,0.0013364061583777665,0.6135007552864299,0.22100830078125
病例14,near,WLI,ours,0,1,0.5,0.6675621497047634,0.0009545758274126904,0.4986346761569472,0.1657986111111111
病例14,near,WLI,ours,0,1,0.55,0.6776670166778034,0.0006409294841199493,0.4872854713183659,0.1606174045138889
病例14,near,WLI,ours,0,1,0.6,0.6881809875768774,0.00030000954575827414,0.47529074299205426,0.1552191840277778
病例14,near,WLI,ours,0,1,0.65,0.7000450014318638,5.454719013786802e-05,0.4614658400725247,0.1491970486111111
病例14,near,WLI,ours,0,1,0.7,0.7152773042778634,1.3636797534467005e-05,0.4432391122051106,0.1416015625
病例14,near,WLI,ours,0,1,0.75,0.7324460323737574,0.0,0.4221579111570374,0.133056640625
病例14,near,WLI,ours,0,1,0.8,0.751796648075166,0.0,0.39769698029061124,0.12343343098958333
病例14,near,WLI,ours,0,1,0.85,0.7748973830985532,0.0,0.3674836928689781,0.11194525824652778
病例14,near,WLI,ours,0,1,0.9,0.816298700413195,0.0,0.31038455335094767,0.09135606553819445
病例14,near,WLI,ours,0,1,0.95,0.9486710940802662,0.0,0.09764576172242344,0.025526258680555556
病例14,near,NBI,ours,0,1,0.05,2.3101624044170307e-05,1.4674613625337862,0.5767813717974771,0.7243381076388888
病例14,near,NBI,ours,0,1,0.1,0.06881973802758334,0.39986601058054383,0.7989376040585121,0.3907402886284722
病例14,near,NBI,ours,0,1,0.15,0.08392820015247072,0.3261949315036847,0.8170944045488743,0.3646782769097222
病例14,near,NBI,ours,0,1,0.2,0.09836671518007715,0.28045371589622753,0.8263953586846506,0.3470119900173611
病例14,near,NBI,ours,0,1,0.25,0.10273292212442535,0.26245755076581884,0.830908779735548,0.3404473198784722
病例14,near,NBI,ours,0,1,0.3,0.14669531268048144,0.1760574768406219,0.8409585064592852,0.3021782769097222
病例14,near,NBI,ours,0,1,0.35,0.17236121699355464,0.1482200198673967,0.8377509382772653,0.2864718967013889
病例14,near,NBI,ours,0,1,0.4,0.19202069905514357,0.13029315960912052,0.8337107577878552,0.2754380967881944
病例14,near,NBI,ours,0,1,0.45,0.20634370596252916,0.11673250629519255,0.8308845758500141,0.2672526041666667
病例14,near,NBI,ours,0,1,0.5,0.28244045556402614,0.08004712731305011,0.798349890120162,0.23414442274305555
病例14,near,NBI,ours,0,1,0.55,0.29318271074456537,0.0727470141150923,0.7943711704216503,0.2288479275173611
病例14,near,NBI,ours,0,1,0.6,0.3044332016540763,0.06600133989419456,0.7897131916110977,0.2235649956597222
病例14,near,NBI,ours,0,1,0.65,0.3183865825767552,0.05849331207983921,0.7834156444150823,0.21726481119791666
病例14,near,NBI,ours,0,1,0.7,0.33240926837156654,0.04719661792223993,0.7786280109921072,0.2098320855034722
病例14,near,NBI,ours,0,1,0.75,0.34915794580359,0.036893293598539975,0.7712607963634268,0.20189073350694445
病例14,near,NBI,ours,0,1,0.8,0.3732760413057038,0.02728301799616513,0.7578250485344947,0.1919894748263889
病例14,near,NBI,ours,0,1,0.85,0.4046018435095987,0.017718945641878623,0.7381958268281064,0.1799858940972222
病例14,near,NBI,ours,0,1,0.9,0.47321366692078454,0.006098828747660961,0.6873135003154485,0.15643310546875
病例14,near,NBI,ours,0,1,0.95,0.8929932774274032,0.0,0.19332623802626656,0.031412760416666664
病例17,far,WLI,ours,0,1,0.05,0.0,1.340593565549921,0.5986959984058364,0.19093831380208334
病例17,far,WLI,ours,0,1,0.1,0.004572283647851027,0.5092692659406435,0.7948488167519836,0.12274848090277778
病例17,far,WLI,ours,0,1,0.15,0.012386732064178237,0.3776706293124948,0.8350906790354453,0.11137559678819445
病例17,far,WLI,ours,0,1,0.2,0.02003491562058359,0.304929753096683,0.8577769692528369,0.10481770833333333
病例17,far,WLI,ours,0,1,0.25,0.023526477678942555,0.269265940643445,0.8696231583591114,0.10162353515625
病例17,far,WLI,ours,0,1,0.3,0.1287721340094771,0.15620583589658327,0.8594390683907682,0.08381483289930555
病例17,far,WLI,ours,0,1,0.35,0.19602626984786764,0.09551916202510599,0.8465140706339598,0.07337782118055555
病例17,far,WLI,ours,0,1,0.4,0.246238257544268,0.06758666555823427,0.8276963804791286,0.06700303819444445
病例17,far,WLI,ours,0,1,0.45,0.28090448083797487,0.04746861750768975,0.8141176470549923,0.0625339084201389
病例17,far,WLI,ours,0,1,0.5,0.37368027267437026,0.03965416909136254,0.7518962075810783,0.054328070746527776
病例17,far,WLI,ours,0,1,0.55,0.3897248316568293,0.03716019619253471,0.7408790432419595,0.052815755208333336
病例17,far,WLI,ours,0,1,0.6,0.40443927175991357,0.03491562058358966,0.7305358690627107,0.051432291666666664
病例17,far,WLI,ours,0,1,0.65,0.41990190373264613,0.031922853104996256,0.7197153318512727,0.0499267578125
病例17,far,WLI,ours,0,1,0.7,0.43794164103416744,0.028846953196441934,0.7065893295672958,0.04820421006944445
病例17,far,WLI,ours,0,1,0.75,0.45930667553412585,0.024607199268434618,0.6908492219412031,0.04611545138888889
病例17,far,WLI,ours,0,1,0.8,0.4877379665807632,0.02078310749023194,0.6682934764889741,0.04348415798611111
病例17,far,WLI,ours,0,1,0.85,0.5219885277246654,0.01446504281320143,0.6405614660466743,0.04017469618055555
病例17,far,WLI,ours,0,1,0.9,0.5699559398121207,0.006816859256796076,0.5985882897442804,0.035637749565972224
病例17,far,WLI,ours,0,1,0.95,0.66397871809793,0.0022445756089450493,0.5021741831252194,0.027594672309027776
病例17,far,NBI,ours,0,1,0.05,0.04761191795178919,2.3405449917652343,0.4437004097995576,0.2983059353298611
病例17,far,NBI,ours,0,1,0.1,0.11723311873034885,1.296900733642761,0.5552573338970775,0.1974555121527778
病例17,far,NBI,ours,0,1,0.15,0.14433298397963767,1.1676149124120376,0.5660517518866756,0.18328857421875
病例17,far,NBI,ours,0,1,0.2,0.15271747267555022,1.092079652642611,0.5765077424598194,0.1756863064236111
病例17,far,NBI,ours,0,1,0.25,0.1566102709986525,1.0577182212906124,0.5814259541181807,0.17222086588541666
病例17,far,NBI,ours,0,1,0.3,0.1805659529869741,0.7951789189998503,0.6268109717670881,0.1462673611111111
病例17,far,NBI,ours,0,1,0.35,0.19366671657433748,0.6593801467285522,0.6540364939106353,0.1327785915798611
病例17,far,NBI,ours,0,1,0.4,0.20392274292558765,0.5623596346758497,0.6750888776007012,0.12306043836805555
病例17,far,NBI,ours,0,1,0.45,0.21687378350052403,0.49154064979787393,0.6885634359036085,0.11547173394097222
病例17,far,NBI,ours,0,1,0.5,0.3046114687827519,0.2972001796676149,0.6979749783946426,0.08991834852430555
病例17,far,NBI,ours,0,1,0.55,0.3170384788141937,0.2823027399311274,0.6950327594061594,0.08744303385416667
病例17,far,NBI,ours,0,1,0.6,0.3296900733642761,0.26733043868842643,0.6918827029297535,0.08494059244791667
病例17,far,NBI,ours,0,1,0.65,0.34421320556969603,0.2510106303338823,0.6878410741600729,0.08214653862847222
病例17,far,NBI,ours,0,1,0.7,0.3627039976044318,0.23671208264710286,0.6801422122770737,0.07917616102430555
病例17,far,NBI,ours,0,1,0.75,0.3845635574187753,0.22159005839197485,0.6700354537647417,0.07582600911458333
病例17,far,NBI,ours,0,1,0.8,0.4108399460997155,0.20212606677646355,0.6578067535913665,0.0716824001736111
病例17,far,NBI,ours,0,1,0.85,0.44093427159754456,0.17525078604581523,0.6447101480526407,0.06652153862847222
病例17,far,NBI,ours,0,1,0.9,0.4876478514747717,0.12936068273693666,0.6241678066547005,0.05813259548611111
病例17,far,NBI,ours,0,1,0.95,0.6627489145081599,0.008159904177272047,0.5013354106359819,0.031290690104166664
病例17,near,WLI,ours,0,1,0.05,0.034960689487477374,0.912382136006268,0.6707667461637614,0.47125244140625
病例17,near,WLI,ours,0,1,0.1,0.13146732229216762,0.22262448328965498,0.8306718346242498,0.2738918728298611
病例17,near,WLI,ours,0,1,0.15,0.17323643044335774,0.19247291492178423,0.8188873130123646,0.2558390299479167
病例17,near,WLI,ours,0,1,0.2,0.19984870180747305,0.1697241509739821,0.8123877055577178,0.24344889322916666
病例17,near,WLI,ours,0,1,0.25,0.21049361035311917,0.16221327641639424,0.8090366699417088,0.2388916015625
病例17,near,WLI,ours,0,1,0.3,0.3024612973820009,0.09969470186150813,0.7762360758245122,0.20011393229166666
病例17,near,WLI,ours,0,1,0.35,0.3400426877043201,0.0698133088374355,0.7630576033975336,0.18318006727430555
病例17,near,WLI,ours,0,1,0.4,0.36311566206468,0.05241401669683625,0.7540223267108819,0.17302110460069445
病例17,near,WLI,ours,0,1,0.45,0.380974252289736,0.0412827925323535,0.7456755569284726,0.1657443576388889
病例17,near,WLI,ours,0,1,0.5,0.45259773593061897,0.011185259233242375,0.7024337817211509,0.14021131727430555
病例17,near,WLI,ours,0,1,0.55,0.4630265042012266,0.009023856482857374,0.6946628918935118,0.1370510525173611
病例17,near,WLI,ours,0,1,0.6,0.4728608867154783,0.007186664145030125,0.6871280154944759,0.1341213650173611
病例17,near,WLI,ours,0,1,0.65,0.48410018101748037,0.0058357874260395,0.6780413322905368,0.13096110026041666
病例17,near,WLI,ours,0,1,0.7,0.4971766676573096,0.00486315618836625,0.6670131173380636,0.1274346245659722
病例17,near,WLI,ours,0,1,0.75,0.5126036797881826,0.004349823035149812,0.6534574564410232,0.12343343098958333
病例17,near,WLI,ours,0,1,0.8,0.5322184097479264,0.003971577553832437,0.6356794066882628,0.11841498480902778
病例17,near,WLI,ours,0,1,0.85,0.5588036635776619,0.0036203496068948748,0.6107298464749131,0.11165364583333333
病例17,near,WLI,ours,0,1,0.9,0.5984924215816064,0.00313403398805825,0.5716868628571423,0.10156928168402778
病例17,near,WLI,ours,0,1,0.95,0.7052386999162457,0.00021614027503849998,0.4552377375801564,0.07404242621527778
病例17,near,NBI,ours,0,1,0.05,0.0,0.5731658020615779,0.7772526738839605,0.95013427734375
病例17,near,NBI,ours,0,1,0.1,6.737182510274203e-05,0.25706842731702934,0.8860719189663459,0.7591824001736112
病例17,near,NBI,ours,0,1,0.15,0.0019650115654966426,0.1772665004828314,0.9176061281792423,0.7098388671875
病例17,near,NBI,ours,0,1,0.2,0.0037840508432706774,0.14655617687349817,0.9298384434389958,0.6901923285590278
病例17,near,NBI,ours,0,1,0.25,0.00617575063441802,0.13499068023086078,0.9336877861463101,0.6817626953125
病例17,near,NBI,ours,0,1,0.3,0.023018706910103527,0.0765119360416807,0.9515310586171525,0.6362711588541666
病例17,near,NBI,ours,0,1,0.35,0.035583552291764915,0.05424554784522446,0.9555006730517885,0.615234375
病例17,near,NBI,ours,0,1,0.4,0.050315524714231175,0.032484448337038785,0.9582275899568578,0.5931939019097222
病例17,near,NBI,ours,0,1,0.45,0.0646544948235981,0.022423589121695973,0.9555217802753259,0.5784573025173612
病例17,near,NBI,ours,0,1,0.5,0.10285431965685284,0.018976397403939006,0.9364180818765535,0.5533040364583334
病例17,near,NBI,ours,0,1,0.55,0.11013047676794897,0.018021963214983495,0.9328303308158099,0.5483330620659722
病例17,near,NBI,ours,0,1,0.6,0.11811403804262391,0.016798041725617014,0.9289444270307293,0.5427720811631944
病例17,near,NBI,ours,0,1,0.65,0.12605268476723033,0.013552965483168273,0.9260367525887279,0.5360175238715278
病例17,near,NBI,ours,0,1,0.7,0.13524893889375464,0.01235150126883604,0.9213679406111578,0.5297376844618056
病例17,near,NBI,ours,0,1,0.75,0.14653371959846392,0.011251094792157919,0.9153840595413232,0.5222574869791666
病例17,near,NBI,ours,0,1,0.8,0.16120954883334457,0.010072087852859934,0.9073583713919278,0.5126817491319444
病例17,near,NBI,ours,0,1,0.85,0.18569920725819128,0.007467043948887242,0.8939676904390982,0.4963175455729167
病例17,near,NBI,ours,0,1,0.9,0.24106761885512812,0.003604392642996699,0.8611818969465999,0.4605441623263889
病例17,near,NBI,ours,0,1,0.95,0.8519504143367244,0.0,0.25791496728357155,0.08941650390625
病例19,far,WLI,ours,0,1,0.05,0.0,8.291338582677165,0.19433817903513415,0.14404296875
病例19,far,WLI,ours,0,1,0.1,0.0,2.961942257217848,0.40306797143257456,0.061421712239583336
病例19,far,WLI,ours,0,1,0.15,0.0,2.310586176727909,0.4639740206975444,0.051323784722222224
病例19,far,WLI,ours,0,1,0.2,0.0013123359580052493,2.041119860017498,0.49442338927455953,0.047125922309027776
病例19,far,WLI,ours,0,1,0.25,0.0021872265966754157,1.8363954505686788,0.5204791785451172,0.043938530815972224
病例19,far,WLI,ours,0,1,0.3,0.003499562554680665,1.3206474190726158,0.6008176183489277,0.03592258029513889
病例19,far,WLI,ours,0,1,0.35,0.005249343832020997,1.2769028871391077,0.6081026875169394,0.03521728515625
病例19,far,WLI,ours,0,1,0.4,0.012248468941382326,1.236220472440945,0.612754409761021,0.034478081597222224
病例19,far,WLI,ours,0,1,0.45,0.02099737532808399,1.2077865266841645,0.6144131777540918,0.03390163845486111
病例19,far,WLI,ours,0,1,0.5,0.024496937882764653,1.1762904636920386,0.6190145732044551,0.03335910373263889
病例19,far,WLI,ours,0,1,0.55,0.027559055118110236,1.147419072615923,0.6233875490658527,0.03286404079861111
病例19,far,WLI,ours,0,1,0.6,0.0336832895888014,1.1198600174978128,0.6262225371987779,0.032341851128472224
病例19,far,WLI,ours,0,1,0.65,0.04024496937882765,1.0848643919510061,0.6304597701058842,0.031697591145833336
病例19,far,WLI,ours,0,1,0.7,0.045931758530183726,1.0271216097987752,0.6400586940478348,0.030714246961805556
病例19,far,WLI,ours,0,1,0.75,0.052930883639545054,0.9816272965879265,0.6467513069358215,0.029900444878472224
病例19,far,WLI,ours,0,1,0.8,0.06299212598425197,0.9216972878390202,0.6555470543128455,0.028815375434027776
病例19,far,WLI,ours,0,1,0.85,0.07874015748031496,0.842082239720035,0.6667722019840625,0.027336968315972224
病例19,far,WLI,ours,0,1,0.9,0.10454943132108487,0.6832895888013998,0.6944868532536983,0.02447509765625
病例19,far,WLI,ours,0,1,0.95,0.21959755030621173,0.2677165354330709,0.7620674925082856,0.016248914930555556
病例19,far,NBI,ours,0,1,0.05,0.0,18.144540179356426,0.09928248459340856,0.7383558485243056
病例19,far,NBI,ours,0,1,0.1,0.0,4.84789871637067,0.29206039441173975,0.22553846571180555
病例19,far,NBI,ours,0,1,0.15,0.00017583963425356076,3.439950764902409,0.3675976208935622,0.1712307400173611
病例19,far,NBI,ours,0,1,0.2,0.000703358537014243,2.7202391419025846,0.4234724292085563,0.14345296223958334
病例19,far,NBI,ours,0,1,0.25,0.0019342359767891683,2.4098821874450502,0.45284825275070667,0.1314358181423611
病例19,far,NBI,ours,0,1,0.3,0.004220151222085458,1.3017408123791103,0.6039567002580709,0.08860948350694445
病例19,far,NBI,ours,0,1,0.35,0.008791981712678037,0.785827325479163,0.7138605711345921,0.06853569878472222
病例19,far,NBI,ours,0,1,0.4,0.013363812203270617,0.5656761033937049,0.7731312435358378,0.059868706597222224
病例19,far,NBI,ours,0,1,0.45,0.02110075611042729,0.4362581325830842,0.8106297779336684,0.05457899305555555
病例19,far,NBI,ours,0,1,0.5,0.025145067698259187,0.2720239141902585,0.867741430577025,0.048088921440972224
病例19,far,NBI,ours,0,1,0.55,0.028661860383330403,0.23017408123791103,0.8824281150089263,0.04633924696180555
病例19,far,NBI,ours,0,1,0.6,0.03305785123966942,0.1863900123087744,0.8980891719671885,0.04448106553819445
病例19,far,NBI,ours,0,1,0.65,0.038157200633022685,0.14999120801828733,0.9109075770115661,0.04288058810763889
病例19,far,NBI,ours,0,1,0.7,0.04677334271144716,0.13733075435203096,0.9119354024652037,0.042060004340277776
病例19,far,NBI,ours,0,1,0.75,0.0555653244241252,0.12467030068577457,0.9128919860549597,0.04123263888888889
病例19,far,NBI,ours,0,1,0.8,0.06558818357657815,0.11183400738526464,0.913293804237232,0.040351019965277776
病例19,far,NBI,ours,0,1,0.85,0.07789695797432741,0.09337084578864076,0.915023556090429,0.039164225260416664
病例19,far,NBI,ours,0,1,0.9,0.0972393177422191,0.06875329699314225,0.9158044951755636,0.037468804253472224
病例19,far,NBI,ours,0,1,0.95,0.16950940742043258,0.024617548795498507,0.89535545022848,0.032979329427083336
病例19,near,WLI,ours,0,1,0.05,0.0,2.3830287678668354,0.4563054695543599,0.1268039279513889
病例19,near,WLI,ours,0,1,0.1,0.0,0.7593631264700561,0.7248049308194557,0.0659450954861111
病例19,near,WLI,ours,0,1,0.15,0.0,0.6453772390085037,0.75603583885674,0.06167263454861111
病例19,near,WLI,ours,0,1,0.2,0.0,0.574090826850009,0.7769733605062418,0.059000651041666664
病例19,near,WLI,ours,0,1,0.25,0.0,0.5436945901935951,0.7862579130749964,0.057861328125
病例19,near,WLI,ours,0,1,0.3,0.0,0.4389361317170255,0.8200296735844211,0.053934733072916664
病例19,near,WLI,ours,0,1,0.35,0.0003618599601954044,0.3884566672697666,0.8371846351932934,0.05202907986111111
病例19,near,WLI,ours,0,1,0.4,0.001990229781074724,0.35769857065315724,0.8473118279504814,0.05081515842013889
病例19,near,WLI,ours,0,1,0.45,0.0025330197213678306,0.3296544237380134,0.8572539262878459,0.04974365234375
病例19,near,WLI,ours,0,1,0.5,0.0032567396417586395,0.31228514564863397,0.8633443033939558,0.049065483940972224
病例19,near,WLI,ours,0,1,0.55,0.003799529582051746,0.2974488872806224,0.8686597775430412,0.04848904079861111
病例19,near,WLI,ours,0,1,0.6,0.004342319522344852,0.28188890899222,0.8743247537267689,0.04788547092013889
病例19,near,WLI,ours,0,1,0.65,0.005427899402931066,0.2637959109824498,0.8807883351956354,0.04716661241319445
病例19,near,WLI,ours,0,1,0.7,0.006332549303419577,0.24280803329111633,0.8886012458467065,0.046346028645833336
病例19,near,WLI,ours,0,1,0.75,0.008503709064592004,0.22109643567939208,0.896230272296212,0.045450846354166664
病例19,near,WLI,ours,0,1,0.8,0.011941378686448345,0.19468065858512756,0.9053381962789676,0.044331868489583336
病例19,near,WLI,ours,0,1,0.85,0.01972136783064954,0.16392256196851818,0.9143532191299101,0.042887369791666664
病例19,near,WLI,ours,0,1,0.9,0.034014836258368014,0.11796634702370183,0.9270706719836163,0.040629069010416664
病例19,near,WLI,ours,0,1,0.95,0.12882214582956397,0.050841324407454314,0.906523580900814,0.03455946180555555
病例19,near,NBI,ours,0,1,0.05,0.008368667708100871,2.3802722606561035,0.45363824302479866,0.20493570963541666
病例19,near,NBI,ours,0,1,0.1,0.05567953581789779,0.5787770586922562,0.7485405979093024,0.09256998697916667
病例19,near,NBI,ours,0,1,0.15,0.07029680874804731,0.45826824369560365,0.7786552030242575,0.08435736762152778
病例19,near,NBI,ours,0,1,0.2,0.07911180540058023,0.3985717473778175,0.794053976038899,0.08019341362847222
病例19,near,NBI,ours,0,1,0.25,0.08491408167819683,0.374693148850703,0.7992787875795562,0.07838948567708333
病例19,near,NBI,ours,0,1,0.3,0.09071635795581344,0.2650078107565276,0.8363953607675438,0.07137044270833333
病例19,near,NBI,ours,0,1,0.35,0.10209774603883062,0.21591162686900245,0.8495565878333532,0.06769476996527778
病例19,near,NBI,ours,0,1,0.4,0.11124748939968757,0.18522651193929926,0.8570506267775485,0.0652737087673611
病例19,near,NBI,ours,0,1,0.45,0.12151305512162464,0.16558803838428923,0.8595447349699243,0.06345621744791667
病例19,near,NBI,ours,0,1,0.5,0.12820798928810534,0.15621513055121625,0.8597524071479518,0.062479654947916664
病例19,near,NBI,ours,0,1,0.55,0.134568176746262,0.14829279178754742,0.8595334404562557,0.06161159939236111
病例19,near,NBI,ours,0,1,0.6,0.14360633787101093,0.14025887078777058,0.8578294400309722,0.06057400173611111
病例19,near,NBI,ours,0,1,0.65,0.15242133452354384,0.12954697612140148,0.8573847282529635,0.05938720703125
病例19,near,NBI,ours,0,1,0.7,0.16558803838428923,0.11928141039946441,0.8541892740827335,0.057963053385416664
病例19,near,NBI,ours,0,1,0.75,0.18254853827270698,0.10276723945547869,0.8514149572848427,0.055928548177083336
病例19,near,NBI,ours,0,1,0.8,0.20598080785538941,0.08781521981700513,0.8438778535378364,0.053595648871527776
病例19,near,NBI,ours,0,1,0.85,0.2412407944655211,0.07420218701182772,0.8279052778911067,0.05062527126736111
病例19,near,NBI,ours,0,1,0.9,0.31220709663021645,0.056795358178977906,0.7884873680793828,0.04525417751736111
病例19,near,NBI,ours,0,1,0.95,0.5985271144833743,0.01394777951350145,0.5672841939253662,0.025248209635416668
病例21,far,WLI,ours,0,1,0.05,0.4334023464458247,6.013112491373361,0.1495037785666492,0.387939453125
病例21,far,WLI,ours,0,1,0.1,0.7389003910743042,1.7732919254658386,0.1720935521770513,0.11994764539930555
病例21,far,WLI,ours,0,1,0.15,0.7938808373590982,1.2234874626178973,0.16967286843644522,0.08428955078125
病例21,far,WLI,ours,0,1,0.2,0.8166551644812514,0.9355877616747182,0.1730539572241176,0.06597222222222222
病例21,far,WLI,ours,0,1,0.25,0.8250517598343685,0.8633540372670807,0.17166074149217503,0.06121826171875
病例21,far,WLI,ours,0,1,0.3,0.9021164021164021,0.4420289855072464,0.12712877203370831,0.03183322482638889
病例21,far,WLI,ours,0,1,0.35,0.9262709914883828,0.3784219001610306,0.10154455445464122,0.026658799913194444
病例21,far,WLI,ours,0,1,0.4,0.9404186795491143,0.34644582470669427,0.08475130889983024,0.023939344618055556
病例21,far,WLI,ours,0,1,0.45,0.9522659305268001,0.3230963883137796,0.06964255747550224,0.021864149305555556
病例21,far,WLI,ours,0,1,0.5,0.979296066252588,0.27662755923625487,0.03191772320212857,0.017530653211805556
病例21,far,WLI,ours,0,1,0.55,0.9848171152518979,0.2589141936968024,0.023833167825008276,0.016160753038194444
病例21,far,WLI,ours,0,1,0.6,0.9899930986887508,0.24154589371980675,0.015991177281352898,0.01483154296875
病例21,far,WLI,ours,0,1,0.65,0.9949390384172992,0.2204968944099379,0.00825903331761371,0.013298882378472222
病例21,far,WLI,ours,0,1,0.7,0.9993098688750862,0.19358178053830227,0.0011557353365967856,0.011454264322916666
病例21,far,WLI,ours,0,1,0.75,1.0,0.16367609845870715,0.0,0.009650336371527778
病例21,far,WLI,ours,0,1,0.8,1.0,0.1351506786289395,0.0,0.007968478732638888
病例21,far,WLI,ours,0,1,0.85,1.0,0.10248447204968944,0.0,0.00604248046875
病例21,far,WLI,ours,0,1,0.9,1.0,0.04359328272371751,0.0,0.002570258246527778
病例21,far,WLI,ours,0,1,0.95,1.0,0.0,0.0,0.0
病例21,far,NBI,ours,0,1,0.05,0.0,3.037413358538122,0.39702916112829795,0.3476223415798611
病例21,far,NBI,ours,0,1,0.1,0.0,1.7966288594833018,0.5267831210312295,0.2407904730902778
病例21,far,NBI,ours,0,1,0.15,0.0,1.6736767485822306,0.5444137132554095,0.23020426432291666
病例21,far,NBI,ours,0,1,0.2,0.0,1.6055450535601765,0.5547011534416404,0.2243381076388889
病例21,far,NBI,ours,0,1,0.25,0.0,1.5757718966603655,0.5593197938222844,0.2217746310763889
病例21,far,NBI,ours,0,1,0.3,0.0,1.4350189035916825,0.5822384260838269,0.20965576171875
病例21,far,NBI,ours,0,1,0.35,0.0007876496534341525,1.3442028985507246,0.5977195627577324,0.20176866319444445
病例21,far,NBI,ours,0,1,0.4,0.00315059861373661,1.2712665406427222,0.6100453099377952,0.1952853732638889
病例21,far,NBI,ours,0,1,0.45,0.007561436672967864,1.2154221802142406,0.6187541434414056,0.1900973849826389
病例21,far,NBI,ours,0,1,0.5,0.03347511027095148,1.0476528040327662,0.6413191177990977,0.17342122395833334
病例21,far,NBI,ours,0,1,0.55,0.03946124763705104,0.9923597983616887,0.6505734862612681,0.1681450737847222
病例21,far,NBI,ours,0,1,0.6,0.04481726528040328,0.9365154379332074,0.6606379211705373,0.1628757052951389
病例21,far,NBI,ours,0,1,0.65,0.050960932577189665,0.872715816005041,0.6726587578487853,0.1568535698784722
病例21,far,NBI,ours,0,1,0.7,0.05867989918084436,0.795919974795211,0.687787753220857,0.14957682291666666
病例21,far,NBI,ours,0,1,0.75,0.06702898550724638,0.6859640831758034,0.712481203005376,0.13939073350694445
病例21,far,NBI,ours,0,1,0.8,0.07978890989287965,0.5867989918084436,0.7341104024608561,0.1297539605034722
病例21,far,NBI,ours,0,1,0.85,0.09640831758034027,0.4706994328922495,0.7611464968127616,0.11832682291666667
病例21,far,NBI,ours,0,1,0.9,0.13303402646502835,0.2660680529300567,0.812894649382176,0.09755452473958333
病例21,far,NBI,ours,0,1,0.95,0.3444391934467549,0.026937618147448016,0.7792706333936648,0.05876329210069445
病例21,near,WLI,ours,0,1,0.05,0.0,2.9060636182902586,0.4076587985001996,0.47967529296875
病例21,near,WLI,ours,0,1,0.1,0.0010492599955820633,0.8504528385244091,0.7011647964015327,0.22711181640625
病例21,near,WLI,ours,0,1,0.15,0.006737353655842721,0.7354760326927325,0.7280012952304541,0.21229383680555555
病例21,near,WLI,ours,0,1,0.2,0.015131433620499226,0.6727413297989838,0.741168647658671,0.2035590277777778
病例21,near,WLI,ours,0,1,0.25,0.020764303070466093,0.6521426993593992,0.7442758504884798,0.20033772786458334
病例21,near,WLI,ours,0,1,0.3,0.07604373757455268,0.4752595537883808,0.7702152146374261,0.17182752821180555
病例21,near,WLI,ours,0,1,0.35,0.13331124364921582,0.4134636624696267,0.7602024752336937,0.15720621744791666
病例21,near,WLI,ours,0,1,0.4,0.15904572564612326,0.3718798321184007,0.7600698777121037,0.14893934461805555
病例21,near,WLI,ours,0,1,0.45,0.17826375082836315,0.33857963331124363,0.7607556430359652,0.1424899631076389
病例21,near,WLI,ours,0,1,0.5,0.2231610337972167,0.25347912524850896,0.7652386780884938,0.12652587890625
病例21,near,WLI,ours,0,1,0.55,0.23354318533244975,0.24177159266622486,0.7633163756338146,0.1238132052951389
病例21,near,WLI,ours,0,1,0.6,0.24259995582063176,0.23161033797216699,0.7615848071722754,0.12145317925347222
病例21,near,WLI,ours,0,1,0.65,0.2537552462999779,0.22155953169869672,0.7584542418523322,0.11884901258680555
病例21,near,WLI,ours,0,1,0.7,0.26656726308813783,0.2101833443781754,0.7547094757756649,0.1158786349826389
病例21,near,WLI,ours,0,1,0.75,0.28103600618511154,0.19715043074884028,0.7504395192646326,0.11250135633680555
病例21,near,WLI,ours,0,1,0.8,0.29914954716147557,0.1817981002871659,0.7445366812333327,0.10839165581597222
病例21,near,WLI,ours,0,1,0.85,0.32427656284515133,0.16346366246962668,0.7348066298320478,0.1030544704861111
病例21,near,WLI,ours,0,1,0.9,0.36840070686989174,0.1317097415506958,0.7163795803297326,0.09373643663194445
病例21,near,WLI,ours,0,1,0.95,0.5046940578749723,0.05075104925999558,0.6407343906249438,0.06705729166666667
病例21,near,NBI,ours,0,1,0.05,0.018971981057616417,0.24053867403314916,0.8831857463869103,0.8396945529513888
病例21,near,NBI,ours,0,1,0.1,0.09341949486977111,0.014739542225730071,0.9437058717805624,0.6333075629340278
病例21,near,NBI,ours,0,1,0.15,0.1322711128650355,0.00707379636937648,0.9256748934373911,0.6013319227430556
病例21,near,NBI,ours,0,1,0.2,0.15094711917916337,0.00393646408839779,0.9164142072948336,0.5863376193576388
病例21,near,NBI,ours,0,1,0.25,0.161681136543015,0.002594711917916338,0.9107639540175724,0.5780368381076388
病例21,near,NBI,ours,0,1,0.3,0.25817876874506707,0.0016475927387529597,0.850971604476708,0.5110541449652778
病例21,near,NBI,ours,0,1,0.35,0.31711720599842147,0.0009273875295974744,0.8111161240041886,0.4700453016493056
病例21,near,NBI,ours,0,1,0.4,0.36136543014996053,0.000749802683504341,0.7791151124158808,0.4395073784722222
病例21,near,NBI,ours,0,1,0.45,0.393034727703236,0.0007300710339384372,0.7550749895672727,0.417724609375
病例21,near,NBI,ours,0,1,0.5,0.48504340962904496,0.0005919494869771113,0.6795646286840696,0.3543836805555556
病例21,near,NBI,ours,0,1,0.55,0.49574782951854773,0.0005623520126282558,0.6701851463333485,0.3470052083333333
病例21,near,NBI,ours,0,1,0.6,0.5066594317284925,0.0005623520126282558,0.6604720582209583,0.3395046657986111
病例21,near,NBI,ours,0,1,0.65,0.5186858721389108,0.0005623520126282558,0.6496008734841184,0.33123779296875
病例21,near,NBI,ours,0,1,0.7,0.5342738752959747,0.0005623520126282558,0.6352448813436445,0.3205227322048611
病例21,near,NBI,ours,0,1,0.75,0.553679952644041,0.0005623520126282558,0.6169403229321563,0.3071831597222222
病例21,near,NBI,ours,0,1,0.8,0.5760359116022099,0.0005623520126282558,0.595235127085951,0.2918158637152778
病例21,near,NBI,ours,0,1,0.85,0.6114640883977901,0.0005327545382794002,0.5594193016843096,0.2674424913194444
病例21,near,NBI,ours,0,1,0.9,0.7177190213101815,0.0005228887134964483,0.4400999807725898,0.19439697265625
病例21,near,NBI,ours,0,1,0.95,0.9724546172059985,0.0,0.053613948843945755,0.018934461805555556
病例29,near,WLI,ours,0,1,0.05,0.39657320872274143,0.22318647085002224,0.6607055842494379,0.12596299913194445
病例29,near,WLI,ours,0,1,0.1,0.5097463284379172,0.016421895861148197,0.6507753655275417,0.07720947265625
病例29,near,WLI,ours,0,1,0.15,0.5416110369381397,0.011927013796172675,0.6235244264161768,0.07166883680555555
病例29,near,WLI,ours,0,1,0.2,0.5677792612372051,0.009167779261237205,0.5997282944281841,0.0672607421875
病例29,near,WLI,ours,0,1,0.25,0.5774810858923008,0.00814419225634179,0.5906616480524134,0.06562635633680555
病例29,near,WLI,ours,0,1,0.3,0.6359145527369826,0.0063640409434801955,0.5313372734931112,0.056450737847222224
病例29,near,WLI,ours,0,1,0.35,0.6610146862483312,0.00529595015576324,0.5043368867095798,0.05246310763888889
病例29,near,WLI,ours,0,1,0.4,0.6763239875389409,0.005028927458834001,0.487205251874038,0.050089518229166664
病例29,near,WLI,ours,0,1,0.45,0.6894526034712951,0.004450378282153983,0.47231623121540434,0.04800075954861111
病例29,near,WLI,ours,0,1,0.5,0.7004450378282154,0.0041388518024032045,0.459548030311806,0.04627821180555555
病例29,near,WLI,ours,0,1,0.55,0.7084557187360926,0.0039163328882955055,0.45010134322563433,0.045023600260416664
病例29,near,WLI,ours,0,1,0.6,0.7155763239875389,0.0038273253226524255,0.44156561992454635,0.043924967447916664
病例29,near,WLI,ours,0,1,0.65,0.724076546506453,0.003738317757009346,0.4312443486108672,0.04261610243055555
病例29,near,WLI,ours,0,1,0.7,0.7343569203382287,0.003693813974187806,0.4185540985890942,0.04104275173611111
病例29,near,WLI,ours,0,1,0.75,0.7469514908767245,0.003604806408544726,0.4027340014859839,0.03910997178819445
病例29,near,WLI,ours,0,1,0.8,0.7645749888740543,0.0035157988429016466,0.38004238657861256,0.03641086154513889
病例29,near,WLI,ours,0,1,0.85,0.7924343569203383,0.003115264797507788,0.3428907513588337,0.0321044921875
病例29,near,WLI,ours,0,1,0.9,0.8339563862928349,0.0019136626613262128,0.28433165675855687,0.025594075520833332
病例29,near,WLI,ours,0,1,0.95,0.9141076991544281,0.000267022696929239,0.15815783004114498,0.013129340277777778
病例29,near,NBI,ours,0,1,0.05,0.011143845267068016,0.463131377823321,0.8065751898014791,0.2306247287326389
病例29,near,NBI,ours,0,1,0.1,0.07019341616498015,0.0376158148669997,0.9452028038782413,0.1536593967013889
病例29,near,NBI,ours,0,1,0.15,0.09820246787071432,0.023525895563810257,0.9367751092166483,0.14697265625
病例29,near,NBI,ours,0,1,0.2,0.12206993723581401,0.01840228854446864,0.9259242581147252,0.1423678927951389
病例29,near,NBI,ours,0,1,0.25,0.1317620938474019,0.015584304683830751,0.921783277802131,0.140380859375
病例29,near,NBI,ours,0,1,0.3,0.17702062251825285,0.013791042227061184,0.8961156698182289,0.1329074435763889
病例29,near,NBI,ours,0,1,0.35,0.2037914691943128,0.01216856667093634,0.8805779855482821,0.12839762369791666
病例29,near,NBI,ours,0,1,0.4,0.22133982323555784,0.010930361641262116,0.8702104308802066,0.12541368272569445
病例29,near,NBI,ours,0,1,0.45,0.23568592288971435,0.009948336962554972,0.8615569726847273,0.12297905815972222
病例29,near,NBI,ours,0,1,0.5,0.2655309337773793,0.00952136971094317,0.8422856583243346,0.11817084418402778
病例29,near,NBI,ours,0,1,0.55,0.27680286921993086,0.008582041757397208,0.8352071005896567,0.11623128255208333
病例29,near,NBI,ours,0,1,0.6,0.28581187822893983,0.007813500704495964,0.8294860033204495,0.11467827690972222
病例29,near,NBI,ours,0,1,0.65,0.29563212501601127,0.0070449596515947226,0.8231419803886357,0.11299641927083333
病例29,near,NBI,ours,0,1,0.7,0.30745911788565816,0.00614832842320994,0.8153826819132453,0.11097547743055555
病例29,near,NBI,ours,0,1,0.75,0.3215917339140088,0.004525852867085094,0.806220824028805,0.10847303602430555
病例29,near,NBI,ours,0,1,0.8,0.3392254814055762,0.003671918363861492,0.7939871225898623,0.10553656684027778
病例29,near,NBI,ours,0,1,0.85,0.36548396737970196,0.002433713334187268,0.7752419207575179,0.1011691623263889
病例29,near,NBI,ours,0,1,0.9,0.40557619230605013,0.0017078690064472055,0.7448305379430628,0.09468587239583333
病例29,near,NBI,ours,0,1,0.95,0.5127876691857735,0.0014089919303189446,0.6545819589827776,0.0776095920138889
病例40,far,WLI,ours,0,1,0.05,0.013013517731518164,0.8398520972892506,0.6982970229747328,0.5159912109375
病例40,far,WLI,ours,0,1,0.1,0.13066340128214363,0.35835194122307856,0.7804830730421309,0.3467610677083333
病例40,far,WLI,ours,0,1,0.15,0.143052654325434,0.3368148094792192,0.781258208562318,0.3371785481770833
病例40,far,WLI,ours,0,1,0.2,0.1587072918917621,0.3247376887800427,0.7768060035684693,0.329345703125
病例40,far,WLI,ours,0,1,0.25,0.1620687171360657,0.31796681793080267,0.7773384860389378,0.3264838324652778
病例40,far,WLI,ours,0,1,0.3,0.19335398208840548,0.2621671588753631,0.7798152360605591,0.3018866644965278
病例40,far,WLI,ours,0,1,0.35,0.2068717136065692,0.22852889625201087,0.7846318289776905,0.2885674370659722
病例40,far,WLI,ours,0,1,0.4,0.21652380609378377,0.20896059929410069,0.7864502367945405,0.2803141276041667
病例40,far,WLI,ours,0,1,0.45,0.22800067228504886,0.19669139715239262,0.7842768983086759,0.2736070421006944
病例40,far,WLI,ours,0,1,0.5,0.2522989747653005,0.1410117889985354,0.7917572429213331,0.2510172526041667
病例40,far,WLI,ours,0,1,0.55,0.25791735695935075,0.13520132536195348,0.7905917863573348,0.24778917100694445
病例40,far,WLI,ours,0,1,0.6,0.2656246248409326,0.12970299406948546,0.7879232840001701,0.24405924479166666
病例40,far,WLI,ours,0,1,0.65,0.27196331244447647,0.12300415376119475,0.7866241212016672,0.24037679036458334
病例40,far,WLI,ours,0,1,0.7,0.27892626473624815,0.1163773439938534,0.7848630566579751,0.2365383572048611
病例40,far,WLI,ours,0,1,0.75,0.2896348051573867,0.10732550601455017,0.781612839309449,0.23095703125
病例40,far,WLI,ours,0,1,0.8,0.30617781939542366,0.09644889433119642,0.775102933089099,0.2232123480902778
病例40,far,WLI,ours,0,1,0.85,0.3293476434008019,0.0827390813705011,0.764977337148226,0.2127956814236111
病例40,far,WLI,ours,0,1,0.9,0.3666834737928882,0.05178995894259166,0.7516635082559143,0.1935085720486111
病例40,far,WLI,ours,0,1,0.95,0.5947081562582535,0.0,0.5768080780457947,0.1144748263888889
病例40,far,NBI,ours,0,1,0.05,0.10367475889590955,2.0297638842700367,0.45659953835957773,0.2386813693576389
病例40,far,NBI,ours,0,1,0.1,0.24459594280013303,0.20618556701030927,0.7701958124914376,0.07843695746527778
病例40,far,NBI,ours,0,1,0.15,0.299883604921849,0.17051878949118723,0.7485333333300065,0.0710177951388889
病例40,far,NBI,ours,0,1,0.2,0.3198370468905886,0.1487362820086465,0.7437948904412046,0.06761338975694445
病例40,far,NBI,ours,0,1,0.25,0.3323910874625873,0.13934153641503158,0.7389343885122898,0.0658230251736111
病例40,far,NBI,ours,0,1,0.3,0.37354506152311273,0.10034918523445294,0.7255657197846627,0.059285481770833336
病例40,far,NBI,ours,0,1,0.35,0.3949118722979714,0.08305620219487862,0.71686776655643,0.056131998697916664
病例40,far,NBI,ours,0,1,0.4,0.40962753574991684,0.07116727635517127,0.7106329747274924,0.053961859809027776
病例40,far,NBI,ours,0,1,0.45,0.42043565014965084,0.063102760226139,0.7056382224885837,0.052422417534722224
病例40,far,NBI,ours,0,1,0.5,0.4325739940139674,0.04073827735284337,0.7056816419340036,0.04960801866319445
病例40,far,NBI,ours,0,1,0.55,0.44171932158297306,0.03658131027602261,0.7000990460266897,0.04852294921875
病例40,far,NBI,ours,0,1,0.6,0.45061523112736945,0.03192550714998337,0.6948475289132763,0.047417534722222224
病例40,far,NBI,ours,0,1,0.65,0.46267043565014965,0.02909876953774526,0.6860570033401302,0.04620361328125
病例40,far,NBI,ours,0,1,0.7,0.47746923844363154,0.027352843365480547,0.6742838751170782,0.044854058159722224
病例40,far,NBI,ours,0,1,0.75,0.49434652477552377,0.026355171267043564,0.6601183046580554,0.04339599609375
病例40,far,NBI,ours,0,1,0.8,0.5149650814765547,0.025856335217825075,0.6420513949230063,0.04167344835069445
病例40,far,NBI,ours,0,1,0.85,0.5385766544728966,0.025024941802460926,0.6208400917242528,0.039679633246527776
病例40,far,NBI,ours,0,1,0.9,0.5752411040904556,0.024193548387096774,0.5862979114035672,0.03662109375
病例40,far,NBI,ours,0,1,0.95,0.6675257731958762,0.01737612238111074,0.49260901699622683,0.028537326388888888
病例40,near,WLI,ours,0,1,0.05,0.0004888843145327295,1.0148209139563606,0.6631725409515548,0.5309041341145834
病例40,near,WLI,ours,0,1,0.1,0.02187114038699053,0.33987752161383283,0.8439397471323898,0.3473782009548611
病例40,near,WLI,ours,0,1,0.15,0.032703787566899956,0.2916323589954714,0.8564203619951288,0.3318074544270833
病例40,near,WLI,ours,0,1,0.2,0.04544051049814739,0.26500102923013585,0.8601337800386499,0.3214314778645833
病例40,near,WLI,ours,0,1,0.25,0.05071531494442157,0.25401399752984766,0.8616940522476477,0.3171454535590278
病例40,near,WLI,ours,0,1,0.3,0.08900267599835324,0.18917249897076988,0.867546342239292,0.2899644639756944
病例40,near,WLI,ours,0,1,0.35,0.11493927542198436,0.16719843557019348,0.8625233515956036,0.2773369683159722
病例40,near,WLI,ours,0,1,0.4,0.1365531082750103,0.15505351996706462,0.8555330350416771,0.2684393988715278
病例40,near,WLI,ours,0,1,0.45,0.15428159736517086,0.14800329353643474,0.8483816013617671,0.2619086371527778
病例40,near,WLI,ours,0,1,0.5,0.21369390695759571,0.13897179909427748,0.8168234790965241,0.2438693576388889
病例40,near,WLI,ours,0,1,0.55,0.2229055166735282,0.1350092630712227,0.8128162342544774,0.24039713541666666
病例40,near,WLI,ours,0,1,0.6,0.23206566488266778,0.1310981885549609,0.8087637526410374,0.23695203993055555
病例40,near,WLI,ours,0,1,0.65,0.2422550432276657,0.126904075751338,0.8041231483366726,0.2331610785590278
病例40,near,WLI,ours,0,1,0.7,0.25419411280362286,0.122143886372993,0.7985288445633388,0.228759765625
病例40,near,WLI,ours,0,1,0.75,0.2689121037463977,0.1171263894606834,0.7911289312105262,0.22355821397569445
病例40,near,WLI,ours,0,1,0.8,0.28676924660354053,0.10971593248250308,0.7825031405694207,0.21689860026041666
病例40,near,WLI,ours,0,1,0.85,0.30797138740222313,0.09862597776862907,0.7729336705357327,0.20838758680555555
病例40,near,WLI,ours,0,1,0.9,0.3425535199670646,0.08236414162206669,0.7557678655928245,0.19498697916666666
病例40,near,WLI,ours,0,1,0.95,0.4935158501440922,0.04582647179909428,0.6525551558940931,0.14556884765625
病例40,near,NBI,ours,0,1,0.05,0.0,1.6125371732665519,0.5536275210671681,0.6791788736979166
病例40,near,NBI,ours,0,1,0.1,0.0,0.6465278864715396,0.7557071324362696,0.4280463324652778
病例40,near,NBI,ours,0,1,0.15,0.0,0.5821724839568008,0.7745415972109162,0.41131591796875
病例40,near,NBI,ours,0,1,0.2,0.0,0.5464600615641467,0.7854040321250764,0.4020317925347222
病例40,near,NBI,ours,0,1,0.25,5.217300568685762e-05,0.5319559659832003,0.7898782171476953,0.3982476128472222
病例40,near,NBI,ours,0,1,0.3,0.00010434601137371524,0.4902175614337142,0.8030925243035503,0.3873833550347222
病例40,near,NBI,ours,0,1,0.35,0.00015651901706057285,0.4795481817707518,0.8065232258395428,0.3845960828993056
病例40,near,NBI,ours,0,1,0.4,0.00041738404549486094,0.4722700474774352,0.8087720038828056,0.3826361762152778
病例40,near,NBI,ours,0,1,0.45,0.002452131267282308,0.4660353732978557,0.8098349198945247,0.3804863823784722
病例40,near,NBI,ours,0,1,0.5,0.005556425105650337,0.4634267230135128,0.8091912545098607,0.3790011935763889
病例40,near,NBI,ours,0,1,0.55,0.006860750247821777,0.46013982365524075,0.8096422950950516,0.3778076171875
病例40,near,NBI,ours,0,1,0.6,0.010486774143058382,0.453461678927323,0.8100887355969524,0.3751288519965278
病例40,near,NBI,ours,0,1,0.65,0.01732143788803673,0.44354880784682005,0.8100465556347264,0.3707750108506944
病例40,near,NBI,ours,0,1,0.7,0.023321333542025355,0.43094902697344395,0.8113203458504222,0.3659396701388889
病例40,near,NBI,ours,0,1,0.75,0.04184275056085981,0.4123493504460792,0.8083987190623979,0.3562893337673611
病例40,near,NBI,ours,0,1,0.8,0.06362498043512287,0.38287160223300465,0.8074820597025988,0.3429633246527778
病例40,near,NBI,ours,0,1,0.85,0.09790264517138833,0.33002034747221787,0.8082883388252247,0.3203125
病例40,near,NBI,ours,0,1,0.9,0.19330098606980747,0.23816977096050504,0.7889983160677795,0.2716335720486111
病例40,near,NBI,ours,0,1,0.95,0.860385036781969,0.012234569833568111,0.24241875212265335,0.03947618272569445
病例44,far,WLI,ours,0,1,0.05,0.0068759660998880655,1.3935824316401044,0.5864836790572784,0.3036634657118056
病例44,far,WLI,ours,0,1,0.1,0.0464260966899419,0.4654869143435851,0.7883835713009246,0.1805487738715278
病例44,far,WLI,ours,0,1,0.15,0.06460210010127392,0.37471350141250465,0.8098292570355103,0.16668701171875
病例44,far,WLI,ours,0,1,0.2,0.07782101167315175,0.332924684185278,0.8178595064743834,0.15968831380208334
病例44,far,WLI,ours,0,1,0.25,0.08384414476840253,0.3150151910878951,0.8212331876040487,0.1566433376736111
病例44,far,WLI,ours,0,1,0.3,0.12323436917008689,0.22434838228239432,0.83457216063108,0.14009602864583334
病例44,far,WLI,ours,0,1,0.35,0.15377645114865945,0.18559778263418794,0.8329704346891761,0.1312798394097222
病例44,far,WLI,ours,0,1,0.4,0.17845530622035072,0.1634774265764085,0.8277436159049764,0.12532552083333334
病例44,far,WLI,ours,0,1,0.45,0.19972282927349289,0.1469004850487714,0.821986805724393,0.1205105251736111
病例44,far,WLI,ours,0,1,0.5,0.2564895261446618,0.08176536431959917,0.8146828641490051,0.10500081380208333
病例44,far,WLI,ours,0,1,0.55,0.27525185224668197,0.07174457651511114,0.8068478518846225,0.10133870442708333
病例44,far,WLI,ours,0,1,0.6,0.29502691754170884,0.06199029902457225,0.7979487179463108,0.09758165147569445
病例44,far,WLI,ours,0,1,0.65,0.31187036938329515,0.05037044933638932,0.7916360068653678,0.0939602322048611
病例44,far,WLI,ours,0,1,0.7,0.330419487234156,0.03565908000639625,0.7853213303301284,0.08972846137152778
病例44,far,WLI,ours,0,1,0.75,0.3516337082245083,0.01838921166249134,0.777998081225526,0.08483208550347222
病例44,far,WLI,ours,0,1,0.8,0.37663237567293856,0.0,0.7679931704729183,0.0793117947048611
病例44,far,WLI,ours,0,1,0.85,0.408453707158467,0.0,0.7433604608300902,0.07526312934027778
病例44,far,WLI,ours,0,1,0.9,0.4595170833111241,0.0,0.7017058233254846,0.06876627604166667
病例44,far,WLI,ours,0,1,0.95,0.5766217152603805,0.0,0.5948921509863881,0.05386691623263889
病例44,far,NBI,ours,0,1,0.05,0.0,1.8959266368095542,0.5133566892920498,0.3683539496527778
病例44,far,NBI,ours,0,1,0.1,0.010929835785881852,0.5569950949029644,0.7769401516087093,0.1966552734375
病例44,far,NBI,ours,0,1,0.15,0.02292599701428876,0.45681381957773515,0.8028915662633014,0.18238661024305555
病例44,far,NBI,ours,0,1,0.2,0.03166986564299424,0.40717637022819364,0.8152620356844007,0.1749606662326389
病例44,far,NBI,ours,0,1,0.25,0.0372680742162508,0.3892087865216464,0.8186702332627147,0.1719631618923611
病例44,far,NBI,ours,0,1,0.3,0.08061420345489444,0.26327575175943696,0.8424446724294239,0.15043131510416666
病例44,far,NBI,ours,0,1,0.35,0.09815525698443164,0.21651738110471316,0.851454746801441,0.14225260416666666
病例44,far,NBI,ours,0,1,0.4,0.10956493921944978,0.18607378972062275,0.8576270316048537,0.1369289822048611
病例44,far,NBI,ours,0,1,0.45,0.1181488590317765,0.16394753678822777,0.8621094055383959,0.1330227322048611
病例44,far,NBI,ours,0,1,0.5,0.12348048624440179,0.13302409895500106,0.8723567960497934,0.1284111870659722
病例44,far,NBI,ours,0,1,0.55,0.12849221582426956,0.12390701642141182,0.8735103938415179,0.1266140407986111
病例44,far,NBI,ours,0,1,0.6,0.13489016847941993,0.11564299424184261,0.8735161906789224,0.12474907769097222
病例44,far,NBI,ours,0,1,0.65,0.14336745574749413,0.10695244188526339,0.8725189388773181,0.12256537543402778
病例44,far,NBI,ours,0,1,0.7,0.15424397526124972,0.09751546171891662,0.8704455662838277,0.11998155381944445
病例44,far,NBI,ours,0,1,0.75,0.1690125826402218,0.08898485817871614,0.865624392544318,0.11701795789930555
病例44,far,NBI,ours,0,1,0.8,0.18719343143527403,0.07922798037961186,0.8591878716125364,0.11346435546875
病例44,far,NBI,ours,0,1,0.85,0.21481126039667306,0.06669865642994242,0.8479875626163184,0.10835774739583333
病例44,far,NBI,ours,0,1,0.9,0.2658349328214971,0.045692045212198766,0.8249707935151874,0.09919569227430555
病例44,far,NBI,ours,0,1,0.95,0.4102687140115163,0.005544892301130305,0.7393469469578579,0.0757175021701389
病例44,near,WLI,ours,0,1,0.05,1.4260452911984484e-05,0.6235810849352575,0.7623100964800857,0.7721015082465278
病例44,near,WLI,ours,0,1,0.1,0.012050082710626889,0.10176259197992128,0.945536683066661,0.5182223849826388
病例44,near,WLI,ours,0,1,0.15,0.020363926758313843,0.06752324453824654,0.9570687193055226,0.49798583984375
病例44,near,WLI,ours,0,1,0.2,0.024214249044549656,0.052421424904454964,0.9622150661616286,0.4889729817708333
病例44,near,WLI,ours,0,1,0.25,0.025754377959043978,0.04516285437225486,0.9648821755672556,0.4847886827256944
病例44,near,WLI,ours,0,1,0.3,0.04879926986481091,0.021504762991272602,0.9643616175336762,0.4625786675347222
病例44,near,WLI,ours,0,1,0.35,0.07093149278421082,0.016071530431806515,0.9552715889172695,0.4494696723090278
病例44,near,WLI,ours,0,1,0.4,0.09279276709828305,0.011650790029091324,0.9455699400994771,0.4369710286458333
病例44,near,WLI,ours,0,1,0.45,0.11426900918373167,0.008941303975814273,0.9349701193712763,0.4254692925347222
病例44,near,WLI,ours,0,1,0.5,0.22441674747589985,0.005418972106554104,0.8709514696808649,0.3714124891493056
病例44,near,WLI,ours,0,1,0.55,0.23727967600250985,0.004406479949803206,0.8632321373804748,0.3648139105902778
病例44,near,WLI,ours,0,1,0.6,0.2502852090582397,0.003237122811020478,0.8553740522592371,0.3580729166666667
病例44,near,WLI,ours,0,1,0.65,0.2646027037818721,0.002381495636301409,0.8463646807805298,0.3508572048611111
病例44,near,WLI,ours,0,1,0.7,0.28267069762135644,0.0016542125377902001,0.8345970699002551,0.3419189453125
病例44,near,WLI,ours,0,1,0.75,0.30557298499800356,0.0010695339683988363,0.8191429412499944,0.33074951171875
病例44,near,WLI,ours,0,1,0.8,0.3332525241001654,0.0003850322286235811,0.7998734025620585,0.3172607421875
病例44,near,WLI,ours,0,1,0.85,0.36991614853687754,0.0,0.7730692514952819,0.2996419270833333
病例44,near,WLI,ours,0,1,0.9,0.4387656151959386,0.0,0.7189623675550613,0.2668999565972222
病例44,near,WLI,ours,0,1,0.95,0.7828275626033883,0.0,0.3568474453149194,0.10327826605902778
病例44,near,NBI,ours,0,1,0.05,0.0,0.45945130839524295,0.8131895082339134,0.9845377604166666
病例44,near,NBI,ours,0,1,0.1,0.0,0.21611894684989896,0.9024786340290947,0.8203870985243056
病例44,near,NBI,ours,0,1,0.15,0.0,0.16653765343359506,0.9231318905671503,0.7869398328993056
病例44,near,NBI,ours,0,1,0.2,0.00012063575040463241,0.13969619896856433,0.934652069726573,0.7687513563368056
病例44,near,NBI,ours,0,1,0.25,0.00023121852160887878,0.1259135644848351,0.940656804509411,0.7593790690104166
病例44,near,NBI,ours,0,1,0.3,0.0009952449408382174,0.035858976807776985,0.9818886045426789,0.6981133355034722
病例44,near,NBI,ours,0,1,0.35,0.004855588953786454,0.02963618268273803,0.9829651806500226,0.6913113064236112
病例44,near,NBI,ours,0,1,0.4,0.012435535270877525,0.025293295668171262,0.9812560869017449,0.6832682291666666
病例44,near,NBI,ours,0,1,0.45,0.020869984820001408,0.021081097383209513,0.9790266727643383,0.6747368706597222
病例44,near,NBI,ours,0,1,0.5,0.03159651362681331,0.01724085932866205,0.9754047732353631,0.6649102105034722
病例44,near,NBI,ours,0,1,0.55,0.03335578498688086,0.013913323213334272,0.9761334334959413,0.6614786783854166
病例44,near,NBI,ours,0,1,0.6,0.03530606295175575,0.01077679370281383,0.9766724680157468,0.6580471462673612
病例44,near,NBI,ours,0,1,0.65,0.03789973158545535,0.007710635046696088,0.9768453070530834,0.6542290581597222
病例44,near,NBI,ours,0,1,0.7,0.04129763855518583,0.005267761101002282,0.976290169019064,0.6502888997395834
病例44,near,NBI,ours,0,1,0.75,0.046545293697787336,0.0031465824897208288,0.9746029625590356,0.6453179253472222
病例44,near,NBI,ours,0,1,0.8,0.054839001538105815,0.0014777879424567471,0.971069728048745,0.6385972764756944
病例44,near,NBI,ours,0,1,0.85,0.07364812562202809,0.00014074170880540448,0.9616978198018297,0.6250067816840278
病例44,near,NBI,ours,0,1,0.9,0.13020618660339991,0.0,0.9303633450536413,0.5867580837673612
病例44,near,NBI,ours,0,1,0.95,0.8346485981120505,0.0,0.2837794705012174,0.1115451388888889
病例5,far,WLI,ours,0,1,0.05,0.0,6.035944086975816,0.24888177149414964,0.2150539822048611
病例5,far,WLI,ours,0,1,0.1,0.0,1.6776126026181495,0.5438310708866133,0.08184136284722222
病例5,far,WLI,ours,0,1,0.15,0.0006656312402928778,1.2571555358331485,0.6137494038249387,0.0689697265625
病例5,far,WLI,ours,0,1,0.2,0.002662524961171511,1.1065009984468603,0.6426477946912384,0.0643039279513889
病例5,far,WLI,ours,0,1,0.25,0.005103172842245396,1.029065897492789,0.65800865800383,0.06186252170138889
病例5,far,WLI,ours,0,1,0.3,0.008875083203905036,0.7605946305746616,0.720367682626025,0.05354139539930555
病例5,far,WLI,ours,0,1,0.35,0.01686265808741957,0.6139338806301309,0.7571123451451762,0.04881456163194445
病例5,far,WLI,ours,0,1,0.4,0.02551586421122698,0.5145329487463945,0.783027277582608,0.045511881510416664
病例5,far,WLI,ours,0,1,0.45,0.03261593077435101,0.43088528954958955,0.8067351281264988,0.04273817274305555
病例5,far,WLI,ours,0,1,0.5,0.0377191036165964,0.3332593743066341,0.8383916489383492,0.03959825303819445
病例5,far,WLI,ours,0,1,0.55,0.04304415353893943,0.3132904370978478,0.8430414386156856,0.038825141059027776
病例5,far,WLI,ours,0,1,0.6,0.048147326381184824,0.2957621477701353,0.8469891411564956,0.03813340928819445
病例5,far,WLI,ours,0,1,0.65,0.05790991790548036,0.2742400710006656,0.8501351486550192,0.037177191840277776
病例5,far,WLI,ours,0,1,0.7,0.0685600177501664,0.25205236299090306,0.8531653287180858,0.036173502604166664
病例5,far,WLI,ours,0,1,0.75,0.08054138007543821,0.22742400710006655,0.8565522943276502,0.035054524739583336
病例5,far,WLI,ours,0,1,0.8,0.09252274240071001,0.1985799866873752,0.8617783396453668,0.033806694878472224
病例5,far,WLI,ours,0,1,0.85,0.11160417128910584,0.15975149767029065,0.8675116455327969,0.032036675347222224
病例5,far,WLI,ours,0,1,0.9,0.1377856667406257,0.1027290880852008,0.8775971092945166,0.029493543836805556
病例5,far,WLI,ours,0,1,0.95,0.23785222986465498,0.0368315952962059,0.8473112974735162,0.024420844184027776
病例5,far,NBI,ours,0,1,0.05,0.0,7.21745657302166,0.21697959563477587,0.2598605685763889
病例5,far,NBI,ours,0,1,0.1,0.0,1.4396311387518765,0.5814576968602689,0.0771484375
病例5,far,NBI,ours,0,1,0.15,0.0,1.1048681106583744,0.6441497444353905,0.0665622287326389
病例5,far,NBI,ours,0,1,0.2,0.0,0.9974265494316963,0.6672390355536435,0.06316460503472222
病例5,far,NBI,ours,0,1,0.25,0.0,0.9412395453570662,0.6799854174212178,0.06138780381944445
病例5,far,NBI,ours,0,1,0.3,0.0,0.7716062620630495,0.72160321881212,0.056023491753472224
病例5,far,NBI,ours,0,1,0.35,0.0002144542140253056,0.6736006862534849,0.7479544360600998,0.05291748046875
病例5,far,NBI,ours,0,1,0.4,0.0008578168561012224,0.6075487883336907,0.7665981077682714,0.05080837673611111
病例5,far,NBI,ours,0,1,0.45,0.0015011794981771391,0.5573665022517692,0.7813391508576829,0.049201117621527776
病例5,far,NBI,ours,0,1,0.5,0.0017156337122024449,0.525627278576024,0.791061262632415,0.04819064670138889
病例5,far,NBI,ours,0,1,0.55,0.0027879047823289728,0.49667595968260775,0.7997248258594916,0.0472412109375
病例5,far,NBI,ours,0,1,0.6,0.004074630066480806,0.47330045035384943,0.8066701406912743,0.04646131727430555
病例5,far,NBI,ours,0,1,0.65,0.0064336264207591675,0.44606476517263566,0.8145218002741339,0.045525444878472224
病例5,far,NBI,ours,0,1,0.7,0.009435985417113447,0.41904353420544715,0.8221787112778375,0.044576009114583336
病例5,far,NBI,ours,0,1,0.75,0.015011794981771392,0.386660947887626,0.8306356813379995,0.043375651041666664
病例5,far,NBI,ours,0,1,0.8,0.024018871970834226,0.3536349989277289,0.8378900856039961,0.042046440972222224
病例5,far,NBI,ours,0,1,0.85,0.03474158267209951,0.30902852241046536,0.8488448844804446,0.04029676649305555
病例5,far,NBI,ours,0,1,0.9,0.05232682822217456,0.24233326184859533,0.8654524089221949,0.03763156467013889
病例5,far,NBI,ours,0,1,0.95,0.12138108513832296,0.09478876259918508,0.8904585959477237,0.030782063802083332
病例5,near,WLI,ours,0,1,0.05,0.0,0.9634468286739322,0.674889787339421,0.1967095269097222
病例5,near,WLI,ours,0,1,0.1,0.00013538211602247342,0.31740337101468896,0.8629684807032308,0.13197157118055555
病例5,near,WLI,ours,0,1,0.15,0.0006769105801123672,0.25038922358356464,0.888400782305135,0.12520345052083334
病例5,near,WLI,ours,0,1,0.2,0.0012861301022134976,0.2295403777161037,0.8964092593690491,0.12305365668402778
病例5,near,WLI,ours,0,1,0.25,0.0019630406823258647,0.21512218235971028,0.901911607276642,0.12154134114583333
病例5,near,WLI,ours,0,1,0.3,0.004196845596696677,0.19650714140662018,0.9084509216632956,0.11945258246527778
病例5,near,WLI,ours,0,1,0.35,0.006362959453056251,0.1775536451634739,0.915292283707201,0.1173366970486111
病例5,near,WLI,ours,0,1,0.4,0.009815203411629324,0.16421850673526028,0.919219530584349,0.11565483940972222
病例5,near,WLI,ours,0,1,0.45,0.011710553035943951,0.1543356122656197,0.9225033961996572,0.1144748263888889
病例5,near,WLI,ours,0,1,0.5,0.013876666892303527,0.14661883165233872,0.9247468816424136,0.11348470052083333
病例5,near,WLI,ours,0,1,0.55,0.01611047180667434,0.14025587219928248,0.9263862332666463,0.11262342664930555
病例5,near,WLI,ours,0,1,0.6,0.017667366140932783,0.13355445745617003,0.928530296241191,0.11179606119791667
病例5,near,WLI,ours,0,1,0.65,0.020713463751438434,0.1255669126108441,0.930503296346903,0.1106906467013889
病例5,near,WLI,ours,0,1,0.7,0.023827252419955324,0.11568401814120355,0.9333074458760208,0.10938856336805555
病例5,near,WLI,ours,0,1,0.75,0.029377919176876734,0.10580112367156298,0.9348981255063247,0.10784233940972222
病例5,near,WLI,ours,0,1,0.8,0.03723008190618019,0.09321058688147296,0.9365554933627348,0.10579427083333333
病例5,near,WLI,ours,0,1,0.85,0.048805252826101674,0.07845393623502335,0.9372998932732881,0.10315619574652778
病例5,near,WLI,ours,0,1,0.9,0.06823258647532661,0.05997427739795573,0.93563077759334,0.09935845269097222
病例5,near,WLI,ours,0,1,0.95,0.1465511405943275,0.023421106071887902,0.9094384534897052,0.08784993489583333
病例5,near,NBI,ours,0,1,0.05,0.0,3.046568494267239,0.396308898268158,0.5050252278645834
病例5,near,NBI,ours,0,1,0.1,0.0015758300277128729,0.7809596261479107,0.7184500185717835,0.2220730251736111
病例5,near,NBI,ours,0,1,0.15,0.007172743574417215,0.4358528500787915,0.8175858597140226,0.17830403645833334
病例5,near,NBI,ours,0,1,0.2,0.01054175949573439,0.3471173178286149,0.84693023255617,0.16680908203125
病例5,near,NBI,ours,0,1,0.25,0.01244362332228441,0.3121773623865674,0.858844099993245,0.16221110026041666
病例5,near,NBI,ours,0,1,0.3,0.016356028908330163,0.21197630821061783,0.8960055437289115,0.14921739366319445
病例5,near,NBI,ours,0,1,0.35,0.019616366896701626,0.17279791338368744,0.9106372239724653,0.1439208984375
病例5,near,NBI,ours,0,1,0.4,0.025213280443405966,0.1463891756778786,0.9191003176531429,0.1399264865451389
病例5,near,NBI,ours,0,1,0.45,0.028962669130033147,0.129435418138347,0.9245893157394267,0.13734266493055555
病例5,near,NBI,ours,0,1,0.5,0.03200565125251318,0.11862196381024832,0.9278124999975838,0.1356133355034722
病例5,near,NBI,ours,0,1,0.55,0.03472259957615606,0.11074281367168397,0.929930637348698,0.13429090711805555
病例5,near,NBI,ours,0,1,0.6,0.03803727653100038,0.1022115959354453,0.9320557032644534,0.1328125
病例5,near,NBI,ours,0,1,0.65,0.04146063141879042,0.09308264956800522,0.9344210191732852,0.13124593098958334
病例5,near,NBI,ours,0,1,0.7,0.0455903928707276,0.08210617834048796,0.9372965473052529,0.1293606228298611
病例5,near,NBI,ours,0,1,0.75,0.05249144161278053,0.070260283649405,0.9391646244555001,0.1270209418402778
病例5,near,NBI,ours,0,1,0.8,0.06308754007498778,0.05781666032712058,0.9393881609388994,0.1241455078125
病例5,near,NBI,ours,0,1,0.85,0.08243221213932511,0.04281910558061185,0.9361088782300743,0.11985948350694445
病例5,near,NBI,ours,0,1,0.9,0.11998043797206977,0.024072162147475956,0.9243457663853076,0.11283365885416667
病例5,near,NBI,ours,0,1,0.95,0.3869477802532196,0.0025539314242243112,0.758912955735373,0.07682969835069445
病例56,far,WLI,ours,0,1,0.05,0.0,1.656288322659763,0.5470028136461009,0.2644110785590278
病例56,far,WLI,ours,0,1,0.1,0.001294454285324976,0.9519008039242404,0.6769493638719967,0.19416639539930555
病例56,far,WLI,ours,0,1,0.15,0.005314075487123586,0.8204796293772993,0.7066624718648952,0.18068440755208334
病例56,far,WLI,ours,0,1,0.2,0.008993050824362992,0.7456056683471862,0.7242581159113616,0.17286512586805555
病例56,far,WLI,ours,0,1,0.25,0.01192260525957215,0.7142662488077395,0.7312744232932528,0.16945393880208334
病例56,far,WLI,ours,0,1,0.3,0.03678975337239406,0.5384248535222782,0.7700645442393037,0.14947509765625
病例56,far,WLI,ours,0,1,0.35,0.053753917427442434,0.4447472407684971,0.7915087619296438,0.1384616427951389
病例56,far,WLI,ours,0,1,0.4,0.06812917291184085,0.3947404278512059,0.8010541727648578,0.1320529513888889
病例56,far,WLI,ours,0,1,0.45,0.07943861561520643,0.3607439705681973,0.8070479319074002,0.12754313151041666
病例56,far,WLI,ours,0,1,0.5,0.08877231230412863,0.24744515601580597,0.8442480669059673,0.11533610026041667
病例56,far,WLI,ours,0,1,0.55,0.0957214879411364,0.22939092519416815,0.8476275624214584,0.11284722222222222
病例56,far,WLI,ours,0,1,0.6,0.10307943861561521,0.2103147567788527,0.8512770772685054,0.11021592881944445
病例56,far,WLI,ours,0,1,0.65,0.11268565199618477,0.18926284234909388,0.8545931758502145,0.10716417100694445
病例56,far,WLI,ours,0,1,0.7,0.12365444883499115,0.16664395694236273,0.8579050922037619,0.10382080078125
病例56,far,WLI,ours,0,1,0.75,0.13714402507153564,0.1422537130399237,0.8606571302339008,0.10005018446180555
病例56,far,WLI,ours,0,1,0.8,0.15635645183267474,0.11568333560430577,0.8611565075250838,0.0954928927951389
病例56,far,WLI,ours,0,1,0.85,0.19048916746150701,0.0855702411772721,0.8543284440579008,0.08909776475694445
病例56,far,WLI,ours,0,1,0.9,0.25405368578825455,0.051505654721351685,0.8300041693483303,0.0793796115451389
病例56,far,WLI,ours,0,1,0.95,0.468319934595994,0.0014307126311486579,0.6935964093645576,0.05306667751736111
病例56,far,NBI,ours,0,1,0.05,0.030012133323817,0.9629933623581471,0.6614347593314578,0.3673366970486111
病例56,far,NBI,ours,0,1,0.1,0.1363571479551781,0.27196488473342373,0.808802887506168,0.21580674913194445
病例56,far,NBI,ours,0,1,0.15,0.15823281707230033,0.2017700378274213,0.8238334730357225,0.1983100043402778
病例56,far,NBI,ours,0,1,0.2,0.1726143744200985,0.1651202626507744,0.8304975462964672,0.18861219618055555
病例56,far,NBI,ours,0,1,0.25,0.17718221397473413,0.15209478267075868,0.8332700890825369,0.1852688259548611
病例56,far,NBI,ours,0,1,0.3,0.2278923702804939,0.10216972378845193,0.8238990118222732,0.1661444769965278
病例56,far,NBI,ours,0,1,0.35,0.25815430732995504,0.0774391549496824,0.8155355041176627,0.1556939019097222
病例56,far,NBI,ours,0,1,0.4,0.28095781885661264,0.06245093141103419,0.8072354319809154,0.14851209852430555
病例56,far,NBI,ours,0,1,0.45,0.30012133323817003,0.05217329241310399,0.798924555970346,0.1429172092013889
病例56,far,NBI,ours,0,1,0.5,0.3365213046891728,0.04218114338733852,0.7779730521366265,0.1341010199652778
病例56,far,NBI,ours,0,1,0.55,0.349154235957462,0.03736350010705874,0.7710486820116028,0.13078477647569445
病例56,far,NBI,ours,0,1,0.6,0.36246520590964243,0.03247448433373778,0.7635104814394865,0.1273261176215278
病例56,far,NBI,ours,0,1,0.65,0.37738205695524946,0.02851331096995218,0.754171349527202,0.12373860677083333
病例56,far,NBI,ours,0,1,0.7,0.3953679252016273,0.02451645135964599,0.7422675895891916,0.11956108940972222
病例56,far,NBI,ours,0,1,0.75,0.41556634073228177,0.019841553065448575,0.7285952619269745,0.1148342556423611
病例56,far,NBI,ours,0,1,0.8,0.43737063735636283,0.014488616087359931,0.7134905190733731,0.10967339409722222
病例56,far,NBI,ours,0,1,0.85,0.4707015916065948,0.008671757904503604,0.6883077708409209,0.10223388671875
病例56,far,NBI,ours,0,1,0.9,0.5292627221468846,0.002783527228606095,0.6389285800764357,0.08998616536458333
病例56,far,NBI,ours,0,1,0.95,0.7287845264435087,0.0,0.42670259951595446,0.05154079861111111
病例56,near,WLI,ours,0,1,0.05,5.660430758780743e-05,1.0821611524637025,0.6488705234153821,0.4989081488715278
病例56,near,WLI,ours,0,1,0.1,0.021056802422664365,0.6498457532618233,0.7447864517718583,0.3902859157986111
病例56,near,WLI,ours,0,1,0.15,0.03215124670987462,0.5891376333738998,0.7570230004640416,0.3730807834201389
病例56,near,WLI,ours,0,1,0.2,0.03908527438938103,0.5608071774262021,0.7621099887758,0.3646308051215278
病例56,near,WLI,ours,0,1,0.25,0.04225511561429825,0.5487787620637931,0.764201754682244,0.3609890407986111
病例56,near,WLI,ours,0,1,0.3,0.06696289587637619,0.4845328729516316,0.7718801217504426,0.3396742078993056
病例56,near,WLI,ours,0,1,0.35,0.08468004415135992,0.4534005037783375,0.7728391521485736,0.3279690212673611
病例56,near,WLI,ours,0,1,0.4,0.09815186935725809,0.4360512835026746,0.7715029356567139,0.3205837673611111
病例56,near,WLI,ours,0,1,0.45,0.10938782441343786,0.4227209690657459,0.769981770800531,0.314697265625
病例56,near,WLI,ours,0,1,0.5,0.14889763110972745,0.398013188803668,0.7568329390436945,0.2993096245659722
病例56,near,WLI,ours,0,1,0.55,0.156086378173379,0.3885036651289163,0.756053652475017,0.2953084309895833
病例56,near,WLI,ours,0,1,0.6,0.1644638156963745,0.3805790620666233,0.7540548134137646,0.2914021809895833
病例56,near,WLI,ours,0,1,0.65,0.1766903461353409,0.3732771063877961,0.7496263464403061,0.2867228190104167
病例56,near,WLI,ours,0,1,0.7,0.18939801318880367,0.3654657119406787,0.7450154122273661,0.2818060980902778
病例56,near,WLI,ours,0,1,0.75,0.20538873008235928,0.35522033226728555,0.7392311743012911,0.2755194769965278
病例56,near,WLI,ours,0,1,0.8,0.2261625109670846,0.34024849291031045,0.7320775934766697,0.2669542100694444
病例56,near,WLI,ours,0,1,0.85,0.255143916452042,0.3228709704808536,0.7204588072643747,0.2558458116319444
病例56,near,WLI,ours,0,1,0.9,0.3037387145161747,0.293663147765545,0.6997866590802165,0.23720296223958334
病例56,near,WLI,ours,0,1,0.95,0.4972122378513005,0.20295474485608356,0.589523635698967,0.16910807291666666
病例56,near,NBI,ours,0,1,0.05,0.0014427040395713108,0.4857790601813685,0.8038825286208536,0.9279920789930556
病例56,near,NBI,ours,0,1,0.1,0.06479151299518375,0.19635961296481103,0.8774840334847065,0.7074449327256944
病例56,near,NBI,ours,0,1,0.15,0.0903154423569228,0.1540656050679047,0.8815839960469051,0.6650458441840278
病例56,near,NBI,ours,0,1,0.2,0.10392892784310323,0.13649281902199853,0.8817150359162326,0.6455485026041666
病例56,near,NBI,ours,0,1,0.25,0.11090380526749685,0.1295830259903675,0.8808692194430456,0.6368679470486112
病例56,near,NBI,ours,0,1,0.3,0.14343515425001085,0.09876556601726906,0.8761330981144381,0.5972629123263888
病例56,near,NBI,ours,0,1,0.35,0.16434893912439796,0.07983685512214171,0.8725203159946358,0.5723537868923612
病例56,near,NBI,ours,0,1,0.4,0.18436238989890225,0.07037792337397492,0.8649320173920072,0.5539279513888888
病例56,near,NBI,ours,0,1,0.45,0.1991582418536035,0.0648457499891526,0.8584950637807955,0.5412190755208334
病例56,near,NBI,ours,0,1,0.5,0.23001909142187704,0.05466004252180327,0.8439807383622591,0.5155571831597222
病例56,near,NBI,ours,0,1,0.55,0.23622380353191305,0.051883108430598346,0.8413210500526691,0.5099419487847222
病例56,near,NBI,ours,0,1,0.6,0.24282986939731852,0.04857465179849872,0.838623639377635,0.5037434895833334
病例56,near,NBI,ours,0,1,0.65,0.2513993144443962,0.04495162060137979,0.8347687245979082,0.4961208767361111
病例56,near,NBI,ours,0,1,0.7,0.26142231092983903,0.04143706339219855,0.8298556942272634,0.4876573350694444
病例56,near,NBI,ours,0,1,0.75,0.2738208877511173,0.038920466872044084,0.822819427117076,0.47833251953125
病例56,near,NBI,ours,0,1,0.8,0.28977741137675184,0.034603202152123924,0.8140899709044251,0.4656575520833333
病例56,near,NBI,ours,0,1,0.85,0.31327287716405605,0.030361869223760142,0.7998736536208978,0.4483167860243056
病例56,near,NBI,ours,0,1,0.9,0.3648088688332538,0.023213433418666204,0.7660267521334558,0.4116278754340278
病例56,near,NBI,ours,0,1,0.95,0.8241636655530004,0.0,0.2990830089113276,0.10993109809027778
病例61,far,WLI,ours,0,1,0.05,0.9865959229265568,3.110862887461603,0.006500101564042926,0.07587348090277778
病例61,far,WLI,ours,0,1,0.1,1.0,1.7967048310527785,0.0,0.043633355034722224
病例61,far,WLI,ours,0,1,0.15,1.0,1.54956716001117,0.0,0.03763156467013889
病例61,far,WLI,ours,0,1,0.2,1.0,1.4434515498464116,0.0,0.035054524739583336
病例61,far,WLI,ours,0,1,0.25,1.0,1.3912314995811226,0.0,0.03378634982638889
病例61,far,WLI,ours,0,1,0.3,1.0,1.1784417760402122,0.0,0.028618706597222224
病例61,far,WLI,ours,0,1,0.35,1.0,1.0801452108349623,0.0,0.026231553819444444
病例61,far,WLI,ours,0,1,0.4,1.0,1.0153588383133203,0.0,0.024658203125
病例61,far,WLI,ours,0,1,0.45,1.0,0.9712370846132365,0.0,0.023586697048611112
病例61,far,WLI,ours,0,1,0.5,1.0,0.9290700921530298,0.0,0.022562662760416668
病例61,far,WLI,ours,0,1,0.55,1.0,0.8994694219491762,0.0,0.021843804253472224
病例61,far,WLI,ours,0,1,0.6,1.0,0.875733035464954,0.0,0.021267361111111112
病例61,far,WLI,ours,0,1,0.65,1.0,0.8475286232895839,0.0,0.020582411024305556
病例61,far,WLI,ours,0,1,0.7,1.0,0.8173694498743368,0.0,0.019849989149305556
病例61,far,WLI,ours,0,1,0.75,1.0,0.7810667411337615,0.0,0.018968370225694444
病例61,far,WLI,ours,0,1,0.8,1.0,0.7349902261938006,0.0,0.017849392361111112
病例61,far,WLI,ours,0,1,0.85,1.0,0.677185143814577,0.0,0.016445583767361112
病例61,far,WLI,ours,0,1,0.9,1.0,0.5959229265568277,0.0,0.014472113715277778
病例61,far,WLI,ours,0,1,0.95,1.0,0.4384250209438704,0.0,0.010647243923611112
病例61,far,NBI,ours,0,1,0.05,0.0,0.8024144045832765,0.713670325389487,0.17921956380208334
病例61,far,NBI,ours,0,1,0.1,0.0084572363933979,0.12051561860592007,0.938934995314564,0.11057535807291667
病例61,far,NBI,ours,0,1,0.15,0.014118128495430364,0.08832355749556677,0.9506116006808147,0.1068115234375
病例61,far,NBI,ours,0,1,0.2,0.01957441003955804,0.07768380848451781,0.952743902435867,0.10521104600694445
病例61,far,NBI,ours,0,1,0.25,0.024485063429272952,0.06970399672623108,0.9539467102379232,0.10392930772569445
病例61,far,NBI,ours,0,1,0.3,0.02939571681898786,0.06186059200654754,0.9551006711377346,0.1026611328125
病例61,far,NBI,ours,0,1,0.35,0.03532942299822671,0.05422179784476879,0.9556433904227707,0.10131157769097222
病例61,far,NBI,ours,0,1,0.4,0.040990315100259175,0.045832764970672485,0.9566933151864034,0.09991455078125
病例61,far,NBI,ours,0,1,0.45,0.04487791570045015,0.041058518619560766,0.9569495694924253,0.09905327690972222
病例61,far,NBI,ours,0,1,0.5,0.04992497612876824,0.03853498840540172,0.9555166855267843,0.0983005099826389
病例61,far,NBI,ours,0,1,0.55,0.053744373209657616,0.036352475787750645,0.9545564002856839,0.09770372178819445
病例61,far,NBI,ours,0,1,0.6,0.058041194925658166,0.034238166689401175,0.953304572904389,0.09706624348958333
病例61,far,NBI,ours,0,1,0.65,0.06377029054699222,0.031237211840130952,0.9517107498147062,0.09619818793402778
病例61,far,NBI,ours,0,1,0.7,0.06997681080343746,0.028304460510162326,0.949813673245743,0.09528944227430555
病例61,far,NBI,ours,0,1,0.75,0.07741099440731142,0.024894284545082527,0.947467955449508,0.0942111545138889
病例61,far,NBI,ours,0,1,0.8,0.08641385895512209,0.020188241713272406,0.9448735583502809,0.09284803602430555
病例61,far,NBI,ours,0,1,0.85,0.09882689946801256,0.015209384804255899,0.9404939853336874,0.09111870659722222
病例61,far,NBI,ours,0,1,0.9,0.1199699904515073,0.0084572363933979,0.9319946549137491,0.0883449978298611
病例61,far,NBI,ours,0,1,0.95,0.199358886918565,0.001636884463238303,0.8884768211886906,0.07977294921875
病例61,near,WLI,ours,0,1,0.05,0.0,1.4894042216578542,0.573163747434051,0.4054972330729167
病例61,near,WLI,ours,0,1,0.1,0.0,0.6956159706898705,0.7419454483663208,0.2761976453993056
病例61,near,WLI,ours,0,1,0.15,0.0,0.5592239477080645,0.78148690417963,0.2539808485243056
病例61,near,WLI,ours,0,1,0.2,0.0,0.4750405928639827,0.8080675548364822,0.2402682834201389
病例61,near,WLI,ours,0,1,0.25,0.0,0.4501020025812898,0.8162925453264859,0.2362060546875
病例61,near,WLI,ours,0,1,0.3,0.0,0.33177900828510765,0.8577142142931102,0.21693250868055555
病例61,near,WLI,ours,0,1,0.35,0.0001665348265956118,0.2875223781173238,0.8742264288298612,0.20969645182291666
病例61,near,WLI,ours,0,1,0.4,0.0024980223989341773,0.2624588867146842,0.8827603993941219,0.2052341037326389
病例61,near,WLI,ours,0,1,0.45,0.0062866897039843455,0.2440567883758691,0.8881281512197657,0.20161946614583334
病例61,near,WLI,ours,0,1,0.5,0.014030559140680295,0.22615429451684083,0.8914234091790574,0.1974419487847222
病例61,near,WLI,ours,0,1,0.55,0.01719472084599692,0.21641200716099754,0.893777331842391,0.1953396267361111
病例61,near,WLI,ours,0,1,0.6,0.019692743244931095,0.2060035804987718,0.8967684192468593,0.1932373046875
病例61,near,WLI,ours,0,1,0.65,0.022398934177109787,0.19522045047670594,0.899844794878423,0.1910400390625
病例61,near,WLI,ours,0,1,0.7,0.02510512510928848,0.1834797452017153,0.9033602098667038,0.1886867947048611
病例61,near,WLI,ours,0,1,0.75,0.028727257587743037,0.17128106915358673,0.9066495666687913,0.18610975477430555
病例61,near,WLI,ours,0,1,0.8,0.033723302385611394,0.15712560889295973,0.9101211717169716,0.1829901801215278
病例61,near,WLI,ours,0,1,0.85,0.04059286398268038,0.13830717348765562,0.9147166815502338,0.1788058810763889
病例61,near,WLI,ours,0,1,0.9,0.05570589949623215,0.10895541030017902,0.9198045298762703,0.1715630425347222
病例61,near,WLI,ours,0,1,0.95,0.11474249552437654,0.04304925267496565,0.9181708264942607,0.1512112087673611
病例61,near,NBI,ours,0,1,0.05,0.0,0.6213664468789286,0.7629608605009333,0.8571506076388888
病例61,near,NBI,ours,0,1,0.1,0.0,0.3277830515432178,0.8591865975967932,0.7019449869791666
病例61,near,NBI,ours,0,1,0.15,0.0,0.2853221130410242,0.8751501543638085,0.6794976128472222
病例61,near,NBI,ours,0,1,0.2,0.0,0.26227005670010517,0.8840677504772337,0.6673109266493056
病例61,near,NBI,ours,0,1,0.25,0.0,0.2480950304025451,0.8896421071847384,0.6598171657986112
病例61,near,NBI,ours,0,1,0.3,0.0010519024039818354,0.18879082535854477,0.9132242308386077,0.6279093424479166
病例61,near,NBI,ours,0,1,0.35,0.003014598352874772,0.16432768042691845,0.9225737908270136,0.6139390733506944
病例61,near,NBI,ours,0,1,0.4,0.005977884393360187,0.1489724709444031,0.927694471879963,0.6042548285590278
病例61,near,NBI,ours,0,1,0.45,0.00897965466813762,0.136875593298612,0.9314556481263752,0.5962727864583334
病例61,near,NBI,ours,0,1,0.5,0.018934243271673038,0.10848705646919979,0.9390198233146873,0.5760023328993056
病例61,near,NBI,ours,0,1,0.55,0.02242348051414937,0.10235523513867152,0.9400082645132016,0.5709160698784722
病例61,near,NBI,ours,0,1,0.6,0.027054416707288913,0.09644149113579803,0.9403224706627694,0.5653415256076388
病例61,near,NBI,ours,0,1,0.65,0.03228827257100341,0.08887292505836776,0.9410862093694814,0.5585734049479166
病例61,near,NBI,ours,0,1,0.7,0.03953613669600021,0.07948277189111527,0.9416558715140411,0.5497775607638888
病例61,near,NBI,ours,0,1,0.75,0.048361854426969754,0.07019524334864151,0.9413615887310822,0.5402018229166666
病例61,near,NBI,ours,0,1,0.8,0.06166457141391077,0.055981732816789385,0.9410092303727906,0.5256551106770834
病例61,near,NBI,ours,0,1,0.85,0.0855376247530595,0.03781717423095672,0.9368149919829837,0.5034315321180556
病例61,near,NBI,ours,0,1,0.9,0.17408984785899376,0.005336480488493214,0.9020195722675516,0.4394463433159722
病例61,near,NBI,ours,0,1,0.95,0.9621443415347513,0.0,0.07294975588644342,0.020012749565972224
病例67,far,WLI,ours,0,1,0.05,0.0,9.562439729990357,0.17297387460627076,0.5942518446180556
病例67,far,WLI,ours,0,1,0.1,0.0,4.99228543876567,0.28602951317010405,0.3371310763888889
病例67,far,WLI,ours,0,1,0.15,0.0,4.568948891031822,0.30446271285910076,0.3133138020833333
病例67,far,WLI,ours,0,1,0.2,0.0,4.351494696239151,0.31488651028559383,0.3010796440972222
病例67,far,WLI,ours,0,1,0.25,0.0,4.27579556412729,0.31868469575845365,0.2968207465277778
病例67,far,WLI,ours,0,1,0.3,0.0,3.5749758919961425,0.3587459459451703,0.2573920355902778
病例67,far,WLI,ours,0,1,0.35,0.0008437801350048216,3.1973240115718418,0.3845511482245777,0.23609754774305555
病例67,far,WLI,ours,0,1,0.4,0.006750241080038573,2.9250241080038575,0.403901769520112,0.22044542100694445
病例67,far,WLI,ours,0,1,0.45,0.01325940212150434,2.7221552555448407,0.41909637783074594,0.20866563585069445
病例67,far,WLI,ours,0,1,0.5,0.07135969141755062,1.875602700096432,0.48821292775510705,0.1577690972222222
病例67,far,WLI,ours,0,1,0.55,0.08401639344262295,1.7815814850530376,0.49545232273677114,0.1517673068576389
病例67,far,WLI,ours,0,1,0.6,0.0979990356798457,1.6925024108003857,0.5018779342706174,0.1459689670138889
病例67,far,WLI,ours,0,1,0.65,0.11824975891996142,1.6016152362584377,0.5062634092307209,0.1397162543402778
病例67,far,WLI,ours,0,1,0.7,0.14573288331726134,1.4714320154291225,0.5137368611797255,0.13084581163194445
病例67,far,WLI,ours,0,1,0.75,0.1833413693346191,1.3096673095467695,0.5224398519412305,0.11962890625
病例67,far,WLI,ours,0,1,0.8,0.23240115718418514,1.13271456123433,0.5293213083390993,0.10691324869791667
病例67,far,WLI,ours,0,1,0.85,0.3007473481195757,0.9029652844744455,0.5374282008498359,0.09014214409722222
病例67,far,WLI,ours,0,1,0.9,0.45009643201542915,0.46166827386692383,0.5467401725758225,0.05691189236111111
病例67,far,WLI,ours,0,1,0.95,0.9414175506268081,0.0010848601735776277,0.11056762597985931,0.00335693359375
病例67,far,NBI,ours,0,1,0.05,0.0,22.761536897743444,0.08077043069893698,0.79266357421875
病例67,far,NBI,ours,0,1,0.1,0.0,8.337873551534864,0.19346338393732113,0.3115030924479167
病例67,far,NBI,ours,0,1,0.15,0.0,6.385647489327099,0.23850275158127832,0.24637858072916666
病例67,far,NBI,ours,0,1,0.2,0.0,5.483838178491563,0.2672425501853496,0.21629503038194445
病例67,far,NBI,ours,0,1,0.25,0.0,5.164261028664363,0.27916347436145633,0.2056342230902778
病例67,far,NBI,ours,0,1,0.3,0.0004065867046147591,3.6855051839804838,0.35165385302931645,0.15629069010416666
病例67,far,NBI,ours,0,1,0.35,0.010977841024598495,3.135393372636715,0.38600388780741063,0.13758680555555555
病例67,far,NBI,ours,0,1,0.4,0.0268347225045741,2.7546249237649927,0.41167870656857725,0.1243557400173611
病例67,far,NBI,ours,0,1,0.45,0.045131124212238256,2.5169749949176663,0.42705823521195135,0.1158175998263889
病例67,far,NBI,ours,0,1,0.5,0.16222809514128889,1.9178694856678187,0.44614052181202696,0.09192572699652778
病例67,far,NBI,ours,0,1,0.55,0.17564545639357593,1.8369587314494815,0.4503053858942237,0.0887790256076389
病例67,far,NBI,ours,0,1,0.6,0.18662329741817443,1.7609270176865217,0.4551245592056926,0.08587646484375
病例67,far,NBI,ours,0,1,0.65,0.20126041878430576,1.6787965033543404,0.45937098093967393,0.08264838324652778
病例67,far,NBI,ours,0,1,0.7,0.21874364708274038,1.585891441349868,0.46404636840871794,0.07896592881944445
病例67,far,NBI,ours,0,1,0.75,0.2384631022565562,1.4785525513315714,0.47007152716482575,0.07472737630208333
病例67,far,NBI,ours,0,1,0.8,0.2634681845903639,1.3557633665379143,0.47636578791350753,0.0697970920138889
病例67,far,NBI,ours,0,1,0.85,0.29558853425492987,1.1866232974181745,0.4873075029851114,0.0630832248263889
病例67,far,NBI,ours,0,1,0.9,0.341736125228705,0.9097377515755235,0.5126662444544595,0.05230712890625
病例67,far,NBI,ours,0,1,0.95,0.5096564342346005,0.3996747306363082,0.5188770571096173,0.029690212673611112
病例67,near,WLI,ours,0,1,0.05,0.008848001875073244,3.64818938239775,0.35151338826451145,0.5369398328993056
病例67,near,WLI,ours,0,1,0.1,0.09879292159849994,1.0554318528067503,0.6096159181881771,0.22645399305555555
病例67,near,WLI,ours,0,1,0.15,0.11783663424352514,0.8534513066916677,0.6449470933456605,0.2008734809027778
病例67,near,WLI,ours,0,1,0.2,0.12615727176842845,0.7310441814133365,0.670925655155391,0.18574354383680555
病例67,near,WLI,ours,0,1,0.25,0.12996601429743349,0.6656510019922653,0.6862319175470577,0.177734375
病例67,near,WLI,ours,0,1,0.3,0.15533809914449784,0.4218914801359428,0.7453271632048155,0.14658610026041666
病例67,near,WLI,ours,0,1,0.35,0.17180358607758114,0.32063752490331654,0.7708333333312314,0.1329616970486111
病例67,near,WLI,ours,0,1,0.4,0.18768311262158677,0.26485409586311964,0.7821377189743515,0.1246676974826389
病例67,near,WLI,ours,0,1,0.45,0.20303527481542247,0.23045822102425875,0.7861849710959937,0.11891004774305555
病例67,near,WLI,ours,0,1,0.5,0.2826086956521739,0.16863939997656158,0.7607419144351423,0.10254584418402778
病例67,near,WLI,ours,0,1,0.55,0.29901558654634947,0.156568615961561,0.7547395981175523,0.09924994574652778
病例67,near,WLI,ours,0,1,0.6,0.3162428219852338,0.1480135942810266,0.7465532132665412,0.09626600477430555
病例67,near,WLI,ours,0,1,0.65,0.33809914449783196,0.13494667760459392,0.7367356921547799,0.09222412109375
病例67,near,WLI,ours,0,1,0.7,0.36241650064455644,0.1173092698933552,0.7266352799735328,0.0873684353298611
病例67,near,WLI,ours,0,1,0.75,0.3912457517871792,0.09551154341966483,0.7143888602347794,0.0815090603298611
病例67,near,WLI,ours,0,1,0.8,0.4250556662369624,0.07553029415211532,0.6967018141772403,0.0752834743923611
病例67,near,WLI,ours,0,1,0.85,0.46806515879526545,0.05566623696238134,0.6701114637902483,0.06800672743055555
病例67,near,WLI,ours,0,1,0.9,0.5375600609398805,0.033516934255244345,0.6182530356419182,0.05740017361111111
病例67,near,WLI,ours,0,1,0.95,0.7541896167819055,0.0002929801945388492,0.3945264741822885,0.028483072916666668
病例67,near,NBI,ours,0,1,0.05,0.0,10.199799398194584,0.1639371218099152,0.7572564019097222
病例67,near,NBI,ours,0,1,0.1,0.0,3.9051153460381145,0.3386894044903715,0.3316514756944444
病例67,near,NBI,ours,0,1,0.15,0.14653961885656971,3.2331995987963893,0.3355680877068747,0.2763129340277778
病例67,near,NBI,ours,0,1,0.2,0.2304914744232698,2.8269809428284853,0.3348244484685124,0.2431708441840278
病例67,near,NBI,ours,0,1,0.25,0.4066198595787362,2.6288866599799396,0.28107183580320916,0.2178683810763889
病例67,near,NBI,ours,0,1,0.3,0.999197592778335,1.7336008024072216,0.0005868975130196357,0.11726888020833333
病例67,near,NBI,ours,0,1,0.35,1.0,1.3697091273821465,0.0,0.09261067708333333
病例67,near,NBI,ours,0,1,0.4,1.0,1.189468405215647,0.0,0.08042399088541667
病例67,near,NBI,ours,0,1,0.45,1.0,1.0785356068204615,0.0,0.07292344835069445
病例67,near,NBI,ours,0,1,0.5,1.0,0.6413239719157472,0.0,0.04336208767361111
病例67,near,NBI,ours,0,1,0.55,1.0,0.5159478435305918,0.0,0.03488498263888889
病例67,near,NBI,ours,0,1,0.6,1.0,0.41745235707121364,0.0,0.028225368923611112
病例67,near,NBI,ours,0,1,0.65,1.0,0.31544633901705116,0.0,0.021328396267361112
病例67,near,NBI,ours,0,1,0.7,1.0,0.2119358074222668,0.0,0.014329698350694444
病例67,near,NBI,ours,0,1,0.75,1.0,0.08926780341023069,0.0,0.006035698784722222
病例67,near,NBI,ours,0,1,0.8,1.0,0.030391173520561685,0.0,0.0020548502604166665
病例67,near,NBI,ours,0,1,0.85,1.0,0.0014042126379137413,0.0,9.494357638888889e-05
病例67,near,NBI,ours,0,1,0.9,1.0,0.0,0.0,0.0
病例67,near,NBI,ours,0,1,0.95,1.0,0.0,0.0,0.0
病例69,far,WLI,ours,0,1,0.05,0.0,8.672766784856456,0.18739283264726145,0.5735202365451388
病例69,far,WLI,ours,0,1,0.1,0.015784055816081437,4.713599450989363,0.29389163066259005,0.3378363715277778
病例69,far,WLI,ours,0,1,0.15,0.037515726867208055,4.356399405238476,0.3046374398140958,0.31536865234375
病例69,far,WLI,ours,0,1,0.2,0.05844675740592474,4.11208967173739,0.31106996428985,0.2996419270833333
病例69,far,WLI,ours,0,1,0.25,0.06576689923367265,4.032254374928514,0.3131601648608968,0.2944742838541667
病例69,far,WLI,ours,0,1,0.3,0.15875557588928285,3.4189637424225094,0.3198521417692545,0.2525973849826389
病例69,far,WLI,ours,0,1,0.35,0.20610774333752716,3.1061420565023448,0.32403538666155307,0.23124186197916666
病例69,far,WLI,ours,0,1,0.4,0.23801898661786572,2.923596019672881,0.3252453253909944,0.21852620442708334
病例69,far,WLI,ours,0,1,0.45,0.2656982729040375,2.7755919020931032,0.32564037534789336,0.20810953776041666
病例69,far,WLI,ours,0,1,0.5,0.38121926112318427,2.0192153722978383,0.34017669066450723,0.15641276041666666
病例69,far,WLI,ours,0,1,0.55,0.3928857371611575,1.939265698272904,0.34238534477087534,0.15098063151041666
病例69,far,WLI,ours,0,1,0.6,0.4026078005261352,1.8712112547180602,0.3444569016673994,0.1463690863715278
病例69,far,WLI,ours,0,1,0.65,0.41370239048381563,1.795951046551527,0.34669101484445336,0.14124891493055555
病例69,far,WLI,ours,0,1,0.7,0.42662701589843305,1.7067368180258493,0.34960596973167724,0.13519287109375
病例69,far,WLI,ours,0,1,0.75,0.44492737046780284,1.5899576804300584,0.35298396188546755,0.12718370225694445
病例69,far,WLI,ours,0,1,0.8,0.46928971748827636,1.4330321399977124,0.35813522692050737,0.11643473307291667
病例69,far,WLI,ours,0,1,0.85,0.4997140569598536,1.2332151435434062,0.3660404200997278,0.102783203125
病例69,far,WLI,ours,0,1,0.9,0.547294978840215,0.9296580121239849,0.38004704978453097,0.08196343315972222
病例69,far,WLI,ours,0,1,0.95,0.7134850737733044,0.2615806931259293,0.3701514591771692,0.03249782986111111
病例69,far,NBI,ours,0,1,0.05,0.0,2.46229173750425,0.4482001889721965,0.6905517578125
病例69,far,NBI,ours,0,1,0.1,0.0,1.080958857531452,0.6491485581213658,0.4150458441840278
病例69,far,NBI,ours,0,1,0.15,0.0,1.028289697381843,0.6604387954451276,0.404541015625
病例69,far,NBI,ours,0,1,0.2,0.0,0.9959197551853112,0.6675746226300447,0.3980848524305556
病例69,far,NBI,ours,0,1,0.25,0.00010200612036722203,0.9820129207752465,0.6706424319817206,0.3952907986111111
病例69,far,NBI,ours,0,1,0.3,0.0005780346820809249,0.8974498469908194,0.6900008216243647,0.3783298068576389
病例69,far,NBI,ours,0,1,0.35,0.0011220673240394424,0.8500170010200612,0.7012388704548478,0.3687608506944444
病例69,far,NBI,ours,0,1,0.4,0.0032301938116286975,0.8142128527711663,0.7091966953336609,0.3611992730034722
病例69,far,NBI,ours,0,1,0.45,0.0055423325399523975,0.7791227473648419,0.7170930845512289,0.3537394205729167
病例69,far,NBI,ours,0,1,0.5,0.010778646718803127,0.6561373682420946,0.7478920308473678,0.3281656901041667
病例69,far,NBI,ours,0,1,0.55,0.014620877252635158,0.6347500850051003,0.7521607101134832,0.3231336805555556
病例69,far,NBI,ours,0,1,0.6,0.019143148588915335,0.6129547772866372,0.7563053851387496,0.3178846571180556
病例69,far,NBI,ours,0,1,0.65,0.026793607616456987,0.5859571574294458,0.7605660001318534,0.31097412109375
病例69,far,NBI,ours,0,1,0.7,0.03855831349880993,0.554845290717443,0.7641749094633207,0.3024224175347222
病例69,far,NBI,ours,0,1,0.75,0.05651139068344101,0.5144508670520231,0.7677069499768043,0.2907850477430556
病例69,far,NBI,ours,0,1,0.8,0.07371642298537913,0.4606256375382523,0.7761364121984984,0.2766181098090278
病例69,far,NBI,ours,0,1,0.85,0.10720843250595036,0.37395443726623595,0.7877296932411494,0.2526516384548611
病例69,far,NBI,ours,0,1,0.9,0.2115606936416185,0.16409384563073784,0.8076065756464064,0.18998209635416666
病例69,far,NBI,ours,0,1,0.95,1.0,0.0,0.0,0.0
病例69,near,WLI,ours,0,1,0.05,0.0,1.9830504684600077,0.50212770735294,0.9047105577256944
病例69,near,WLI,ours,0,1,0.1,0.0,0.733793967040093,0.7315840272205242,0.5258314344618056
病例69,near,WLI,ours,0,1,0.15,0.005545493168757407,0.6307998479461551,0.7576062144383857,0.4929131401909722
病例69,near,WLI,ours,0,1,0.2,0.01294693768028443,0.5629122783479797,0.7741697869982775,0.4700792100694444
病例69,near,WLI,ours,0,1,0.25,0.015920932000626106,0.5445540126562465,0.7783486465686458,0.4636094835069444
病例69,near,WLI,ours,0,1,0.3,0.06522662731155386,0.36141857292994345,0.8141944530998615,0.3931138780381944
病例69,near,WLI,ours,0,1,0.35,0.09103105923391695,0.2967956888262785,0.8241758241749887,0.3656887478298611
病例69,near,WLI,ours,0,1,0.4,0.1067060217794772,0.2605040137742895,0.8295058139526271,0.3499281141493056
病例69,near,WLI,ours,0,1,0.45,0.12025670266765054,0.2359517899868071,0.8316352413959249,0.3383721245659722
病例69,near,WLI,ours,0,1,0.5,0.22486080364929228,0.13937523758413273,0.8097501722738998,0.2773573133680556
病例69,near,WLI,ours,0,1,0.55,0.23713691554303348,0.1325104537018403,0.804973868314235,0.2715521918402778
病例69,near,WLI,ours,0,1,0.6,0.250240379240178,0.1260928870105767,0.7993801406594357,0.2656317816840278
病例69,near,WLI,ours,0,1,0.65,0.26466313365085753,0.11855727734174101,0.7932889467834306,0.25897216796875
病例69,near,WLI,ours,0,1,0.7,0.283088481921245,0.10965765524026744,0.7849815145792608,0.2506849500868056
病例69,near,WLI,ours,0,1,0.75,0.3057623935064064,0.09588336575657969,0.7756320575587393,0.2396308051215278
病例69,near,WLI,ours,0,1,0.8,0.33767134008631294,0.07399208425571879,0.76291049581357,0.22331407335069445
病例69,near,WLI,ours,0,1,0.85,0.3827061112229154,0.04112162071510029,0.7444381522520502,0.19968668619791666
病例69,near,WLI,ours,0,1,0.9,0.5044162697614096,0.003533015809127703,0.6611676262631467,0.1513739691840278
病例69,near,WLI,ours,0,1,0.95,0.9977415531853044,0.0,0.004506715452223224,0.0006849500868055555
病例69,near,NBI,ours,0,1,0.05,0.0,0.800809787870786,0.7140791954742237,0.9712253146701388
病例69,near,NBI,ours,0,1,0.1,0.00011316911237692859,0.42537754473323525,0.8245590385428702,0.7686835394965278
病例69,near,NBI,ours,0,1,0.15,0.0010436707030316748,0.4119229947062004,0.8287070359355194,0.76092529296875
病例69,near,NBI,ours,0,1,0.2,0.0013957523859821192,0.40652860034956684,0.8303942532396991,0.7578260633680556
病例69,near,NBI,ours,0,1,0.25,0.0017604084147522226,0.40261797879965294,0.8315691891915847,0.7555202907986112
病例69,near,NBI,ours,0,1,0.3,0.0019490236020471034,0.3790159316961535,0.839733179574357,0.7426893446180556
病例69,near,NBI,ours,0,1,0.35,0.0020873414060633495,0.3545211060394583,0.848408719170819,0.7294040256076388
病例69,near,NBI,ours,0,1,0.4,0.0022130848642599368,0.3463855042941391,0.8512914040494294,0.7249484592013888
病例69,near,NBI,ours,0,1,0.45,0.002338828322456524,0.34046298741307984,0.8533859656666236,0.7216864691840278
病例69,near,NBI,ours,0,1,0.5,0.0024519974348334527,0.3337357123995624,0.855792880258438,0.7179972330729166
病例69,near,NBI,ours,0,1,0.55,0.0025651665472103814,0.3281904258930929,0.857777777777314,0.7149454752604166
病例69,near,NBI,ours,0,1,0.6,0.003193883838193318,0.32166434041269004,0.8598825258563193,0.7110866970486112
病例69,near,NBI,ours,0,1,0.65,0.004124385428848064,0.3137173538546657,0.8623819245946033,0.706298828125
病例69,near,NBI,ours,0,1,0.7,0.00535667131917462,0.30228727350459594,0.8660630214373256,0.6994696723090278
病例69,near,NBI,ours,0,1,0.75,0.00912897506507224,0.29029134759264147,0.8687422139411133,0.6909654405381944
病例69,near,NBI,ours,0,1,0.8,0.015604763162196486,0.2713669571340551,0.8727828132485631,0.6772664388020834
病例69,near,NBI,ours,0,1,0.85,0.027638412111609893,0.2381203867868774,0.879773369815135,0.6528455946180556
病例69,near,NBI,ours,0,1,0.9,0.11204999559897896,0.1709733801098998,0.8625381702694134,0.57110595703125
病例69,near,NBI,ours,0,1,0.95,0.9607303180052058,0.0,0.07557168784019895,0.02117919921875
病例73,far,WLI,ours,0,1,0.05,0.0,3.098781692459664,0.3922505650616976,0.16883680555555555
病例73,far,WLI,ours,0,1,0.1,0.0,1.3322357589726703,0.6001976284555326,0.0960693359375
病例73,far,WLI,ours,0,1,0.15,0.0,1.0996048732301613,0.6452435332201346,0.08648681640625
病例73,far,WLI,ours,0,1,0.2,0.0,0.9257490945011525,0.6835856170126409,0.07932535807291667
病例73,far,WLI,ours,0,1,0.25,0.0,0.8551201843924926,0.7004959058891679,0.076416015625
病例73,far,WLI,ours,0,1,0.3,0.00016463615409944023,0.48748765228844254,0.8039449298331748,0.06126573350694445
病例73,far,WLI,ours,0,1,0.35,0.00707935462627593,0.36071781363187355,0.8437325125850326,0.05575900607638889
病例73,far,WLI,ours,0,1,0.4,0.02025024695423115,0.29321699045110305,0.8620889468284652,0.052435980902777776
病例73,far,WLI,ours,0,1,0.45,0.03621995390187685,0.2527164965426408,0.8696427244977372,0.05010986328125
病例73,far,WLI,ours,0,1,0.5,0.07787290088903523,0.2049720118538031,0.867027863770379,0.046427408854166664
病例73,far,WLI,ours,0,1,0.55,0.08923279552189661,0.1837339479749753,0.8696745794618009,0.045084635416666664
病例73,far,WLI,ours,0,1,0.6,0.10108659861705631,0.16759960487323017,0.8699808795341779,0.04393174913194445
病例73,far,WLI,ours,0,1,0.65,0.1121172209417188,0.14784326638129733,0.8723008491639926,0.04266357421875
病例73,far,WLI,ours,0,1,0.7,0.12660520250246954,0.1284162001975634,0.872604654980898,0.041266547309027776
病例73,far,WLI,ours,0,1,0.75,0.14372736252881133,0.10553177477774119,0.8729439409124459,0.039618598090277776
病例73,far,WLI,ours,0,1,0.8,0.1685874217978268,0.08215344089562068,0.8689667039415901,0.03763156467013889
病例73,far,WLI,ours,0,1,0.85,0.20118538030951597,0.05614092854790912,0.8612762935931367,0.03521728515625
病例73,far,WLI,ours,0,1,0.9,0.2589726703984195,0.029469871583799802,0.8370838757593724,0.03173828125
病例73,far,WLI,ours,0,1,0.95,0.41537701679288774,0.005268356931182087,0.7354250802450509,0.024298773871527776
病例73,far,NBI,ours,0,1,0.05,8.876264867743653e-05,1.5595597372625598,0.5618313757747642,0.1955498589409722
病例73,far,NBI,ours,0,1,0.1,0.038434226877330016,0.28510562755192614,0.8559914661575758,0.0952487521701389
病例73,far,NBI,ours,0,1,0.15,0.061778803479495825,0.2149831350967513,0.8714650836801406,0.0881076388888889
病例73,far,NBI,ours,0,1,0.2,0.07926504526895083,0.1854251730871649,0.8743256911628695,0.08451334635416667
病例73,far,NBI,ours,0,1,0.25,0.08680987040653293,0.17246582638025917,0.8756862578164204,0.08294677734375
病例73,far,NBI,ours,0,1,0.3,0.12808450204154093,0.1423752884786082,0.8657295201125205,0.07749430338541667
病例73,far,NBI,ours,0,1,0.35,0.15568968578022369,0.12444523344576602,0.8577096483279634,0.07401529947916667
病例73,far,NBI,ours,0,1,0.4,0.17495118054322742,0.10962187111663411,0.8529087905998674,0.0714111328125
病例73,far,NBI,ours,0,1,0.45,0.18906444168293982,0.10127818214095509,0.8481641368386568,0.06969536675347222
病例73,far,NBI,ours,0,1,0.5,0.20885851233800817,0.09053790165098527,0.8408887211621261,0.06736246744791667
病例73,far,NBI,ours,0,1,0.55,0.21853364104384876,0.0850346174329842,0.8373597108577261,0.06620279947916667
病例73,far,NBI,ours,0,1,0.6,0.2283862950470442,0.07908751997159595,0.8338609112669838,0.06499565972222222
病例73,far,NBI,ours,0,1,0.65,0.24116811645659506,0.07367299840227233,0.8281908452369668,0.06360541449652778
病例73,far,NBI,ours,0,1,0.7,0.25616900408308185,0.06772590094088407,0.8212063305364241,0.062004937065972224
病例73,far,NBI,ours,0,1,0.75,0.27418782176460144,0.061778803479495825,0.8120562093410196,0.060173882378472224
病例73,far,NBI,ours,0,1,0.8,0.2939818924196698,0.05299130126042961,0.8027451178240765,0.057990180121527776
病例73,far,NBI,ours,0,1,0.85,0.3201668737795136,0.041895970175750044,0.7897097489261756,0.05514187282986111
病例73,far,NBI,ours,0,1,0.9,0.36383809692881236,0.02485354162968223,0.765991556667739,0.05050320095486111
病例73,far,NBI,ours,0,1,0.95,0.48934848215870763,0.00639091070477543,0.6732198232948732,0.03950330946180555
病例73,near,WLI,ours,0,1,0.05,0.0,0.41521208284344757,0.8280846283457179,0.318359375
病例73,near,WLI,ours,0,1,0.1,0.0022007174941967383,0.17828826384492477,0.9170580330536039,0.2645670572916667
病例73,near,WLI,ours,0,1,0.15,0.006572005667601218,0.13011365349250853,0.9356331629742538,0.25274658203125
病例73,near,WLI,ours,0,1,0.2,0.010038889391335805,0.11308070302372554,0.9414564220169991,0.2481350368923611
病例73,near,WLI,ours,0,1,0.25,0.012541075035422507,0.10451900756685056,0.944043347310328,0.24564615885416666
病例73,near,WLI,ours,0,1,0.3,0.03186518344336921,0.07663320370202888,0.946938534800379,0.23502604166666666
病例73,near,WLI,ours,0,1,0.35,0.050435621476590996,0.06520756082119925,0.9426023461800596,0.2282782660590278
病例73,near,WLI,ours,0,1,0.4,0.06439359681649634,0.056525278104368276,0.9393017660130154,0.22318522135416666
病例73,near,WLI,ours,0,1,0.45,0.07581923969732597,0.05094811733140394,0.9358181845918833,0.2193603515625
病例73,near,WLI,ours,0,1,0.5,0.09336468602092189,0.04757167405263634,0.9278805362279933,0.2146538628472222
病例73,near,WLI,ours,0,1,0.55,0.10041904072834705,0.0436525881040668,0.9258598488947613,0.2121853298611111
病例73,near,WLI,ours,0,1,0.6,0.10720207410087124,0.03997467667540924,0.9238520089828365,0.2098320855034722
病例73,near,WLI,ours,0,1,0.65,0.11374393295348346,0.03708058243646559,0.9215818429741507,0.2077094184027778
病例73,near,WLI,ours,0,1,0.7,0.12152181122064454,0.03355340508275301,0.9188950554980466,0.2051662868923611
病例73,near,WLI,ours,0,1,0.75,0.13047541527237647,0.029121823279370535,0.9159415687505305,0.2021552191840278
病例73,near,WLI,ours,0,1,0.8,0.142835609417865,0.024479213771065086,0.9110804921800322,0.1983303493923611
病例73,near,WLI,ours,0,1,0.85,0.1613156070061198,0.018268969883331827,0.9032907446776575,0.1927761501736111
病例73,near,WLI,ours,0,1,0.9,0.19293961592957704,0.011063881100961683,0.8877945248621469,0.18404134114583334
病例73,near,WLI,ours,0,1,0.95,0.2848271080160381,0.0014771939344608242,0.8332191840949138,0.16121419270833334
病例73,near,NBI,ours,0,1,0.05,0.0,1.164392996212021,0.6320327476367356,0.5541178385416666
病例73,near,NBI,ours,0,1,0.1,0.0,0.18224682789859872,0.9164866111518093,0.30267333984375
病例73,near,NBI,ours,0,1,0.15,0.0,0.11538767184975232,0.9454531793922394,0.2855563693576389
病例73,near,NBI,ours,0,1,0.2,5.297872904029032e-05,0.0810574554316442,0.9610234215873714,0.2767537434895833
病例73,near,NBI,ours,0,1,0.25,0.0001324468226007258,0.07379936955312442,0.9643473040111336,0.2748752170138889
病例73,near,NBI,ours,0,1,0.3,0.0009271277582050807,0.04534979205848852,0.9773643089428765,0.2673882378472222
病例73,near,NBI,ours,0,1,0.35,0.004026383407062064,0.03356202484702392,0.9814793061579264,0.2635769314236111
病例73,near,NBI,ours,0,1,0.4,0.008423617917406161,0.02715159863314879,0.9823774094910281,0.2608100043402778
病例73,near,NBI,ours,0,1,0.45,0.012900320521310694,0.022860321580885273,0.9822082817140908,0.2585652669270833
病例73,near,NBI,ours,0,1,0.5,0.02304574713252629,0.02007893830627003,0.9784056240867776,0.2552558051215278
病例73,near,NBI,ours,0,1,0.55,0.027442981642870387,0.018039257238218854,0.9771514498237093,0.2536078559027778
病例73,near,NBI,ours,0,1,0.6,0.03234351407909724,0.015973086805647532,0.9756423267974792,0.2518242730034722
病例73,near,NBI,ours,0,1,0.65,0.04150883420306747,0.01369500145691505,0.9720088110447376,0.2488945855034722
病例73,near,NBI,ours,0,1,0.7,0.049402664830070726,0.011920214034065324,0.968752952608462,0.24641927083333334
病例73,near,NBI,ours,0,1,0.75,0.05946862334772589,0.010118937246695452,0.9643259685751241,0.2433810763888889
病例73,near,NBI,ours,0,1,0.8,0.07326958226272151,0.007920319991523404,0.9580338194003449,0.2392849392361111
病例73,near,NBI,ours,0,1,0.85,0.09708352096633202,0.003920425948981484,0.9470306313802223,0.23216417100694445
病例73,near,NBI,ours,0,1,0.9,0.14521469629943579,0.0010330852162856612,0.9211949927904749,0.21910264756944445
病例73,near,NBI,ours,0,1,0.95,0.393605467404837,0.0,0.7549758422229194,0.1552463107638889
病例78,far,WLI,ours,0,1,0.05,0.0,1.8405944922045752,0.5207527126469355,0.1322089301215278
病例78,far,WLI,ours,0,1,0.1,0.00014570887367040654,0.6395162465394143,0.7576460196491241,0.07630072699652778
病例78,far,WLI,ours,0,1,0.15,0.0018942153577152848,0.5270289960658604,0.7905366416572963,0.07098388671875
病例78,far,WLI,ours,0,1,0.2,0.00335130409441935,0.4736995483024916,0.8068892296755521,0.06843397352430555
病例78,far,WLI,ours,0,1,0.25,0.004954101704793822,0.4499490018942154,0.8139451728199407,0.06725396050347222
病例78,far,WLI,ours,0,1,0.3,0.006848317062509107,0.3722861722278887,0.8397191080396715,0.06355116102430555
病例78,far,WLI,ours,0,1,0.35,0.009179659041235612,0.31298266064403324,0.8601606476449297,0.06068250868055555
病例78,far,WLI,ours,0,1,0.4,0.01384234299868862,0.2790324930788285,0.8707062910017322,0.05888536241319445
病例78,far,WLI,ours,0,1,0.45,0.016173684977415125,0.258778959638642,0.8773958807038048,0.05783420138888889
病例78,far,WLI,ours,0,1,0.5,0.01967069794550488,0.24435378114527176,0.8813204086921579,0.057000054253472224
病例78,far,WLI,ours,0,1,0.55,0.02185633105056098,0.23138569138860557,0.8853864415663057,0.056294759114583336
病例78,far,WLI,ours,0,1,0.6,0.023750546408276264,0.21681480402156492,0.8903062919348195,0.05552842881944445
病例78,far,WLI,ours,0,1,0.65,0.027393268250036427,0.20078682791782018,0.8950120675724389,0.05461290147569445
病例78,far,WLI,ours,0,1,0.7,0.03234736995483025,0.1806790033513041,0.9008410200698532,0.053446451822916664
病例78,far,WLI,ours,0,1,0.75,0.03861285152265773,0.16027976103744718,0.9062564384252025,0.052205403645833336
病例78,far,WLI,ours,0,1,0.8,0.04706396619554131,0.13769488561853416,0.9116253136262084,0.050760904947916664
病例78,far,WLI,ours,0,1,0.85,0.05974063820486668,0.11205012385254262,0.9162939297059546,0.04897732204861111
病例78,far,WLI,ours,0,1,0.9,0.08334547573947253,0.07882850065568993,0.918729463301068,0.046332465277777776
病例78,far,WLI,ours,0,1,0.95,0.1496430132595075,0.02637330613434358,0.9062111801171877,0.04080539279513889
病例78,far,NBI,ours,0,1,0.05,0.0,1.7713549991120583,0.5303133755556114,0.4233262803819444
病例78,far,NBI,ours,0,1,0.1,0.0,0.9491653347540401,0.6781579779296398,0.2977362738715278
病例78,far,NBI,ours,0,1,0.15,0.0004883679630616231,0.7551500621559226,0.7256873932232123,0.2680257161458333
病例78,far,NBI,ours,0,1,0.2,0.0011987213638785296,0.6801189841946368,0.7456745111025096,0.2564561631944444
病例78,far,NBI,ours,0,1,0.25,0.002175457290001776,0.6502841413603268,0.753612983266684,0.2517496744791667
病例78,far,NBI,ours,0,1,0.3,0.003019001953471852,0.5103001243118451,0.7952686191861825,0.23023817274305555
病例78,far,NBI,ours,0,1,0.35,0.005016870893269402,0.44179541822056473,0.8166381226527408,0.21946885850694445
病例78,far,NBI,ours,0,1,0.4,0.00794707867163914,0.39726513940685493,0.8304067487953055,0.21221923828125
病例78,far,NBI,ours,0,1,0.45,0.01114366897531522,0.36538803054519625,0.840062609612386,0.20686170789930555
病例78,far,NBI,ours,0,1,0.5,0.013940685491031788,0.2948410584265672,0.8646228710445457,0.19565836588541666
病例78,far,NBI,ours,0,1,0.55,0.016160539868584622,0.27956846030900373,0.8693434809029456,0.1929863823784722
病例78,far,NBI,ours,0,1,0.6,0.01895755638430119,0.2637630971408276,0.8740556148869228,0.19014485677083334
病例78,far,NBI,ours,0,1,0.65,0.022109749600426214,0.24684780678387497,0.8791059668711253,0.1870795355902778
病例78,far,NBI,ours,0,1,0.7,0.026949032143491387,0.22948854555141182,0.8835718605102125,0.1836886935763889
病例78,far,NBI,ours,0,1,0.75,0.03391937488900728,0.20973184159119163,0.8880182827275384,0.17960611979166666
病例78,far,NBI,ours,0,1,0.8,0.042709998224116495,0.1862013851891316,0.8932062966012982,0.17466905381944445
病例78,far,NBI,ours,0,1,0.85,0.05620671283963772,0.15703249866808738,0.8984974323191561,0.16815185546875
病例78,far,NBI,ours,0,1,0.9,0.08555318771088617,0.11307938199254129,0.9020320574562012,0.1569552951388889
病例78,far,NBI,ours,0,1,0.95,0.30216657787249157,0.021532587462262477,0.8117334159609272,0.10988362630208333
病例78,near,WLI,ours,0,1,0.05,0.0,0.5935808873039228,0.771134615383874,0.4333563910590278
病例78,near,WLI,ours,0,1,0.1,0.0,0.26309883039477294,0.8837439943570286,0.3434855143229167
病例78,near,WLI,ours,0,1,0.15,0.000623456944063443,0.22646450036160504,0.8979765612735586,0.3333536783854167
病例78,near,WLI,ours,0,1,0.2,0.0010723459437891219,0.2089827676500661,0.9048624837624614,0.3284776475694444
病例78,near,WLI,ours,0,1,0.25,0.001596049776802414,0.20062844459961596,0.9080393290909309,0.3260633680555556
病例78,near,WLI,ours,0,1,0.3,0.018229881044415072,0.1710267088954837,0.9120880393849845,0.3134901258680556
病例78,near,WLI,ours,0,1,0.35,0.03805581186563256,0.14950497518641362,0.9111696410633291,0.30224609375
病例78,near,WLI,ours,0,1,0.4,0.04935285169206215,0.1302526247537345,0.9136885501295346,0.2939385308159722
病例78,near,WLI,ours,0,1,0.45,0.0599017431856156,0.11658644853986384,0.9141880176050803,0.287353515625
病例78,near,WLI,ours,0,1,0.5,0.07922890845158233,0.10182298810444151,0.9104853028199467,0.2780829535590278
病例78,near,WLI,ours,0,1,0.55,0.08346841567121374,0.09568817177485722,0.9109656950216749,0.2752617730034722
病例78,near,WLI,ours,0,1,0.6,0.08823162672385845,0.08952841716751041,0.9111775700923225,0.2722913953993056
病例78,near,WLI,ours,0,1,0.65,0.09369310955385421,0.08284495872715031,0.9112495768703394,0.2689887152777778
病例78,near,WLI,ours,0,1,0.7,0.10037656799421432,0.07748322900820469,0.910040363268277,0.2657131618923611
病例78,near,WLI,ours,0,1,0.75,0.11002768148831642,0.07212149928925908,0.907165916773549,0.2616305881076389
病例78,near,WLI,ours,0,1,0.8,0.12279607970273573,0.06513878151574852,0.9032432016011822,0.2562594943576389
病例78,near,WLI,ours,0,1,0.85,0.1399037382478366,0.05698396468739869,0.8972981410886822,0.2493896484375
病例78,near,WLI,ours,0,1,0.9,0.17112646200653384,0.041522232474625304,0.8863081825563842,0.2366943359375
病例78,near,WLI,ours,0,1,0.95,0.3051697049801741,0.003366667497942592,0.8183153195476705,0.18986680772569445
病例78,near,NBI,ours,0,1,0.05,0.0,0.5591509728436167,0.7815091884855355,0.81298828125
病例78,near,NBI,ours,0,1,0.1,0.0,0.14172562688585996,0.9338264317763484,0.5953301323784722
病例78,near,NBI,ours,0,1,0.15,0.0,0.10112111122671938,0.9518727832071904,0.57415771484375
病例78,near,NBI,ours,0,1,0.2,0.0,0.08465560295494745,0.9593910846299034,0.5655721028645834
病例78,near,NBI,ours,0,1,0.25,0.0,0.07750234106752679,0.9626944627032505,0.5618421766493056
病例78,near,NBI,ours,0,1,0.3,0.0,0.05290812610550411,0.974227718506263,0.5490180121527778
病例78,near,NBI,ours,0,1,0.35,0.0003511601290188326,0.04152793673915305,0.979482866281187,0.5429009331597222
病例78,near,NBI,ours,0,1,0.4,0.0024971386952450316,0.03382842576214754,0.9821173608214732,0.5377671983506944
病例78,near,NBI,ours,0,1,0.45,0.0062428467381125795,0.028925189886588286,0.982613168723648,0.5332573784722222
病例78,near,NBI,ours,0,1,0.5,0.032566850483820624,0.02058838830506711,0.9732622419934099,0.5151841905381944
病例78,near,NBI,ours,0,1,0.55,0.036000416189782544,0.018286338570388097,0.9726140643241614,0.5121934678819444
病例78,near,NBI,ours,0,1,0.6,0.03999323691603371,0.015373010092602227,0.9719718467498193,0.5085923936631944
病例78,near,NBI,ours,0,1,0.65,0.04474040162314015,0.010820934346061805,0.9717400508037602,0.5037434895833334
病例78,near,NBI,ours,0,1,0.7,0.05094423056913953,0.007595463531370305,0.9700816920687768,0.4988267686631944
病例78,near,NBI,ours,0,1,0.75,0.06049058370617001,0.004695140984288836,0.9664717766205755,0.4923366970486111
病例78,near,NBI,ours,0,1,0.8,0.07531734470918738,0.002380085318905421,0.9596809027583826,0.4833984375
病例78,near,NBI,ours,0,1,0.85,0.10220060347518468,0.0012225574862137134,0.9455387228440502,0.4687771267361111
病例78,near,NBI,ours,0,1,0.9,0.17866247008635938,0.0005332431588804495,0.9016419189028401,0.4285481770833333
病例78,near,NBI,ours,0,1,0.95,0.6366923317032567,2.6011861408802414e-05,0.5329695489577454,0.189453125
病例81,far,WLI,ours,0,1,0.05,0.08766869269599259,3.7614092922633153,0.3215978211523893,0.3076714409722222
病例81,far,WLI,ours,0,1,0.1,0.1756464407128876,1.1524672916452046,0.5538482834975296,0.1301337348090278
病例81,far,WLI,ours,0,1,0.15,0.2195322962810343,0.9035747398784383,0.5815613725317358,0.11086018880208333
病例81,far,WLI,ours,0,1,0.2,0.24363861131142475,0.841145565056145,0.5823748711010456,0.10516357421875
病例81,far,WLI,ours,0,1,0.25,0.2537344184609045,0.8106521067271042,0.5837228041878174,0.10249159071180555
病例81,far,WLI,ours,0,1,0.3,0.30524363861131143,0.7482229319048109,0.5687779370811809,0.09499104817708333
病例81,far,WLI,ours,0,1,0.35,0.3330586174925312,0.6835273513958998,0.5674964936861523,0.0889010959201389
病例81,far,WLI,ours,0,1,0.4,0.3512928814257752,0.6417018646337694,0.5664552691918928,0.08494737413194445
病例81,far,WLI,ours,0,1,0.45,0.3616977438961574,0.6111053878644277,0.5675291962419623,0.0822482638888889
病例81,far,WLI,ours,0,1,0.5,0.36932110847841765,0.5897805707221593,0.568061612691064,0.08034261067708333
病例81,far,WLI,ours,0,1,0.55,0.37653239929947463,0.574430823117338,0.5673306772881774,0.078857421875
病例81,far,WLI,ours,0,1,0.6,0.38384670856083236,0.5581539095498094,0.5667582677884642,0.0773044162326389
病例81,far,WLI,ours,0,1,0.65,0.3936334603894097,0.5360049448851344,0.566070398150769,0.07520209418402778
病例81,far,WLI,ours,0,1,0.7,0.4039353044194911,0.5111775007726383,0.5657296504494465,0.07288953993055555
病例81,far,WLI,ours,0,1,0.75,0.4168126094570928,0.4898526836303698,0.5626397654397324,0.07063802083333333
病例81,far,WLI,ours,0,1,0.8,0.43123519109920677,0.46172864942824765,0.5602232369327234,0.0678371853298611
病例81,far,WLI,ours,0,1,0.85,0.44916039971154836,0.42742350880807667,0.5568921522649748,0.06439887152777778
病例81,far,WLI,ours,0,1,0.9,0.4786236736375811,0.37344184609045017,0.550318055779099,0.058905707465277776
病例81,far,WLI,ours,0,1,0.95,0.5396105902956629,0.23323374884104256,0.5436739659334326,0.045661078559027776
病例81,far,NBI,ours,0,1,0.05,0.15037107137520547,0.49798276634955424,0.7238240723044919,0.18348524305555555
病例81,far,NBI,ours,0,1,0.1,0.2356427753150371,0.08183493549833143,0.8280364754739437,0.11521402994791667
病例81,far,NBI,ours,0,1,0.15,0.2672710066244957,0.0558848433530906,0.819326093008022,0.10737440321180555
病例81,far,NBI,ours,0,1,0.2,0.29117896100014945,0.046720127509090006,0.8075242580695469,0.1028713650173611
病例81,far,NBI,ours,0,1,0.25,0.30079195098869355,0.042187577825372316,0.803043304156504,0.10094536675347222
病例81,far,NBI,ours,0,1,0.3,0.35363849180654483,0.03675847985256762,0.7680516098462119,0.09301079644097222
病例81,far,NBI,ours,0,1,0.35,0.3798874333814813,0.03431787617671963,0.7496387283214425,0.08910454644097222
病例81,far,NBI,ours,0,1,0.4,0.3993624545499826,0.032474971360262984,0.73557399048208,0.08620198567708333
病例81,far,NBI,ours,0,1,0.45,0.4145041589878966,0.031179957164915076,0.7243206605437047,0.08396402994791667
病例81,far,NBI,ours,0,1,0.5,0.4298450963789411,0.029835134731284553,0.7126980668034969,0.0816921657986111
病例81,far,NBI,ours,0,1,0.55,0.4378642227424416,0.028789161727349702,0.7066779374449558,0.08045789930555555
病例81,far,NBI,ours,0,1,0.6,0.44583354086765953,0.02689644867261045,0.701004945970132,0.07911512586805555
病例81,far,NBI,ours,0,1,0.65,0.45345420132489916,0.024754694426458137,0.6956604431461132,0.0777859157986111
病例81,far,NBI,ours,0,1,0.7,0.462967574836878,0.022612940180305824,0.6886596621189645,0.0761990017361111
病例81,far,NBI,ours,0,1,0.75,0.47387557902077004,0.019823678836479553,0.6806495263848165,0.07433403862847222
病例81,far,NBI,ours,0,1,0.8,0.48737361159535786,0.017482691637196793,0.6700520833311522,0.0721774631076389
病例81,far,NBI,ours,0,1,0.85,0.5069482492404244,0.014793046769935748,0.6539820962552307,0.06914605034722222
病例81,far,NBI,ours,0,1,0.9,0.5369328086865568,0.010957812422174628,0.6283030343967415,0.0645412868923611
病例81,far,NBI,ours,0,1,0.95,0.6018827514070827,0.004432933207152463,0.5677048190611609,0.0548095703125
病例81,near,WLI,ours,0,1,0.05,0.10536990233704639,0.289931043090268,0.8190478911047676,0.2574598524305556
病例81,near,WLI,ours,0,1,0.1,0.17626134980810634,0.05753689662703985,0.8757235499960597,0.19154188368055555
病例81,near,WLI,ours,0,1,0.15,0.20574744921838434,0.04680333239726669,0.8628228594656925,0.18280029296875
病例81,near,WLI,ours,0,1,0.2,0.22740179100751973,0.0418733813847546,0.8515958178551871,0.17702229817708334
病例81,near,WLI,ours,0,1,0.25,0.23591999750382228,0.038721957003338636,0.8476582782359243,0.17448594835069445
病例81,near,WLI,ours,0,1,0.3,0.29844924958657054,0.028862054978314455,0.8108478488210703,0.15875244140625
病例81,near,WLI,ours,0,1,0.35,0.3333021311117352,0.022621610658678896,0.7893093958353387,0.14982096354166666
病例81,near,WLI,ours,0,1,0.4,0.35632937065119036,0.020687072919591876,0.7734763127785877,0.14439561631944445
病例81,near,WLI,ours,0,1,0.45,0.37386501918936627,0.019938219601235607,0.7607620130778869,0.14042154947916666
病例81,near,WLI,ours,0,1,0.5,0.4120253362039377,0.01806608630534494,0.7322039166911481,0.1317206488715278
病例81,near,WLI,ours,0,1,0.55,0.42038753159224934,0.017286030765390495,0.7259227417481273,0.1297336154513889
病例81,near,WLI,ours,0,1,0.6,0.428562513650972,0.016568379668632408,0.7196919086715139,0.1278008355034722
病例81,near,WLI,ours,0,1,0.65,0.43726793347686355,0.015881930793472495,0.7129444784837567,0.1257595486111111
病例81,near,WLI,ours,0,1,0.7,0.4471902399450841,0.015632313020687072,0.7049157498941554,0.12354871961805555
病例81,near,WLI,ours,0,1,0.75,0.4595151174763643,0.015070673031919873,0.694909134671852,0.12074788411458333
病例81,near,WLI,ours,0,1,0.8,0.4762707104745858,0.01497706636712534,0.6807397493598557,0.11708577473958333
病例81,near,WLI,ours,0,1,0.85,0.499297950014041,0.01469624637274174,0.6608190746789778,0.11201985677083333
病例81,near,WLI,ours,0,1,0.9,0.5314674404817623,0.011919248650503917,0.6329588804336777,0.10442437065972222
病例81,near,WLI,ours,0,1,0.95,0.6130300477393991,0.006989297637991825,0.5552098489075429,0.08562554253472222
病例81,near,NBI,ours,0,1,0.05,0.02571002291255928,0.3299408536260457,0.8456531039337176,0.3319837782118056
病例81,near,NBI,ours,0,1,0.1,0.0947674108808014,0.025070602653594076,0.937917517803597,0.23680284288194445
病例81,near,NBI,ours,0,1,0.15,0.126045718548516,0.01260190760377258,0.9265075554287155,0.22566731770833334
病例81,near,NBI,ours,0,1,0.2,0.14685351947567538,0.009378163798156338,0.916118326942673,0.2195502387152778
病例81,near,NBI,ours,0,1,0.25,0.15639153833857303,0.007566473064421591,0.9114302984932624,0.21666124131944445
病例81,near,NBI,ours,0,1,0.3,0.2204667767890446,0.00604784994937923,0.8731423455671842,0.19996473524305555
病例81,near,NBI,ours,0,1,0.35,0.2529173549315287,0.004396014280385783,0.8530879221161346,0.1912841796875
病例81,near,NBI,ours,0,1,0.4,0.27377844088026854,0.002877391165343422,0.8399999999987057,0.18558756510416666
病例81,near,NBI,ours,0,1,0.45,0.2902435125486226,0.002264613417168434,0.8291445556251589,0.1812405056423611
病例81,near,NBI,ours,0,1,0.5,0.3180316513028188,0.0017317632013640965,0.8100829166390118,0.17403157552083334
病例81,near,NBI,ours,0,1,0.55,0.328129162892311,0.0013054830287206266,0.8031082307593779,0.1713528103298611
病例81,near,NBI,ours,0,1,0.6,0.33790696435232054,0.000799275323706506,0.7963149883829267,0.1687350802951389
病例81,near,NBI,ours,0,1,0.65,0.34864389620077796,0.00047956519422390366,0.7886451612890506,0.1659206814236111
病例81,near,NBI,ours,0,1,0.7,0.36092609367506795,0.0003463526402728193,0.7796340234654343,0.16276041666666666
病例81,near,NBI,ours,0,1,0.75,0.3747801992859807,0.0003463526402728193,0.7692332907189018,0.1592339409722222
病例81,near,NBI,ours,0,1,0.8,0.3913518409974956,0.0003463526402728193,0.7565571598874742,0.15501573350694445
病例81,near,NBI,ours,0,1,0.85,0.4134384824425854,0.0003463526402728193,0.7392508772211956,0.14939371744791666
病例81,near,NBI,ours,0,1,0.9,0.4483668140885597,0.0003463526402728193,0.7108768797625645,0.1405029296875
病例81,near,NBI,ours,0,1,0.95,0.5519528960409229,7.992753237065061e-05,0.6187953048522302,0.11406792534722222
病例9,far,WLI,ours,0,1,0.05,0.0,7.197392401514089,0.2174529380379278,0.3965386284722222
病例9,far,WLI,ours,0,1,0.1,0.00028038693396887705,4.412589373335202,0.3118126762712088,0.2618136935763889
病例9,far,WLI,ours,0,1,0.15,0.0007009673349221927,4.055937193326791,0.33006112242931546,0.2445407443576389
病例9,far,WLI,ours,0,1,0.2,0.004626384410486471,3.7487733071638862,0.34656969223550493,0.2294921875
病例9,far,WLI,ours,0,1,0.25,0.007009673349221927,3.6488153652039816,0.3520115299546455,0.2245415581597222
病例9,far,WLI,ours,0,1,0.3,0.04598345717089584,2.7629328473293144,0.4045057361932934,0.1798027886284722
病例9,far,WLI,ours,0,1,0.35,0.09701387915323145,2.523342212252909,0.40800684128715037,0.1657443576388889
病例9,far,WLI,ours,0,1,0.4,0.13654843684284312,2.379503715126875,0.40700479101137615,0.15687391493055555
病例9,far,WLI,ours,0,1,0.45,0.1678115799803729,2.276461516893313,0.40509093390519296,0.15037706163194445
病例9,far,WLI,ours,0,1,0.5,0.29608860227113415,1.8669563998317678,0.39425228691298236,0.1243625217013889
病例9,far,WLI,ours,0,1,0.55,0.3144539464460956,1.8167671386513389,0.39148186694263276,0.12104627821180555
病例9,far,WLI,ours,0,1,0.6,0.32987522781438383,1.7671386513388476,0.3899176115491071,0.11789957682291667
病例9,far,WLI,ours,0,1,0.65,0.34669844385251647,1.7097995233422123,0.38851140105719906,0.11431206597222222
病例9,far,WLI,ours,0,1,0.7,0.36912939857002663,1.6469928501331839,0.38492793293535377,0.11018880208333333
病例9,far,WLI,ours,0,1,0.75,0.39674751156596105,1.5669423804850693,0.38057754388899934,0.10498046875
病例9,far,WLI,ours,0,1,0.8,0.4302537501752418,1.460395345576896,0.37605255852514086,0.09820556640625
病例9,far,WLI,ours,0,1,0.85,0.47848030281788867,1.3339408383569327,0.3652788688120322,0.0897555881076389
病例9,far,WLI,ours,0,1,0.9,0.5572690312631431,1.15729706995654,0.34055861101940815,0.07739935980902778
病例9,far,WLI,ours,0,1,0.95,0.8603673068834993,0.5611944483387075,0.16419386745660902,0.03390163845486111
病例9,far,NBI,ours,0,1,0.05,0.0,16.045568352528793,0.1108305352830274,0.4616970486111111
病例9,far,NBI,ours,0,1,0.1,0.0,4.336254381572359,0.315643892992786,0.1445380316840278
病例9,far,NBI,ours,0,1,0.15,0.0,3.1790185277916874,0.38617355571483597,0.1131930881076389
病例9,far,NBI,ours,0,1,0.2,0.0,2.617676514772158,0.4331182562466349,0.0979885525173611
病例9,far,NBI,ours,0,1,0.25,0.0,2.3595393089634453,0.45876407075316583,0.09099663628472222
病例9,far,NBI,ours,0,1,0.3,0.0,1.1544817225838757,0.634018572897579,0.058356391059027776
病例9,far,NBI,ours,0,1,0.35,0.0,1.057836755132699,0.6540571522094976,0.05573866102430555
病例9,far,NBI,ours,0,1,0.4,0.0002503755633450175,0.9834752128192289,0.6702475870694902,0.053717719184027776
病例9,far,NBI,ours,0,1,0.45,0.0007511266900350526,0.9296444667000501,0.6823388613379865,0.05224609375
病例9,far,NBI,ours,0,1,0.5,0.0012518778167250877,0.8843264897346019,0.6928354320391417,0.051005045572916664
病例9,far,NBI,ours,0,1,0.55,0.00200300450676014,0.8492739108662994,0.7010200492375921,0.05003526475694445
病例9,far,NBI,ours,0,1,0.6,0.0025037556334501754,0.8114672008012018,0.7102237275986253,0.04899766710069445
病例9,far,NBI,ours,0,1,0.65,0.003755633450175263,0.771407110665999,0.7199203908022442,0.04787868923611111
病例9,far,NBI,ours,0,1,0.7,0.005758637956935403,0.7278417626439659,0.7305003679108674,0.04664442274305555
病例9,far,NBI,ours,0,1,0.75,0.010265398097145719,0.6782674011016525,0.7419294294224669,0.04517957899305555
病例9,far,NBI,ours,0,1,0.8,0.015523284927391086,0.614922383575363,0.7574648429901997,0.04332139756944445
病例9,far,NBI,ours,0,1,0.85,0.030045067601402103,0.542563845768653,0.7720976581886188,0.04096815321180555
病例9,far,NBI,ours,0,1,0.9,0.05958938407611417,0.4371557336004006,0.7910699241702709,0.037312825520833336
病例9,far,NBI,ours,0,1,0.95,0.16474712068102154,0.26164246369554334,0.7966567164083981,0.029710557725694444
病例9,near,WLI,ours,0,1,0.05,0.14074646323209888,0.38457824344551206,0.7658805302100924,0.17470296223958334
病例9,near,WLI,ours,0,1,0.1,0.2883974699435083,0.09371831393945247,0.7883391281070117,0.11311170789930555
病例9,near,WLI,ours,0,1,0.15,0.3150982569648979,0.0792332576891507,0.7764731641876003,0.1073269314236111
病例9,near,WLI,ours,0,1,0.2,0.337888078798706,0.06527932016802665,0.7666033094790736,0.10216606987847222
病例9,near,WLI,ours,0,1,0.25,0.3456617256530346,0.06040268456375839,0.7631919806252092,0.10038926866319445
病例9,near,WLI,ours,0,1,0.3,0.3938486794457052,0.05064941335522186,0.7317130034366972,0.0922512478298611
病例9,near,WLI,ours,0,1,0.35,0.42861281444642946,0.04765583506349283,0.7058332339236972,0.0869479709201389
病例9,near,WLI,ours,0,1,0.4,0.449616146009367,0.04475882381343248,0.6900747646557192,0.0835910373263889
病例9,near,WLI,ours,0,1,0.45,0.46492202211385253,0.04229636425088117,0.6784413358208747,0.08109537760416667
病例9,near,WLI,ours,0,1,0.5,0.4949060885519772,0.040847858625851,0.6534449372207712,0.07668050130208333
病例9,near,WLI,ours,0,1,0.55,0.5051421949688571,0.03964077060499251,0.6449765583189799,0.0750732421875
病例9,near,WLI,ours,0,1,0.6,0.5152817343440683,0.038578533146637055,0.6364068591694304,0.07349989149305555
病例9,near,WLI,ours,0,1,0.65,0.526483511177635,0.03722659456327555,0.6268656716397876,0.07173665364583333
病例9,near,WLI,ours,0,1,0.7,0.5389406595528946,0.03563323837574236,0.6161042647892893,0.06976318359375
病例9,near,WLI,ours,0,1,0.75,0.5537154169282024,0.03423301627154652,0.6028764308756388,0.06749131944444445
病例9,near,WLI,ours,0,1,0.8,0.5733185263869441,0.03292936120901936,0.584651008929591,0.06455485026041667
病例9,near,WLI,ours,0,1,0.85,0.6003090145333397,0.03191540727149824,0.5583811129829397,0.06062147352430555
病例9,near,WLI,ours,0,1,0.9,0.6435227656800734,0.03152913910482352,0.5136535986345926,0.054497612847222224
病例9,near,WLI,ours,0,1,0.95,0.7313504900777364,0.03109458741731447,0.4133883130858747,0.04210069444444445
病例9,near,NBI,ours,0,1,0.05,0.0,3.6234761844916425,0.35565190184518025,0.24949137369791666
病例9,near,NBI,ours,0,1,0.1,0.0,0.7113233630765364,0.7376471678838525,0.09234619140625
病例9,near,NBI,ours,0,1,0.15,0.0,0.5828829961040594,0.7743285324991518,0.0854153103298611
病例9,near,NBI,ours,0,1,0.2,0.00025135101168782207,0.536760085459344,0.7882871723688832,0.0829128689236111
病例9,near,NBI,ours,0,1,0.25,0.0005027020233756441,0.5182857861002891,0.7939502845123592,0.08190239800347222
病例9,near,NBI,ours,0,1,0.3,0.0008797285409073771,0.46701017971597336,0.8102736584578797,0.07911512586805555
病例9,near,NBI,ours,0,1,0.35,0.001131079552595199,0.4277994218926731,0.8232430472793866,0.07698567708333333
病例9,near,NBI,ours,0,1,0.4,0.002136483599346487,0.39688324745507103,0.8333770663824016,0.07526312934027778
病例9,near,NBI,ours,0,1,0.45,0.004021616187005153,0.3689832851577228,0.8422786693546482,0.07365587022569445
病例9,near,NBI,ours,0,1,0.5,0.005278371245444263,0.3501319592811361,0.8484296280370435,0.07257080078125
病例9,near,NBI,ours,0,1,0.55,0.006409450798039462,0.337564408696745,0.8524448757299453,0.07183159722222222
病例9,near,NBI,ours,0,1,0.6,0.007666205856478573,0.323488752042227,0.8570033103551473,0.07100423177083333
病例9,near,NBI,ours,0,1,0.65,0.009551338444137237,0.3090360688701772,0.8614526971587613,0.07012261284722222
病例9,near,NBI,ours,0,1,0.7,0.013070252607766746,0.2885509614176197,0.8674472550487824,0.06882731119791667
病例9,near,NBI,ours,0,1,0.75,0.024255372627874826,0.26442126429558876,0.8711360448758982,0.0669216579861111
病例9,near,NBI,ours,0,1,0.8,0.030916174437602112,0.23237401030539148,0.8804018952966809,0.06483289930555555
病例9,near,NBI,ours,0,1,0.85,0.038833731305768504,0.18424029156717356,0.8960224942833107,0.061808268229166664
病例9,near,NBI,ours,0,1,0.9,0.08307150936282519,0.10933769008420259,0.9050424858841094,0.055379231770833336
病例9,near,NBI,ours,0,1,0.95,0.2541158728163881,0.03405806208369989,0.8380992727470302,0.04208713107638889
