case,scale,ref_modality,config,fold,seed,threshold,missed_frac,over_ratio,dice,pred_area_frac
病例12,far,WLI,mid_fusion_wide,1,1,0.05,0.0,37.468562483694235,0.050673241540655146,0.9999593098958334
病例12,far,WLI,mid_fusion_wide,1,1,0.1,1.0,0.0010435690060005217,0.0,2.712673611111111e-05
病例12,far,WLI,mid_fusion_wide,1,1,0.15,1.0,0.0,0.0,0.0
病例12,far,WLI,mid_fusion_wide,1,1,0.2,1.0,0.0,0.0,0.0
病例12,far,WLI,mid_fusion_wide,1,1,0.25,1.0,0.0,0.0,0.0
病例12,far,WLI,mid_fusion_wide,1,1,0.3,1.0,0.0,0.0,0.0
病例12,far,WLI,mid_fusion_wide,1,1,0.35,1.0,0.0,0.0,0.0
病例12,far,WLI,mid_fusion_wide,1,1,0.4,1.0,0.0,0.0,0.0
病例12,far,WLI,mid_fusion_wide,1,1,0.45,1.0,0.0,0.0,0.0
病例12,far,WLI,mid_fusion_wide,1,1,0.5,1.0,0.0,0.0,0.0
病例12,far,WLI,mid_fusion_wide,1,1,0.55,1.0,0.0,0.0,0.0
病例12,far,WLI,mid_fusion_wide,1,1,0.6,1.0,0.0,0.0,0.0
病例12,far,WLI,mid_fusion_wide,1,1,0.65,1.0,0.0,0.0,0.0
病例12,far,WLI,mid_fusion_wide,1,1,0.7,1.0,0.0,0.0,0.0
病例12,far,WLI,mid_fusion_wide,1,1,0.75,1.0,0.0,0.0,0.0
病例12,far,WLI,mid_fusion_wide,1,1,0.8,1.0,0.0,0.0,0.0
病例12,far,WLI,mid_fusion_wide,1,1,0.85,1.0,0.0,0.0,0.0
病例12,far,WLI,mid_fusion_wide,1,1,0.9,1.0,0.0,0.0,0.0
病例12,far,WLI,mid_fusion_wide,1,1,0.95,1.0,0.0,0.0,0.0
病例12,far,NBI,mid_fusion_wide,1,1,0.05,0.0,28.21057844690967,0.0662019763545201,0.9999932183159722
病例12,far,NBI,mid_fusion_wide,1,1,0.1,0.4306656101426308,9.475435816164818,0.103095742009357,0.3438720703125
病例12,far,NBI,mid_fusion_wide,1,1,0.15,0.5330824088748018,8.39619651347068,0.09467954769106694,0.3034193250868056
病例12,far,NBI,mid_fusion_wide,1,1,0.2,0.5612123613312203,8.163629160063392,0.09139108369588969,0.29449462890625
病例12,far,NBI,mid_fusion_wide,1,1,0.25,0.5729001584786054,8.02377179080824,0.09038316424899308,0.289306640625
病例12,far,NBI,mid_fusion_wide,1,1,0.3,0.5824088748019017,7.9647385103011095,0.08901651112687595,0.2869601779513889
病例12,far,NBI,mid_fusion_wide,1,1,0.35,0.5899366085578447,7.90095087163233,0.08808135823988748,0.2845187717013889
病例12,far,NBI,mid_fusion_wide,1,1,0.4,0.5992472266244057,7.828843106180666,0.08684080616409426,0.2817314995659722
病例12,far,NBI,mid_fusion_wide,1,1,0.45,0.6117274167987322,7.754754358161648,0.0849330502229819,0.2787679036458333
病例12,far,NBI,mid_fusion_wide,1,1,0.5,0.7254358161648178,5.606378763866878,0.07980423204237856,0.2013278537326389
病例12,far,NBI,mid_fusion_wide,1,1,0.55,0.750594294770206,5.4096671949286845,0.074907035549383,0.1937323676215278
病例12,far,NBI,mid_fusion_wide,1,1,0.6,0.7719889064976229,5.231774960380348,0.07059400778904415,0.18690999348958334
病例12,far,NBI,mid_fusion_wide,1,1,0.65,0.7925911251980983,5.045760697305863,0.06633719825107287,0.1798366970486111
病例12,far,NBI,mid_fusion_wide,1,1,0.7,0.8155705229793978,4.81973058637084,0.061433897521985435,0.17131212022569445
病例12,far,NBI,mid_fusion_wide,1,1,0.75,0.8442947702060222,4.530110935023772,0.05476970245956808,0.16041395399305555
病例12,far,NBI,mid_fusion_wide,1,1,0.8,0.8771790808240888,4.153526148969889,0.046555284400050474,0.1463962131076389
病例12,far,NBI,mid_fusion_wide,1,1,0.85,0.9267036450079239,3.6584786053882725,0.03098049066385757,0.1277533637152778
病例12,far,NBI,mid_fusion_wide,1,1,0.9,1.0,2.977218700475436,0.0,0.10192192925347222
病例12,far,NBI,mid_fusion_wide,1,1,0.95,1.0,1.7385103011093503,0.0,0.059516059027777776
病例12,near,WLI,mid_fusion_wide,1,1,0.05,0.0,10.149727767695099,0.16461274180287014,0.9999186197916666
病例12,near,WLI,mid_fusion_wide,1,1,0.1,0.15940713853599517,0.43330308529945555,0.7393415364125728,0.11424424913194445
病例12,near,WLI,mid_fusion_wide,1,1,0.15,0.2147610405323654,0.2857683000604961,0.7583159893352381,0.09604899088541667
病例12,near,WLI,mid_fusion_wide,1,1,0.2,0.23631276467029644,0.24190865093768904,0.7615564437042397,0.0901828342013889
病例12,near,WLI,mid_fusion_wide,1,1,0.25,0.24440411373260737,0.22171808832425893,0.764264953339589,0.087646484375
病例12,near,WLI,mid_fusion_wide,1,1,0.3,0.24894131881427708,0.2130973986690865,0.7647647647618204,0.08646647135416667
病例12,near,WLI,mid_fusion_wide,1,1,0.35,0.25362976406533577,0.205837870538415,0.7646420824265392,0.08539496527777778
病例12,near,WLI,mid_fusion_wide,1,1,0.4,0.2583938294010889,0.19744404113732608,0.764916933153557,0.08421495225694445
病例12,near,WLI,mid_fusion_wide,1,1,0.45,0.26565335753176045,0.18889897156684815,0.7636535210130002,0.0827975802951389
病例12,near,WLI,mid_fusion_wide,1,1,0.5,0.43201754385964913,0.09165154264972777,0.6844671253443091,0.05915662977430555
病例12,near,WLI,mid_fusion_wide,1,1,0.55,0.4504688445251059,0.08545069570477919,0.6722168262306452,0.05694580078125
病例12,near,WLI,mid_fusion_wide,1,1,0.6,0.46665154264972775,0.0794010889292196,0.6614151076069704,0.054951985677083336
病例12,near,WLI,mid_fusion_wide,1,1,0.65,0.48502722323049,0.073502722323049,0.6483861753753766,0.052775065104166664
病例12,near,WLI,mid_fusion_wide,1,1,0.7,0.5043103448275862,0.06684815486993345,0.6344674055043582,0.05044894748263889
病例12,near,WLI,mid_fusion_wide,1,1,0.75,0.5260889292196007,0.059513006654567456,0.6181082947005715,0.04783799913194445
病例12,near,WLI,mid_fusion_wide,1,1,0.8,0.5530852994555354,0.051119177253478525,0.596668349315514,0.04466417100694445
病例12,near,WLI,mid_fusion_wide,1,1,0.85,0.588475499092559,0.0412129461584997,0.5665504138224634,0.04060194227430555
病例12,near,WLI,mid_fusion_wide,1,1,0.9,0.6445099818511797,0.025635208711433755,0.5147831800234626,0.0341796875
病例12,near,WLI,mid_fusion_wide,1,1,0.95,0.7828947368421053,0.0024954627949183303,0.3560267857120782,0.019694010416666668
病例12,near,NBI,mid_fusion_wide,1,1,0.05,0.0,21.871413060338142,0.08378222080709831,0.9999728732638888
病例12,near,NBI,mid_fusion_wide,1,1,0.1,0.3311617806731813,0.5798045602605864,0.5948816996578955,0.05459255642361111
病例12,near,NBI,mid_fusion_wide,1,1,0.15,0.4260896541026834,0.3786257173879324,0.5878614553496356,0.041646321614583336
病例12,near,NBI,mid_fusion_wide,1,1,0.2,0.44020474639367146,0.320769350085311,0.5953480699390024,0.03849962022569445
病例12,near,NBI,mid_fusion_wide,1,1,0.25,0.4478051807042035,0.29548627268496974,0.5977165883092871,0.03706190321180555
病例12,near,NBI,mid_fusion_wide,1,1,0.3,0.4543198386846595,0.28230184581976114,0.5970301230326938,0.036200629340277776
病例12,near,NBI,mid_fusion_wide,1,1,0.35,0.4603691639522258,0.2695827516674422,0.5965363511608665,0.035380045572916664
病例12,near,NBI,mid_fusion_wide,1,1,0.4,0.46595315650690244,0.2557778811850473,0.5967588179166586,0.03453233506944445
病例12,near,NBI,mid_fusion_wide,1,1,0.45,0.4729331472002482,0.24057701256398326,0.5963495963443634,0.033562554253472224
病例12,near,NBI,mid_fusion_wide,1,1,0.5,0.5044206607724523,0.11928028540406391,0.6137738929918953,0.026882595486111112
病例12,near,NBI,mid_fusion_wide,1,1,0.55,0.5157437567861021,0.11012874205056615,0.6074520867729598,0.025987413194444444
病例12,near,NBI,mid_fusion_wide,1,1,0.6,0.5224135256708546,0.10407941678299984,0.6039031087515553,0.025431315104166668
病例12,near,NBI,mid_fusion_wide,1,1,0.65,0.533891732588801,0.09585853885528153,0.5968222442840434,0.024570041232638888
病例12,near,NBI,mid_fusion_wide,1,1,0.7,0.5431983868465953,0.08655188459748721,0.5919597989890255,0.023756239149305556
病例12,near,NBI,mid_fusion_wide,1,1,0.75,0.5562277028075073,0.0777105630525826,0.5833418289266659,0.022800021701388888
病例12,near,NBI,mid_fusion_wide,1,1,0.8,0.5728245695672406,0.06623235613463627,0.5720814291589937,0.021572536892361112
病例12,near,NBI,mid_fusion_wide,1,1,0.85,0.5939196525515744,0.05351326198231736,0.5564293304935555,0.020094129774305556
病例12,near,NBI,mid_fusion_wide,1,1,0.9,0.6289747169225997,0.03645106250969443,0.5272206303666825,0.017815483940972224
病例12,near,NBI,mid_fusion_wide,1,1,0.95,0.7206452613618738,0.010237319683573755,0.4332451286933696,0.012661404079861112
病例2,far,WLI,mid_fusion_wide,1,1,0.05,0.0,36.88694758478931,0.051431138832325876,1.0
病例2,far,WLI,mid_fusion_wide,1,1,0.1,0.0,2.405447070914697,0.45398343636735106,0.08988444010416667
病例2,far,WLI,mid_fusion_wide,1,1,0.15,0.0,1.8206577595066804,0.5234700739709248,0.07444932725694445
病例2,far,WLI,mid_fusion_wide,1,1,0.2,0.0,1.7209660842754368,0.5374948211535873,0.07181803385416667
病例2,far,WLI,mid_fusion_wide,1,1,0.25,0.0,1.6724049331963,0.5446022528472356,0.07053629557291667
病例2,far,WLI,mid_fusion_wide,1,1,0.3,0.00025693730729701953,1.6405447070914696,0.5492659514359877,0.06968858506944445
病例2,far,WLI,mid_fusion_wide,1,1,0.35,0.00025693730729701953,1.6107399794450155,0.5538001707902519,0.06890190972222222
病例2,far,WLI,mid_fusion_wide,1,1,0.4,0.0005138746145940391,1.5832476875642343,0.5579460699902614,0.06816948784722222
病例2,far,WLI,mid_fusion_wide,1,1,0.45,0.0005138746145940391,1.5439362795477904,0.5641360307405979,0.06713189019097222
病例2,far,WLI,mid_fusion_wide,1,1,0.5,0.0005138746145940391,1.2186536485097637,0.6211576846257791,0.05854627821180555
病例2,far,WLI,mid_fusion_wide,1,1,0.55,0.0007708119218910585,1.1428571428571428,0.6360291111240818,0.056538899739583336
病例2,far,WLI,mid_fusion_wide,1,1,0.6,0.001541623843782117,1.0773381294964028,0.6492356528222434,0.054789225260416664
病例2,far,WLI,mid_fusion_wide,1,1,0.65,0.0025693730729701952,1.0043679342240492,0.6645553368084862,0.052836100260416664
病例2,far,WLI,mid_fusion_wide,1,1,0.7,0.003083247687564234,0.921377183967112,0.6832188765567598,0.05063205295138889
病例2,far,WLI,mid_fusion_wide,1,1,0.75,0.003083247687564234,0.8108941418293937,0.7101024890125356,0.04771592881944445
病例2,far,WLI,mid_fusion_wide,1,1,0.8,0.003854059609455293,0.6680369989722508,0.7478059600660834,0.043924967447916664
病例2,far,WLI,mid_fusion_wide,1,1,0.85,0.007194244604316547,0.4727646454265159,0.805335556473475,0.03868272569444445
病例2,far,WLI,mid_fusion_wide,1,1,0.9,0.03391572456320658,0.22225077081192188,0.8829400023378778,0.031365288628472224
病例2,far,WLI,mid_fusion_wide,1,1,0.95,0.28905447070914697,0.019013360739979446,0.8219218773084521,0.019266764322916668
病例2,far,NBI,mid_fusion_wide,1,1,0.05,0.0,30.049905243209096,0.06240268059520883,1.0
病例2,far,NBI,mid_fusion_wide,1,1,0.1,0.0,2.3769214571488733,0.4569421726139856,0.10875786675347222
病例2,far,NBI,mid_fusion_wide,1,1,0.15,0.0,1.405137923773426,0.5873477212257291,0.07746039496527778
病例2,far,NBI,mid_fusion_wide,1,1,0.2,0.0,1.2303642872183618,0.6191252199946605,0.07183159722222222
病例2,far,NBI,mid_fusion_wide,1,1,0.25,0.0,1.1438197515266373,0.6361687876715595,0.06904432508680555
病例2,far,NBI,mid_fusion_wide,1,1,0.3,0.0,1.105917035165298,0.6439322033854649,0.06782362196180555
病例2,far,NBI,mid_fusion_wide,1,1,0.35,0.0,1.0705411665613813,0.6513509806566221,0.0666842990451389
病例2,far,NBI,mid_fusion_wide,1,1,0.4,0.0,1.0324278795535902,0.6595375321112454,0.0654568142361111
病例2,far,NBI,mid_fusion_wide,1,1,0.45,0.0,0.9943145925457991,0.6679324894467796,0.06422932942708333
病例2,far,NBI,mid_fusion_wide,1,1,0.5,0.06380290587492103,0.5514845230574857,0.7526663280789515,0.04791259765625
病例2,far,NBI,mid_fusion_wide,1,1,0.55,0.07875342177300484,0.5041061276058117,0.759680500080225,0.045905219184027776
病例2,far,NBI,mid_fusion_wide,1,1,0.6,0.09412507896399241,0.4516740366392925,0.7684887459738434,0.043721516927083336
病例2,far,NBI,mid_fusion_wide,1,1,0.65,0.10928616550852811,0.39587281532954305,0.7790772630925584,0.041436089409722224
病例2,far,NBI,mid_fusion_wide,1,1,0.7,0.125921246578227,0.33438618656559277,0.7915713195958087,0.038920084635416664
病例2,far,NBI,mid_fusion_wide,1,1,0.75,0.147820593809223,0.26468730259001894,0.8051327961722358,0.035970052083333336
病例2,far,NBI,mid_fusion_wide,1,1,0.8,0.17856390819119813,0.17708991366603496,0.822041934455568,0.032158745659722224
病例2,far,NBI,mid_fusion_wide,1,1,0.85,0.2269951568751316,0.0861233943988208,0.831577755115737,0.027669270833333332
病例2,far,NBI,mid_fusion_wide,1,1,0.9,0.34238787113076435,0.033059591492945885,0.7779300037267664,0.022243923611111112
病例2,far,NBI,mid_fusion_wide,1,1,0.95,0.675300063171194,0.0004211412929037692,0.4900683298825669,0.010470920138888888
病例2,near,WLI,mid_fusion_wide,1,1,0.05,0.0,11.258375592318563,0.15084804213552946,1.0
病例2,near,WLI,mid_fusion_wide,1,1,0.1,0.0,0.7121955274752682,0.7374099616835634,0.1396755642361111
病例2,near,WLI,mid_fusion_wide,1,1,0.15,0.0,0.5474270512927093,0.7851058969396433,0.12623426649305555
病例2,near,WLI,mid_fusion_wide,1,1,0.2,0.00024939728988278325,0.5048632471527142,0.7983271375438186,0.12274169921875
病例2,near,WLI,mid_fusion_wide,1,1,0.25,0.00033252971984371103,0.4852439936819353,0.8045900103683229,0.12113444010416667
病例2,near,WLI,mid_fusion_wide,1,1,0.3,0.0005819270097264943,0.47185967245822596,0.8088269922938446,0.1200222439236111
病例2,near,WLI,mid_fusion_wide,1,1,0.35,0.0010807215894920608,0.4593898079640868,0.8126881065881685,0.11896430121527778
病例2,near,WLI,mid_fusion_wide,1,1,0.4,0.001745781029179483,0.44849945963920523,0.8159826039656972,0.11802164713541667
病例2,near,WLI,mid_fusion_wide,1,1,0.45,0.0021614431789841217,0.4339512843960429,0.8206618350853936,0.11680094401041667
病例2,near,WLI,mid_fusion_wide,1,1,0.5,0.003159032338515255,0.3552248732230443,0.8476301558659469,0.11029730902777778
病例2,near,WLI,mid_fusion_wide,1,1,0.55,0.004987945797655665,0.3378501953612104,0.8530396978089478,0.1087307400173611
病例2,near,WLI,mid_fusion_wide,1,1,0.6,0.006484329536952365,0.3183972067503533,0.8594750089864815,0.1070217556423611
病例2,near,WLI,mid_fusion_wide,1,1,0.65,0.007814448416327209,0.3016044558982459,0.8651058277730316,0.10554334852430555
病例2,near,WLI,mid_fusion_wide,1,1,0.7,0.00997589159531133,0.28173580513758417,0.8715921981890745,0.10374620225694445
病例2,near,WLI,mid_fusion_wide,1,1,0.75,0.013134923933826585,0.25762740044891513,0.8793659024375741,0.10152180989583333
病例2,near,WLI,mid_fusion_wide,1,1,0.8,0.019868650760661733,0.2285310499625904,0.8875338753354127,0.0985989040798611
病例2,near,WLI,mid_fusion_wide,1,1,0.85,0.032920442264527394,0.19295036993931333,0.8954316283689511,0.0946316189236111
病例2,near,WLI,mid_fusion_wide,1,1,0.9,0.0670878709784687,0.14689500374095935,0.897114077860352,0.08808729383680555
病例2,near,WLI,mid_fusion_wide,1,1,0.95,0.17773713525646354,0.06866738714772633,0.869691374303747,0.07267930772569445
病例2,near,NBI,mid_fusion_wide,1,1,0.05,0.0,20.646506165590136,0.08831384344122675,1.0
病例2,near,NBI,mid_fusion_wide,1,1,0.1,0.15839694656488548,0.9537580739870816,0.6021426320733003,0.08293999565972222
病例2,near,NBI,mid_fusion_wide,1,1,0.15,0.24662360540223136,0.7141808573106283,0.6106252602735996,0.06779649522569445
病例2,near,NBI,mid_fusion_wide,1,1,0.2,0.2778919553728714,0.6858485026423957,0.5997683350570031,0.06504313151041667
病例2,near,NBI,mid_fusion_wide,1,1,0.25,0.28802113916617733,0.6683793305930711,0.5982115325279173,0.06376817491319445
病例2,near,NBI,mid_fusion_wide,1,1,0.3,0.294920728126835,0.6567821491485614,0.597053887745683,0.06291368272569445
病例2,near,NBI,mid_fusion_wide,1,1,0.35,0.30020551967116854,0.6459189665296535,0.5966581137705947,0.06216769748263889
病例2,near,NBI,mid_fusion_wide,1,1,0.4,0.3053435114503817,0.6340281855549031,0.59660845993446,0.061381022135416664
病例2,near,NBI,mid_fusion_wide,1,1,0.45,0.3115091015854375,0.6174398120963006,0.597147950085325,0.06032986111111111
病例2,near,NBI,mid_fusion_wide,1,1,0.5,0.43349970640046975,0.5524075161479741,0.5347097131735159,0.051689995659722224
病例2,near,NBI,mid_fusion_wide,1,1,0.55,0.4502348796241926,0.5274515560775103,0.5293286219043863,0.049763997395833336
病例2,near,NBI,mid_fusion_wide,1,1,0.6,0.46873165002935996,0.5077803875513799,0.521094312451252,0.04800075954861111
病例2,near,NBI,mid_fusion_wide,1,1,0.65,0.48884321785085144,0.48458602466236056,0.5122471496836172,0.046000162760416664
病例2,near,NBI,mid_fusion_wide,1,1,0.7,0.5083675866118614,0.45640046975924836,0.5047475508628128,0.04379611545138889
病例2,near,NBI,mid_fusion_wide,1,1,0.75,0.5325895478567234,0.4220493247210804,0.4947556522376291,0.04109022352430555
病例2,near,NBI,mid_fusion_wide,1,1,0.8,0.5645918966529654,0.3744862008220787,0.48114202286899876,0.03741455078125
病例2,near,NBI,mid_fusion_wide,1,1,0.85,0.6065766294773929,0.30857310628303,0.46230809038759435,0.032430013020833336
病例2,near,NBI,mid_fusion_wide,1,1,0.9,0.6664709336465061,0.2143276570757487,0.43095599392611,0.025309244791666668
病例2,near,NBI,mid_fusion_wide,1,1,0.95,0.8207574867880212,0.07795067527891955,0.28514712750717947,0.011881510416666666
病例24,far,WLI,mid_fusion_wide,1,1,0.05,0.0,5.850406504065041,0.2547638773817879,0.9999932183159722
病例24,far,WLI,mid_fusion_wide,1,1,0.1,0.05579558652729384,0.19414634146341464,0.8831146258779805,0.1661716037326389
病例24,far,WLI,mid_fusion_wide,1,1,0.15,0.10206736353077817,0.16032520325203253,0.8725171542053256,0.15447998046875
病例24,far,WLI,mid_fusion_wide,1,1,0.2,0.11600464576074332,0.15066202090592334,0.8689378025370605,0.1510348849826389
病例24,far,WLI,mid_fusion_wide,1,1,0.25,0.12506387921022066,0.1450871080139373,0.8662634254022072,0.1488986545138889
病例24,far,WLI,mid_fusion_wide,1,1,0.3,0.12966318234610918,0.1408130081300813,0.8655116655096662,0.14760335286458334
病例24,far,WLI,mid_fusion_wide,1,1,0.35,0.13412311265969803,0.13695702671312426,0.8646517130178732,0.1463894314236111
病例24,far,WLI,mid_fusion_wide,1,1,0.4,0.13797909407665504,0.13128919860627178,0.864913998040216,0.14499918619791666
病例24,far,WLI,mid_fusion_wide,1,1,0.45,0.14336817653890824,0.1261788617886179,0.8640581068395875,0.1434665256076389
病例24,far,WLI,mid_fusion_wide,1,1,0.5,0.19149825783972124,0.09221835075493612,0.8507320411584319,0.13148328993055555
病例24,far,WLI,mid_fusion_wide,1,1,0.55,0.19948896631823462,0.0859465737514518,0.8486923114789718,0.1294013129340278
病例24,far,WLI,mid_fusion_wide,1,1,0.6,0.20585365853658535,0.07855981416957027,0.8481270156267722,0.12739393446180555
病例24,far,WLI,mid_fusion_wide,1,1,0.65,0.21305458768873403,0.07015098722415795,0.8475008755669998,0.1251152886284722
病例24,far,WLI,mid_fusion_wide,1,1,0.7,0.220534262485482,0.06164924506387921,0.8467322735280173,0.12278238932291667
病例24,far,WLI,mid_fusion_wide,1,1,0.75,0.23015098722415794,0.04826945412311266,0.8468634214875511,0.11942545572916667
病例24,far,WLI,mid_fusion_wide,1,1,0.8,0.24144018583042973,0.03684088269454123,0.8450033638647079,0.11610921223958333
病例24,far,WLI,mid_fusion_wide,1,1,0.85,0.2589547038327526,0.025876887340301975,0.8387978860441228,0.11195203993055555
病例24,far,WLI,mid_fusion_wide,1,1,0.9,0.2883623693379791,0.012636469221835075,0.8254344604585061,0.10572645399305555
病例24,far,WLI,mid_fusion_wide,1,1,0.95,0.37361207897793264,0.0011149825783972125,0.7697533683467408,0.09160020616319445
病例24,far,NBI,mid_fusion_wide,1,1,0.05,0.0,11.220454168738604,0.15128073320869664,0.9999728732638888
病例24,far,NBI,mid_fusion_wide,1,1,0.1,0.006878833084700812,0.4893088015912481,0.8001201882923242,0.1213039822048611
病例24,far,NBI,mid_fusion_wide,1,1,0.15,0.03903530581800099,0.29305486490966354,0.8526675736263093,0.10261366102430555
病例24,far,NBI,mid_fusion_wide,1,1,0.2,0.050803911818332506,0.245068788330847,0.8651609004348649,0.09772406684027778
病例24,far,NBI,mid_fusion_wide,1,1,0.25,0.05909166252279131,0.215895905851152,0.8725023055607419,0.09465874565972222
病例24,far,NBI,mid_fusion_wide,1,1,0.3,0.06356704790319907,0.20396154483673132,0.8750096801638851,0.09331597222222222
病例24,far,NBI,mid_fusion_wide,1,1,0.35,0.066799270677938,0.19343610144206863,0.8776305533870707,0.0921902126736111
病例24,far,NBI,mid_fusion_wide,1,1,0.4,0.07144041107243494,0.18191612796287088,0.8799528764936974,0.09086778428819445
病例24,far,NBI,mid_fusion_wide,1,1,0.45,0.07558428642466435,0.16873860434278137,0.8832752613205445,0.0894504123263889
病例24,far,NBI,mid_fusion_wide,1,1,0.5,0.22401790154152162,0.0012431626056688214,0.8732512590893804,0.0635986328125
病例24,far,NBI,mid_fusion_wide,1,1,0.55,0.24763799104922923,0.000828775070445881,0.8582773943421657,0.06163194444444445
病例24,far,NBI,mid_fusion_wide,1,1,0.6,0.2677772252610641,0.0005801425493121167,0.8451310503116265,0.05996365017361111
病例24,far,NBI,mid_fusion_wide,1,1,0.65,0.2896568871208354,0.0002486325211337643,0.8305232558099296,0.058146158854166664
病例24,far,NBI,mid_fusion_wide,1,1,0.7,0.3143543842201227,0.0001657550140891762,0.813431001421693,0.05611843532986111
病例24,far,NBI,mid_fusion_wide,1,1,0.75,0.34269849162937177,0.0001657550140891762,0.7931396569788832,0.05379909939236111
病例24,far,NBI,mid_fusion_wide,1,1,0.8,0.37725841206696503,0.0001657550140891762,0.7674394852376292,0.050971137152777776
病例24,far,NBI,mid_fusion_wide,1,1,0.85,0.4201060832090171,8.28775070445881e-05,0.7340537138022762,0.04745822482638889
病例24,far,NBI,mid_fusion_wide,1,1,0.9,0.4860765788165092,8.28775070445881e-05,0.6788920516713439,0.042060004340277776
病例24,far,NBI,mid_fusion_wide,1,1,0.95,0.6260566882148185,0.0,0.5443358668081534,0.030598958333333332
病例24,near,WLI,mid_fusion_wide,1,1,0.05,0.0,4.4349268364601375,0.31080384452343784,0.9999932183159722
病例24,near,WLI,mid_fusion_wide,1,1,0.1,0.06914599535586598,0.12266411116435075,0.9065943927901307,0.1938408745659722
病例24,near,WLI,mid_fusion_wide,1,1,0.15,0.12458073790129372,0.07533817404445099,0.8975172882876138,0.1749335394965278
病例24,near,WLI,mid_fusion_wide,1,1,0.2,0.14382072168368287,0.05595075743614316,0.8955241142663642,0.16782633463541666
病例24,near,WLI,mid_fusion_wide,1,1,0.25,0.15355128819431646,0.044893295492241345,0.895077366798739,0.16400146484375
病例24,near,WLI,mid_fusion_wide,1,1,0.3,0.15922745199218605,0.039843721204526186,0.8941457773927559,0.16202799479166666
病例24,near,WLI,mid_fusion_wide,1,1,0.35,0.16405587704102317,0.03715307213151008,0.892579547018059,0.16064453125
病例24,near,WLI,mid_fusion_wide,1,1,0.4,0.1697320408388928,0.03394640816777856,0.8907430107934463,0.15901014539930555
病例24,near,WLI,mid_fusion_wide,1,1,0.45,0.17680881648298993,0.02937599056429914,0.8887031952550859,0.1568671332465278
病例24,near,WLI,mid_fusion_wide,1,1,0.5,0.2695809221923261,0.013600678190999227,0.8376270684936965,0.1368950737847222
病例24,near,WLI,mid_fusion_wide,1,1,0.55,0.28237071984077255,0.012900372267885445,0.8293753061684961,0.13441297743055555
病例24,near,WLI,mid_fusion_wide,1,1,0.6,0.2942022041207475,0.011499760421657882,0.821986607141093,0.13197835286458334
病例24,near,WLI,mid_fusion_wide,1,1,0.65,0.3064391286719988,0.01009914857543032,0.8142010298108818,0.12946912977430555
病例24,near,WLI,mid_fusion_wide,1,1,0.7,0.32003980686299804,0.007850797980170285,0.8057302585586876,0.1265530056423611
病例24,near,WLI,mid_fusion_wide,1,1,0.75,0.3358519774427776,0.004680992222918433,0.7959449610159773,0.12306043836805555
病例24,near,WLI,mid_fusion_wide,1,1,0.8,0.35442851350853266,0.0021746341823006892,0.7835812548914359,0.11918131510416667
病例24,near,WLI,mid_fusion_wide,1,1,0.85,0.3804504072831816,0.0005528730971950905,0.7648276646552956,0.11409505208333333
病例24,near,WLI,mid_fusion_wide,1,1,0.9,0.42073642696546387,0.0,0.7335869489095302,0.10658094618055555
病例24,near,WLI,mid_fusion_wide,1,1,0.95,0.5185949651689948,0.0,0.6499303343932874,0.08857557508680555
病例24,near,NBI,mid_fusion_wide,1,1,0.05,0.0,1.0453864506463963,0.6567311020821612,1.0
病例24,near,NBI,mid_fusion_wide,1,1,0.1,0.0,0.43283582089552236,0.8220858895700834,0.7005208333333334
病例24,near,NBI,mid_fusion_wide,1,1,0.15,0.0,0.18713588192864672,0.9144379261132618,0.5803968641493056
病例24,near,NBI,mid_fusion_wide,1,1,0.2,0.0,0.16294457082616656,0.9246653968736654,0.5685696072048612
病例24,near,NBI,mid_fusion_wide,1,1,0.25,0.0,0.14635465793708038,0.9318124535490149,0.5604587131076388
病例24,near,NBI,mid_fusion_wide,1,1,0.3,0.0,0.1401265050213616,0.9345241953249585,0.5574137369791666
病例24,near,NBI,mid_fusion_wide,1,1,0.35,8.322698773789047e-05,0.13608999611607392,0.9362486930878594,0.5553995768229166
病例24,near,NBI,mid_fusion_wide,1,1,0.4,0.0001803251400987627,0.13203961604616324,0.9379790487338552,0.5533718532986112
病例24,near,NBI,mid_fusion_wide,1,1,0.45,0.0005825889141652333,0.12740664706208732,0.9398214274061713,0.5509101019965278
病例24,near,NBI,mid_fusion_wide,1,1,0.5,0.029046218720523775,0.06941130777340065,0.9517451425612522,0.5086398654513888
病例24,near,NBI,mid_fusion_wide,1,1,0.55,0.033027242967319535,0.06340509349164956,0.9525052263373601,0.5037570529513888
病例24,near,NBI,mid_fusion_wide,1,1,0.6,0.03618986850135937,0.05698274427120901,0.9538930417406603,0.4990709092881944
病例24,near,NBI,mid_fusion_wide,1,1,0.65,0.040309604394384954,0.05160073239749209,0.9543028179692449,0.4944254557291667
病例24,near,NBI,mid_fusion_wide,1,1,0.7,0.04663485546246463,0.04546967763413416,0.9539208882713713,0.4883355034722222
病例24,near,NBI,mid_fusion_wide,1,1,0.75,0.054499805803695275,0.0381457027131998,0.9532953393231333,0.4809095594618056
病例24,near,NBI,mid_fusion_wide,1,1,0.8,0.06734450424457637,0.03140431670643067,0.9497220907806532,0.4713338216145833
病例24,near,NBI,mid_fusion_wide,1,1,0.85,0.0924790545414193,0.023733562669921767,0.9398253224919271,0.4552951388888889
病例24,near,NBI,mid_fusion_wide,1,1,0.9,0.15169505631692837,0.014120845586195417,0.9109677803755896,0.4216444227430556
病例24,near,NBI,mid_fusion_wide,1,1,0.95,0.4102396937246851,0.002344226821283915,0.7408562616522846,0.2894829644097222
病例26,far,WLI,mid_fusion_wide,1,1,0.05,0.0,11.061027486910994,0.15312730962422608,0.9998508029513888
病例26,far,WLI,mid_fusion_wide,1,1,0.1,0.002617801047120419,0.9424901832460733,0.678520744634559,0.16081407335069445
病例26,far,WLI,mid_fusion_wide,1,1,0.15,0.01112565445026178,0.7333933246073299,0.7265077981767392,0.14277479383680555
病例26,far,WLI,mid_fusion_wide,1,1,0.2,0.015788612565445025,0.6738383507853403,0.7405515203719668,0.137451171875
病例26,far,WLI,mid_fusion_wide,1,1,0.25,0.01767015706806283,0.646678664921466,0.747300619221622,0.1350436740451389
病例26,far,WLI,mid_fusion_wide,1,1,0.3,0.0193880890052356,0.631217277486911,0.7509004917444454,0.13361952039930555
病例26,far,WLI,mid_fusion_wide,1,1,0.35,0.021106020942408377,0.6200916230366492,0.7532892666013431,0.13255479600694445
病例26,far,WLI,mid_fusion_wide,1,1,0.4,0.022987565445026177,0.6064299738219895,0.7563647878380102,0.13126627604166666
病例26,far,WLI,mid_fusion_wide,1,1,0.45,0.02568717277486911,0.5898232984293194,0.759954058190531,0.1296657986111111
病例26,far,WLI,mid_fusion_wide,1,1,0.5,0.07967931937172774,0.3871891361256545,0.7976743361548634,0.10839165581597222
病例26,far,WLI,mid_fusion_wide,1,1,0.55,0.09145942408376963,0.362401832460733,0.8001440922161378,0.10536024305555555
病例26,far,WLI,mid_fusion_wide,1,1,0.6,0.10103075916230367,0.34154123036649214,0.8024682342602509,0.10283745659722222
病例26,far,WLI,mid_fusion_wide,1,1,0.65,0.11174738219895287,0.3229712041884817,0.8034036255982115,0.10040961371527778
病例26,far,WLI,mid_fusion_wide,1,1,0.7,0.12369109947643979,0.302928664921466,0.8042343931799083,0.09775797526041667
病例26,far,WLI,mid_fusion_wide,1,1,0.75,0.13898887434554974,0.2806773560209424,0.8040488922811151,0.09464518229166667
病例26,far,WLI,mid_fusion_wide,1,1,0.8,0.15821335078534032,0.256217277486911,0.8024643219184182,0.09102376302083333
病例26,far,WLI,mid_fusion_wide,1,1,0.85,0.18349149214659685,0.22774869109947643,0.798831485850579,0.08656819661458333
病例26,far,WLI,mid_fusion_wide,1,1,0.9,0.2162140052356021,0.1874181937172775,0.79523572376828,0.08051215277777778
病例26,far,WLI,mid_fusion_wide,1,1,0.95,0.284276832460733,0.10667539267015706,0.7854738070620574,0.06817626953125
病例26,far,NBI,mid_fusion_wide,1,1,0.05,0.0,10.616196628328344,0.15852638151722853,1.0
病例26,far,NBI,mid_fusion_wide,1,1,0.1,0.0,1.5246573184181502,0.5674310491248326,0.2173394097222222
病例26,far,NBI,mid_fusion_wide,1,1,0.15,0.0,1.1929257917126201,0.6263847425411996,0.18878173828125
病例26,far,NBI,mid_fusion_wide,1,1,0.2,0.0,1.0808255868914447,0.6491766390491737,0.1791314019097222
病例26,far,NBI,mid_fusion_wide,1,1,0.25,0.0,1.0238695446667716,0.661404194345027,0.1742282443576389
病例26,far,NBI,mid_fusion_wide,1,1,0.3,0.0,1.0013392153773437,0.6663691960401418,0.17228868272569445
病例26,far,NBI,mid_fusion_wide,1,1,0.35,0.0,0.9821963132188436,0.6706466610295049,0.17064073350694445
病例26,far,NBI,mid_fusion_wide,1,1,0.4,0.0,0.9621080825586892,0.6751948086469105,0.1689114040798611
病例26,far,NBI,mid_fusion_wide,1,1,0.45,0.0,0.9374507641405389,0.6808624758617227,0.16678873697916666
病例26,far,NBI,mid_fusion_wide,1,1,0.5,0.000393886875689302,0.5556168268473295,0.7824022690813219,0.1338840060763889
病例26,far,NBI,mid_fusion_wide,1,1,0.55,0.0008665511265164644,0.523711989916496,0.7920686963285181,0.1310967339409722
病例26,far,NBI,mid_fusion_wide,1,1,0.6,0.0014179927524814874,0.4954309122420041,0.8007833475447715,0.12861463758680555
病例26,far,NBI,mid_fusion_wide,1,1,0.65,0.0022845438789979517,0.4676224988183394,0.8093944719577907,0.12614610460069445
病例26,far,NBI,mid_fusion_wide,1,1,0.7,0.004017646132030881,0.43839609264219315,0.8182641900174155,0.12348090277777778
病例26,far,NBI,mid_fusion_wide,1,1,0.75,0.0065385221364424135,0.4060973688356704,0.8280367695310964,0.1204833984375
病例26,far,NBI,mid_fusion_wide,1,1,0.8,0.010634945643611156,0.3668662360170159,0.8397860247380816,0.11675347222222222
病例26,far,NBI,mid_fusion_wide,1,1,0.85,0.020324562785567987,0.31148574129510004,0.8551781047969496,0.11115180121527778
病例26,far,NBI,mid_fusion_wide,1,1,0.9,0.040255238695446664,0.23184181503072318,0.8758447160284837,0.10257975260416667
病例26,far,NBI,mid_fusion_wide,1,1,0.95,0.11627540570348197,0.110603434693556,0.8862379522796404,0.0855984157986111
病例26,near,WLI,mid_fusion_wide,1,1,0.05,0.0,8.811605776269381,0.18498639715375217,0.9998847113715278
病例26,near,WLI,mid_fusion_wide,1,1,0.1,0.0,1.7708790843148998,0.5303803053021612,0.2823757595486111
病例26,near,WLI,mid_fusion_wide,1,1,0.15,0.0,1.304585080188993,0.605219702765707,0.2348564995659722
病例26,near,WLI,mid_fusion_wide,1,1,0.2,0.0,1.1975111466027817,0.6254864825477627,0.2239447699652778
病例26,near,WLI,mid_fusion_wide,1,1,0.25,0.0,1.1425434218406867,0.6364271647277038,0.21834309895833334
病例26,near,WLI,mid_fusion_wide,1,1,0.3,0.0,1.1201171225128104,0.641001578294926,0.2160576714409722
病例26,near,WLI,mid_fusion_wide,1,1,0.35,0.0,1.1023491049444334,0.6446727729023688,0.21424696180555555
病例26,near,WLI,mid_fusion_wide,1,1,0.4,0.0,1.081719571438078,0.6489883176042476,0.21214463975694445
病例26,near,WLI,mid_fusion_wide,1,1,0.45,0.0,1.059692553403873,0.6536604462989829,0.20989990234375
病例26,near,WLI,mid_fusion_wide,1,1,0.5,0.0001330937645571305,0.5751647035336395,0.7765861222360083,0.16050889756944445
病例26,near,WLI,mid_fusion_wide,1,1,0.55,0.000266187529114261,0.5355027616956146,0.7886710239630714,0.15645345052083334
病例26,near,WLI,mid_fusion_wide,1,1,0.6,0.0009316563518999135,0.5050242896120317,0.7979483908666243,0.15327962239583334
病例26,near,WLI,mid_fusion_wide,1,1,0.65,0.0027284221734211753,0.47574366140946295,0.8065227920972862,0.1501125759548611
病例26,near,WLI,mid_fusion_wide,1,1,0.7,0.006654688227856525,0.44553137685499433,0.8145924854680493,0.1466335720486111
病例26,near,WLI,mid_fusion_wide,1,1,0.75,0.012444266986091702,0.41332268583216875,0.8226620100869708,0.14276123046875
病例26,near,WLI,mid_fusion_wide,1,1,0.8,0.020363345977240967,0.3747920409928795,0.8321650650061273,0.1380276150173611
病例26,near,WLI,mid_fusion_wide,1,1,0.85,0.034271644373461106,0.3318027550409263,0.8406661839222573,0.1322292751736111
病例26,near,WLI,mid_fusion_wide,1,1,0.9,0.058028881346908895,0.26705263858388234,0.8528392830219826,0.12320963541666667
病例26,near,WLI,mid_fusion_wide,1,1,0.95,0.12317827909762427,0.13662074931789445,0.8709677419326052,0.10327826605902778
病例26,near,NBI,mid_fusion_wide,1,1,0.05,0.0,2.651428854440097,0.4299754038137771,0.9999728732638888
病例26,near,NBI,mid_fusion_wide,1,1,0.1,0.18208607795552473,0.05606458323015205,0.8729170796156288,0.2393459743923611
病例26,near,NBI,mid_fusion_wide,1,1,0.15,0.24988856421177752,0.025704521816650984,0.8448076306273169,0.21246337890625
病例26,near,NBI,mid_fusion_wide,1,1,0.2,0.27163092466940714,0.02072705660938042,0.8328519651137829,0.2051459418402778
病例26,near,NBI,mid_fusion_wide,1,1,0.25,0.284408895052251,0.019340300133722947,0.8249214958595134,0.2012668185763889
病例26,near,NBI,mid_fusion_wide,1,1,0.3,0.2893863602595216,0.01842405031944926,0.8219758815261351,0.1996527777777778
病例26,near,NBI,mid_fusion_wide,1,1,0.35,0.2939180823139022,0.01807736120053489,0.8190448833022348,0.19831678602430555
病例26,near,NBI,mid_fusion_wide,1,1,0.4,0.2985736219107523,0.01706205735228567,0.8163294714380996,0.19676378038194445
病例26,near,NBI,mid_fusion_wide,1,1,0.45,0.3038234857114556,0.016145807538011987,0.8131372293797082,0.1950751410590278
病例26,near,NBI,mid_fusion_wide,1,1,0.5,0.4053043435193898,0.01270367985736219,0.7399476197800956,0.16634114583333334
病例26,near,NBI,mid_fusion_wide,1,1,0.55,0.4168689019860334,0.011663612500619088,0.7312929923437038,0.16288926866319445
病例26,near,NBI,mid_fusion_wide,1,1,0.6,0.42687335941756227,0.010474964092912684,0.7238267994797044,0.1598239474826389
病例26,near,NBI,mid_fusion_wide,1,1,0.65,0.43722450596800555,0.009533950770145114,0.7158584410868665,0.1567314995659722
病例26,near,NBI,mid_fusion_wide,1,1,0.7,0.44891288197711854,0.008865336040810263,0.7065434803303385,0.1533474392361111
病例26,near,NBI,mid_fusion_wide,1,1,0.75,0.46230994007230947,0.007825268684067159,0.6958068289232734,0.14939371744791666
病例26,near,NBI,mid_fusion_wide,1,1,0.8,0.4801149026794116,0.007230944480213957,0.6808717649337082,0.1443549262152778
病例26,near,NBI,mid_fusion_wide,1,1,0.85,0.5030211480362538,0.00624040414045862,0.6612193796012368,0.1378106011284722
病例26,near,NBI,mid_fusion_wide,1,1,0.9,0.5374919518597395,0.0055717894111237684,0.6300856892236858,0.12818739149305555
病例26,near,NBI,mid_fusion_wide,1,1,0.95,0.6123025110197613,0.003714526274082512,0.557272015375957,0.10719129774305555
病例3,far,WLI,mid_fusion_wide,1,1,0.05,0.0,25.070910698496906,0.07388004128393591,0.9998304578993056
病例3,far,WLI,mid_fusion_wide,1,1,0.1,0.0,3.7278514588859415,0.3491710660357841,0.18131510416666666
病例3,far,WLI,mid_fusion_wide,1,1,0.15,0.0,3.1232537577365163,0.3903769156413421,0.15812852647569445
病例3,far,WLI,mid_fusion_wide,1,1,0.2,0.0,2.9402298850574713,0.4048394602126039,0.15110948350694445
病例3,far,WLI,mid_fusion_wide,1,1,0.25,0.0,2.8608311229000885,0.41145227007999324,0.1480645073784722
病例3,far,WLI,mid_fusion_wide,1,1,0.3,0.0,2.8228116710875333,0.41469585303994905,0.1466064453125
病例3,far,WLI,mid_fusion_wide,1,1,0.35,0.0,2.7856763925729444,0.41791375678816867,0.14518229166666666
病例3,far,WLI,mid_fusion_wide,1,1,0.4,0.0,2.749602122015915,0.42108790349446706,0.143798828125
病例3,far,WLI,mid_fusion_wide,1,1,0.45,0.0,2.703978779840849,0.425171986013965,0.14204915364583334
病例3,far,WLI,mid_fusion_wide,1,1,0.5,0.0,2.1490716180371354,0.4820355453246301,0.12076822916666667
病例3,far,WLI,mid_fusion_wide,1,1,0.55,0.0,2.080106100795756,0.4901833311641738,0.11812337239583333
病例3,far,WLI,mid_fusion_wide,1,1,0.6,0.0,2.02316534040672,0.49712100566789535,0.1159396701388889
病例3,far,WLI,mid_fusion_wide,1,1,0.65,0.0,1.9664014146772768,0.5042353990169227,0.11376274956597222
病例3,far,WLI,mid_fusion_wide,1,1,0.7,0.0,1.8995579133510168,0.5128786504602173,0.11119927300347222
病例3,far,WLI,mid_fusion_wide,1,1,0.75,0.0,1.82210433244916,0.5232719533611396,0.10822889539930555
病例3,far,WLI,mid_fusion_wide,1,1,0.8,0.0,1.7317418213969937,0.5359427569514479,0.1047634548611111
病例3,far,WLI,mid_fusion_wide,1,1,0.85,0.0,1.6148541114058355,0.5532726739039562,0.10028076171875
病例3,far,WLI,mid_fusion_wide,1,1,0.9,0.0,1.4502210433244915,0.5796730049685834,0.0939670138888889
病例3,far,WLI,mid_fusion_wide,1,1,0.95,0.00017683465959328028,1.1338638373121133,0.6381129733049031,0.08182779947916667
病例3,far,NBI,mid_fusion_wide,1,1,0.05,0.0,12.23274391885827,0.14052104157855005,0.9997965494791666
病例3,far,NBI,mid_fusion_wide,1,1,0.1,0.23920653442240372,0.3525715824432277,0.7199830112519856,0.08412000868055555
病例3,far,NBI,mid_fusion_wide,1,1,0.15,0.3229512611076205,0.26164617179786376,0.6984582619533383,0.0709228515625
病例3,far,NBI,mid_fusion_wide,1,1,0.2,0.34260838344852346,0.2393860515214074,0.6931667613065816,0.06775580512152778
病例3,far,NBI,mid_fusion_wide,1,1,0.25,0.3509559285521946,0.22690961314065164,0.6919617224847274,0.06618245442708333
病例3,far,NBI,mid_fusion_wide,1,1,0.3,0.35741854411632706,0.2209855488735302,0.6896252769449492,0.06524658203125
病例3,far,NBI,mid_fusion_wide,1,1,0.35,0.3623552643389283,0.216048828650929,0.6879721092354834,0.06450059678819445
病例3,far,NBI,mid_fusion_wide,1,1,0.4,0.3676510187595368,0.2084193519432726,0.6870489565014285,0.06352403428819445
病例3,far,NBI,mid_fusion_wide,1,1,0.45,0.3735750830266583,0.20043084103760883,0.6857957057893883,0.06247287326388889
病例3,far,NBI,mid_fusion_wide,1,1,0.5,0.41989049456960775,0.10618436406067679,0.6880289561894499,0.05185275607638889
病例3,far,NBI,mid_fusion_wide,1,1,0.55,0.4340723453908985,0.09711875056099094,0.6805915371293145,0.05009629991319445
病例3,far,NBI,mid_fusion_wide,1,1,0.6,0.4461897495736469,0.09029710079885109,0.6736911066185854,0.048665364583333336
病例3,far,NBI,mid_fusion_wide,1,1,0.65,0.4592047392514137,0.08446279508123149,0.6654884851125781,0.0472412109375
病例3,far,NBI,mid_fusion_wide,1,1,0.7,0.47365586572120993,0.07782066241809532,0.656222023272962,0.045647515190972224
病例3,far,NBI,mid_fusion_wide,1,1,0.75,0.4916973341710798,0.071268288304461,0.6435958631626116,0.04378933376736111
病例3,far,NBI,mid_fusion_wide,1,1,0.8,0.5131496275020195,0.06327977739879724,0.628141285462489,0.04156494140625
病例3,far,NBI,mid_fusion_wide,1,1,0.85,0.5440265685306526,0.055470783592137154,0.6033612447259139,0.038642035590277776
病例3,far,NBI,mid_fusion_wide,1,1,0.9,0.5882775334350597,0.047841306884480746,0.5641719451413555,0.034722222222222224
病例3,far,NBI,mid_fusion_wide,1,1,0.95,0.685755318194058,0.0392244861323041,0.46435440015608226,0.026706271701388888
病例3,near,WLI,mid_fusion_wide,1,1,0.05,0.0,3.3960289777300776,0.3706429317286998,1.0
病例3,near,WLI,mid_fusion_wide,1,1,0.1,0.004978684077154697,0.4097725307813851,0.8275314886432268,0.3195597330729167
病例3,near,WLI,mid_fusion_wide,1,1,0.15,0.015919864055093463,0.2827117431356766,0.8682580390598168,0.2881673177083333
病例3,near,WLI,mid_fusion_wide,1,1,0.2,0.02086873565274424,0.255254449512566,0.8764209852152474,0.2807956271701389
病例3,near,WLI,mid_fusion_wide,1,1,0.25,0.023045046656530423,0.23528008824493934,0.8832288929305528,0.2757568359375
病例3,near,WLI,mid_fusion_wide,1,1,0.3,0.024237545836687236,0.22815490564350238,0.8854800746680661,0.27386474609375
病例3,near,WLI,mid_fusion_wide,1,1,0.35,0.025072295262797008,0.2217452225501595,0.8876402969465309,0.272216796875
病例3,near,WLI,mid_fusion_wide,1,1,0.4,0.026890856512536147,0.21512685210028917,0.8894005449579163,0.2702975802951389
病例3,near,WLI,mid_fusion_wide,1,1,0.45,0.02873923024177921,0.20806129445786006,0.8913421157017122,0.2682698567708333
病例3,near,WLI,mid_fusion_wide,1,1,0.5,0.07509763587037534,0.1191604805771696,0.9049647045083353,0.23750135633680555
病例3,near,WLI,mid_fusion_wide,1,1,0.55,0.08168619384074173,0.11027636168500134,0.9053714453657059,0.2339816623263889
病例3,near,WLI,mid_fusion_wide,1,1,0.6,0.08848343916763557,0.10344930387860359,0.904746404685884,0.23088243272569445
病例3,near,WLI,mid_fusion_wide,1,1,0.65,0.09578749664609605,0.09617505887964702,0.9040373179914692,0.2275661892361111
病例3,near,WLI,mid_fusion_wide,1,1,0.7,0.10365799123513103,0.08860268908565125,0.9031405355868745,0.2240532769097222
病例3,near,WLI,mid_fusion_wide,1,1,0.75,0.11445010881555019,0.07769132158721641,0.9021305027851394,0.2191162109375
病例3,near,WLI,mid_fusion_wide,1,1,0.8,0.12846197418239275,0.06484214292102675,0.9001724350275585,0.2130059136284722
病例3,near,WLI,mid_fusion_wide,1,1,0.85,0.1473034612288704,0.04913096622246072,0.8967128054788195,0.2051459418402778
病例3,near,WLI,mid_fusion_wide,1,1,0.9,0.180395313478222,0.030826103807053633,0.8858528411914388,0.1934543185763889
病例3,near,WLI,mid_fusion_wide,1,1,0.95,0.28524580389350984,0.005634558626240944,0.8309217252658587,0.1638726128472222
病例3,near,NBI,mid_fusion_wide,1,1,0.05,0.0,1.5349149045899948,0.5657844825068008,1.0
病例3,near,NBI,mid_fusion_wide,1,1,0.1,0.0,0.9195461578133058,0.6850379791552228,0.7572428385416666
病例3,near,NBI,mid_fusion_wide,1,1,0.15,0.0,0.77352587244284,0.7211037834080918,0.6996392144097222
病例3,near,NBI,mid_fusion_wide,1,1,0.2,0.0,0.7406051229155922,0.7297658401335271,0.6866522894965278
病例3,near,NBI,mid_fusion_wide,1,1,0.25,0.0,0.7132198727866598,0.7371315609392901,0.6758490668402778
病例3,near,NBI,mid_fusion_wide,1,1,0.3,0.0,0.6981433728726147,0.7412504539628666,0.6699015299479166
病例3,near,NBI,mid_fusion_wide,1,1,0.35,0.0,0.6905965274196321,0.7433295849514776,0.6669243706597222
病例3,near,NBI,mid_fusion_wide,1,1,0.4,0.0,0.6829465360151281,0.7454490699502486,0.6639065212673612
病例3,near,NBI,mid_fusion_wide,1,1,0.45,0.0,0.6737837373216434,0.7480036519341443,0.6602918836805556
病例3,near,NBI,mid_fusion_wide,1,1,0.5,0.047378373732164344,0.3724944129276259,0.8194185668228052,0.5227457682291666
病例3,near,NBI,mid_fusion_wide,1,1,0.55,0.055011174144748154,0.35982465188241364,0.8200132765468893,0.5147365993923612
病例3,near,NBI,mid_fusion_wide,1,1,0.6,0.06192195289668214,0.3488911810211449,0.8203678786460349,0.5076972113715278
病例3,near,NBI,mid_fusion_wide,1,1,0.65,0.06960632628502665,0.3382155750386797,0.8202326374411244,0.5004543728298612
病例3,near,NBI,mid_fusion_wide,1,1,0.7,0.0788894619219529,0.32508165721162113,0.8201529147941465,0.4916110568576389
病例3,near,NBI,mid_fusion_wide,1,1,0.75,0.08978855079938113,0.3088189788550799,0.8203686057585389,0.48089599609375
病例3,near,NBI,mid_fusion_wide,1,1,0.8,0.10393673714973355,0.2868660821729414,0.8209732164648089,0.4666544596354167
病例3,near,NBI,mid_fusion_wide,1,1,0.85,0.12317345710847516,0.24438714113804366,0.826721559918611,0.4423082139756944
病例3,near,NBI,mid_fusion_wide,1,1,0.9,0.16262678356541171,0.18904933814681107,0.8264546942992895,0.4049140082465278
病例3,near,NBI,mid_fusion_wide,1,1,0.95,0.33004985387656866,0.08108990888774283,0.7652025368642962,0.2962782118055556
病例34,near,WLI,mid_fusion_wide,1,1,0.05,0.0,4.084864995344667,0.32868436711890925,1.0
病例34,near,WLI,mid_fusion_wide,1,1,0.1,0.2403531156246767,0.34342563536673676,0.7224162526428215,0.21693250868055555
病例34,near,WLI,mid_fusion_wide,1,1,0.15,0.2908031311424532,0.13541846270561053,0.7689374112002375,0.1661037868923611
病例34,near,WLI,mid_fusion_wide,1,1,0.2,0.30487258181316595,0.11731439015138453,0.7670617781906675,0.15977647569444445
病例34,near,WLI,mid_fusion_wide,1,1,0.25,0.31118314424635335,0.10924514638435807,0.7661769782502279,0.1569485134548611
病例34,near,WLI,mid_fusion_wide,1,1,0.3,0.3140797958550295,0.10469326528500983,0.7661287216408618,0.1554836697048611
病例34,near,WLI,mid_fusion_wide,1,1,0.35,0.31666609193420464,0.10121038656505396,0.7658357487907906,0.1542900933159722
病例34,near,WLI,mid_fusion_wide,1,1,0.4,0.31904548432704577,0.09658953757026105,0.7661745591387158,0.15291341145833334
病例34,near,WLI,mid_fusion_wide,1,1,0.45,0.3213214248767199,0.09158936515052243,0.7667523764984284,0.1514824761284722
病例34,near,WLI,mid_fusion_wide,1,1,0.5,0.35542604917410947,0.04996724024966378,0.7607651607636126,0.1365898980034722
病例34,near,WLI,mid_fusion_wide,1,1,0.55,0.3615641918686851,0.04344977413014242,0.7591905357456806,0.1341010199652778
病例34,near,WLI,mid_fusion_wide,1,1,0.6,0.3674264629814821,0.03769095486051243,0.7574531340309739,0.13181559244791666
病例34,near,WLI,mid_fusion_wide,1,1,0.65,0.3740818648918928,0.032897686127107834,0.7546565774140307,0.12956407335069445
病例34,near,WLI,mid_fusion_wide,1,1,0.7,0.3822890444498086,0.028380288975481914,0.7505184874814067,0.12706163194444445
病例34,near,WLI,mid_fusion_wide,1,1,0.75,0.3923583571847305,0.023207696817131626,0.7451842767412826,0.12406412760416667
病例34,near,WLI,mid_fusion_wide,1,1,0.8,0.40511741784199456,0.018276492292837683,0.7375374091476324,0.12058512369791667
病例34,near,WLI,mid_fusion_wide,1,1,0.85,0.42291113486671955,0.011931445911927997,0.7263454861095349,0.11583794487847222
病例34,near,WLI,mid_fusion_wide,1,1,0.9,0.44932583882202837,0.004000137935790889,0.708410966194862,0.10908338758680555
病例34,near,WLI,mid_fusion_wide,1,1,0.95,0.5154660505534674,0.0006207110590020345,0.6525030184808849,0.09541151258680555
病例34,near,NBI,mid_fusion_wide,1,1,0.05,0.0,1.499593165174939,0.5714950011622435,1.0
病例34,near,NBI,mid_fusion_wide,1,1,0.1,0.0013052617304041227,0.3143138052617304,0.8635460868156868,0.5252888997395834
病例34,near,NBI,mid_fusion_wide,1,1,0.15,0.0057295904529427715,0.12837333875779766,0.9368226866522358,0.4491305881076389
病例34,near,NBI,mid_fusion_wide,1,1,0.2,0.011052346080824518,0.08618117710876051,0.9531433799495547,0.4301215277777778
病例34,near,NBI,mid_fusion_wide,1,1,0.25,0.020477352861404938,0.06921277461350692,0.9562217129043297,0.4195624457465278
病例34,near,NBI,mid_fusion_wide,1,1,0.3,0.023765934363981556,0.0648562516951451,0.9565809580750809,0.41650390625
病例34,near,NBI,mid_fusion_wide,1,1,0.35,0.026342554922701385,0.06058448603200434,0.9572680910628335,0.4137641059027778
病例34,near,NBI,mid_fusion_wide,1,1,0.4,0.02886832112828858,0.05590588554380255,0.9581782754489014,0.4108818901909722
病例34,near,NBI,mid_fusion_wide,1,1,0.45,0.03166531055058313,0.05056617846487659,0.9592691794213559,0.4076266818576389
病例34,near,NBI,mid_fusion_wide,1,1,0.5,0.19541632763764577,0.018290615676701927,0.8827637513359532,0.3292032877604167
病例34,near,NBI,mid_fusion_wide,1,1,0.55,0.21158801193382154,0.015002034174125305,0.8743549493820915,0.3214179144965278
病例34,near,NBI,mid_fusion_wide,1,1,0.6,0.22403037700027123,0.01208638459452129,0.8679477820641935,0.3152737087673611
病例34,near,NBI,mid_fusion_wide,1,1,0.65,0.23706604285326824,0.008628288581502577,0.8613120526650004,0.3086751302083333
病例34,near,NBI,mid_fusion_wide,1,1,0.7,0.2532885815025766,0.0053905614320585845,0.8523606811137264,0.3008897569444444
病例34,near,NBI,mid_fusion_wide,1,1,0.75,0.27356251695145106,0.003000406834825061,0.8400850788539446,0.2918226453993056
病例34,near,NBI,mid_fusion_wide,1,1,0.8,0.3049396528342826,0.0014239218877135883,0.8194126639946249,0.2786390516493056
病例34,near,NBI,mid_fusion_wide,1,1,0.85,0.3471826688364524,0.0002034174125305126,0.7898477157352306,0.2612508138020833
病例34,near,NBI,mid_fusion_wide,1,1,0.9,0.40564822348793056,0.0,0.745571692856502,0.23777940538194445
病例34,near,NBI,mid_fusion_wide,1,1,0.95,0.5443280444806076,0.0,0.6260640713604672,0.18229844835069445
病例35,far,WLI,mid_fusion_wide,1,1,0.05,0.0,59.378787878787875,0.03258454702540408,0.9999254014756944
病例35,far,WLI,mid_fusion_wide,1,1,0.1,0.0,6.434889434889435,0.23711039906671952,0.12312825520833333
病例35,far,WLI,mid_fusion_wide,1,1,0.15,0.0,4.912776412776413,0.28931935311717716,0.09792073567708333
病例35,far,WLI,mid_fusion_wide,1,1,0.2,0.0,4.46027846027846,0.3095841784970234,0.0904269748263889
病例35,far,WLI,mid_fusion_wide,1,1,0.25,0.0,4.229320229320229,0.3210623192195565,0.08660210503472222
病例35,far,WLI,mid_fusion_wide,1,1,0.3,0.0,4.12940212940213,0.326296098340952,0.08494737413194445
病例35,far,WLI,mid_fusion_wide,1,1,0.35,0.0,4.03931203931204,0.33116354759742905,0.08345540364583333
病例35,far,WLI,mid_fusion_wide,1,1,0.4,0.0,3.9508599508599507,0.33608587943616786,0.08199055989583333
病例35,far,WLI,mid_fusion_wide,1,1,0.45,0.0,3.8386568386568385,0.3425445363982147,0.08013237847222222
病例35,far,WLI,mid_fusion_wide,1,1,0.5,0.0036855036855036856,1.8767403767403767,0.5144850919801809,0.04758029513888889
病例35,far,WLI,mid_fusion_wide,1,1,0.55,0.004914004914004914,1.773136773136773,0.5281460551996506,0.045844184027777776
病例35,far,WLI,mid_fusion_wide,1,1,0.6,0.005733005733005733,1.6715806715806716,0.5424486148286143,0.044148763020833336
病例35,far,WLI,mid_fusion_wide,1,1,0.65,0.006961506961506962,1.5741195741195741,0.5567673056990383,0.04251437717013889
病例35,far,WLI,mid_fusion_wide,1,1,0.7,0.0085995085995086,1.4647829647829649,0.5736966824576576,0.04067654079861111
病例35,far,WLI,mid_fusion_wide,1,1,0.75,0.011466011466011465,1.3435708435708436,0.5933390684454548,0.03862169053819445
病例35,far,WLI,mid_fusion_wide,1,1,0.8,0.01760851760851761,1.1986076986076986,0.6176622039055399,0.03611924913194445
病例35,far,WLI,mid_fusion_wide,1,1,0.85,0.029484029484029485,1.0151515151515151,0.6501165820785885,0.03288438585069445
病例35,far,WLI,mid_fusion_wide,1,1,0.9,0.06838656838656838,0.7764127764127764,0.688038711618206,0.028286404079861112
病例35,far,WLI,mid_fusion_wide,1,1,0.95,0.1891891891891892,0.3579033579033579,0.7477341389586908,0.019354926215277776
病例35,far,NBI,mid_fusion_wide,1,1,0.05,0.0,12.410641200545703,0.13878632964111282,0.9999593098958334
病例35,far,NBI,mid_fusion_wide,1,1,0.1,0.00745793542519327,0.8872214643019555,0.6893219214834686,0.1401638454861111
病例35,far,NBI,mid_fusion_wide,1,1,0.15,0.017371532514779447,0.5849931787175989,0.7653997378740909,0.11688910590277778
病例35,far,NBI,mid_fusion_wide,1,1,0.2,0.02191905411550705,0.5095043201455207,0.7863697853797434,0.11092122395833333
病例35,far,NBI,mid_fusion_wide,1,1,0.25,0.024283765347885403,0.4682128240109141,0.7984816344728574,0.107666015625
病例35,far,NBI,mid_fusion_wide,1,1,0.3,0.02592087312414734,0.4509322419281492,0.8033604620605207,0.10625542534722222
病例35,far,NBI,mid_fusion_wide,1,1,0.35,0.027103228740336518,0.434106412005457,0.8083884375559857,0.10491265190972222
病例35,far,NBI,mid_fusion_wide,1,1,0.4,0.029195088676671213,0.4202819463392451,0.8120197793807074,0.1037258572048611
病例35,far,NBI,mid_fusion_wide,1,1,0.45,0.031832651205093224,0.40163710777626194,0.8170862757107112,0.1021389431423611
病例35,far,NBI,mid_fusion_wide,1,1,0.5,0.14997726239199635,0.1882673942701228,0.8340547052749362,0.0774197048611111
病例35,far,NBI,mid_fusion_wide,1,1,0.55,0.16571168713051387,0.16844020009095043,0.8331516802868613,0.07476806640625
病例35,far,NBI,mid_fusion_wide,1,1,0.6,0.1800818553888131,0.15470668485675307,0.8304546082592674,0.07267252604166667
病例35,far,NBI,mid_fusion_wide,1,1,0.65,0.19590723055934517,0.139699863574352,0.8273441886541861,0.07037353515625
病例35,far,NBI,mid_fusion_wide,1,1,0.7,0.21527967257844474,0.1229649840836744,0.8226936829519776,0.06768120659722222
病例35,far,NBI,mid_fusion_wide,1,1,0.75,0.23765347885402455,0.10641200545702592,0.8158855307304429,0.06477864583333333
病例35,far,NBI,mid_fusion_wide,1,1,0.8,0.2659390632105503,0.0855843565256935,0.8068176138311249,0.061116536458333336
病例35,far,NBI,mid_fusion_wide,1,1,0.85,0.3034106412005457,0.060391086857662576,0.7929392276592145,0.05644395616319445
病例35,far,NBI,mid_fusion_wide,1,1,0.9,0.3618008185538881,0.03992723965438836,0.7606091810700741,0.05056423611111111
病例35,far,NBI,mid_fusion_wide,1,1,0.95,0.4974079126875853,0.029286039108685765,0.6561776405589492,0.03965928819444445
病例35,near,WLI,mid_fusion_wide,1,1,0.05,0.0,5.304771677783479,0.273793636299622,1.0
病例35,near,WLI,mid_fusion_wide,1,1,0.1,0.1991619634000342,0.452625277920301,0.7107619914983478,0.19881184895833334
病例35,near,WLI,mid_fusion_wide,1,1,0.15,0.2698819907644946,0.32302890371130494,0.7112184760184277,0.16703965928819445
病例35,near,WLI,mid_fusion_wide,1,1,0.2,0.29775953480417305,0.2895074397126732,0.7051499474041922,0.15730116102430555
病例35,near,WLI,mid_fusion_wide,1,1,0.25,0.31576021891568323,0.27052334530528477,0.700074368955991,0.1514350043402778
病例35,near,WLI,mid_fusion_wide,1,1,0.3,0.3216179237215666,0.26321190354027707,0.6987888130352372,0.1493462456597222
病例35,near,WLI,mid_fusion_wide,1,1,0.35,0.32700530186420385,0.25679835813237556,0.6974786192212136,0.14747450086805555
病例35,near,WLI,mid_fusion_wide,1,1,0.4,0.33093894304771676,0.24880280485719172,0.6977148589885236,0.14558241102430555
病例35,near,WLI,mid_fusion_wide,1,1,0.45,0.33701043270053016,0.23943902856165555,0.6969928529673731,0.1431342230902778
病例35,near,WLI,mid_fusion_wide,1,1,0.5,0.5627672310586626,0.04972635539592954,0.5880898294833135,0.0772365993923611
病例35,near,WLI,mid_fusion_wide,1,1,0.55,0.5770908158029758,0.04117496151872755,0.5777115822657037,0.0736083984375
病例35,near,WLI,mid_fusion_wide,1,1,0.6,0.5918419702411493,0.033820762784333845,0.5661082283155935,0.0701022677951389
病例35,near,WLI,mid_fusion_wide,1,1,0.65,0.607533778005815,0.0271506755601163,0.552918498883944,0.0665554470486111
病例35,near,WLI,mid_fusion_wide,1,1,0.7,0.6267316572601334,0.02018128955019668,0.5357471617044008,0.06240505642361111
病例35,near,WLI,mid_fusion_wide,1,1,0.75,0.6512741576877031,0.013083632632119035,0.5121507064348128,0.05738661024305555
病例35,near,WLI,mid_fusion_wide,1,1,0.8,0.6826150162476484,0.007696254489481785,0.479042302602436,0.05156114366319445
病例35,near,WLI,mid_fusion_wide,1,1,0.85,0.72417479049085,0.0019240636223704464,0.4317360460432615,0.04405381944444445
病例35,near,WLI,mid_fusion_wide,1,1,0.9,0.7860868821617923,0.0,0.35243563100858566,0.033928765190972224
病例35,near,WLI,mid_fusion_wide,1,1,0.95,0.9047374722079699,0.0,0.1739537788875158,0.015109592013888888
病例35,near,NBI,mid_fusion_wide,1,1,0.05,0.0,1.6474200150813314,0.5483327918719059,1.0
病例35,near,NBI,mid_fusion_wide,1,1,0.1,0.07332399727099716,0.5610793924377895,0.74498964369944,0.5619642469618056
病例35,near,NBI,mid_fusion_wide,1,1,0.15,0.09933929405005566,0.4212359510215807,0.775797409626309,0.4993150499131944
病例35,near,NBI,mid_fusion_wide,1,1,0.2,0.1082624151675105,0.39224029588136017,0.7808635909845842,0.4849921332465278
病例35,near,NBI,mid_fusion_wide,1,1,0.25,0.11223024166038278,0.3748249488311968,0.7847359984758338,0.4769151475694444
病例35,near,NBI,mid_fusion_wide,1,1,0.3,0.11443857948220762,0.3686487845164997,0.7856955119264182,0.4737481011284722
病例35,near,NBI,mid_fusion_wide,1,1,0.35,0.11605443642500628,0.36297533125067327,0.7868061270958723,0.4709947374131944
病例35,near,NBI,mid_fusion_wide,1,1,0.4,0.11824482028080002,0.3571762002226292,0.7876571721830995,0.4679768880208333
病例35,near,NBI,mid_fusion_wide,1,1,0.45,0.12077632949118461,0.3508743581457144,0.7885067465294912,0.4646402994791667
病例35,near,NBI,mid_fusion_wide,1,1,0.5,0.33749865345254765,0.2039750080792847,0.7098952471640648,0.3272908528645833
病例35,near,NBI,mid_fusion_wide,1,1,0.55,0.35573988294014147,0.19309490466444038,0.7012908332267886,0.3162909613715278
病例35,near,NBI,mid_fusion_wide,1,1,0.6,0.3751481202197565,0.18298682178893316,0.6912695023480369,0.3051418728298611
病例35,near,NBI,mid_fusion_wide,1,1,0.65,0.3995475600560164,0.17449459585622465,0.6765863181632022,0.2927178276909722
病例35,near,NBI,mid_fusion_wide,1,1,0.7,0.4259937520198212,0.16639735717620022,0.6596242920653005,0.2796698676215278
病例35,near,NBI,mid_fusion_wide,1,1,0.75,0.45786204172501704,0.15821034866602032,0.6376787109574497,0.2645399305555556
病例35,near,NBI,mid_fusion_wide,1,1,0.8,0.49402132931164494,0.14842543717907286,0.6116748239219816,0.2471856011284722
病例35,near,NBI,mid_fusion_wide,1,1,0.85,0.5438435850479371,0.13582175302524327,0.573068681627864,0.2236056857638889
病例35,near,NBI,mid_fusion_wide,1,1,0.9,0.6172573521490897,0.1160185284929441,0.5107453460785947,0.18839518229166666
病例35,near,NBI,mid_fusion_wide,1,1,0.95,0.7904592624510755,0.07427555747064526,0.3264341453859446,0.1072048611111111
病例38,far,WLI,mid_fusion_wide,1,1,0.05,0.0,9.326050420168068,0.1765840629172376,1.0
病例38,far,WLI,mid_fusion_wide,1,1,0.1,0.9081932773109244,0.005532212885154062,0.1673261008285429,0.009426540798611112
病例38,far,WLI,mid_fusion_wide,1,1,0.15,0.9810924369747899,0.0,0.037113402061600596,0.0018310546875
病例38,far,WLI,mid_fusion_wide,1,1,0.2,1.0,0.0,0.0,0.0
病例38,far,WLI,mid_fusion_wide,1,1,0.25,1.0,0.0,0.0,0.0
病例38,far,WLI,mid_fusion_wide,1,1,0.3,1.0,0.0,0.0,0.0
病例38,far,WLI,mid_fusion_wide,1,1,0.35,1.0,0.0,0.0,0.0
病例38,far,WLI,mid_fusion_wide,1,1,0.4,1.0,0.0,0.0,0.0
病例38,far,WLI,mid_fusion_wide,1,1,0.45,1.0,0.0,0.0,0.0
病例38,far,WLI,mid_fusion_wide,1,1,0.5,1.0,0.0,0.0,0.0
病例38,far,WLI,mid_fusion_wide,1,1,0.55,1.0,0.0,0.0,0.0
病例38,far,WLI,mid_fusion_wide,1,1,0.6,1.0,0.0,0.0,0.0
病例38,far,WLI,mid_fusion_wide,1,1,0.65,1.0,0.0,0.0,0.0
病例38,far,WLI,mid_fusion_wide,1,1,0.7,1.0,0.0,0.0,0.0
病例38,far,WLI,mid_fusion_wide,1,1,0.75,1.0,0.0,0.0,0.0
病例38,far,WLI,mid_fusion_wide,1,1,0.8,1.0,0.0,0.0,0.0
病例38,far,WLI,mid_fusion_wide,1,1,0.85,1.0,0.0,0.0,0.0
病例38,far,WLI,mid_fusion_wide,1,1,0.9,1.0,0.0,0.0,0.0
病例38,far,WLI,mid_fusion_wide,1,1,0.95,1.0,0.0,0.0,0.0
病例38,far,NBI,mid_fusion_wide,1,1,0.05,0.0,2.6467416841844935,0.4304091201811527,1.0
病例38,far,NBI,mid_fusion_wide,1,1,0.1,0.06022010634351428,0.2655867441572895,0.8522663556632513,0.3305324978298611
病例38,far,NBI,mid_fusion_wide,1,1,0.15,0.0908124149870162,0.2029182638803017,0.8609299439119692,0.3049587673611111
病例38,far,NBI,mid_fusion_wide,1,1,0.2,0.10025967602324719,0.18743662668480277,0.8621600805724721,0.2981228298611111
病例38,far,NBI,mid_fusion_wide,1,1,0.25,0.10602201063435143,0.18014096698404847,0.8620315499530661,0.2945421006944444
病例38,far,NBI,mid_fusion_wide,1,1,0.3,0.10945962656114752,0.1759614195622604,0.8618820234793836,0.2924533420138889
病例38,far,NBI,mid_fusion_wide,1,1,0.35,0.11227896624211697,0.17291950043279336,0.8615971772150673,0.2908460828993056
病例38,far,NBI,mid_fusion_wide,1,1,0.4,0.11551873377024854,0.16940769135649808,0.8612746691701751,0.2889946831597222
病例38,far,NBI,mid_fusion_wide,1,1,0.45,0.11935204649437368,0.1646098676888834,0.8611608222480518,0.2866278754340278
病例38,far,NBI,mid_fusion_wide,1,1,0.5,0.18610114999381724,0.10157042166439965,0.8498166606403323,0.25103759765625
病例38,far,NBI,mid_fusion_wide,1,1,0.55,0.19774947446519106,0.09348336836898727,0.8463746184141123,0.24562581380208334
病例38,far,NBI,mid_fusion_wide,1,1,0.6,0.207938666996414,0.08653394336589589,0.8432485091022456,0.24092610677083334
病例38,far,NBI,mid_fusion_wide,1,1,0.65,0.21919129467045875,0.0797329046618029,0.8393348486649927,0.23597547743055555
病例38,far,NBI,mid_fusion_wide,1,1,0.7,0.2325955236799802,0.07181896871522196,0.8344874880651421,0.2301296657986111
病例38,far,NBI,mid_fusion_wide,1,1,0.75,0.24931371336713243,0.06232224557932484,0.8281111459700335,0.22294108072916666
病例38,far,NBI,mid_fusion_wide,1,1,0.8,0.2753060467416842,0.05099542475578088,0.8162395543164119,0.21270751953125
病例38,far,NBI,mid_fusion_wide,1,1,0.85,0.31173488314578957,0.039594410782737725,0.7966679071353782,0.1995917426215278
病例38,far,NBI,mid_fusion_wide,1,1,0.9,0.35674539384196857,0.02594287127488562,0.7707351764589878,0.1835055881076389
病例38,far,NBI,mid_fusion_wide,1,1,0.95,0.45203412884876965,0.002077408185977495,0.7070329950847102,0.15083143446180555
病例38,near,WLI,mid_fusion_wide,1,1,0.05,0.0,3.9935995123437977,0.3336892957028371,1.0
病例38,near,WLI,mid_fusion_wide,1,1,0.1,0.06332757628094415,0.24968674862000068,0.856833072596681,0.2375759548611111
病例38,near,WLI,mid_fusion_wide,1,1,0.15,0.07941345795658505,0.18341291611636018,0.875082489657205,0.22108289930555555
病例38,near,WLI,mid_fusion_wide,1,1,0.2,0.08625419079548918,0.16885096007314843,0.8775062198141739,0.216796875
病例38,near,WLI,mid_fusion_wide,1,1,0.25,0.08964069220088726,0.1611297368688408,0.8789419477171787,0.2145724826388889
病例38,near,WLI,mid_fusion_wide,1,1,0.3,0.09126621287547834,0.15564360459209592,0.8803950196018957,0.21314832899305555
病例38,near,WLI,mid_fusion_wide,1,1,0.35,0.09279013850790747,0.15076704256832266,0.8816521309842329,0.21186659071180555
病例38,near,WLI,mid_fusion_wide,1,1,0.4,0.09397541399979681,0.14578888550238747,0.8831451772613667,0.21063232421875
病例38,near,WLI,mid_fusion_wide,1,1,0.45,0.09549933963222594,0.1404720782959125,0.8846090153332153,0.2092624240451389
病例38,near,WLI,mid_fusion_wide,1,1,0.5,0.13935453283213112,0.0655626672085069,0.8936162731396585,0.1854790581597222
病例38,near,WLI,mid_fusion_wide,1,1,0.55,0.1462968607131972,0.05591113820312235,0.8941105534751563,0.1821560329861111
病例38,near,WLI,mid_fusion_wide,1,1,0.6,0.15293440346777745,0.04852856513935453,0.8937204108961255,0.1793484157986111
病例38,near,WLI,mid_fusion_wide,1,1,0.65,0.16052016661586915,0.042094212469098176,0.8923165529762022,0.1765407986111111
病例38,near,WLI,mid_fusion_wide,1,1,0.7,0.17135697111314302,0.035659859798841814,0.8889575121235055,0.17308213975694445
病例38,near,WLI,mid_fusion_wide,1,1,0.75,0.18602052219851672,0.027972501608588166,0.8838226912524428,0.1686062282986111
病例38,near,WLI,mid_fusion_wide,1,1,0.8,0.20481560499847606,0.020115818348064616,0.8760913364657934,0.16326904296875
病例38,near,WLI,mid_fusion_wide,1,1,0.85,0.2371228284059738,0.011649564834569406,0.8598091603037027,0.15510389539930555
病例38,near,WLI,mid_fusion_wide,1,1,0.9,0.29408378204476954,0.004842697009719259,0.8252667418872355,0.142333984375
病例38,near,WLI,mid_fusion_wide,1,1,0.95,0.4219580751126012,0.00016932507026990416,0.7325279488429232,0.11579047309027778
病例38,near,NBI,mid_fusion_wide,1,1,0.05,0.0,2.4783921494621626,0.4465888500271551,1.0
病例38,near,NBI,mid_fusion_wide,1,1,0.1,0.058784676354029064,0.12540101906020004,0.9108757191113701,0.306640625
病例38,near,NBI,mid_fusion_wide,1,1,0.15,0.09669277222117381,0.082491979618796,0.9097669335476589,0.2834065755208333
病例38,near,NBI,mid_fusion_wide,1,1,0.2,0.10980845442536327,0.07317418380826571,0.9068015523051426,0.2769571940104167
病例38,near,NBI,mid_fusion_wide,1,1,0.25,0.1151632383468579,0.06772504246084167,0.9063341910998679,0.2738511827256944
病例38,near,NBI,mid_fusion_wide,1,1,0.3,0.11813549726363465,0.06472919418758256,0.9060591371777678,0.2721354166666667
病例38,near,NBI,mid_fusion_wide,1,1,0.35,0.12091904132855255,0.061615399131911684,0.9059438434412229,0.2704399956597222
病例38,near,NBI,mid_fusion_wide,1,1,0.4,0.1233723344027175,0.05807699565955841,0.9062134217702568,0.2687174479166667
病例38,near,NBI,mid_fusion_wide,1,1,0.45,0.12813738441215325,0.05411398377052274,0.905371971681521,0.2662082248263889
病例38,near,NBI,mid_fusion_wide,1,1,0.5,0.23398282694848085,0.02906208718626156,0.8534633428376237,0.22857666015625
病例38,near,NBI,mid_fusion_wide,1,1,0.55,0.25165125495376484,0.024981128514814117,0.844003990687271,0.2223239474826389
病例38,near,NBI,mid_fusion_wide,1,1,0.6,0.2656397433478015,0.02198528024155501,0.8362366530107632,0.2174411349826389
病例38,near,NBI,mid_fusion_wide,1,1,0.65,0.27958105302887337,0.01929609360256652,0.8282033898293855,0.21266004774305555
病例38,near,NBI,mid_fusion_wide,1,1,0.7,0.2948669560294395,0.0164653708246839,0.819160888985203,0.2074517144097222
病例38,near,NBI,mid_fusion_wide,1,1,0.75,0.3127948669560294,0.013776184185695414,0.8080102069107339,0.20152452256944445
病例38,near,NBI,mid_fusion_wide,1,1,0.8,0.334284770711455,0.010450084921683336,0.7943312317034531,0.1943901909722222
病例38,near,NBI,mid_fusion_wide,1,1,0.85,0.3628986601245518,0.006770145310435931,0.7751230502091134,0.18510606553819445
病例38,near,NBI,mid_fusion_wide,1,1,0.9,0.40592564634836764,0.0036799396112474052,0.7436366857604328,0.1718478732638889
病例38,near,NBI,mid_fusion_wide,1,1,0.95,0.514413096810719,0.0010851103981883374,0.6532535740909616,0.13991292317708334
病例39,far,WLI,mid_fusion_wide,1,1,0.05,0.0,8.694037209913878,0.18702010856523632,1.0
病例39,far,WLI,mid_fusion_wide,1,1,0.1,0.23496154099007296,1.8833081322726974,0.4193891341554746,0.273193359375
病例39,far,WLI,mid_fusion_wide,1,1,0.15,0.2880809940174873,1.5966077180987444,0.4303540913237087,0.23813883463541666
病例39,far,WLI,mid_fusion_wide,1,1,0.2,0.3023469857340083,1.5151535073302216,0.4342950685483235,0.2282647026909722
病例39,far,WLI,mid_fusion_wide,1,1,0.25,0.31023601341134704,1.4748537242784827,0.43592247127898304,0.2232937282986111
病例39,far,WLI,mid_fusion_wide,1,1,0.3,0.3175333640128854,1.4566432187232923,0.4348153888030434,0.22066243489583334
病例39,far,WLI,mid_fusion_wide,1,1,0.35,0.32338439287357834,1.4411938728551705,0.4340326831830595,0.21846516927083334
病例39,far,WLI,mid_fusion_wide,1,1,0.4,0.3302215501939386,1.4238380119650254,0.43300677901176654,0.2159695095486111
病例39,far,WLI,mid_fusion_wide,1,1,0.45,0.3386365130497666,1.4011570573926764,0.43190795122696224,0.2127617730034722
病例39,far,WLI,mid_fusion_wide,1,1,0.5,0.40023667083032016,1.0247189533889949,0.4570526790399613,0.1675754123263889
病例39,far,WLI,mid_fusion_wide,1,1,0.55,0.4168036289527316,0.9927683912957728,0.4527984074714728,0.1625705295138889
病例39,far,WLI,mid_fusion_wide,1,1,0.6,0.4317927815396752,0.9658799552955099,0.4484512011610843,0.15825059678819445
病例39,far,WLI,mid_fusion_wide,1,1,0.65,0.4462559989481296,0.9383998422194465,0.4443916851312536,0.1539238823784722
病例39,far,WLI,mid_fusion_wide,1,1,0.7,0.4648609558871869,0.9096048911971599,0.43778739882099177,0.14903428819444445
病例39,far,WLI,mid_fusion_wide,1,1,0.75,0.48662152389717966,0.8764709749523372,0.4296324823931843,0.14337158203125
病例39,far,WLI,mid_fusion_wide,1,1,0.8,0.5114062191834856,0.8357109986194201,0.42042143968202395,0.13661024305555555
病例39,far,WLI,mid_fusion_wide,1,1,0.85,0.5469725856288212,0.7837091578462955,0.4050789172018779,0.12757703993055555
病例39,far,WLI,mid_fusion_wide,1,1,0.9,0.5962132667148774,0.7115245545986457,0.38177523619970855,0.11505126953125
病例39,far,WLI,mid_fusion_wide,1,1,0.95,0.6789165735323122,0.5563079350470055,0.3420527366308014,0.09050835503472222
病例39,far,NBI,mid_fusion_wide,1,1,0.05,0.0,4.705176816528669,0.2982769962260688,1.0
病例39,far,NBI,mid_fusion_wide,1,1,0.1,0.02050607444091929,0.14745028244215738,0.9210339621251868,0.19753011067708334
病例39,far,NBI,mid_fusion_wide,1,1,0.15,0.03938713920916196,0.076723670974232,0.9430085268797254,0.18182373046875
病例39,far,NBI,mid_fusion_wide,1,1,0.2,0.0493306507776832,0.05853903892285073,0.9463123435375577,0.17689344618055555
病例39,far,NBI,mid_fusion_wide,1,1,0.25,0.05571461734891279,0.04635146637777606,0.9487269193373202,0.1736382378472222
病例39,far,NBI,mid_fusion_wide,1,1,0.3,0.058887255281281435,0.041631200185715395,0.949303360260412,0.17225477430555555
病例39,far,NBI,mid_fusion_wide,1,1,0.35,0.06205989321365008,0.037684748123500734,0.9495123575242851,0.17100694444444445
病例39,far,NBI,mid_fusion_wide,1,1,0.4,0.06685754081869535,0.03455080089762439,0.948463338378299,0.16961669921875
病例39,far,NBI,mid_fusion_wide,1,1,0.45,0.07246769326007893,0.03172637932368645,0.9468196449358265,0.16813829210069445
病例39,far,NBI,mid_fusion_wide,1,1,0.5,0.20803992880910005,0.004255977714153061,0.8818093699496353,0.1395602756076389
病例39,far,NBI,mid_fusion_wide,1,1,0.55,0.23245376460574171,0.0025535866284918363,0.8672349726757,0.1349826388888889
病例39,far,NBI,mid_fusion_wide,1,1,0.6,0.2535788903505378,0.0016250096726766231,0.854006197430602,0.13111707899305555
病例39,far,NBI,mid_fusion_wide,1,1,0.65,0.2775284376692718,0.0008511955428306121,0.8384634381786703,0.12678358289930555
病例39,far,NBI,mid_fusion_wide,1,1,0.7,0.3084036214501277,0.0003095256519384044,0.8175352740725433,0.12127685546875
病例39,far,NBI,mid_fusion_wide,1,1,0.75,0.3498800588098739,0.0,0.7879668925395954,0.11395263671875
病例39,far,NBI,mid_fusion_wide,1,1,0.8,0.4011839356186644,0.0,0.7490743653637222,0.10496012369791667
病例39,far,NBI,mid_fusion_wide,1,1,0.85,0.4734581753462818,0.0,0.6898491952840201,0.09229193793402778
病例39,far,NBI,mid_fusion_wide,1,1,0.9,0.5683277876654028,0.0,0.6030321865778369,0.07566324869791667
病例39,far,NBI,mid_fusion_wide,1,1,0.95,0.8049214578658206,0.0,0.32646982646876954,0.03419325086805555
病例39,near,WLI,mid_fusion_wide,1,1,0.05,0.0,3.262473261259178,0.3800494369676572,1.0
病例39,near,WLI,mid_fusion_wide,1,1,0.1,0.08382956582066255,0.03737642365728161,0.9379559343588613,0.22370741102430555
病例39,near,WLI,mid_fusion_wide,1,1,0.15,0.11380586228825808,0.013615077759148985,0.932929612609274,0.21110026041666666
病例39,near,WLI,mid_fusion_wide,1,1,0.2,0.1257154419841591,0.009510319708619992,0.9282163024783203,0.2073432074652778
病例39,near,WLI,mid_fusion_wide,1,1,0.25,0.1313522576169278,0.007920448632710875,0.9257832958487233,0.20564778645833334
病例39,near,WLI,mid_fusion_wide,1,1,0.3,0.13458981326241545,0.0067352720124877145,0.9245116961307427,0.20461018880208334
病例39,near,WLI,mid_fusion_wide,1,1,0.35,0.138636757819275,0.005896976354281089,0.9225958263655294,0.2034640842013889
病例39,near,WLI,mid_fusion_wide,1,1,0.4,0.14303058333815113,0.00543446840492571,0.9202831067223562,0.2023247612847222
病例39,near,WLI,mid_fusion_wide,1,1,0.45,0.14930334740128345,0.004827426721396774,0.9169341018836004,0.2007107204861111
病例39,near,WLI,mid_fusion_wide,1,1,0.5,0.34552234491530326,0.00401803781002486,0.7892425140293701,0.1544867621527778
病例39,near,WLI,mid_fusion_wide,1,1,0.55,0.3696594785222871,0.002746140949297566,0.7719621205402745,0.1485256618923611
病例39,near,WLI,mid_fusion_wide,1,1,0.6,0.3916286061166676,5.781349366942244e-05,0.756478918800984,0.14274088541666666
病例39,near,WLI,mid_fusion_wide,1,1,0.65,0.41793374573625486,0.0,0.7358304403421599,0.13655598958333334
病例39,near,WLI,mid_fusion_wide,1,1,0.7,0.46508064982366887,0.0,0.6969999435004482,0.1254950629340278
病例39,near,WLI,mid_fusion_wide,1,1,0.75,0.5062727640631324,0.0,0.6610674613912972,0.11583116319444445
病例39,near,WLI,mid_fusion_wide,1,1,0.8,0.5483898942013066,0.0,0.6222195670776386,0.10595024956597222
病例39,near,WLI,mid_fusion_wide,1,1,0.85,0.5901601433774643,0.0,0.5813991634532489,0.09615071614583333
病例39,near,WLI,mid_fusion_wide,1,1,0.9,0.6351968549459444,0.0,0.534587198711114,0.08558485243055555
病例39,near,WLI,mid_fusion_wide,1,1,0.95,0.7350696652598716,0.0,0.4188852578888483,0.062154134114583336
病例39,near,NBI,mid_fusion_wide,1,1,0.05,0.0,4.132296126135533,0.3261421103711817,1.0
病例39,near,NBI,mid_fusion_wide,1,1,0.1,0.00897984755142529,0.8473077860151056,0.6983126502174201,0.3581882052951389
病例39,near,NBI,mid_fusion_wide,1,1,0.15,0.02606940238766489,0.6397967352337197,0.7452426925883944,0.3144259982638889
病例39,near,NBI,mid_fusion_wide,1,1,0.2,0.031464272040652955,0.5985868922070238,0.7545691197994,0.3053453233506944
病例39,near,NBI,mid_fusion_wide,1,1,0.25,0.03344819184852598,0.5789217221816156,0.7594278994711633,0.3011271158854167
病例39,near,NBI,mid_fusion_wide,1,1,0.3,0.034631582611116915,0.5675750931050085,0.7622502542106215,0.2986857096354167
病例39,near,NBI,mid_fusion_wide,1,1,0.35,0.03588458459503672,0.5588040792175699,0.7642855172022677,0.2967325846354167
病例39,near,NBI,mid_fusion_wide,1,1,0.4,0.037242003410949846,0.5490585082315269,0.766583064280396,0.2945692274305556
病例39,near,NBI,mid_fusion_wide,1,1,0.45,0.03950436810413839,0.5383035745362152,0.768765757106168,0.2920328776041667
病例39,near,NBI,mid_fusion_wide,1,1,0.5,0.06623507709442762,0.42946642998851414,0.7902441898129691,0.2656182183159722
病例39,near,NBI,mid_fusion_wide,1,1,0.55,0.07246528140336223,0.40927917580313944,0.7938456038952116,0.2604709201388889
病例39,near,NBI,mid_fusion_wide,1,1,0.6,0.08196721311475409,0.39229403779889316,0.7947211425460322,0.25531005859375
病例39,near,NBI,mid_fusion_wide,1,1,0.65,0.08934600257561519,0.3762834568932512,0.7963960673290166,0.2507527669270833
病例39,near,NBI,mid_fusion_wide,1,1,0.7,0.09735129302843619,0.35919390205701157,0.7981534200187764,0.24586317274305555
病例39,near,NBI,mid_fusion_wide,1,1,0.75,0.10800180989175455,0.34019003863422786,0.7992141331283439,0.2400851779513889
病例39,near,NBI,mid_fusion_wide,1,1,0.8,0.12481291984267864,0.3185757544116112,0.7978866870792843,0.2325981987847222
病例39,near,NBI,mid_fusion_wide,1,1,0.85,0.14921165291845045,0.290661654658731,0.7945909046569019,0.2224053276909722
病例39,near,NBI,mid_fusion_wide,1,1,0.9,0.1966865058647454,0.25025234067731716,0.7823596210220465,0.20528157552083334
病例39,near,NBI,mid_fusion_wide,1,1,0.95,0.34600257561518916,0.17956214541784135,0.7133637053896861,0.16241455078125
病例42,far,WLI,mid_fusion_wide,1,1,0.05,0.0,25.998899688245004,0.07143137845657434,0.9984334309895834
病例42,far,WLI,mid_fusion_wide,1,1,0.1,0.024573629194938565,0.8408215661103979,0.6927134205854482,0.0671657986111111
病例42,far,WLI,mid_fusion_wide,1,1,0.15,0.049330643682376676,0.7080506143407299,0.7151331218049721,0.06134033203125
病例42,far,WLI,mid_fusion_wide,1,1,0.2,0.05354850540986613,0.671190170548322,0.7231329690295423,0.059821234809027776
病例42,far,WLI,mid_fusion_wide,1,1,0.25,0.05538235833486154,0.6501008619108748,0.7281079934926277,0.05897352430555555
病例42,far,WLI,mid_fusion_wide,1,1,0.3,0.05666605538235833,0.6323124885384193,0.7325026699841046,0.058268229166666664
病例42,far,WLI,mid_fusion_wide,1,1,0.35,0.05849990830735375,0.615624426920961,0.736374067694088,0.05758327907986111
病例42,far,WLI,mid_fusion_wide,1,1,0.4,0.06015037593984962,0.5972858976710068,0.7408745934171241,0.056844075520833336
病例42,far,WLI,mid_fusion_wide,1,1,0.45,0.06326792591234183,0.5800476801760499,0.7443893908427252,0.05609130859375
病例42,far,WLI,mid_fusion_wide,1,1,0.5,0.07427104346231432,0.5409866128736476,0.7505761653352867,0.054239908854166664
病例42,far,WLI,mid_fusion_wide,1,1,0.55,0.07757197872730608,0.5151292866312122,0.7568462232865117,0.05316162109375
病例42,far,WLI,mid_fusion_wide,1,1,0.6,0.08087291399229782,0.49293966623876767,0.7621075039856906,0.05221896701388889
病例42,far,WLI,mid_fusion_wide,1,1,0.65,0.08417384925728956,0.4709334311388227,0.7674222051420098,0.05128309461805555
病例42,far,WLI,mid_fusion_wide,1,1,0.7,0.08839171098477902,0.44489271960388777,0.7736964980484536,0.050164116753472224
病例42,far,WLI,mid_fusion_wide,1,1,0.75,0.09297634329726756,0.41426737575646433,0.7814820666710264,0.04886203342013889
病例42,far,WLI,mid_fusion_wide,1,1,0.8,0.09976159911975059,0.38180817898404545,0.7889746062295967,0.04741075303819445
病例42,far,WLI,mid_fusion_wide,1,1,0.85,0.11058133137722355,0.33926279112415186,0.7981568336970447,0.04543728298611111
病例42,far,WLI,mid_fusion_wide,1,1,0.9,0.12745277828718138,0.2811296534017972,0.8102861035353347,0.04266357421875
病例42,far,WLI,mid_fusion_wide,1,1,0.95,0.174399413167064,0.17458279845956354,0.8255248922634498,0.0369873046875
病例42,far,NBI,mid_fusion_wide,1,1,0.05,0.0,8.277022775890273,0.19460889049411692,0.9999525282118056
病例42,far,NBI,mid_fusion_wide,1,1,0.1,0.028312570781426953,0.2984144960362401,0.8560738338714113,0.13690185546875
病例42,far,NBI,mid_fusion_wide,1,1,0.15,0.05725430980244117,0.18824713728450987,0.8847948036584447,0.12190755208333333
病例42,far,NBI,mid_fusion_wide,1,1,0.2,0.06719516798791997,0.16635208254687303,0.8887423570288672,0.11847601996527778
病例42,far,NBI,mid_fusion_wide,1,1,0.25,0.07078142695356739,0.1525732980999119,0.8927103481597778,0.1166042751736111
病例42,far,NBI,mid_fusion_wide,1,1,0.3,0.07354976720775135,0.1465961998238329,0.893805578315294,0.11566162109375
病例42,far,NBI,mid_fusion_wide,1,1,0.35,0.07518560463067825,0.13986409966024915,0.8958434909772798,0.11475965711805555
病例42,far,NBI,mid_fusion_wide,1,1,0.4,0.07789102806090349,0.13294324902478924,0.8974068517867391,0.11372205946180555
病例42,far,NBI,mid_fusion_wide,1,1,0.45,0.08040770101925254,0.12394614319869134,0.899999999997229,0.11248101128472222
病例42,far,NBI,mid_fusion_wide,1,1,0.5,0.15024537561343904,0.09085189379640116,0.8757618985835957,0.10138617621527778
病例42,far,NBI,mid_fusion_wide,1,1,0.55,0.16169623757392726,0.08493771234428087,0.871761319023581,0.0995144314236111
病例42,far,NBI,mid_fusion_wide,1,1,0.6,0.17270668176670442,0.08040770101925254,0.8673196794272374,0.09783935546875
病例42,far,NBI,mid_fusion_wide,1,1,0.65,0.18742921857304642,0.0746193532150497,0.8611435239177825,0.09562852647569445
病例42,far,NBI,mid_fusion_wide,1,1,0.7,0.20403926009815024,0.06562224738895181,0.8551439772851995,0.0928683810763889
病例42,far,NBI,mid_fusion_wide,1,1,0.75,0.22178180445451115,0.0532905498930414,0.8498110614879772,0.0896267361111111
病例42,far,NBI,mid_fusion_wide,1,1,0.8,0.2458789480307034,0.03523342141688687,0.8428973277044904,0.0850830078125
病例42,far,NBI,mid_fusion_wide,1,1,0.85,0.27324776645274945,0.014848370454259468,0.8345796755867397,0.07993570963541667
病例42,far,NBI,mid_fusion_wide,1,1,0.9,0.3138920347300868,0.002579589782307789,0.8125931445573301,0.07423231336805555
病例42,far,NBI,mid_fusion_wide,1,1,0.95,0.4159431231911413,0.0,0.73741907296049,0.0629543728298611
病例42,near,WLI,mid_fusion_wide,1,1,0.05,0.0,4.6867767319858045,0.2990977686501724,0.9997829861111112
病例42,near,WLI,mid_fusion_wide,1,1,0.1,0.0028544977626909426,0.17636167258139177,0.9175451673571903,0.20631239149305555
病例42,near,WLI,mid_fusion_wide,1,1,0.15,0.006287609936738158,0.1230905724425243,0.9388803848659908,0.1963433159722222
病例42,near,WLI,mid_fusion_wide,1,1,0.2,0.007869155994445301,0.10816232062953247,0.9447546282674391,0.19344075520833334
病例42,near,WLI,mid_fusion_wide,1,1,0.25,0.008679216170344083,0.09983027310600216,0.9481101621424654,0.19183349609375
病例42,near,WLI,mid_fusion_wide,1,1,0.3,0.009334979169881191,0.09265545440518438,0.9510442897330932,0.1904568142361111
病例42,near,WLI,mid_fusion_wide,1,1,0.35,0.0099907421694183,0.08636784446844623,0.95359292561315,0.1892361111111111
病例42,near,WLI,mid_fusion_wide,1,1,0.4,0.010685079463045826,0.08089029470760685,0.9557650741578673,0.18815104166666666
病例42,near,WLI,mid_fusion_wide,1,1,0.45,0.011495139638944607,0.07491127912359204,0.9581245793745642,0.1869574652777778
病例42,near,WLI,mid_fusion_wide,1,1,0.5,0.02704058015738312,0.061680296250578616,0.9563947977079658,0.18189832899305555
病例42,near,WLI,mid_fusion_wide,1,1,0.55,0.03174664403641413,0.05465977472612251,0.9572861446913594,0.1798366970486111
病例42,near,WLI,mid_fusion_wide,1,1,0.6,0.036645579385897235,0.05045517667026694,0.9567482664809471,0.17823621961805555
病例42,near,WLI,mid_fusion_wide,1,1,0.65,0.042470297793550375,0.04524764696806048,0.9562018489966174,0.1762966579861111
病例42,near,WLI,mid_fusion_wide,1,1,0.7,0.0503780280820861,0.039808671501311524,0.954667080309934,0.1739501953125
病例42,near,WLI,mid_fusion_wide,1,1,0.75,0.060793087486498996,0.03433112174047215,0.9518001641824952,0.17115614149305555
病例42,near,WLI,mid_fusion_wide,1,1,0.8,0.07753433112174048,0.028544977626909426,0.9456285341434109,0.16719563802083334
病例42,near,WLI,mid_fusion_wide,1,1,0.85,0.10098750192871471,0.02310600216016047,0.9354392020692058,0.1621161566840278
病例42,near,WLI,mid_fusion_wide,1,1,0.9,0.1396389446073137,0.01724270945841691,0.91644581407105,0.1542900933159722
病例42,near,WLI,mid_fusion_wide,1,1,0.95,0.2364218484801728,0.007521987347631538,0.8622642331296287,0.1355658637152778
病例42,near,NBI,mid_fusion_wide,1,1,0.05,0.0,1.6546646023115976,0.547245839942194,1.0
病例42,near,NBI,mid_fusion_wide,1,1,0.1,0.0009901703092931983,0.18233536168220935,0.9159575785078893,0.44500732421875
病例42,near,NBI,mid_fusion_wide,1,1,0.15,0.004032693623303208,0.0399128650127822,0.978414466992989,0.3902113172743056
病例42,near,NBI,mid_fusion_wide,1,1,0.2,0.004914845353400785,0.03305368523386022,0.9812791265359005,0.3872951931423611
病例42,near,NBI,mid_fusion_wide,1,1,0.25,0.005490944442444101,0.02909300399668743,0.9829097088147265,0.3855862087673611
病例42,near,NBI,mid_fusion_wide,1,1,0.3,0.0058870125661613796,0.024718251539264754,0.9848401077235327,0.3837890625
病例42,near,NBI,mid_fusion_wide,1,1,0.35,0.00633708997947647,0.022125805638569834,0.9858800203618985,0.3826429578993056
病例42,near,NBI,mid_fusion_wide,1,1,0.4,0.006733158103193749,0.019587369027472726,0.986923778687202,0.3815375434027778
病例42,near,NBI,mid_fusion_wide,1,1,0.45,0.0072372448061066505,0.01636481474813668,0.9882525829075635,0.3801337348090278
病例42,near,NBI,mid_fusion_wide,1,1,0.5,0.014132430778093832,0.01002772476866021,0.9878950786540375,0.3751491970486111
病例42,near,NBI,mid_fusion_wide,1,1,0.55,0.016742879775321354,0.007615309833291326,0.9877650675941694,0.3732571072048611
病例42,near,NBI,mid_fusion_wide,1,1,0.6,0.01991142476505959,0.005923018759226587,0.986991796219021,0.3714260525173611
病例42,near,NBI,mid_fusion_wide,1,1,0.65,0.023926115291830193,0.0045547834227487125,0.9856202734138801,0.3693983289930556
病例42,near,NBI,mid_fusion_wide,1,1,0.7,0.03312569761999064,0.0030965326036078203,0.9816128088892916,0.3653835720486111
病例42,near,NBI,mid_fusion_wide,1,1,0.75,0.05577359305800598,0.0020883591977820183,0.970271020256248,0.3564724392361111
病例42,near,NBI,mid_fusion_wide,1,1,0.8,0.08810715443056205,0.0011521981780866308,0.953341740226089,0.3439398871527778
病例42,near,NBI,mid_fusion_wide,1,1,0.85,0.15353040723004358,0.000504086702912901,0.9166016843409656,0.3190511067708333
病例42,near,NBI,mid_fusion_wide,1,1,0.9,0.25258344435242863,3.6006193065207214e-05,0.8554355888889233,0.2815619574652778
病例42,near,NBI,mid_fusion_wide,1,1,0.95,0.5114139632016707,0.0,0.6564431275314067,0.1840481228298611
病例52,far,WLI,mid_fusion_wide,1,1,0.05,0.0,2.6806949228695522,0.42728698044964897,1.0
病例52,far,WLI,mid_fusion_wide,1,1,0.1,0.00731366382107733,0.3256202885527433,0.8563891640457638,0.3581678602430556
病例52,far,WLI,mid_fusion_wide,1,1,0.15,0.01195646747541311,0.21267036094054215,0.8979300175796542,0.3262193467881944
病例52,far,WLI,mid_fusion_wide,1,1,0.2,0.013154610353951376,0.19335030702411263,0.9052814764767579,0.3206448025173611
病例52,far,WLI,mid_fusion_wide,1,1,0.25,0.013878488343068244,0.18194298836802955,0.9096791277606759,0.3173489040798611
病例52,far,WLI,mid_fusion_wide,1,1,0.3,0.014352753232489641,0.17647646148469873,0.9117399184925804,0.31573486328125
病例52,far,WLI,mid_fusion_wide,1,1,0.35,0.014876940741850132,0.17120962508112425,0.9137022931680534,0.3141615125868056
病例52,far,WLI,mid_fusion_wide,1,1,0.4,0.01542608956118017,0.1667914732165144,0.9153014340732871,0.3128119574652778
病例52,far,WLI,mid_fusion_wide,1,1,0.45,0.016674155059657532,0.16214866956217863,0.9166511541314726,0.3112114800347222
病例52,far,WLI,mid_fusion_wide,1,1,0.5,0.026209375468024564,0.13980829713943388,0.9214526129307098,0.30255126953125
病例52,far,WLI,mid_fusion_wide,1,1,0.55,0.03234985772053317,0.13486595776546353,0.9204687110435344,0.2995402018229167
病例52,far,WLI,mid_fusion_wide,1,1,0.6,0.03601917028605661,0.1327941690379911,0.919489053700647,0.2979804144965278
病例52,far,WLI,mid_fusion_wide,1,1,0.65,0.04737656632220059,0.12957416005191952,0.9150173226070045,0.2940199110243056
病例52,far,WLI,mid_fusion_wide,1,1,0.7,0.06759522739753382,0.11911537117467924,0.9089891468329817,0.2856852213541667
病例52,far,WLI,mid_fusion_wide,1,1,0.75,0.09253157605711147,0.1048624631820678,0.9019077625333028,0.2750379774305556
病例52,far,WLI,mid_fusion_wide,1,1,0.8,0.11811691877589736,0.09585143028306126,0.8918113893365158,0.2656385633680556
病例52,far,WLI,mid_fusion_wide,1,1,0.85,0.15408616644201487,0.08119914133093704,0.8779078804195665,0.2518853081597222
病例52,far,WLI,mid_fusion_wide,1,1,0.9,0.20840197693574958,0.05451550097349109,0.8575832555863957,0.22987874348958334
病例52,far,WLI,mid_fusion_wide,1,1,0.95,0.3647596225849933,0.0034945833957366083,0.7752814123154631,0.17353651258680555
病例52,far,NBI,mid_fusion_wide,1,1,0.05,0.0,10.580381685384435,0.1589776884370925,0.9999796549479166
病例52,far,NBI,mid_fusion_wide,1,1,0.1,0.417262231995602,0.10036911961046101,0.692454855113189,0.05898708767361111
病例52,far,NBI,mid_fusion_wide,1,1,0.15,0.4520537186837352,0.036048064085447265,0.69185383509003,0.05042860243055555
病例52,far,NBI,mid_fusion_wide,1,1,0.2,0.4605356161156051,0.030393465797533967,0.6872780028981575,0.04920789930555555
病例52,far,NBI,mid_fusion_wide,1,1,0.25,0.46422681222021517,0.025053011858949186,0.6865251081780893,0.04842800564236111
病例52,far,NBI,mid_fusion_wide,1,1,0.3,0.46768240006282885,0.021361815754339118,0.6852347975499912,0.047810872395833336
病例52,far,NBI,mid_fusion_wide,1,1,0.35,0.470823843556114,0.018927197047043116,0.6836444805160123,0.04732937282986111
病例52,far,NBI,mid_fusion_wide,1,1,0.4,0.47333699835074217,0.0167281866017435,0.682475066147555,0.04692247178819445
病例52,far,NBI,mid_fusion_wide,1,1,0.45,0.47765648315400927,0.014372103981779627,0.6798180610176326,0.046346028645833336
病例52,far,NBI,mid_fusion_wide,1,1,0.5,0.49179297887379253,0.011623340925155108,0.6687680859824888,0.04488796657986111
病例52,far,NBI,mid_fusion_wide,1,1,0.55,0.4984685462970235,0.009581402654519752,0.6637908632572954,0.044135199652777776
病例52,far,NBI,mid_fusion_wide,1,1,0.6,0.5047514332835938,0.006911175685227362,0.6593820254056602,0.04336208767361111
病例52,far,NBI,mid_fusion_wide,1,1,0.65,0.5105631037461714,0.0053404539385847796,0.6548626070474709,0.042724609375
病例52,far,NBI,mid_fusion_wide,1,1,0.7,0.5186523207413807,0.00447655697793136,0.6479200803390881,0.041951497395833336
病例52,far,NBI,mid_fusion_wide,1,1,0.75,0.5287834760072253,0.003298515667949423,0.6391478029260231,0.040974934895833336
病例52,far,NBI,mid_fusion_wide,1,1,0.8,0.5411136417183696,0.0011780413099819367,0.6285837233035954,0.039727105034722224
病例52,far,NBI,mid_fusion_wide,1,1,0.85,0.558391580931438,0.0,0.6126607103910837,0.03813340928819445
病例52,far,NBI,mid_fusion_wide,1,1,0.9,0.5890206549909683,0.0,0.5825448068541548,0.03548855251736111
病例52,far,NBI,mid_fusion_wide,1,1,0.95,0.6549124322626246,0.0,0.5131079581916674,0.029798719618055556
病例52,near,WLI,mid_fusion_wide,1,1,0.05,0.0,7.106877783275606,0.21961423526202445,1.0
病例52,near,WLI,mid_fusion_wide,1,1,0.1,0.04244323492220573,0.24272912199681126,0.8703930436499078,0.14805772569444445
病例52,near,WLI,mid_fusion_wide,1,1,0.15,0.07235142118863049,0.20221012699983507,0.871089313368944,0.1393703884548611
病例52,near,WLI,mid_fusion_wide,1,1,0.2,0.08054318544175051,0.19027983946341195,0.8716318340520361,0.13688829210069445
病例52,near,WLI,mid_fusion_wide,1,1,0.25,0.0851063829787234,0.18489196767276925,0.8714162281023449,0.13566080729166666
病例52,near,WLI,mid_fusion_wide,1,1,0.3,0.08857001484413657,0.1801638352850624,0.8715171906190949,0.1346503363715278
病例52,near,WLI,mid_fusion_wide,1,1,0.35,0.09175875529165979,0.17532574633019957,0.8718138160302079,0.1336602105034722
病例52,near,WLI,mid_fusion_wide,1,1,0.4,0.09615701797789873,0.1702127659574468,0.8715705765384452,0.13248697916666666
病例52,near,WLI,mid_fusion_wide,1,1,0.45,0.10192973775358734,0.16476991588322612,0.8707124010530883,0.131103515625
病例52,near,WLI,mid_fusion_wide,1,1,0.5,0.14189894991478366,0.156962999615152,0.8516861289947296,0.1252102322048611
病例52,near,WLI,mid_fusion_wide,1,1,0.55,0.15141019297377536,0.15338941118258287,0.847750865049575,0.12359619140625
病例52,near,WLI,mid_fusion_wide,1,1,0.6,0.15905217439111552,0.15075045357083952,0.8444530322664188,0.12232801649305555
病例52,near,WLI,mid_fusion_wide,1,1,0.65,0.16834350431579526,0.14811149595909615,0.8401555123553452,0.12085639105902778
病例52,near,WLI,mid_fusion_wide,1,1,0.7,0.1785144867777228,0.14470284237726097,0.8356122249228655,0.11918131510416667
病例52,near,WLI,mid_fusion_wide,1,1,0.75,0.19104953543350375,0.14107427566111386,0.8296822577438617,0.1171875
病例52,near,WLI,mid_fusion_wide,1,1,0.8,0.2090824124470834,0.13618120842267303,0.8208376126873763,0.11435953776041667
病例52,near,WLI,mid_fusion_wide,1,1,0.85,0.2334377920721315,0.13233272857221398,0.8073771678369166,0.11088053385416667
病例52,near,WLI,mid_fusion_wide,1,1,0.9,0.27819011490461265,0.12452581230413987,0.7818836911509338,0.1043972439236111
病例52,near,WLI,mid_fusion_wide,1,1,0.95,0.3722029798229699,0.10671284842487218,0.7238898221790742,0.0906032986111111
病例52,near,NBI,mid_fusion_wide,1,1,0.05,0.0,2.219211876432704,0.4740221772626272,1.0
病例52,near,NBI,mid_fusion_wide,1,1,0.1,0.00030564348870210675,0.30704071607903066,0.8667613098610006,0.4059176974826389
病例52,near,NBI,mid_fusion_wide,1,1,0.15,0.0015063857657460977,0.13472328348433577,0.9361388570483297,0.3520168728298611
病例52,near,NBI,mid_fusion_wide,1,1,0.2,0.0024888112651457266,0.12441873157952188,0.9401923967272594,0.3485107421875
病例52,near,NBI,mid_fusion_wide,1,1,0.25,0.002990939853727759,0.11813120838336426,0.9427356426231961,0.3464016384548611
病例52,near,NBI,mid_fusion_wide,1,1,0.3,0.0034057417312520467,0.11374304115271258,0.9444881238093349,0.34490966796875
病例52,near,NBI,mid_fusion_wide,1,1,0.35,0.003755048575483026,0.11005348761052287,0.9459675162460784,0.3436550564236111
病例52,near,NBI,mid_fusion_wide,1,1,0.4,0.004300840519593931,0.10627660735727541,0.9473935667463493,0.3423122829861111
病例52,near,NBI,mid_fusion_wide,1,1,0.45,0.0051741076301713785,0.10230324200414802,0.9487502472428937,0.3408067491319444
病例52,near,NBI,mid_fusion_wide,1,1,0.5,0.02043445038751228,0.07381290252155878,0.9541013236925692,0.3272162543402778
病例52,near,NBI,mid_fusion_wide,1,1,0.55,0.02790088418294946,0.06636830040388604,0.953754872980172,0.3225843641493056
病例52,near,NBI,mid_fusion_wide,1,1,0.6,0.03794345595459011,0.06193646981770549,0.950652040253966,0.3180881076388889
病例52,near,NBI,mid_fusion_wide,1,1,0.65,0.048509987992577226,0.05746097587599607,0.9472505976951237,0.31341552734375
病例52,near,NBI,mid_fusion_wide,1,1,0.7,0.06226394498417203,0.052592511734526795,0.9422927155649058,0.3076307508680556
病例52,near,NBI,mid_fusion_wide,1,1,0.75,0.07920532692937453,0.047047265582360005,0.9358421070138391,0.3006456163194444
病例52,near,NBI,mid_fusion_wide,1,1,0.8,0.1031328457591966,0.039908306953389365,0.9261446896758954,0.2909952799479167
病例52,near,NBI,mid_fusion_wide,1,1,0.85,0.13472328348433577,0.030979150747734965,0.9126159939200619,0.2784084743923611
病例52,near,NBI,mid_fusion_wide,1,1,0.9,0.1832987665102063,0.019932321798930248,0.8893458699336844,0.2598876953125
病例52,near,NBI,mid_fusion_wide,1,1,0.95,0.30848160681148346,0.006069206418513263,0.8147071683932011,0.21669514973958334
病例54,far,WLI,mid_fusion_wide,1,1,0.05,0.0,7.469615163699023,0.21120182451189984,1.0
病例54,far,WLI,mid_fusion_wide,1,1,0.1,0.28753589890867315,0.3376794945433659,0.6950382427907572,0.1239895290798611
病例54,far,WLI,mid_fusion_wide,1,1,0.15,0.33457782883400344,0.27564618035611715,0.6856246670986399,0.1111111111111111
病例54,far,WLI,mid_fusion_wide,1,1,0.2,0.344744399770247,0.2577828834003446,0.6850417342200052,0.10780164930555555
病例54,far,WLI,mid_fusion_wide,1,1,0.25,0.35002871912693856,0.24910970706490523,0.6845113873493497,0.10615370008680555
病例54,far,WLI,mid_fusion_wide,1,1,0.3,0.35473865594485926,0.24388282596209077,0.6831255700800148,0.10498046875
病例54,far,WLI,mid_fusion_wide,1,1,0.35,0.358759333716255,0.23974727168294083,0.6818126297768358,0.10401746961805555
病例54,far,WLI,mid_fusion_wide,1,1,0.4,0.36255025847214245,0.23509477311889718,0.6808380111018655,0.10302056206597222
病例54,far,WLI,mid_fusion_wide,1,1,0.45,0.3684663986214819,0.2289488799540494,0.678892284891856,0.1015964084201389
病例54,far,WLI,mid_fusion_wide,1,1,0.5,0.38759333716255023,0.14595060310166572,0.6965668180162135,0.08953857421875
病例54,far,WLI,mid_fusion_wide,1,1,0.55,0.3942561746122918,0.12940838598506604,0.69820252242478,0.08679877387152778
病例54,far,WLI,mid_fusion_wide,1,1,0.6,0.4018954623779437,0.11430212521539346,0.6985543219377501,0.08411322699652778
病例54,far,WLI,mid_fusion_wide,1,1,0.65,0.4086157380815623,0.10005743825387708,0.699266503665107,0.0816379123263889
病例54,far,WLI,mid_fusion_wide,1,1,0.7,0.416771970132108,0.08535324526134405,0.6990705679838242,0.07893880208333333
病例54,far,WLI,mid_fusion_wide,1,1,0.75,0.42665134979896613,0.07053417576105686,0.6975541579290792,0.0760226779513889
病例54,far,WLI,mid_fusion_wide,1,1,0.8,0.4393452039058013,0.055600229753015505,0.693770212158592,0.07276068793402778
病例54,far,WLI,mid_fusion_wide,1,1,0.85,0.45674899483055714,0.039862148190695,0.68630723459587,0.06884765625
病例54,far,WLI,mid_fusion_wide,1,1,0.9,0.48581275129236073,0.020735209649626652,0.6699846574087116,0.06315782335069445
病例54,far,WLI,mid_fusion_wide,1,1,0.95,0.5588742102240092,0.0018380241240666284,0.6114162885096274,0.052300347222222224
病例54,far,NBI,mid_fusion_wide,1,1,0.05,0.0,7.413922967189729,0.21245128167814542,0.9999864366319444
病例54,far,NBI,mid_fusion_wide,1,1,0.1,0.1218830242510699,0.2956348074179743,0.8079275495450639,0.1394992404513889
病例54,far,NBI,mid_fusion_wide,1,1,0.15,0.21728958630527817,0.1487589158345221,0.8104818458423868,0.11070421006944445
病例54,far,NBI,mid_fusion_wide,1,1,0.2,0.2587731811697575,0.12108416547788874,0.7960290467849495,0.10248480902777778
病例54,far,NBI,mid_fusion_wide,1,1,0.25,0.2850213980028531,0.10818830242510699,0.7843259991837992,0.09783257378472222
病例54,far,NBI,mid_fusion_wide,1,1,0.3,0.294037089871612,0.10236804564907276,0.7807894985933521,0.0960693359375
病例54,far,NBI,mid_fusion_wide,1,1,0.35,0.30002853067047075,0.09917261055634807,0.7781160799214142,0.09497748480902778
病例54,far,NBI,mid_fusion_wide,1,1,0.4,0.30756062767475034,0.09409415121255349,0.7751764668281479,0.0934787326388889
病例54,far,NBI,mid_fusion_wide,1,1,0.45,0.31417974322396575,0.08907275320970043,0.7728018003511564,0.09209526909722222
病例54,far,NBI,mid_fusion_wide,1,1,0.5,0.5730099857346648,0.0025677603423680455,0.5973735680333797,0.05105251736111111
病例54,far,NBI,mid_fusion_wide,1,1,0.55,0.5935520684736091,0.0013124108416547788,0.577439098534403,0.0484619140625
病例54,far,NBI,mid_fusion_wide,1,1,0.6,0.6124964336661911,0.0003994293865905849,0.558401512968966,0.046101888020833336
病例54,far,NBI,mid_fusion_wide,1,1,0.65,0.6324679029957204,0.0,0.5375114745867583,0.043680826822916664
病例54,far,NBI,mid_fusion_wide,1,1,0.7,0.6551783166904422,0.0,0.5128139850623183,0.04098171657986111
病例54,far,NBI,mid_fusion_wide,1,1,0.75,0.6814265335235378,0.0,0.4832092781699705,0.037862141927083336
病例54,far,NBI,mid_fusion_wide,1,1,0.8,0.7143509272467903,0.0,0.4443655408084667,0.03394911024305555
病例54,far,NBI,mid_fusion_wide,1,1,0.85,0.7562339514978602,0.0,0.3919805477800065,0.028971354166666668
病例54,far,NBI,mid_fusion_wide,1,1,0.9,0.8153495007132667,0.0,0.31173835556903934,0.021945529513888888
病例54,far,NBI,mid_fusion_wide,1,1,0.95,0.9136661911554922,0.0,0.1589452673591819,0.010260687934027778
病例54,near,WLI,mid_fusion_wide,1,1,0.05,0.0,6.90606401801512,0.22456609293995763,1.0
病例54,near,WLI,mid_fusion_wide,1,1,0.1,0.30641788644040535,0.21741461583829286,0.7258851916258182,0.11522759331597222
病例54,near,WLI,mid_fusion_wide,1,1,0.15,0.37241970939895985,0.14245884939145353,0.7091145912194919,0.09739854600694445
病例54,near,WLI,mid_fusion_wide,1,1,0.2,0.3953675406144443,0.1262666881132379,0.698633955949885,0.09244791666666667
病例54,near,WLI,mid_fusion_wide,1,1,0.25,0.4058763605168624,0.11752721033724733,0.6942112517206671,0.09001329210069445
病例54,near,WLI,mid_fusion_wide,1,1,0.3,0.4110235376119243,0.1132378960913624,0.6920120952479147,0.08881971571180555
病例54,near,WLI,mid_fusion_wide,1,1,0.35,0.41574178328239775,0.10980644469465445,0.6897708570683322,0.08778889973958333
病例54,near,WLI,mid_fusion_wide,1,1,0.4,0.42046002895287116,0.10562436330491663,0.6878141902618905,0.08666314019097222
病例54,near,WLI,mid_fusion_wide,1,1,0.45,0.4272693153182135,0.10122781620288457,0.6842830146353919,0.08524576822916667
病例54,near,WLI,mid_fusion_wide,1,1,0.5,0.5884402981073401,0.060854645863492575,0.559027019151704,0.05975341796875
病例54,near,WLI,mid_fusion_wide,1,1,0.55,0.6060801029435419,0.0554930030561364,0.5435578737078993,0.056844075520833336
病例54,near,WLI,mid_fusion_wide,1,1,0.6,0.6202884563830358,0.051096455954104336,0.5307651952314668,0.05449083116319445
病例54,near,WLI,mid_fusion_wide,1,1,0.65,0.6344431933944561,0.04648544313977803,0.5177703523674143,0.052117241753472224
病例54,near,WLI,mid_fusion_wide,1,1,0.7,0.6493485603989062,0.04048040319553911,0.5041239497398284,0.04947238498263889
病例54,near,WLI,mid_fusion_wide,1,1,0.75,0.6663985845262989,0.03426089753900595,0.4877704609576365,0.046529134114583336
病例54,near,WLI,mid_fusion_wide,1,1,0.8,0.6870945257626937,0.026057584043751005,0.46738477555573066,0.04287380642361111
病例54,near,WLI,mid_fusion_wide,1,1,0.85,0.7144925205082837,0.010937751327006594,0.44044665012224793,0.037495930989583336
病例54,near,WLI,mid_fusion_wide,1,1,0.9,0.7555627044126321,5.361642807356174e-05,0.3928309853069974,0.030924479166666668
病例54,near,WLI,mid_fusion_wide,1,1,0.95,0.8418851536110664,0.0,0.2730555555542914,0.019999186197916668
病例54,near,NBI,mid_fusion_wide,1,1,0.05,0.0,1.1105544900237598,0.6429721795305385,1.0
病例54,near,NBI,mid_fusion_wide,1,1,0.1,0.005696619242550024,0.27097586809034435,0.8778638494680614,0.5995008680555556
病例54,near,NBI,mid_fusion_wide,1,1,0.15,0.026035553774368076,0.13205278676323248,0.9249349254780004,0.5240410698784722
病例54,near,NBI,mid_fusion_wide,1,1,0.2,0.039361062605559216,0.11065468181948301,0.9275738876252115,0.5075887044270834
病例54,near,NBI,mid_fusion_wide,1,1,0.25,0.04969513067872785,0.09545415509689978,0.9290486885090297,0.4954901801215278
病例54,near,NBI,mid_fusion_wide,1,1,0.3,0.052285804253857385,0.09020124237826697,0.9300819631826367,0.4917738172743056
病例54,near,NBI,mid_fusion_wide,1,1,0.35,0.054032004122176736,0.08615063120831305,0.931016509831992,0.4890272352430556
病例54,near,NBI,mid_fusion_wide,1,1,0.4,0.05576389087682134,0.08126985944522372,0.9323459163044417,0.4858940972222222
病例54,near,NBI,mid_fusion_wide,1,1,0.45,0.057782039904960926,0.0766324106146051,0.9334203007458873,0.4827406141493056
病例54,near,NBI,mid_fusion_wide,1,1,0.5,0.20985887269916698,0.006598345404059199,0.8795277660491198,0.37750244140625
病例54,near,NBI,mid_fusion_wide,1,1,0.55,0.2229124323705379,0.004809206194715599,0.872202676433505,0.3704698350694444
病例54,near,NBI,mid_fusion_wide,1,1,0.6,0.2361377494060058,0.003506712850313457,0.8644060933431074,0.36358642578125
病例54,near,NBI,mid_fusion_wide,1,1,0.65,0.2505224286491283,0.002218532619586065,0.8557164335200225,0.3561604817708333
病例54,near,NBI,mid_fusion_wide,1,1,0.7,0.2678269830818996,0.0012166146623536485,0.8447875810240331,0.3474867078993056
病例54,near,NBI,mid_fusion_wide,1,1,0.75,0.2897403601179401,0.00042939341024246416,0.8303784335538028,0.33673095703125
病例54,near,NBI,mid_fusion_wide,1,1,0.8,0.31883892021870436,0.00010019179572324163,0.8102977107678074,0.3227878146701389
病例54,near,NBI,mid_fusion_wide,1,1,0.85,0.35871525491655454,0.0,0.7814423999295531,0.3038465711805556
病例54,near,NBI,mid_fusion_wide,1,1,0.9,0.42086279449231384,0.0,0.7334856065543348,0.2744004991319444
病例54,near,NBI,mid_fusion_wide,1,1,0.95,0.575387169724902,0.0,0.5961097938345495,0.20118543836805555
病例58,far,WLI,mid_fusion_wide,1,1,0.05,0.0,2.1107782536233413,0.48652587821688614,0.9999864366319444
病例58,far,WLI,mid_fusion_wide,1,1,0.1,0.013037699626590156,0.3702875466762305,0.8373845492940168,0.4362996419270833
病例58,far,WLI,mid_fusion_wide,1,1,0.15,0.02732009873209426,0.23554355393346132,0.8809614796689841,0.3883938259548611
病例58,far,WLI,mid_fusion_wide,1,1,0.2,0.03502035822029071,0.20847661441741736,0.8879678521500932,0.3772176106770833
病例58,far,WLI,mid_fusion_wide,1,1,0.25,0.0387122634543575,0.18729562667454272,0.8948107418126616,0.3692220052083333
病例58,far,WLI,mid_fusion_wide,1,1,0.3,0.04065315077740976,0.18073458365857262,0.8965517241370472,0.3664889865451389
病例58,far,WLI,mid_fusion_wide,1,1,0.35,0.042319782283074196,0.17467985907470307,0.8982349914906622,0.3640068901909722
病例58,far,WLI,mid_fusion_wide,1,1,0.4,0.04521001666631506,0.16666315056644374,0.9001282828977017,0.3605007595486111
病例58,far,WLI,mid_fusion_wide,1,1,0.45,0.04850108647496888,0.16065061918524925,0.9009768473192623,0.3575100368923611
病例58,far,WLI,mid_fusion_wide,1,1,0.5,0.15468028100672981,0.012489187991814518,0.9100179419035338,0.2757500542534722
病例58,far,WLI,mid_fusion_wide,1,1,0.55,0.1694689985443345,0.009409084196535938,0.9027804850072777,0.2700059678819444
病例58,far,WLI,mid_fusion_wide,1,1,0.6,0.1840045568658889,0.007341617265458534,0.8950571574016579,0.2646687825520833
病例58,far,WLI,mid_fusion_wide,1,1,0.65,0.20157802578004683,0.006075821185207064,0.8849242999931198,0.2586127387152778
病例58,far,WLI,mid_fusion_wide,1,1,0.7,0.2226957237189089,0.005042087719668361,0.8722258389052823,0.2514919704861111
病例58,far,WLI,mid_fusion_wide,1,1,0.75,0.24813822493196347,0.004535769287567773,0.8561407723249581,0.24315049913194445
病例58,far,WLI,mid_fusion_wide,1,1,0.8,0.280859053606464,0.0033543596126663993,0.8349990201831827,0.23225233289930555
病例58,far,WLI,mid_fusion_wide,1,1,0.85,0.32670196831290477,0.0014978586949642412,0.8040359252764255,0.2169189453125
病例58,far,WLI,mid_fusion_wide,1,1,0.9,0.4027341195333432,0.0,0.7478603127631711,0.19199625651041666
病例58,far,WLI,mid_fusion_wide,1,1,0.95,0.5884685977089091,0.0,0.5830991809640356,0.1322903103298611
病例58,far,NBI,mid_fusion_wide,1,1,0.05,0.0,0.4123596797057584,0.8290637655837254,1.0
病例58,far,NBI,mid_fusion_wide,1,1,0.1,0.0,0.23503888739895024,0.894839016571503,0.87445068359375
病例58,far,NBI,mid_fusion_wide,1,1,0.15,0.0,0.13656564882571548,0.9360816977930585,0.8047281901041666
病例58,far,NBI,mid_fusion_wide,1,1,0.2,0.0,0.1274089115359565,0.9401107559313223,0.7982449001736112
病例58,far,NBI,mid_fusion_wide,1,1,0.25,0.0,0.1233956553388759,0.9418875822649806,0.7954033745659722
病例58,far,NBI,mid_fusion_wide,1,1,0.3,0.0,0.12145128539136432,0.9427508488040243,0.7940266927083334
病例58,far,NBI,mid_fusion_wide,1,1,0.35,5.746906248802728e-05,0.11865445768361366,0.9439667254392404,0.7920057508680556
病例58,far,NBI,mid_fusion_wide,1,1,0.4,0.00019156354162675759,0.11579058273629363,0.9451776327997278,0.7898830837673612
病例58,far,NBI,mid_fusion_wide,1,1,0.45,0.001044021301865829,0.11216045362246657,0.9463769628277673,0.7867092556423612
病例58,far,NBI,mid_fusion_wide,1,1,0.5,0.027269070150568942,0.01756637676717367,0.9774729902062237,0.7011650933159722
病例58,far,NBI,mid_fusion_wide,1,1,0.55,0.037144170721428296,0.014012873069997317,0.9741221843759361,0.6916571723090278
病例58,far,NBI,mid_fusion_wide,1,1,0.6,0.04786215087544538,0.011656641507988199,0.9696919445144225,0.6824001736111112
病例58,far,NBI,mid_fusion_wide,1,1,0.65,0.06422167733037049,0.009329144477223095,0.9621867567469669,0.6691691080729166
病例58,far,NBI,mid_fusion_wide,1,1,0.7,0.08409639477414659,0.00681966208191257,0.9527149546672548,0.6533203125
病例58,far,NBI,mid_fusion_wide,1,1,0.75,0.1111834795601701,0.004080303436649937,0.9391072024931238,0.6322021484375
病例58,far,NBI,mid_fusion_wide,1,1,0.8,0.15356691314509022,0.0014846174476073714,0.9160939200741637,0.6003553602430556
病例58,far,NBI,mid_fusion_wide,1,1,0.85,0.22648557526531551,2.873453124401364e-05,0.8722814786807052,0.5476955837673612
病例58,far,NBI,mid_fusion_wide,1,1,0.9,0.3402551626374468,0.0,0.7949954987184074,0.4671223958333333
病例58,far,NBI,mid_fusion_wide,1,1,0.95,0.6214321290372017,0.0,0.5492190539710485,0.2680392795138889
病例58,near,WLI,mid_fusion_wide,1,1,0.05,0.0,0.3889454052221092,0.8371894960961923,1.0
病例58,near,WLI,mid_fusion_wide,1,1,0.1,0.0,0.21888775856222448,0.9013524872006565,0.8775634765625
病例58,near,WLI,mid_fusion_wide,1,1,0.15,1.8838777740100222e-05,0.11186466222071512,0.9470209899996668,0.8004964192708334
病例58,near,WLI,mid_fusion_wide,1,1,0.2,0.00011303266644060134,0.08122339022644211,0.9609168141428354,0.7783677842881944
病例58,near,WLI,mid_fusion_wide,1,1,0.25,0.0002449041106213029,0.07912286650842093,0.961821823091335,0.7767605251736112
病例58,near,WLI,mid_fusion_wide,1,1,0.3,0.00032025922158170376,0.0759956294035643,0.9632332253287939,0.7744547526041666
病例58,near,WLI,mid_fusion_wide,1,1,0.35,0.0006499378320334577,0.07327342602011981,0.9643334333156254,0.7722574869791666
病例58,near,WLI,mid_fusion_wide,1,1,0.4,0.001196262386496364,0.06971289702724087,0.9657198021871541,0.7693006727430556
病例58,near,WLI,mid_fusion_wide,1,1,0.45,0.002910591160845484,0.0676312120869598,0.9658346981505546,0.7665676540798612
病例58,near,WLI,mid_fusion_wide,1,1,0.5,0.17845974153196942,0.006395765042764025,0.898872004163176,0.5960896809895834
病例58,near,WLI,mid_fusion_wide,1,1,0.55,0.19189179006066087,0.005321954711578313,0.8912482274656317,0.5856458875868056
病例58,near,WLI,mid_fusion_wide,1,1,0.6,0.20551222636675331,0.004493048491013903,0.8832643059470627,0.5752427842881944
病例58,near,WLI,mid_fusion_wide,1,1,0.65,0.22164763950114916,0.003833691270110395,0.8734804760994094,0.5631510416666666
病例58,near,WLI,mid_fusion_wide,1,1,0.7,0.24779586300440828,0.0030047850495459856,0.8571106579366442,0.5437282986111112
病例58,near,WLI,mid_fusion_wide,1,1,0.75,0.27818281149918994,0.0022323951622018764,0.8373508457532904,0.5212944878472222
病例58,near,WLI,mid_fusion_wide,1,1,0.8,0.31113183376662523,0.0014976828303379676,0.8150521576315002,0.4970431857638889
病例58,near,WLI,mid_fusion_wide,1,1,0.85,0.35916129761501076,0.001017293997965412,0.7806271729023783,0.4621175130208333
病例58,near,WLI,mid_fusion_wide,1,1,0.9,0.4732677743867978,0.00015071022192080178,0.6899444787164158,0.3793402777777778
病例58,near,WLI,mid_fusion_wide,1,1,0.95,0.7312648355374703,0.0,0.42362688761160583,0.1934814453125
病例58,near,NBI,mid_fusion_wide,1,1,0.05,0.0,0.222169729218987,0.9000212601681791,1.0
病例58,near,NBI,mid_fusion_wide,1,1,0.1,0.0,0.09428848496904295,0.9549782727420056,0.8953653971354166
病例58,near,NBI,mid_fusion_wide,1,1,0.15,2.4865106795633687e-05,0.03237436904791506,0.9840582369849783,0.8446858723958334
病例58,near,NBI,mid_fusion_wide,1,1,0.2,6.630695145502317e-05,0.015731324232704246,0.9921625711368005,0.8310343424479166
病例58,near,NBI,mid_fusion_wide,1,1,0.25,0.00029838128154760426,0.013891306329827354,0.9929530505219382,0.8293389214409722
病例58,near,NBI,mid_fusion_wide,1,1,0.3,0.0006796462524139875,0.012382823184225577,0.993506761043453,0.8277926974826388
病例58,near,NBI,mid_fusion_wide,1,1,0.35,0.000795683417460278,0.010575958757076195,0.9943418480542909,0.8262193467881944
病例58,near,NBI,mid_fusion_wide,1,1,0.4,0.0012929855533729518,0.008926573339632494,0.9949096493722748,0.824462890625
病例58,near,NBI,mid_fusion_wide,1,1,0.45,0.0024202037281083454,0.007592145941600153,0.9950067375970358,0.82244873046875
病例58,near,NBI,mid_fusion_wide,1,1,0.5,0.026431608523758608,0.005064193417377395,0.9840820361584993,0.8007337782118056
病例58,near,NBI,mid_fusion_wide,1,1,0.55,0.033974024251767494,0.003282194097023647,0.981081570208216,0.7931043836805556
病例58,near,NBI,mid_fusion_wide,1,1,0.6,0.04324042071760698,0.0012929855533729518,0.9772562764291646,0.7838948567708334
病例58,near,NBI,mid_fusion_wide,1,1,0.65,0.05993319574640906,0.0006464927766864759,0.9687848335884549,0.7697075737847222
病例58,near,NBI,mid_fusion_wide,1,1,0.7,0.09259765770693985,0.00014090227184192423,0.9513832463595218,0.7425672743055556
病例58,near,NBI,mid_fusion_wide,1,1,0.75,0.12221199990053958,3.315347572751158e-05,0.934900534513471,0.7182481553819444
病例58,near,NBI,mid_fusion_wide,1,1,0.8,0.16546070898707843,0.0,0.9098080320228654,0.6828342013888888
病例58,near,NBI,mid_fusion_wide,1,1,0.85,0.24236019593704156,0.0,0.8621104304889338,0.6199137369791666
病例58,near,NBI,mid_fusion_wide,1,1,0.9,0.4261299118946383,0.0,0.7292470864553875,0.4695502387152778
病例58,near,NBI,mid_fusion_wide,1,1,0.95,0.8393216798866151,0.0,0.276869684440343,0.1314697265625
病例59,far,WLI,mid_fusion_wide,1,1,0.05,0.0,6.287680728857199,0.24132203754361903,0.9981418185763888
病例59,far,WLI,mid_fusion_wide,1,1,0.1,0.2873836403248168,0.7698059021588434,0.574129849405457,0.2030368381076389
病例59,far,WLI,mid_fusion_wide,1,1,0.15,0.33110516934046347,0.6748366013071896,0.5707947775371386,0.18404134114583334
病例59,far,WLI,mid_fusion_wide,1,1,0.2,0.34081006139829667,0.6511190334719746,0.570650892645426,0.17946370442708334
病例59,far,WLI,mid_fusion_wide,1,1,0.25,0.3461576549811844,0.6399782135076253,0.5700902301071319,0.17720540364583334
病例59,far,WLI,mid_fusion_wide,1,1,0.3,0.3501683501683502,0.6334917805506041,0.569198074336277,0.17576768663194445
病例59,far,WLI,mid_fusion_wide,1,1,0.35,0.3540305010893246,0.6277975836799367,0.5681932013663287,0.17445882161458334
病例59,far,WLI,mid_fusion_wide,1,1,0.4,0.3569023569023569,0.6205189146365617,0.5682036923602936,0.1730685763888889
病例59,far,WLI,mid_fusion_wide,1,1,0.45,0.3608635373341256,0.6123489799960388,0.5677464757745205,0.17140706380208334
病例59,far,WLI,mid_fusion_wide,1,1,0.5,0.38052089522677757,0.49485046543870076,0.5859815929355613,0.1526217990451389
病例59,far,WLI,mid_fusion_wide,1,1,0.55,0.3858684888096653,0.4772232125173302,0.5873049695750472,0.14947509765625
病例59,far,WLI,mid_fusion_wide,1,1,0.6,0.39101802337096453,0.4624183006535948,0.5879906296299947,0.14674207899305555
病例59,far,WLI,mid_fusion_wide,1,1,0.65,0.3967617349970291,0.44617746088334326,0.5886929209939872,0.1437310112847222
病例59,far,WLI,mid_fusion_wide,1,1,0.7,0.40290156466627053,0.4288472964943553,0.5894515592907678,0.14051649305555555
病例59,far,WLI,mid_fusion_wide,1,1,0.75,0.41013071895424835,0.41013071895424835,0.5898692810442913,0.136962890625
病例59,far,WLI,mid_fusion_wide,1,1,0.8,0.41889483065953653,0.38626460685284214,0.5907432109314908,0.13249376085069445
病例59,far,WLI,mid_fusion_wide,1,1,0.85,0.43122400475341655,0.357397504456328,0.5905760777342727,0.12685139973958334
病例59,far,WLI,mid_fusion_wide,1,1,0.9,0.4507328183798772,0.31783521489403843,0.5883632120489329,0.11876085069444445
病例59,far,WLI,mid_fusion_wide,1,1,0.95,0.4928698752228164,0.24217666864725687,0.5798069574554054,0.1026272243923611
病例59,far,NBI,mid_fusion_wide,1,1,0.05,0.0,6.568444284761074,0.23341460054257337,1.0
病例59,far,NBI,mid_fusion_wide,1,1,0.1,0.0,1.6885489914284249,0.5422186351990673,0.3552313910590278
病例59,far,NBI,mid_fusion_wide,1,1,0.15,0.00015398039316327054,1.1281630139095622,0.6392858900929733,0.2811686197916667
病例59,far,NBI,mid_fusion_wide,1,1,0.2,0.0015911307293537955,1.0088282092080274,0.6640040962610274,0.2652113172743056
病例59,far,NBI,mid_fusion_wide,1,1,0.25,0.0029769542678232306,0.9130524046604732,0.6852214402866373,0.2523735894097222
病例59,far,NBI,mid_fusion_wide,1,1,0.3,0.003387568649591952,0.8838474567571729,0.6919814682810193,0.24846055772569445
病例59,far,NBI,mid_fusion_wide,1,1,0.35,0.004054817019966125,0.8631114304778524,0.6966949715442674,0.2456325954861111
病例59,far,NBI,mid_fusion_wide,1,1,0.4,0.005030026176666837,0.8421700970076477,0.7013893914163445,0.24273681640625
病例59,far,NBI,mid_fusion_wide,1,1,0.45,0.005953908535646461,0.8192270184263204,0.7066829650969574,0.23958333333333334
病例59,far,NBI,mid_fusion_wide,1,1,0.5,0.08345737309449264,0.27367448544885287,0.8369422572158864,0.1572604709201389
病例59,far,NBI,mid_fusion_wide,1,1,0.55,0.09577580454755427,0.24262177282759329,0.8423745427574476,0.15152994791666666
病例59,far,NBI,mid_fusion_wide,1,1,0.6,0.10686239285530975,0.2174716419442591,0.8463315580826187,0.14674207899305555
病例59,far,NBI,mid_fusion_wide,1,1,0.65,0.11825694194939178,0.18898526920905404,0.8516260162580517,0.1414727105034722
病例59,far,NBI,mid_fusion_wide,1,1,0.7,0.1316019093568752,0.1532104911974542,0.8591159519616647,0.1349826388888889
病例59,far,NBI,mid_fusion_wide,1,1,0.75,0.14869373299799826,0.11907817071292923,0.8641016957960246,0.12821451822916666
病例59,far,NBI,mid_fusion_wide,1,1,0.8,0.17055894882718267,0.1009084843196633,0.8593687681117302,0.1229248046875
病例59,far,NBI,mid_fusion_wide,1,1,0.85,0.19801878560796593,0.08843607247343838,0.8484700388236853,0.1176486545138889
病例59,far,NBI,mid_fusion_wide,1,1,0.9,0.23712980547143664,0.07149822922547862,0.8317524273179671,0.11024305555555555
病例59,far,NBI,mid_fusion_wide,1,1,0.95,0.3168916491300108,0.037417235538674744,0.7940693893356581,0.09520128038194445
病例59,near,WLI,mid_fusion_wide,1,1,0.05,0.0,4.473267988416128,0.3089629540408091,0.9997355143229166
病例59,near,WLI,mid_fusion_wide,1,1,0.1,0.4779089626494394,0.3803371203683077,0.5488680718178203,0.16483561197916666
病例59,near,WLI,mid_fusion_wide,1,1,0.15,0.5303334075889211,0.3162916759486151,0.5259547221576077,0.1435614691840278
病例59,near,WLI,mid_fusion_wide,1,1,0.2,0.5443305858765872,0.3007351303185565,0.5188661297471434,0.13816324869791666
病例59,near,WLI,mid_fusion_wide,1,1,0.25,0.5506051830400238,0.29078488156233756,0.5164924258576563,0.1351996527777778
病例59,near,WLI,mid_fusion_wide,1,1,0.3,0.5540951956634736,0.28580975718422813,0.5149864928594079,0.13365342881944445
病例59,near,WLI,mid_fusion_wide,1,1,0.35,0.5571396747605257,0.28157718868344844,0.5136287301371192,0.13232421875
病例59,near,WLI,mid_fusion_wide,1,1,0.4,0.5612237320858394,0.2771961090072028,0.5114024838796326,0.13077799479166666
病例59,near,WLI,mid_fusion_wide,1,1,0.45,0.5646023613276899,0.27181257889656196,0.5100691574953023,0.1291775173611111
病例59,near,WLI,mid_fusion_wide,1,1,0.5,0.6058142125194921,0.22722209846290933,0.4862265576687362,0.11350504557291667
病例59,near,WLI,mid_fusion_wide,1,1,0.55,0.6142793495210515,0.22235835746639934,0.479728481712967,0.11107042100694445
病例59,near,WLI,mid_fusion_wide,1,1,0.6,0.6211479913863518,0.21805153337788669,0.4744832717200844,0.10902913411458333
病例59,near,WLI,mid_fusion_wide,1,1,0.65,0.6297245117695106,0.21441300957897083,0.4673164331557394,0.10679796006944445
病例59,near,WLI,mid_fusion_wide,1,1,0.7,0.6388950768545333,0.2099576743149922,0.45969514356502494,0.10430908203125
病例59,near,WLI,mid_fusion_wide,1,1,0.75,0.6499220316328804,0.2057993614019455,0.4500071588783229,0.1015353732638889
病例59,near,WLI,mid_fusion_wide,1,1,0.8,0.6628796316922848,0.2006757258483701,0.4384461237585687,0.0982326931423611
病例59,near,WLI,mid_fusion_wide,1,1,0.85,0.6805524615727333,0.1942526175094676,0.4220750551866027,0.09383138020833333
病例59,near,WLI,mid_fusion_wide,1,1,0.9,0.7062820227222099,0.18378257963911784,0.3975876366367695,0.08721923828125
病例59,near,WLI,mid_fusion_wide,1,1,0.95,0.7676542659835153,0.15972376921363332,0.333813410144733,0.07161458333333333
病例59,near,NBI,mid_fusion_wide,1,1,0.05,0.0,0.45125287876700193,0.8159092916619894,1.0
病例59,near,NBI,mid_fusion_wide,1,1,0.1,0.00831643800562959,0.2669625809499439,0.8781221131887481,0.8672824435763888
病例59,near,NBI,mid_fusion_wide,1,1,0.15,0.042930535598291436,0.2245438261519989,0.8773960706467518,0.8142022026909722
病例59,near,NBI,mid_fusion_wide,1,1,0.2,0.05722103025411885,0.22138456390370648,0.8712640750910123,0.8021782769097222
病例59,near,NBI,mid_fusion_wide,1,1,0.25,0.07215125091037931,0.21931775682538432,0.8642541195879888,0.79046630859375
病例59,near,NBI,mid_fusion_wide,1,1,0.3,0.07805641399129973,0.21817609196307305,0.8615813363129462,0.7856106228298612
病例59,near,NBI,mid_fusion_wide,1,1,0.35,0.08071373737771391,0.21670964313131114,0.8607565774312949,0.7827690972222222
病例59,near,NBI,mid_fusion_wide,1,1,0.4,0.08291833159459087,0.21429836820660197,0.8605519922789142,0.7795884874131944
病例59,near,NBI,mid_fusion_wide,1,1,0.45,0.0846209869495896,0.21202488042044762,0.8605596857835459,0.7768486870659722
病例59,near,NBI,mid_fusion_wide,1,1,0.5,0.1353758636301006,0.16273645257169853,0.8529554545803464,0.7079128689236112
病例59,near,NBI,mid_fusion_wide,1,1,0.55,0.1426096884042281,0.14766844477688326,0.8552271187767613,0.6925455729166666
病例59,near,NBI,mid_fusion_wide,1,1,0.6,0.15053244887112965,0.1354644410763144,0.8559160258027003,0.6786770290798612
病例59,near,NBI,mid_fusion_wide,1,1,0.65,0.16036454540086215,0.12482530559218943,0.8548253766259414,0.6645711263020834
病例59,near,NBI,mid_fusion_wide,1,1,0.7,0.17294254276322266,0.11418617010806448,0.8520903255894525,0.6485731336805556
病例59,near,NBI,mid_fusion_wide,1,1,0.75,0.19065803200598389,0.10549573844064326,0.8453374040775059,0.6303778754340278
病例59,near,NBI,mid_fusion_wide,1,1,0.8,0.21940633427159814,0.09782886837391493,0.8311161642883851,0.60528564453125
病例59,near,NBI,mid_fusion_wide,1,1,0.85,0.26096884042280966,0.08497529673444482,0.8103383154368907,0.5677897135416666
病例59,near,NBI,mid_fusion_wide,1,1,0.9,0.35547113359447274,0.06085270554888491,0.7558764290697808,0.4860500759548611
病例59,near,NBI,mid_fusion_wide,1,1,0.95,0.5757730842666772,0.008257386374820385,0.5922953781883817,0.2980075412326389
病例72,far,WLI,mid_fusion_wide,1,1,0.05,0.0,8.818617658809428,0.18486650171708405,1.0
病例72,far,WLI,mid_fusion_wide,1,1,0.1,0.0,3.1444932747369823,0.3887652083867606,0.4221055772569444
病例72,far,WLI,mid_fusion_wide,1,1,0.15,0.0,2.5064589159675057,0.4438074411175806,0.3571234809027778
病例72,far,WLI,mid_fusion_wide,1,1,0.2,0.0,2.3375948861366362,0.4610850142757958,0.3399251302083333
病例72,far,WLI,mid_fusion_wide,1,1,0.25,0.0005326941004128379,2.231988280729791,0.47239881664179456,0.3291151258680556
病例72,far,WLI,mid_fusion_wide,1,1,0.3,0.0007990411506192569,2.197895858303369,0.47613910394644604,0.3256157769097222
病例72,far,WLI,mid_fusion_wide,1,1,0.35,0.0010653882008256758,2.1719270209082433,0.47900635396966856,0.3229437934027778
病例72,far,WLI,mid_fusion_wide,1,1,0.4,0.0013983220135836995,2.145691836462911,0.4819164832332108,0.3202379014756944
病例72,far,WLI,mid_fusion_wide,1,1,0.45,0.0016646690637901185,2.1148621654015183,0.48543029204091587,0.3170708550347222
病例72,far,WLI,mid_fusion_wide,1,1,0.5,0.016113996537488347,0.8882674124384072,0.6851207863850208,0.190673828125
病例72,far,WLI,mid_fusion_wide,1,1,0.55,0.018111599414036488,0.823944599813557,0.699890834874223,0.18391927083333334
病例72,far,WLI,mid_fusion_wide,1,1,0.6,0.0196430949527234,0.7709415368224797,0.7126503545567108,0.17836507161458334
病例72,far,WLI,mid_fusion_wide,1,1,0.65,0.021840458116926354,0.7097483020375549,0.727822231028494,0.1719089084201389
病例72,far,WLI,mid_fusion_wide,1,1,0.7,0.024770275669196963,0.6269809561859102,0.749539406344039,0.1631808810763889
病例72,far,WLI,mid_fusion_wide,1,1,0.75,0.028565721134638435,0.5494073778132907,0.7707221723261378,0.15489366319444445
病例72,far,WLI,mid_fusion_wide,1,1,0.8,0.033226794513250765,0.45245705153815424,0.7992403390928128,0.14454481336805555
病例72,far,WLI,mid_fusion_wide,1,1,0.85,0.04261552803302703,0.3373285390864296,0.8344263246450164,0.1318630642361111
病例72,far,WLI,mid_fusion_wide,1,1,0.9,0.06632041550139832,0.17499001198561726,0.8855627131461237,0.1129150390625
病例72,far,WLI,mid_fusion_wide,1,1,0.95,0.16746570781728592,0.02750033293381276,0.8951814992450233,0.08759223090277778
病例72,far,NBI,mid_fusion_wide,1,1,0.05,0.0,3.1758042591753513,0.38641337652084257,1.0
病例72,far,NBI,mid_fusion_wide,1,1,0.1,0.0008778885364748528,1.5187471681014952,0.5680268549297891,0.60296630859375
病例72,far,NBI,mid_fusion_wide,1,1,0.15,0.008778885364748527,1.1672802446760309,0.6276528023090676,0.51690673828125
病例72,far,NBI,mid_fusion_wide,1,1,0.2,0.014159492523787948,1.0882985953783417,0.6413766420393155,0.4967041015625
病例72,far,NBI,mid_fusion_wide,1,1,0.25,0.016170140462165836,1.0372961033076575,0.6513001256063335,0.4840087890625
病例72,far,NBI,mid_fusion_wide,1,1,0.3,0.017387856819211598,1.017302899864069,0.6550933136976625,0.4789293077256944
病例72,far,NBI,mid_fusion_wide,1,1,0.35,0.01877548708654282,1.0031717263253286,0.6575698628830882,0.4752129448784722
病例72,far,NBI,mid_fusion_wide,1,1,0.4,0.019200271862256455,0.9905414589941096,0.6601730776555791,0.4720865885416667
病例72,far,NBI,mid_fusion_wide,1,1,0.45,0.01993656547349343,0.9777979157227005,0.6626838235287773,0.4688585069444444
病例72,far,NBI,mid_fusion_wide,1,1,0.5,0.0653318985047576,0.624801767104667,0.7303606992689419,0.3734537760416667
病例72,far,NBI,mid_fusion_wide,1,1,0.55,0.07147711826008156,0.603364295423652,0.7334630785397698,0.3668484157986111
病例72,far,NBI,mid_fusion_wide,1,1,0.6,0.07731082917988219,0.5827763932940644,0.7365410916316429,0.3605211046006944
病例72,far,NBI,mid_fusion_wide,1,1,0.65,0.08348436792025374,0.5610557317625736,0.7398500365755991,0.3538411458333333
病例72,far,NBI,mid_fusion_wide,1,1,0.7,0.09053579519710013,0.5374093792478477,0.7433683625749463,0.3464898003472222
病例72,far,NBI,mid_fusion_wide,1,1,0.75,0.09934299954689624,0.5103364295423652,0.7471252217006153,0.3378974066840278
病例72,far,NBI,mid_fusion_wide,1,1,0.8,0.1099626189397372,0.4767217942908926,0.7521148668851306,0.3273044162326389
病例72,far,NBI,mid_fusion_wide,1,1,0.85,0.12403715450838242,0.4350645672859085,0.7580722241955248,0.3139580620659722
病例72,far,NBI,mid_fusion_wide,1,1,0.9,0.14958087902129588,0.37845491617580423,0.7630930297553388,0.2942843967013889
病例72,far,NBI,mid_fusion_wide,1,1,0.95,0.22281377435432714,0.2599682827367467,0.7630115658352382,0.24837239583333334
病例72,near,WLI,mid_fusion_wide,1,1,0.05,0.0,11.28144261202732,0.15058605141188497,0.9999660915798612
病例72,near,WLI,mid_fusion_wide,1,1,0.1,0.06896551724137931,2.495502248875562,0.4206604572388359,0.27899169921875
病例72,near,WLI,mid_fusion_wide,1,1,0.15,0.13893053473263367,1.8923871397634515,0.4588141310126513,0.2241889105902778
病例72,near,WLI,mid_fusion_wide,1,1,0.2,0.1693320006663335,1.712726969848409,0.46885430868208156,0.2070855034722222
病例72,near,WLI,mid_fusion_wide,1,1,0.25,0.1903215059137098,1.6041146093619856,0.47435709754434596,0.196533203125
病例72,near,WLI,mid_fusion_wide,1,1,0.3,0.19790104947526238,1.5697151424287856,0.4757670075577398,0.193115234375
病例72,near,WLI,mid_fusion_wide,1,1,0.35,0.20314842578710646,1.5476428452440447,0.47651541564856176,0.1908908420138889
病例72,near,WLI,mid_fusion_wide,1,1,0.4,0.2098950524737631,1.5238214226220224,0.47683916857145087,0.18840196397569445
病例72,near,WLI,mid_fusion_wide,1,1,0.45,0.21639180409795103,1.4980842911877394,0.47756345177543763,0.18577745225694445
病例72,near,WLI,mid_fusion_wide,1,1,0.5,0.6592537064800933,0.31700816258537395,0.4110938049519615,0.05355495876736111
病例72,near,WLI,mid_fusion_wide,1,1,0.55,0.689072130601366,0.27053140096618356,0.39321641122666445,0.047342936197916664
病例72,near,WLI,mid_fusion_wide,1,1,0.6,0.7183075129102116,0.22522072297184742,0.3738669024962753,0.04127332899305555
病例72,near,WLI,mid_fusion_wide,1,1,0.65,0.7511244377811095,0.16400133266699984,0.352296174023744,0.03361680772569445
病例72,near,WLI,mid_fusion_wide,1,1,0.7,0.7839413626520073,0.11435948692320506,0.3247980967862969,0.026902940538194444
病例72,near,WLI,mid_fusion_wide,1,1,0.75,0.8181742462102283,0.06596701649175413,0.29143581870174595,0.020175509982638888
病例72,near,WLI,mid_fusion_wide,1,1,0.8,0.856488422455439,0.027736131934032984,0.24505760204633012,0.013943142361111112
病例72,near,WLI,mid_fusion_wide,1,1,0.85,0.9002998500749625,0.0003331667499583542,0.18126750965259886,0.008144802517361112
病例72,near,WLI,mid_fusion_wide,1,1,0.9,0.9611027819423622,0.0,0.07488174456766711,0.003167046440972222
病例72,near,WLI,mid_fusion_wide,1,1,0.95,1.0,0.0,0.0,0.0
病例72,near,NBI,mid_fusion_wide,1,1,0.05,0.0,0.8179980026877411,0.7097237109790607,1.0
病例72,near,NBI,mid_fusion_wide,1,1,0.1,0.0,0.6609870667866697,0.7516007969231564,0.91363525390625
病例72,near,NBI,mid_fusion_wide,1,1,0.15,0.0,0.5772972173248345,0.7760067354881909,0.8676011827256944
病例72,near,NBI,mid_fusion_wide,1,1,0.2,0.0,0.5438360724457212,0.7862141832418352,0.8491956922743056
病例72,near,NBI,mid_fusion_wide,1,1,0.25,0.0,0.5306439482671467,0.7903126796515652,0.8419392903645834
病例72,near,NBI,mid_fusion_wide,1,1,0.3,0.0,0.5242204934101025,0.7923238105468028,0.8384060329861112
病例72,near,NBI,mid_fusion_wide,1,1,0.35,0.0,0.51895597282669,0.7939797366742725,0.83551025390625
病例72,near,NBI,mid_fusion_wide,1,1,0.4,0.0,0.5134078832188783,0.7957323653483784,0.83245849609375
病例72,near,NBI,mid_fusion_wide,1,1,0.45,0.0,0.5081680208115006,0.7973947452499337,0.8295762803819444
病例72,near,NBI,mid_fusion_wide,1,1,0.5,0.08338162226140132,0.2663576175270315,0.8397878673205882,0.6507025824652778
病例72,near,NBI,mid_fusion_wide,1,1,0.55,0.10189991246347507,0.25130380105783573,0.835673641702898,0.6322360568576388
病例72,near,NBI,mid_fusion_wide,1,1,0.6,0.1214291878829723,0.2363979336448483,0.8308120995897059,0.6132948133680556
病例72,near,NBI,mid_fusion_wide,1,1,0.65,0.14592708577346533,0.2201358665499513,0.8235168244792622,0.5908745659722222
病例72,near,NBI,mid_fusion_wide,1,1,0.7,0.171509943409486,0.2044532665918702,0.8150645885130602,0.56817626953125
病例72,near,NBI,mid_fusion_wide,1,1,0.75,0.20198744898839832,0.18811722496886904,0.8035855065081638,0.5424262152777778
病例72,near,NBI,mid_fusion_wide,1,1,0.8,0.2365705408770913,0.16906878398204886,0.7900958894491045,0.5129258897569444
病例72,near,NBI,mid_fusion_wide,1,1,0.85,0.28179363572476546,0.14605037665363893,0.7705015607634712,0.4753892686631944
病例72,near,NBI,mid_fusion_wide,1,1,0.9,0.3450171990777842,0.11224401731003958,0.7412549358852912,0.4220174153645833
病例72,near,NBI,mid_fusion_wide,1,1,0.95,0.5139626921796595,0.04619709280104551,0.6344163890627187,0.2927585177951389
病例80,far,WLI,mid_fusion_wide,1,1,0.05,0.0,8.8678980124473,0.18402822677468209,1.0
病例80,far,WLI,mid_fusion_wide,1,1,0.1,0.009168172388409288,0.3538780699993308,0.845163684102962,0.13627115885416666
病例80,far,WLI,mid_fusion_wide,1,1,0.15,0.01532490129157465,0.2118048584621562,0.8965937480930577,0.1212497287326389
病例80,far,WLI,mid_fusion_wide,1,1,0.2,0.018001739945124808,0.17807669142742422,0.9092260982684515,0.11756049262152778
病例80,far,WLI,mid_fusion_wide,1,1,0.25,0.02007628990162618,0.16322023690022083,0.9144730679128353,0.1158447265625
病例80,far,WLI,mid_fusion_wide,1,1,0.3,0.022016997925450043,0.15391822257913404,0.9174749662525741,0.11470540364583333
病例80,far,WLI,mid_fusion_wide,1,1,0.35,0.02369002208391889,0.14575386468580606,0.9201513718040991,0.11370849609375
病例80,far,WLI,mid_fusion_wide,1,1,0.4,0.026634544602824065,0.13658569229739678,0.922642646449546,0.11248101128472222
病例80,far,WLI,mid_fusion_wide,1,1,0.45,0.030248276785116778,0.12721675700997123,0.9249082495582418,0.11116536458333333
病例80,far,WLI,mid_fusion_wide,1,1,0.5,0.09502777220103058,0.07173927591514422,0.915634098446355,0.09897867838541667
病例80,far,WLI,mid_fusion_wide,1,1,0.55,0.11001806866091146,0.06357491802181624,0.9111400383635546,0.09663221571180555
病例80,far,WLI,mid_fusion_wide,1,1,0.6,0.12480760222177609,0.05768587298400589,0.9055845999345442,0.09453667534722222
病例80,far,WLI,mid_fusion_wide,1,1,0.65,0.14140400187378704,0.05320216823930938,0.898207784931048,0.09240044487847222
病例80,far,WLI,mid_fusion_wide,1,1,0.7,0.16061031921300944,0.04918691025898414,0.8889125119560295,0.09004720052083333
病例80,far,WLI,mid_fusion_wide,1,1,0.75,0.1847687880612996,0.045372415177675166,0.8763083120495043,0.08721245659722222
病例80,far,WLI,mid_fusion_wide,1,1,0.8,0.21622164224051396,0.03988489593789735,0.859564786610181,0.0834689670138889
病例80,far,WLI,mid_fusion_wide,1,1,0.85,0.25831493006759015,0.030515960650471793,0.8370213730049202,0.07825385199652778
病例80,far,WLI,mid_fusion_wide,1,1,0.9,0.31466238372482097,0.020678578598674963,0.80343623739535,0.07154676649305555
病例80,far,WLI,mid_fusion_wide,1,1,0.95,0.42775881683731515,0.0075620691962791945,0.7244461388540498,0.058756510416666664
病例80,far,NBI,mid_fusion_wide,1,1,0.05,0.0,7.385157804947398,0.21310243701437662,0.9999796549479166
病例80,far,NBI,mid_fusion_wide,1,1,0.1,0.0015353994882001706,2.5212965595678134,0.4418218419722675,0.4197523328993056
病例80,far,NBI,mid_fusion_wide,1,1,0.15,0.009155530281489906,1.9667898777367074,0.5007256268402892,0.3527153862847222
病例80,far,NBI,mid_fusion_wide,1,1,0.2,0.013022462325845892,1.82035825988058,0.5184609869749695,0.3347913953993056
病例80,far,NBI,mid_fusion_wide,1,1,0.25,0.015297128234290589,1.6937731020756326,0.5353863277980778,0.3194240993923611
病例80,far,NBI,mid_fusion_wide,1,1,0.3,0.017401194199601934,1.6482229172590275,0.5412542287925366,0.3137410481770833
病例80,far,NBI,mid_fusion_wide,1,1,0.35,0.01967586010804663,1.6180267273244242,0.544874124878637,0.3098687065972222
病例80,far,NBI,mid_fusion_wide,1,1,0.4,0.021154392948535685,1.5893090702303099,0.5486564880621096,0.3062676323784722
病例80,far,NBI,mid_fusion_wide,1,1,0.45,0.022974125675291442,1.5608757463747511,0.5523194136359142,0.3026597764756944
病例80,far,NBI,mid_fusion_wide,1,1,0.5,0.040602786465737846,0.43929485356838216,0.799933619400204,0.1668023003472222
病例80,far,NBI,mid_fusion_wide,1,1,0.55,0.04901905032698323,0.39528006823997724,0.8106352553362645,0.1605495876736111
病例80,far,NBI,mid_fusion_wide,1,1,0.6,0.054535115154961615,0.35848734717088426,0.8207330618269265,0.15550401475694445
病例80,far,NBI,mid_fusion_wide,1,1,0.65,0.061472846175717945,0.3242536252487916,0.829534316803223,0.15059407552083334
病例80,far,NBI,mid_fusion_wide,1,1,0.7,0.07000284333238556,0.28660790446403184,0.8391184997028166,0.1450873480902778
病例80,far,NBI,mid_fusion_wide,1,1,0.75,0.08075063974978675,0.24225191924936024,0.8505656406186515,0.1385158962673611
病例80,far,NBI,mid_fusion_wide,1,1,0.8,0.09411430196189935,0.19198180267273243,0.8636252744548436,0.1309271918402778
病例80,far,NBI,mid_fusion_wide,1,1,0.85,0.1157804947398351,0.1376741541086153,0.8746449163243576,0.12186686197916667
病例80,far,NBI,mid_fusion_wide,1,1,0.9,0.16855274381575205,0.06602217799260733,0.8763748613873696,0.1070285373263889
病例80,far,NBI,mid_fusion_wide,1,1,0.95,0.41148706283764575,0.004719931760022746,0.7387657493638192,0.07074652777777778
病例80,near,WLI,mid_fusion_wide,1,1,0.05,0.0,3.474343802154453,0.36534059099682087,0.9999728732638888
病例80,near,WLI,mid_fusion_wide,1,1,0.1,0.009103322712790168,0.5247155211652254,0.7877976405867315,0.3387247721354167
病例80,near,WLI,mid_fusion_wide,1,1,0.15,0.021150053102715824,0.39572143832498863,0.8244434789265412,0.3072035047743056
病例80,near,WLI,mid_fusion_wide,1,1,0.2,0.02564102564102564,0.3590957366105295,0.8351213929949217,0.2980143229166667
病例80,near,WLI,mid_fusion_wide,1,1,0.25,0.027856167501137917,0.33421332119556973,0.8430123937572783,0.2919582790798611
病例80,near,WLI,mid_fusion_wide,1,1,0.3,0.029191321499013805,0.32441207707479897,0.8459392641351077,0.2894694010416667
病例80,near,WLI,mid_fusion_wide,1,1,0.35,0.03040509786071916,0.3180397511758459,0.8476833490285749,0.2877739800347222
病例80,near,WLI,mid_fusion_wide,1,1,0.4,0.032225762403277194,0.30896677287209834,0.8501399440212579,0.28533935546875
病例80,near,WLI,mid_fusion_wide,1,1,0.45,0.03486572598998634,0.30110757093005613,0.8517487011932251,0.2829928927951389
病例80,near,WLI,mid_fusion_wide,1,1,0.5,0.07935062964648763,0.05750265513579123,0.9308176100614652,0.21860758463541666
病例80,near,WLI,mid_fusion_wide,1,1,0.55,0.08833257472310727,0.048368988013958426,0.9302556004506212,0.21455891927083334
病例80,near,WLI,mid_fusion_wide,1,1,0.6,0.09804278561675012,0.04242148384160219,0.927758790204086,0.2110595703125
病例80,near,WLI,mid_fusion_wide,1,1,0.65,0.10914883932635412,0.03738431194052496,0.9240066094878842,0.2074517144097222
病例80,near,WLI,mid_fusion_wide,1,1,0.7,0.12262175694128356,0.031922318312850854,0.9190572304939224,0.2032199435763889
病例80,near,WLI,mid_fusion_wide,1,1,0.75,0.13964497041420118,0.027431345774541042,0.9114961743700387,0.19841172960069445
病例80,near,WLI,mid_fusion_wide,1,1,0.8,0.16106812319830072,0.023790016689424973,0.9007591307449568,0.19281005859375
病例80,near,WLI,mid_fusion_wide,1,1,0.85,0.1911394325595509,0.020512820512820513,0.884303415328538,0.1853569878472222
病例80,near,WLI,mid_fusion_wide,1,1,0.9,0.23738431194052495,0.016446669701107572,0.8573231677141733,0.17411295572916666
病例80,near,WLI,mid_fusion_wide,1,1,0.95,0.35181307844029736,0.011864663935669853,0.7809238305869799,0.1475151909722222
病例80,near,NBI,mid_fusion_wide,1,1,0.05,0.0,2.0329507589781564,0.49591480767440055,1.0
病例80,near,NBI,mid_fusion_wide,1,1,0.1,0.00014397959603439054,0.3768563083631577,0.8413774004544821,0.45391845703125
病例80,near,NBI,mid_fusion_wide,1,1,0.15,0.0020362828582006663,0.2667119173968489,0.8813303785503875,0.4169786241319444
病例80,near,NBI,mid_fusion_wide,1,1,0.2,0.003064708544160599,0.24926981776296844,0.8876618500806845,0.410888671875
病例80,near,NBI,mid_fusion_wide,1,1,0.25,0.003887449092928545,0.23890328684849232,0.8913695680174382,0.4071994357638889
病例80,near,NBI,mid_fusion_wide,1,1,0.3,0.004339956394750915,0.23415196017935744,0.8930439354657888,0.4054836697048611
病例80,near,NBI,mid_fusion_wide,1,1,0.35,0.004771895182854087,0.23051133325105927,0.8942898596252744,0.4041408962673611
病例80,near,NBI,mid_fusion_wide,1,1,0.4,0.0055534987041836355,0.22643876753465794,0.8955406344052831,0.4025404188368056
病例80,near,NBI,mid_fusion_wide,1,1,0.45,0.0061705541157595955,0.2207001522070015,0.8975535452223565,0.4004448784722222
病例80,near,NBI,mid_fusion_wide,1,1,0.5,0.01643424246163972,0.15613558764243696,0.9193486369045648,0.3757731119791667
病例80,near,NBI,mid_fusion_wide,1,1,0.55,0.01935497140976593,0.14233411493685466,0.9238385893514277,0.3702596028645833
病例80,near,NBI,mid_fusion_wide,1,1,0.6,0.02346867415360566,0.12865605331358757,0.9277381533943061,0.3643934461805556
病例80,near,NBI,mid_fusion_wide,1,1,0.65,0.028590234069686124,0.11625323954091077,0.9306193225473106,0.3586154513888889
病例80,near,NBI,mid_fusion_wide,1,1,0.7,0.03531613805586408,0.10413838496030277,0.9325923127389268,0.3524034288194444
病例80,near,NBI,mid_fusion_wide,1,1,0.75,0.04562096342918261,0.0899049734666173,0.9337049371651454,0.3443128797743056
病例80,near,NBI,mid_fusion_wide,1,1,0.8,0.0593607305936073,0.0746842733144103,0.9334871046417841,0.3347642686631944
病例80,near,NBI,mid_fusion_wide,1,1,0.85,0.08032004607347074,0.05825003085277058,0.9299418695330534,0.3224351671006944
病例80,near,NBI,mid_fusion_wide,1,1,0.9,0.11999670903780493,0.03928586120366942,0.9170096021938047,0.3031005859375
病例80,near,NBI,mid_fusion_wide,1,1,0.95,0.25817598420338145,0.009111851577605003,0.8473457304957918,0.2475925021701389
