case,scale,ref_modality,config,fold,seed,threshold,missed_frac,over_ratio,dice,pred_area_frac
病例27,far,WLI,mmd_fusion,3,1,0.05,0.0,23.261551155115512,0.07917170199557162,0.9970770941840278
病例27,far,WLI,mmd_fusion,3,1,0.1,0.0,7.548679867986799,0.20945303724149408,0.3513251410590278
病例27,far,WLI,mmd_fusion,3,1,0.15,0.0004950495049504951,5.786798679867987,0.2567341316090776,0.2788967556423611
病例27,far,WLI,mmd_fusion,3,1,0.2,0.013366336633663366,4.5036303630363035,0.3040349851254633,0.22563340928819445
病例27,far,WLI,mmd_fusion,3,1,0.25,0.01864686468646865,3.3138613861386137,0.3706566112986673,0.1765204535590278
病例27,far,WLI,mmd_fusion,3,1,0.3,0.021947194719471947,3.220957095709571,0.3762457944506562,0.17256673177083334
病例27,far,WLI,mmd_fusion,3,1,0.35,0.025412541254125412,3.154125412541254,0.38005148005025724,0.169677734375
病例27,far,WLI,mmd_fusion,3,1,0.4,0.028712871287128714,3.0896039603960395,0.38384035997135924,0.16689046223958334
病例27,far,WLI,mmd_fusion,3,1,0.45,0.03135313531353135,3.029207920792079,0.3876250536521028,0.1642998589409722
病例27,far,WLI,mmd_fusion,3,1,0.5,0.03910891089108911,1.5645214521452144,0.5451226362078959,0.1037868923611111
病例27,far,WLI,mmd_fusion,3,1,0.55,0.044884488448844885,1.4587458745874586,0.5595514307784244,0.09920247395833333
病例27,far,WLI,mmd_fusion,3,1,0.6,0.04966996699669967,1.366831683168317,0.5729778131500697,0.09522840711805555
病例27,far,WLI,mmd_fusion,3,1,0.65,0.055445544554455446,1.2653465346534654,0.588525601477542,0.0908203125
病例27,far,WLI,mmd_fusion,3,1,0.7,0.060396039603960394,1.1529702970297029,0.607651672799703,0.08599853515625
病例27,far,WLI,mmd_fusion,3,1,0.75,0.06782178217821783,1.0264026402640265,0.6301522672729647,0.08049180772569445
病例27,far,WLI,mmd_fusion,3,1,0.8,0.07673267326732673,0.8768976897689769,0.6594377983342599,0.07398139105902778
病例27,far,WLI,mmd_fusion,3,1,0.85,0.09323432343234324,0.6717821782178218,0.7033149878362772,0.06487358940972222
病例27,far,WLI,mmd_fusion,3,1,0.9,0.13762376237623763,0.3079207920792079,0.7947080291910378,0.048095703125
病例27,far,WLI,mmd_fusion,3,1,0.95,0.6701320132013201,0.0,0.4960913264611479,0.013556586371527778
病例27,far,NBI,mmd_fusion,3,1,0.05,0.0,11.525666295312366,0.14786702232125004,0.9912245008680556
病例27,far,NBI,mmd_fusion,3,1,0.1,0.05338932213557288,1.0560459336704087,0.6305154403772175,0.1584811740451389
病例27,far,NBI,mmd_fusion,3,1,0.15,0.12854571942754306,0.44973862370383066,0.7508676068790118,0.10455322265625
病例27,far,NBI,mmd_fusion,3,1,0.2,0.1964178592852858,0.2752592338675122,0.7731057795334607,0.08537462022569445
病例27,far,NBI,mmd_fusion,3,1,0.25,0.2160425057845574,0.226926043362756,0.7797144683538048,0.07999674479166667
病例27,far,NBI,mmd_fusion,3,1,0.3,0.22401234038906503,0.21749935727140285,0.7785229129018204,0.07862006293402778
病例27,far,NBI,mmd_fusion,3,1,0.35,0.229839746336447,0.2101294026908904,0.7778258611702534,0.07757568359375
病例27,far,NBI,mmd_fusion,3,1,0.4,0.235838546576399,0.20515896820635873,0.776066144470078,0.07670762803819445
病例27,far,NBI,mmd_fusion,3,1,0.45,0.2408946782072157,0.20078841374582226,0.7746392654098179,0.0759616427951389
病例27,far,NBI,mmd_fusion,3,1,0.5,0.32102150998371753,0.11063501585397206,0.7587990231252272,0.06248643663194445
病例27,far,NBI,mmd_fusion,3,1,0.55,0.3308766818064958,0.09949438683691833,0.756662467289676,0.06082492404513889
病例27,far,NBI,mmd_fusion,3,1,0.6,0.33987488216642386,0.09083897506213043,0.7540133124473668,0.059427897135416664
病例27,far,NBI,mmd_fusion,3,1,0.65,0.3489587796726369,0.08141228897077728,0.7515829046262783,0.057963053385416664
病例27,far,NBI,mmd_fusion,3,1,0.7,0.3606135915674008,0.07001456851486845,0.7480824184050329,0.05613878038194445
病例27,far,NBI,mmd_fusion,3,1,0.75,0.3743251349730054,0.058102665181249465,0.7431799674229276,0.05411105685763889
病例27,far,NBI,mmd_fusion,3,1,0.8,0.3929214157168566,0.04473391036078499,0.7350453955863292,0.051581488715277776
病例27,far,NBI,mmd_fusion,3,1,0.85,0.4228297197703316,0.028794241151769647,0.7187833511167621,0.047953287760416664
病例27,far,NBI,mmd_fusion,3,1,0.9,0.4804182020738709,0.010369354700488474,0.679213577546187,0.041937934027777776
病例27,far,NBI,mmd_fusion,3,1,0.95,0.7413660125117834,0.0,0.4109756927867435,0.020467122395833332
病例27,near,WLI,mmd_fusion,3,1,0.05,0.0,14.98099191610225,0.11777874990342646,0.9920925564236112
病例27,near,WLI,mmd_fusion,3,1,0.1,0.0,1.943958925060083,0.5071046727404728,0.18275960286458334
病例27,near,WLI,mmd_fusion,3,1,0.15,0.0,1.2582477605418396,0.6138268624669287,0.1401909722222222
病例27,near,WLI,mmd_fusion,3,1,0.2,0.0,1.109023377758357,0.6432888264207896,0.1309271918402778
病例27,near,WLI,mmd_fusion,3,1,0.25,0.0,1.0736290146384095,0.6506966164321485,0.1287299262152778
病例27,near,WLI,mmd_fusion,3,1,0.3,0.0,1.0501420144199256,0.6557071738094777,0.12727186414930555
病例27,near,WLI,mmd_fusion,3,1,0.35,0.0,1.0365960235962421,0.658632226496893,0.1264309353298611
病例27,near,WLI,mmd_fusion,3,1,0.4,0.0,1.0207559536814508,0.6620859250663168,0.12544759114583334
病例27,near,WLI,mmd_fusion,3,1,0.45,0.0,1.007209962857767,0.6650682940981362,0.1246066623263889
病例27,near,WLI,mmd_fusion,3,1,0.5,0.0,0.7654577233996067,0.7232075844332482,0.10959879557291667
病例27,near,WLI,mmd_fusion,3,1,0.55,0.0,0.7192484159930085,0.7354973485427627,0.10673014322916667
病例27,near,WLI,mmd_fusion,3,1,0.6,0.00032772558444395895,0.6769718155997378,0.746959431880063,0.10408528645833333
病例27,near,WLI,mmd_fusion,3,1,0.65,0.0013109023377758358,0.6247542058116671,0.7613574849020972,0.10078260633680555
病例27,near,WLI,mmd_fusion,3,1,0.7,0.003604981428883548,0.5725365960235962,0.775727164480457,0.09739854600694445
病例27,near,WLI,mmd_fusion,3,1,0.75,0.008083897749617654,0.5162770373607166,0.7909407665470778,0.0936279296875
病例27,near,WLI,mmd_fusion,3,1,0.8,0.01518461874590343,0.4498579855800743,0.8089917889316238,0.08906385633680555
病例27,near,WLI,mmd_fusion,3,1,0.85,0.029167577015512345,0.3633384312868691,0.8318434969774332,0.08282470703125
病例27,near,WLI,mmd_fusion,3,1,0.9,0.06543587502731046,0.21487874153375575,0.8695873144903965,0.07135687934027778
病例27,near,WLI,mmd_fusion,3,1,0.95,0.5480664190517807,0.0,0.6225265217017341,0.028055826822916668
病例27,near,NBI,mmd_fusion,3,1,0.05,0.0,0.9424085148984377,0.6797152706269062,1.0
病例27,near,NBI,mmd_fusion,3,1,0.1,0.0,0.4403008667702927,0.8195710730725982,0.7415025499131944
病例27,near,NBI,mmd_fusion,3,1,0.15,1.317280080090629e-05,0.271017203677846,0.8806561446854249,0.6543443467881944
病例27,near,NBI,mmd_fusion,3,1,0.2,0.0006454672392444082,0.208459572674342,0.9052886565947679,0.6218126085069444
病例27,near,NBI,mmd_fusion,3,1,0.25,0.001870537713728693,0.18053323497642068,0.9162771855778632,0.6068047417534722
病例27,near,NBI,mmd_fusion,3,1,0.3,0.0021208209289459126,0.1759095818953026,0.9181013325571181,0.6042955186631944
病例27,near,NBI,mmd_fusion,3,1,0.35,0.0023974497457649444,0.1719709144558316,0.9196301176064993,0.6021253797743056
病例27,near,NBI,mmd_fusion,3,1,0.4,0.0026345601601812578,0.1665437205258582,0.9218182150221756,0.5992092556423612
病例27,near,NBI,mmd_fusion,3,1,0.45,0.00347761941143926,0.16306610111441894,0.9228817332847863,0.59698486328125
病例27,near,NBI,mmd_fusion,3,1,0.5,0.03110098269093975,0.09855889559238085,0.937285360211956,0.5495537651909722
病例27,near,NBI,mmd_fusion,3,1,0.55,0.03611981979608504,0.08858708538609479,0.9392404900803286,0.5418362087673612
病例27,near,NBI,mmd_fusion,3,1,0.6,0.04202123455489106,0.08015649287351477,0.9400541613070196,0.5344577365451388
病例27,near,NBI,mmd_fusion,3,1,0.65,0.050820665489896465,0.07238454040098005,0.9390545075418245,0.5259263780381944
病例27,near,NBI,mmd_fusion,3,1,0.7,0.06416471270121453,0.06465210633084806,0.9356072827834355,0.51507568359375
病例27,near,NBI,mmd_fusion,3,1,0.75,0.08721711410280054,0.05618199541586532,0.9271703061436742,0.4988471137152778
病例27,near,NBI,mmd_fusion,3,1,0.8,0.13899939405116316,0.04572279157994573,0.9031206173524128,0.4668036566840278
病例27,near,NBI,mmd_fusion,3,1,0.85,0.2947150723186764,0.030402824248491715,0.812686414243139,0.3787502712673611
病例27,near,NBI,mmd_fusion,3,1,0.9,0.5872566325052032,0.01175013831440841,0.5794949093291232,0.2185397677951389
病例27,near,NBI,mmd_fusion,3,1,0.95,1.0,0.0,0.0,0.0
病例31,near,WLI,mmd_fusion,3,1,0.05,0.0,1.1898085577222972,0.6269968757708712,0.9999050564236112
病例31,near,WLI,mmd_fusion,3,1,0.1,0.013752951834964578,0.27207378473511457,0.8734339548184056,0.5745713975694444
病例31,near,WLI,mmd_fusion,3,1,0.15,0.09829053482051359,0.10166193878005673,0.9001920097258486,0.4581570095486111
病例31,near,WLI,mmd_fusion,3,1,0.2,0.1535399741575203,0.025693959691672482,0.9042632522562518,0.3982408311631944
病例31,near,WLI,mmd_fusion,3,1,0.25,0.18458065378503216,0.016144123806270515,0.8904079597141684,0.3797064887152778
病例31,near,WLI,mmd_fusion,3,1,0.3,0.18829365374047616,0.01281727584619269,0.8897734580405791,0.3764919704861111
病例31,near,WLI,mmd_fusion,3,1,0.35,0.19078878971053453,0.010500363873995633,0.8893840340173769,0.3742947048611111
病例31,near,WLI,mmd_fusion,3,1,0.4,0.19335818567970178,0.00828741590055101,0.8888961628784634,0.3721110026041667
病例31,near,WLI,mmd_fusion,3,1,0.45,0.1960018416479779,0.006015059927819281,0.8883892672512609,0.3698662651909722
病例31,near,WLI,mmd_fusion,3,1,0.5,0.3110602842672766,0.0021683919739792965,0.814779034637098,0.3155721028645833
病例31,near,WLI,mmd_fusion,3,1,0.55,0.3253033520963598,0.0017970919784348963,0.8048901488299035,0.30889892578125
病例31,near,WLI,mmd_fusion,3,1,0.6,0.34028901991653177,0.0015000519819993762,0.7942530688140524,0.3019205729166667
病例31,near,WLI,mmd_fusion,3,1,0.65,0.36011643967860274,0.0011881599857420802,0.7798361916821758,0.292724609375
病例31,near,WLI,mmd_fusion,3,1,0.7,0.38958280732500633,0.0007574519909105761,0.7577293928939752,0.2790730794270833
病例31,near,WLI,mmd_fusion,3,1,0.75,0.4240394469115266,0.0004307079948315041,0.7307329941579699,0.2631903754340278
病例31,near,WLI,mmd_fusion,3,1,0.8,0.4714767343422792,0.00016337199803953602,0.6914736514838611,0.24140760633680555
病例31,near,WLI,mmd_fusion,3,1,0.85,0.5440287534716549,2.9703999643552004e-05,0.6263337209533159,0.2082180447048611
病例31,near,WLI,mmd_fusion,3,1,0.9,0.6664537880025545,1.4851999821776002e-05,0.5002338790505622,0.1523098415798611
病例31,near,WLI,mmd_fusion,3,1,0.95,0.9653057284163312,0.0,0.06706188008660188,0.015842013888888888
病例31,near,NBI,mmd_fusion,3,1,0.05,0.0,0.12755788700945156,0.9400449276661191,0.9999796549479166
病例31,near,NBI,mmd_fusion,3,1,0.1,0.003119933930810877,0.029555256476921664,0.9838755325447889,0.9102986653645834
病例31,near,NBI,mmd_fusion,3,1,0.15,0.008449821062612791,0.016020248982962712,0.9878111025615777,0.8935682508680556
病例31,near,NBI,mmd_fusion,3,1,0.2,0.01551555378827272,0.009275685926650965,0.9875655855907354,0.8813205295138888
病例31,near,NBI,mmd_fusion,3,1,0.25,0.01953782155201419,0.005765760254488729,0.9872604844015095,0.8746405707465278
病例31,near,NBI,mmd_fusion,3,1,0.3,0.022145413391245834,0.004878720215336616,0.9863702629524979,0.8715413411458334
病例31,near,NBI,mmd_fusion,3,1,0.35,0.02474535833358823,0.003693451197504053,0.9856293302313506,0.8681844075520834
病例31,near,NBI,mmd_fusion,3,1,0.4,0.02745235983238002,0.003081699446364665,0.9845446417163133,0.8652411566840278
病例31,near,NBI,mmd_fusion,3,1,0.45,0.031214633101887254,0.002569357354785428,0.9828625512994736,0.8614501953125
病例31,near,NBI,mmd_fusion,3,1,0.5,0.2665784724558774,0.00042822622579757137,0.846003554747597,0.65081787109375
病例31,near,NBI,mmd_fusion,3,1,0.55,0.29847367938090724,0.00025999449423423973,0.8244587635810914,0.6223822699652778
病例31,near,NBI,mmd_fusion,3,1,0.6,0.3310418132321904,0.00015293793778484692,0.8015741754588055,0.5934041341145834
病例31,near,NBI,mmd_fusion,3,1,0.65,0.3677469183005536,6.882207200318111e-05,0.7746671538724575,0.5607774522569444
病例31,near,NBI,mmd_fusion,3,1,0.7,0.40728137521793656,1.5293793778484692e-05,0.7442782725588764,0.5256686740451388
病例31,near,NBI,mmd_fusion,3,1,0.75,0.4572232588015783,0.0,0.703636147348872,0.4813639322916667
病例31,near,NBI,mmd_fusion,3,1,0.8,0.5411632459547916,0.0,0.6290446861482747,0.40692138671875
病例31,near,NBI,mmd_fusion,3,1,0.85,0.6970146514544397,0.0,0.4650633238256834,0.2687038845486111
病例31,near,NBI,mmd_fusion,3,1,0.9,0.9342443336494051,0.0,0.12339726341913067,0.05831570095486111
病例31,near,NBI,mmd_fusion,3,1,0.95,1.0,0.0,0.0,0.0
病例4,far,WLI,mmd_fusion,3,1,0.05,0.0,4.5180932235400775,0.3068382012052,0.9907090928819444
病例4,far,WLI,mmd_fusion,3,1,0.1,0.061041021379466646,1.2386114678552542,0.5909917620619913,0.3909573025173611
病例4,far,WLI,mmd_fusion,3,1,0.15,0.1495429477978394,0.7495656115434011,0.654192029984667,0.2872653537326389
病例4,far,WLI,mmd_fusion,3,1,0.2,0.19154642290549218,0.5177532673566518,0.6950831384763979,0.2381049262152778
病例4,far,WLI,mmd_fusion,3,1,0.25,0.1987988214852308,0.3966910931479943,0.7290631928081375,0.21506754557291666
病例4,far,WLI,mmd_fusion,3,1,0.3,0.20268943113998641,0.3870590012842789,0.7300143526591675,0.2126397026909722
病例4,far,WLI,mmd_fusion,3,1,0.35,0.20506912442396313,0.3799199214323487,0.731021067438854,0.2109307183159722
病例4,far,WLI,mmd_fusion,3,1,0.4,0.2078265468006346,0.373536299765808,0.7315601290647396,0.20928955078125
病例4,far,WLI,mmd_fusion,3,1,0.45,0.2102062400846113,0.3638286620835537,0.7334561080404569,0.2071194118923611
病例4,far,WLI,mmd_fusion,3,1,0.5,0.24854574299312532,0.13348946135831383,0.7973227525934886,0.1588812934027778
病例4,far,WLI,mmd_fusion,3,1,0.55,0.25594923320994184,0.1176248394651356,0.799334496609992,0.15470377604166666
病例4,far,WLI,mmd_fusion,3,1,0.6,0.2636549067009141,0.10481982322278462,0.7998686990936137,0.15102132161458334
病例4,far,WLI,mmd_fusion,3,1,0.65,0.2729470423812042,0.08846415350910328,0.8009320905442724,0.1464165581597222
病例4,far,WLI,mmd_fusion,3,1,0.7,0.2842411422527763,0.06364735211906021,0.8044918060609567,0.13993326822916666
病例4,far,WLI,mmd_fusion,3,1,0.75,0.30003021832741555,0.046611770038528365,0.8015311749804245,0.1340399848090278
病例4,far,WLI,mmd_fusion,3,1,0.8,0.3207297726070862,0.030936012691697514,0.7943722943705398,0.1275092230902778
病例4,far,WLI,mmd_fusion,3,1,0.85,0.3560852156833119,0.01718667371760973,0.7752865199181933,0.11869303385416667
病例4,far,WLI,mmd_fusion,3,1,0.9,0.4349550502379693,0.005363753116265015,0.7196151533356112,0.10241021050347222
病例4,far,WLI,mmd_fusion,3,1,0.95,0.9008838860769056,0.0,0.1803560382150651,0.017795138888888888
病例4,far,NBI,mmd_fusion,3,1,0.05,0.0,1.7797236412992252,0.5291392148743265,1.0
病例4,far,NBI,mmd_fusion,3,1,0.1,0.0006409410522743981,0.8362961147661507,0.7048523164670929,0.6603732638888888
病例4,far,NBI,mmd_fusion,3,1,0.15,0.024374611193846967,0.5819367730503139,0.7629338620628116,0.5603298611111112
病例4,far,NBI,mmd_fusion,3,1,0.2,0.06413180764227949,0.444737685448753,0.7862437046650516,0.4966701931423611
病例4,far,NBI,mmd_fusion,3,1,0.25,0.09429373951401587,0.40422644070352703,0.7841841106616197,0.4712456597222222
病例4,far,NBI,mmd_fusion,3,1,0.3,0.09766810564216638,0.39613927272041777,0.7851583324441795,0.4671223958333333
病例4,far,NBI,mmd_fusion,3,1,0.35,0.10006220898448545,0.38923973080475804,0.786254261573541,0.4637790256076389
病例4,far,NBI,mmd_fusion,3,1,0.4,0.10172111523743095,0.3848285482685166,0.7868914723555165,0.4615953233506944
病例4,far,NBI,mmd_fusion,3,1,0.45,0.10356853356457481,0.3801157464135578,0.787536020667759,0.4592352973090278
病例4,far,NBI,mmd_fusion,3,1,0.5,0.21869285727750862,0.19948347691669652,0.788884130382309,0.3528374565972222
病例4,far,NBI,mmd_fusion,3,1,0.55,0.22883480686938,0.1868531679454069,0.7876996543649208,0.3446451822916667
病例4,far,NBI,mmd_fusion,3,1,0.6,0.2392218221577092,0.17399664448507926,0.7864255509862361,0.3362833658854167
病例4,far,NBI,mmd_fusion,3,1,0.65,0.2516447678473806,0.15931155390502763,0.7845764654721683,0.3265313042534722
病例4,far,NBI,mmd_fusion,3,1,0.7,0.2675551869097216,0.14262823533847344,0.7812440306827578,0.3148057725694444
病例4,far,NBI,mmd_fusion,3,1,0.75,0.28706618658925104,0.12473843949704978,0.7759096457835972,0.3013509114583333
病例4,far,NBI,mmd_fusion,3,1,0.8,0.31277923350990633,0.10375704563877317,0.7674252152487554,0.2845526801215278
病例4,far,NBI,mmd_fusion,3,1,0.85,0.3585311139178464,0.07355741135219711,0.7480572012698286,0.2572292751736111
病例4,far,NBI,mmd_fusion,3,1,0.9,0.4855694007201161,0.025411427601937903,0.6681602272162624,0.1942070855034722
病例4,far,NBI,mmd_fusion,3,1,0.95,0.9835994495447433,0.0,0.032271825212767266,0.005900065104166667
病例4,near,WLI,mmd_fusion,3,1,0.05,0.0,1.6228764564617983,0.5520475301971167,0.9999254014756944
病例4,near,WLI,mmd_fusion,3,1,0.1,0.0,0.9744196388864182,0.6724000789436612,0.7527126736111112
病例4,near,WLI,mmd_fusion,3,1,0.15,0.007631415102730588,0.6344036289246643,0.7555802362114289,0.62017822265625
病例4,near,WLI,mmd_fusion,3,1,0.2,0.023161078004091434,0.41769990216134484,0.8158889821625479,0.5316433376736112
病例4,near,WLI,mmd_fusion,3,1,0.25,0.04470337098639153,0.35997509561504937,0.8252134026869721,0.5014241536458334
病例4,near,WLI,mmd_fusion,3,1,0.3,0.04783420795161434,0.35202348127723915,0.8264649116028515,0.4971991644965278
病例4,near,WLI,mmd_fusion,3,1,0.35,0.05025349106110469,0.34512140887663434,0.8277134396843343,0.4936455620659722
病例4,near,WLI,mmd_fusion,3,1,0.4,0.05219247531797563,0.3397669661122476,0.8286571899586078,0.4908650716145833
病例4,near,WLI,mmd_fusion,3,1,0.45,0.054291559192386374,0.3342346348839278,0.8295895199225779,0.4879557291666667
病例4,near,WLI,mmd_fusion,3,1,0.5,0.17520234812772392,0.15666637018589344,0.8325133766646026,0.3741658528645833
病例4,near,WLI,mmd_fusion,3,1,0.55,0.18555545672863114,0.14663346082006581,0.8306090237832853,0.36639404296875
病例4,near,WLI,mmd_fusion,3,1,0.6,0.19460997954282666,0.1364404518366984,0.8295163063385586,0.3590562608506944
病例4,near,WLI,mmd_fusion,3,1,0.65,0.2048385662189807,0.12573156630792492,0.8279080966440755,0.35107421875
病例4,near,WLI,mmd_fusion,3,1,0.7,0.21743306946544516,0.11299475229031397,0.8256834242055334,0.3414171006944444
病例4,near,WLI,mmd_fusion,3,1,0.75,0.23223338966468024,0.09949301787779062,0.8223458577844464,0.33062744140625
病例4,near,WLI,mmd_fusion,3,1,0.8,0.2526371964778084,0.08396335497642977,0.8161984691292534,0.3169284396701389
病例4,near,WLI,mmd_fusion,3,1,0.85,0.284603753446589,0.06099795428266477,0.8054476266765417,0.2959865993923611
病例4,near,WLI,mmd_fusion,3,1,0.9,0.385946811349284,0.010424263986480477,0.75600087603947,0.2380710177951389
病例4,near,WLI,mmd_fusion,3,1,0.95,0.958356310593258,0.0,0.07995764738014899,0.015875922309027776
病例4,near,NBI,mmd_fusion,3,1,0.05,0.0,0.8280273728057126,0.707206733297954,1.0
病例4,near,NBI,mmd_fusion,3,1,0.1,0.0775066944361797,0.1792249330556382,0.8778467908897514,0.6026814778645834
病例4,near,NBI,mmd_fusion,3,1,0.15,0.1301571952791828,0.07403550530596052,0.8949560270655832,0.5163370768229166
病例4,near,NBI,mmd_fusion,3,1,0.2,0.18322919765942675,0.023033819299811565,0.8878886298391656,0.4594048394097222
病例4,near,NBI,mmd_fusion,3,1,0.25,0.22656947337102054,0.01643855995239512,0.864231392593841,0.4320882161458333
病例4,near,NBI,mmd_fusion,3,1,0.3,0.2326688485569771,0.014442626202519092,0.8613115324398252,0.4276597764756944
病例4,near,NBI,mmd_fusion,3,1,0.35,0.23766488148368542,0.012930179510066449,0.8588407821223053,0.4240993923611111
病例4,near,NBI,mmd_fusion,3,1,0.4,0.2419542794803134,0.011975602499256173,0.856538518108059,0.4212307400173611
病例4,near,NBI,mmd_fusion,3,1,0.45,0.2462436774769414,0.010921848656153922,0.8542705801351255,0.4183078342013889
病例4,near,NBI,mmd_fusion,3,1,0.5,0.4162823564415353,0.00016116235247446196,0.7370736212639618,0.3194037543402778
病例4,near,NBI,mmd_fusion,3,1,0.55,0.4298199940493901,6.198552018248537e-05,0.7262320190738136,0.3119439019097222
病例4,near,NBI,mmd_fusion,3,1,0.6,0.4425146285827631,0.0,0.7158787898078404,0.3049655490451389
病例4,near,NBI,mmd_fusion,3,1,0.65,0.4562010314390558,0.0,0.704494535408857,0.2974785698784722
病例4,near,NBI,mmd_fusion,3,1,0.7,0.47179658831696913,0.0,0.6912736977872401,0.2889472113715278
病例4,near,NBI,mmd_fusion,3,1,0.75,0.489301299216503,0.0,0.6761092738323176,0.2793714735243056
病例4,near,NBI,mmd_fusion,3,1,0.8,0.5135004462957453,0.0,0.6545572818929215,0.2661336263020833
病例4,near,NBI,mmd_fusion,3,1,0.85,0.5572746206486164,0.0,0.613734790677963,0.2421875
病例4,near,NBI,mmd_fusion,3,1,0.9,0.665426956263017,0.0,0.5013933786641201,0.18302408854166666
病例4,near,NBI,mmd_fusion,3,1,0.95,0.9768670038678965,0.0,0.04521992002902554,0.012654622395833334
病例43,far,WLI,mmd_fusion,3,1,0.05,0.0,4.10715047267041,0.3274849717472766,0.9745619032118056
病例43,far,WLI,mmd_fusion,3,1,0.1,0.13174354964816262,0.5324827635226385,0.7233242539070297,0.2672932942708333
病例43,far,WLI,mmd_fusion,3,1,0.15,0.23231928353116782,0.16227166109886987,0.7955436884250151,0.1774563259548611
病例43,far,WLI,mmd_fusion,3,1,0.2,0.31711564432440115,0.016987703461511124,0.8034538270142723,0.1335517035590278
病例43,far,WLI,mmd_fusion,3,1,0.25,0.3691804676949321,0.001243869500319852,0.7730331206568102,0.12061225043402778
病例43,far,WLI,mmd_fusion,3,1,0.3,0.3767858412111735,0.0006397043144502096,0.7675741924171242,0.1190456814236111
病例43,far,WLI,mmd_fusion,3,1,0.35,0.38247210178406427,0.0004975478001279409,0.763310490246083,0.11793348524305555
病例43,far,WLI,mmd_fusion,3,1,0.4,0.3877318928139882,0.00024877390006397044,0.7593943534684517,0.11688232421875
病例43,far,WLI,mmd_fusion,3,1,0.45,0.392920605586751,0.00021323477148340323,0.7554061822828563,0.11588541666666667
病例43,far,WLI,mmd_fusion,3,1,0.5,0.4955576089274291,0.00014215651432226883,0.6705404383959974,0.0962863498263889
病例43,far,WLI,mmd_fusion,3,1,0.55,0.5056151823157297,0.00010661738574170161,0.6616094359348863,0.0943603515625
病例43,far,WLI,mmd_fusion,3,1,0.6,0.5153173644182245,0.0,0.6529107621585291,0.09248860677083333
病例43,far,WLI,mmd_fusion,3,1,0.65,0.525374937806525,0.0,0.6437230376192521,0.09056939019097222
病例43,far,WLI,mmd_fusion,3,1,0.7,0.5361788328950174,0.0,0.6337128845064611,0.08850775824652778
病例43,far,WLI,mmd_fusion,3,1,0.75,0.5488663017982799,0.0,0.6217672413777876,0.0860866970486111
病例43,far,WLI,mmd_fusion,3,1,0.8,0.5651076835595992,0.0,0.6061671826610373,0.08298746744791667
病例43,far,WLI,mmd_fusion,3,1,0.85,0.5900206126945767,0.0,0.5815395473091154,0.07823350694444445
病例43,far,WLI,mmd_fusion,3,1,0.9,0.6363636363636364,0.0,0.5333333333319433,0.06939019097222222
病例43,far,WLI,mmd_fusion,3,1,0.95,0.8316156087852726,0.0,0.28823457841498895,0.03213161892361111
病例43,far,NBI,mmd_fusion,3,1,0.05,0.0,2.2917959593704653,0.46600537838530565,1.0
病例43,far,NBI,mmd_fusion,3,1,0.1,0.0,1.0017859136064293,0.6662700330936182,0.6081136067708334
病例43,far,NBI,mmd_fusion,3,1,0.15,0.0,0.6945194776202701,0.7422473716035971,0.5147705078125
病例43,far,NBI,mmd_fusion,3,1,0.2,0.0,0.517803326264092,0.7943432193990386,0.4610866970486111
病例43,far,NBI,mmd_fusion,3,1,0.25,0.0,0.4619935260631767,0.8123498209177926,0.4441324869791667
病例43,far,NBI,mmd_fusion,3,1,0.3,0.0,0.451523607545485,0.815819188459955,0.4409518771701389
病例43,far,NBI,mmd_fusion,3,1,0.35,0.00024556312088402726,0.44397812255832125,0.8182191893439865,0.4385850694444444
病例43,far,NBI,mmd_fusion,3,1,0.4,0.002210068087956245,0.4358968634892287,0.819982204609538,0.4355333116319444
病例43,far,NBI,mmd_fusion,3,1,0.45,0.0031030248911708895,0.427681660899654,0.8223259582531629,0.4327663845486111
病例43,far,NBI,mmd_fusion,3,1,0.5,0.06710570376158054,0.2161401942181047,0.8681985332299377,0.34906005859375
病例43,far,NBI,mmd_fusion,3,1,0.55,0.0780667485210403,0.1930126130148454,0.8718268083884442,0.3387044270833333
病例43,far,NBI,mmd_fusion,3,1,0.6,0.08826877999776761,0.17171559325817615,0.8752142979589457,0.3291354709201389
病例43,far,NBI,mmd_fusion,3,1,0.65,0.09978792275923652,0.15111061502399822,0.8776893861061958,0.3193766276041667
病例43,far,NBI,mmd_fusion,3,1,0.7,0.11581649737693939,0.12686683781672062,0.8793250818661493,0.3071424696180556
病例43,far,NBI,mmd_fusion,3,1,0.75,0.13450161848420583,0.09579194106485099,0.8825805864131276,0.2920260959201389
病例43,far,NBI,mmd_fusion,3,1,0.8,0.16419243219109275,0.07052126353387655,0.8768765955443276,0.27532958984375
病例43,far,NBI,mmd_fusion,3,1,0.85,0.2160732224578636,0.03993749302377497,0.8596328029365243,0.2502780490451389
病例43,far,NBI,mmd_fusion,3,1,0.9,0.36513003683446815,0.013416675968300033,0.770339269992862,0.19694010416666666
病例43,far,NBI,mmd_fusion,3,1,0.95,0.9581203259292331,0.0,0.08039253497872256,0.012722439236111112
病例43,near,WLI,mmd_fusion,3,1,0.05,0.0,2.9057538893747847,0.4076845363830125,0.9994032118055556
病例43,near,WLI,mmd_fusion,3,1,0.1,0.001298666878693912,0.6211073122896292,0.7624231142756935,0.4144761827256944
病例43,near,WLI,mmd_fusion,3,1,0.15,0.019639023614534467,0.4230208581802762,0.8158179131461416,0.3590969509548611
病例43,near,WLI,mmd_fusion,3,1,0.2,0.044340197715406426,0.2719779491664679,0.8580028792032718,0.3141276041666667
病例43,near,WLI,mmd_fusion,3,1,0.25,0.06575494951101217,0.2333359836739021,0.8620162621497072,0.2987603081597222
病例43,near,WLI,mmd_fusion,3,1,0.3,0.07015451485515889,0.22671013225199438,0.8623431527966887,0.2959391276041667
病例43,near,WLI,mmd_fusion,3,1,0.35,0.07370597121730142,0.22186000901115793,0.8624093174741371,0.2937893337673611
病例43,near,WLI,mmd_fusion,3,1,0.4,0.07728393098513159,0.21690387214757095,0.8625046451122724,0.2916056315104167
病例43,near,WLI,mmd_fusion,3,1,0.45,0.08080888394158649,0.21192123187829637,0.8626397542552915,0.2894287109375
病例43,near,WLI,mmd_fusion,3,1,0.5,0.1904004664599401,0.1654872651135671,0.819811599258179,0.2495049370659722
病例43,near,WLI,mmd_fusion,3,1,0.55,0.2069650950147094,0.16013357716466567,0.8120496641552181,0.243896484375
病例43,near,WLI,mmd_fusion,3,1,0.6,0.21979274336752272,0.15496541305557765,0.8063438150531304,0.2392917209201389
病例43,near,WLI,mmd_fusion,3,1,0.65,0.23336248707958973,0.1490021467758607,0.8003984559819582,0.23429361979166666
病例43,near,WLI,mmd_fusion,3,1,0.7,0.248204394264663,0.142376295353953,0.7937987099290689,0.22880045572916666
病例43,near,WLI,mmd_fusion,3,1,0.75,0.26638573056637777,0.13341814423153375,0.7858613102409172,0.2218560112847222
病例43,near,WLI,mmd_fusion,3,1,0.8,0.28936418329755376,0.1225517478996051,0.7753007170934894,0.21319580078125
病例43,near,WLI,mmd_fusion,3,1,0.85,0.32191036548196444,0.10217062892581696,0.7617870807331113,0.1996527777777778
病例43,near,WLI,mmd_fusion,3,1,0.9,0.39771010574858867,0.05133709681694098,0.7284471014364937,0.16724989149305555
病例43,near,WLI,mmd_fusion,3,1,0.95,0.8979618881026212,0.0,0.18518073158369164,0.026109483506944444
病例43,near,NBI,mmd_fusion,3,1,0.05,0.0,0.672566070293343,0.7483444552521872,0.9991658528645834
病例43,near,NBI,mmd_fusion,3,1,0.1,0.0,0.24468713105076742,0.8909927679153943,0.7435574001736112
病例43,near,NBI,mmd_fusion,3,1,0.15,0.0007492507492507493,0.15365316501680137,0.9282817896591377,0.6887274848090278
病例43,near,NBI,mmd_fusion,3,1,0.2,0.009376986649713922,0.1011374988647716,0.9471667598321128,0.6522013346354166
病例43,near,NBI,mmd_fusion,3,1,0.25,0.01521206066660612,0.08353010625737899,0.952259679242482,0.6381971571180556
病例43,near,NBI,mmd_fusion,3,1,0.3,0.016006720552175096,0.07873944237580602,0.9540676492273316,0.6348605685763888
病例43,near,NBI,mmd_fusion,3,1,0.35,0.016971664698937426,0.07460721097084734,0.9554931504576721,0.6318155924479166
病例43,near,NBI,mmd_fusion,3,1,0.4,0.0177663245845064,0.07223458359821996,0.9561926022517289,0.6299235026041666
病例43,near,NBI,mmd_fusion,3,1,0.45,0.019037780401416765,0.06982789937335392,0.9566675892604724,0.6277262369791666
病例43,near,NBI,mmd_fusion,3,1,0.5,0.08975115793297611,0.02681409499591318,0.9398237141913944,0.5597873263888888
病例43,near,NBI,mmd_fusion,3,1,0.55,0.0984015984015984,0.02324947779493234,0.9367996414158527,0.552490234375
病例43,near,NBI,mmd_fusion,3,1,0.6,0.10986740532195077,0.019991372264099538,0.9320155236861434,0.5436943901909722
病例43,near,NBI,mmd_fusion,3,1,0.65,0.12336527109254382,0.016313232222323133,0.9262111235046561,0.5334337022569444
病例43,near,NBI,mmd_fusion,3,1,0.7,0.14040504949595858,0.012759967305421852,0.9181965901093068,0.5211317274305556
病例43,near,NBI,mmd_fusion,3,1,0.75,0.1614067750431387,0.009115884115884116,0.9077113067621189,0.50640869140625
病例43,near,NBI,mmd_fusion,3,1,0.8,0.18622286804104987,0.004892834438288984,0.8949145771297073,0.4890611436631944
病例43,near,NBI,mmd_fusion,3,1,0.85,0.24575424575424576,0.0007378984651711924,0.8595473274981018,0.4510158962673611
病例43,near,NBI,mmd_fusion,3,1,0.9,0.422463899736627,0.0,0.7322001698300743,0.3450113932291667
病例43,near,NBI,mmd_fusion,3,1,0.95,1.0,0.0,0.0,0.0
病例45,far,WLI,mmd_fusion,3,1,0.05,0.0,7.627156437037907,0.20774566333048422,0.9970703125
病例45,far,WLI,mmd_fusion,3,1,0.1,0.0004694284708367562,2.477291397723272,0.4465357695225751,0.4018283420138889
病例45,far,WLI,mmd_fusion,3,1,0.15,0.009623283652153503,1.337049642060791,0.5952809226526377,0.2689887152777778
病例45,far,WLI,mmd_fusion,3,1,0.2,0.02658138716113132,0.7306654148574111,0.7199618080404488,0.19694688585069445
病例45,far,WLI,mmd_fusion,3,1,0.25,0.05509916676446427,0.5435394906701091,0.7594321826052645,0.1720241970486111
病例45,far,WLI,mmd_fusion,3,1,0.3,0.058561201736885345,0.5201854242459805,0.7648923744350197,0.16892496744791666
病例45,far,WLI,mmd_fusion,3,1,0.35,0.06149512967961507,0.5048116418260767,0.7682220994722058,0.16680908203125
病例45,far,WLI,mmd_fusion,3,1,0.4,0.06425302194578102,0.4903180377889919,0.77141129519707,0.16481526692708334
病例45,far,WLI,mmd_fusion,3,1,0.45,0.0665414857411102,0.47793686187067247,0.7742061077971184,0.1631198459201389
病例45,far,WLI,mmd_fusion,3,1,0.5,0.16459335758713767,0.18325313930289872,0.8276844369489341,0.11773003472222222
病例45,far,WLI,mmd_fusion,3,1,0.55,0.17521417673981926,0.1662363572350663,0.8285049070147402,0.1145358615451389
病例45,far,WLI,mmd_fusion,3,1,0.6,0.18383992489144466,0.15209482455110904,0.8293235548375836,0.1119045681423611
病例45,far,WLI,mmd_fusion,3,1,0.65,0.19451942260298086,0.13818800610257012,0.8288250211302113,0.10906304253472222
病例45,far,WLI,mmd_fusion,3,1,0.7,0.20631381293275436,0.12257950944724798,0.8283675781583477,0.10589599609375
病例45,far,WLI,mmd_fusion,3,1,0.75,0.22115948832296678,0.10450651332003286,0.8270812562287292,0.10209147135416667
病例45,far,WLI,mmd_fusion,3,1,0.8,0.24005398427414623,0.08109376833704965,0.8255617529854166,0.0972018771701389
病例45,far,WLI,mmd_fusion,3,1,0.85,0.2649923717873489,0.05251731017486211,0.8223746840402377,0.09101698133680555
病例45,far,WLI,mmd_fusion,3,1,0.9,0.332707428705551,0.014904353949067011,0.793358448441491,0.07884385850694445
病例45,far,WLI,mmd_fusion,3,1,0.95,0.7019129210186598,0.0,0.45927131362237017,0.03445095486111111
病例45,far,NBI,mmd_fusion,3,1,0.05,0.0,9.097801520443806,0.18021587395615857,0.9998779296875
病例45,far,NBI,mmd_fusion,3,1,0.1,0.0,6.1882062872406,0.24425373883348034,0.7117716471354166
病例45,far,NBI,mmd_fusion,3,1,0.15,0.0,4.120334223683309,0.3267795396301302,0.5070122612847222
病例45,far,NBI,mmd_fusion,3,1,0.2,0.0,2.8152181357441273,0.41534982291889094,0.3777804904513889
病例45,far,NBI,mmd_fusion,3,1,0.25,0.0,2.4222313540168483,0.4522603726239337,0.3388671875
病例45,far,NBI,mmd_fusion,3,1,0.3,0.0,2.3772344359975346,0.4569095005625596,0.33441162109375
病例45,far,NBI,mmd_fusion,3,1,0.35,0.0,2.3419628792548455,0.4606211650386286,0.3309190538194444
病例45,far,NBI,mmd_fusion,3,1,0.4,0.0,2.3137456338606945,0.4636341986179826,0.328125
病例45,far,NBI,mmd_fusion,3,1,0.45,0.0,2.2842955961920417,0.46682119734558897,0.3252088758680556
病例45,far,NBI,mmd_fusion,3,1,0.5,6.848845969454146e-05,1.1693719608246012,0.6310102647204084,0.21480305989583334
病例45,far,NBI,mmd_fusion,3,1,0.55,0.0006163961372508733,1.0814327785768099,0.6487784274044666,0.20604112413194445
病例45,far,NBI,mmd_fusion,3,1,0.6,0.0014382576535853708,1.0069858228888433,0.6644790812125957,0.19858805338541666
病例45,far,NBI,mmd_fusion,3,1,0.65,0.002671049928087117,0.9271282788850079,0.6820608899281451,0.1905585394965278
病例45,far,NBI,mmd_fusion,3,1,0.7,0.005273611396479693,0.8489144579138416,0.6996146435435944,0.18255615234375
病例45,far,NBI,mmd_fusion,3,1,0.75,0.009519895897541264,0.7683035408533662,0.7180556589937735,0.17415364583333334
病例45,far,NBI,mmd_fusion,3,1,0.8,0.01917676871447161,0.6714608588452846,0.7396064659382854,0.1636081271701389
病例45,far,NBI,mmd_fusion,3,1,0.85,0.03677830285596877,0.5395520854735977,0.769723339625182,0.1488037109375
病例45,far,NBI,mmd_fusion,3,1,0.9,0.07958359016505719,0.33237449489760973,0.8171343446909156,0.1240505642361111
病例45,far,NBI,mmd_fusion,3,1,0.95,0.5246900897198822,0.003629888363810698,0.6427711401285414,0.04742431640625
病例45,near,WLI,mmd_fusion,3,1,0.05,0.0,5.442453118852996,0.2687285990330911,0.99951171875
病例45,near,WLI,mmd_fusion,3,1,0.1,0.0012676487301656685,1.3332167679328584,0.5994883568375212,0.3617892795138889
病例45,near,WLI,mmd_fusion,3,1,0.15,0.008829829085981554,0.6104821436377147,0.7619543667449142,0.24848768446180555
病例45,near,WLI,mmd_fusion,3,1,0.2,0.04209468024653582,0.3118852996459326,0.8440472980764087,0.19700113932291666
病例45,near,WLI,mmd_fusion,3,1,0.25,0.07605892380994012,0.1829348253704594,0.8770721384242888,0.1717258029513889
病例45,near,WLI,mmd_fusion,3,1,0.3,0.08178519910827468,0.17209424312628405,0.8785445420307851,0.1691555447048611
病例45,near,WLI,mmd_fusion,3,1,0.35,0.08571928137430607,0.16418236656904314,0.8797661359841852,0.16731770833333334
病例45,near,WLI,mmd_fusion,3,1,0.4,0.08943480351444683,0.15845609127070856,0.8801892971058666,0.16585286458333334
病例45,near,WLI,mmd_fusion,3,1,0.45,0.09371858198190322,0.15216155964505834,0.8805504236459609,0.1642116970486111
病例45,near,WLI,mmd_fusion,3,1,0.5,0.2735935655898938,0.008174148708309657,0.8375585907947242,0.11396620008680555
病例45,near,WLI,mmd_fusion,3,1,0.55,0.2933951129955851,0.00524544302137518,0.8255451713374559,0.1104397243923611
病例45,near,WLI,mmd_fusion,3,1,0.6,0.31179787559557637,0.003453249989071994,0.8136434108506108,0.10730658637152778
病例45,near,WLI,mmd_fusion,3,1,0.65,0.33208025527822704,0.0019670411330156927,0.7999581173739596,0.10392930772569445
病例45,near,WLI,mmd_fusion,3,1,0.7,0.35734580583118414,0.001223936704987542,0.7818757146255169,0.09989420572916667
病例45,near,WLI,mmd_fusion,3,1,0.75,0.38733225510337893,0.0009179525287406566,0.7593866825574054,0.09519449869791667
病例45,near,WLI,mmd_fusion,3,1,0.8,0.4238317961271146,0.00043712025178126504,0.7308971941867282,0.08945719401041667
病例45,near,WLI,mmd_fusion,3,1,0.85,0.47742273899549764,0.0,0.6864377583811253,0.08107503255208333
病例45,near,WLI,mmd_fusion,3,1,0.9,0.5915111247104078,0.0,0.5800384830222207,0.06337483723958333
病例45,near,WLI,mmd_fusion,3,1,0.95,0.9990383354460812,0.0,0.0019214812873840715,0.00014919704861111112
病例45,near,NBI,mmd_fusion,3,1,0.05,0.0,0.8107822019816604,0.7115457037507503,0.9977010091145834
病例45,near,NBI,mmd_fusion,3,1,0.1,0.0,0.29354421810572956,0.8720128368184481,0.7127143012152778
病例45,near,NBI,mmd_fusion,3,1,0.15,0.0,0.15719121176687798,0.9271315352526077,0.6375868055555556
病例45,near,NBI,mmd_fusion,3,1,0.2,0.0001969351960120623,0.10847436765339405,0.9484549323644244,0.6106363932291666
病例45,near,NBI,mmd_fusion,3,1,0.25,0.0006031140377869408,0.09324881531171149,0.9551515436686007,0.6020236545138888
病例45,near,NBI,mmd_fusion,3,1,0.3,0.0010954520278170965,0.08937165364022401,0.956678572691023,0.5996161566840278
病例45,near,NBI,mmd_fusion,3,1,0.35,0.001366237922333682,0.08651609329804912,0.9578532300712139,0.5978936089409722
病例45,near,NBI,mmd_fusion,3,1,0.4,0.0019078097113668533,0.08412825404640285,0.9586806171301302,0.5962795681423612
病例45,near,NBI,mmd_fusion,3,1,0.45,0.003077112437688473,0.08154347959874454,0.9592870044112402,0.5942111545138888
病例45,near,NBI,mmd_fusion,3,1,0.5,0.01337928487906948,0.049258415902517075,0.9692330945249725,0.5707465277777778
病例45,near,NBI,mmd_fusion,3,1,0.55,0.01698566065604037,0.045356637331528095,0.969264844199782,0.5666097005208334
病例45,near,NBI,mmd_fusion,3,1,0.6,0.019939688596221306,0.04167641085605268,0.9695231833230021,0.5629543728298612
病例45,near,NBI,mmd_fusion,3,1,0.65,0.023656840420948982,0.03807003507908179,0.9693573911921781,0.5589192708333334
病例45,near,NBI,mmd_fusion,3,1,0.7,0.029134100560034463,0.03411902270908979,0.9684520703514727,0.5537245008680556
病例45,near,NBI,mmd_fusion,3,1,0.75,0.03665456335774509,0.02928180195704351,0.9669098343941498,0.5469156901041666
病例45,near,NBI,mmd_fusion,3,1,0.8,0.0488522370607422,0.02295525878515601,0.9636252540739444,0.5367092556423612
病例45,near,NBI,mmd_fusion,3,1,0.85,0.08038648532217367,0.014979383346667487,0.9507049422297611,0.5149400499131944
病例45,near,NBI,mmd_fusion,3,1,0.9,0.2384639054711059,0.00556341928734076,0.8619051599236167,0.4226548936631944
病例45,near,NBI,mmd_fusion,3,1,0.95,0.9987568465751738,0.0,0.002483219826417423,0.0006849500868055555
病例48,far,WLI,mmd_fusion,3,1,0.05,0.0,16.61133797742013,0.10746137663101779,0.9944118923611112
病例48,far,WLI,mmd_fusion,3,1,0.1,0.0,6.511049723756906,0.23498864005159958,0.4241061740451389
病例48,far,WLI,mmd_fusion,3,1,0.15,0.0,4.327528224837858,0.3160791906301538,0.3008151584201389
病例48,far,WLI,mmd_fusion,3,1,0.2,0.0,3.2211145808311312,0.38305997101427836,0.23834228515625
病例48,far,WLI,mmd_fusion,3,1,0.25,0.0,2.84158059092001,0.41308823894119945,0.2169121636284722
病例48,far,WLI,mmd_fusion,3,1,0.3,0.0,2.773000240211386,0.4190236537483165,0.2130398220486111
病例48,far,WLI,mmd_fusion,3,1,0.35,0.0,2.7225558491472497,0.42349949135192394,0.21019151475694445
病例48,far,WLI,mmd_fusion,3,1,0.4,0.00012010569300984866,2.679197693970694,0.42738333589910316,0.2077365451388889
病例48,far,WLI,mmd_fusion,3,1,0.45,0.000720634158059092,2.6369204900312275,0.4310769151047095,0.2053154839409722
病例48,far,WLI,mmd_fusion,3,1,0.5,0.005765073264472736,1.7098246456882056,0.5368352788568844,0.1526828342013889
病例48,far,WLI,mmd_fusion,3,1,0.55,0.009248138361758347,1.589718952678357,0.5534198785664572,0.14570448133680555
病例48,far,WLI,mmd_fusion,3,1,0.6,0.02342061013692049,1.4954359836656257,0.5625432406234864,0.1395806206597222
病例48,far,WLI,mmd_fusion,3,1,0.65,0.039995195772279606,1.4052366082152294,0.5705414183212444,0.1335517035590278
病例48,far,WLI,mmd_fusion,3,1,0.7,0.06629834254143646,1.2971414845063656,0.5779925650536134,0.12596299913194445
病例48,far,WLI,mmd_fusion,3,1,0.75,0.1384818640403555,1.1775162142685562,0.5669683436724223,0.11513264973958333
病例48,far,WLI,mmd_fusion,3,1,0.8,0.2157098246456882,1.0317079029546001,0.5570246523903565,0.1025390625
病例48,far,WLI,mmd_fusion,3,1,0.85,0.29461926495315877,0.8141964929137641,0.5599199160999145,0.08580186631944445
病例48,far,WLI,mmd_fusion,3,1,0.9,0.4760989670910401,0.46649051165025224,0.5264301230960269,0.05592176649305555
病例48,far,WLI,mmd_fusion,3,1,0.95,0.9322603891424454,0.10653374969973577,0.11537281374536797,0.009840223524305556
病例48,far,NBI,mmd_fusion,3,1,0.05,0.0,2.777823324451732,0.41860066063209506,1.0
病例48,far,NBI,mmd_fusion,3,1,0.1,0.0,1.8821223611395779,0.5151821127584423,0.7629055447048612
病例48,far,NBI,mmd_fusion,3,1,0.15,2.5620004099200656e-05,1.2779001844640294,0.6101358428032936,0.6029595269097222
病例48,far,NBI,mmd_fusion,3,1,0.2,0.00025620004099200655,0.8524543963927034,0.7010338911488668,0.4902818467881944
病例48,far,NBI,mmd_fusion,3,1,0.25,0.0004099200655872105,0.6873590899774544,0.744033486845787,0.4465399848090278
病例48,far,NBI,mmd_fusion,3,1,0.3,0.0006148800983808157,0.6674267267882763,0.7494980353721749,0.4412095811631944
病例48,far,NBI,mmd_fusion,3,1,0.35,0.0007173601147776184,0.6529258044681288,0.7535475893772727,0.4373440212673611
病例48,far,NBI,mmd_fusion,3,1,0.4,0.000896700143472023,0.6394496823119492,0.7573115314398209,0.4337293836805556
病例48,far,NBI,mmd_fusion,3,1,0.45,0.0010760401721664275,0.6236933797909407,0.7617763710599595,0.4295111762152778
病例48,far,NBI,mmd_fusion,3,1,0.5,0.0018446402951424472,0.344358475097356,0.8522087211391377,0.3553670247395833
病例48,far,NBI,mmd_fusion,3,1,0.55,0.004637220741955318,0.3196607911457266,0.8599158919866535,0.3480902777777778
病例48,far,NBI,mmd_fusion,3,1,0.6,0.013219922115187539,0.29585980733756917,0.8645954925014988,0.3395182291666667
病例48,far,NBI,mmd_fusion,3,1,0.65,0.025876204140192663,0.2655513424882148,0.869879545635537,0.3281453450520833
病例48,far,NBI,mmd_fusion,3,1,0.7,0.04170936667349867,0.24075117852018857,0.8715528992335447,0.3173895941840278
病例48,far,NBI,mmd_fusion,3,1,0.75,0.07388809182209469,0.21272289403566305,0.8659966699796773,0.30145263671875
病例48,far,NBI,mmd_fusion,3,1,0.8,0.14477864316458292,0.16855400696864112,0.8451741948541053,0.27099609375
病例48,far,NBI,mmd_fusion,3,1,0.85,0.2653720024595204,0.10655359704857553,0.7979962429544312,0.2226630316840278
病例48,far,NBI,mmd_fusion,3,1,0.9,0.56346075015372,0.025953064152490265,0.5969798892849187,0.12242296006944445
病例48,far,NBI,mmd_fusion,3,1,0.95,1.0,0.0,0.0,0.0
病例48,near,WLI,mmd_fusion,3,1,0.05,0.008414084619372333,1.918730310643219,0.5071640542935849,0.9898817274305556
病例48,near,WLI,mmd_fusion,3,1,0.1,0.07660405949675,0.6206683415081549,0.7259218621413646,0.5251803927951388
病例48,near,WLI,mmd_fusion,3,1,0.15,0.11666068508992304,0.3908561630179049,0.776836752585677,0.4333902994791667
病例48,near,WLI,mmd_fusion,3,1,0.2,0.1346054153208119,0.31251744626550226,0.7947011379546148,0.4006415473090278
病例48,near,WLI,mmd_fusion,3,1,0.25,0.1402679746381146,0.279419388284085,0.8038066121703433,0.3874579535590278
病例48,near,WLI,mmd_fusion,3,1,0.3,0.1422020177852215,0.2697890497268413,0.806357596033244,0.3835245768229167
病例48,near,WLI,mmd_fusion,3,1,0.35,0.14369741197112892,0.262989990828249,0.8081022852350546,0.3807033962673611
病例48,near,WLI,mmd_fusion,3,1,0.4,0.14483391155241854,0.258144913665909,0.8093139983575877,0.3786688910590278
病例48,near,WLI,mmd_fusion,3,1,0.45,0.1461697970251625,0.2532599593252781,0.8104353750500947,0.3765530056423611
病例48,near,WLI,mmd_fusion,3,1,0.5,0.1829764325876301,0.16305778203134347,0.8252424251570097,0.3333536783854167
病例48,near,WLI,mmd_fusion,3,1,0.55,0.18947641264904094,0.15259002272999161,0.8257531130016599,0.3275824652777778
病例48,near,WLI,mmd_fusion,3,1,0.6,0.19623559436934243,0.1434382103122383,0.8255580585697055,0.3221706814236111
病例48,near,WLI,mmd_fusion,3,1,0.65,0.2034334250508434,0.13506400287115683,0.82476078407,0.3168741861979167
病例48,near,WLI,mmd_fusion,3,1,0.7,0.211767755313634,0.12551341867049487,0.8237586214073225,0.310791015625
病例48,near,WLI,mmd_fusion,3,1,0.75,0.22243490050644016,0.11386928260956254,0.8221962198108618,0.3032023111979167
病例48,near,WLI,mmd_fusion,3,1,0.8,0.23653148303226063,0.10088926107588626,0.8190150259335661,0.2939927842881944
病例48,near,WLI,mmd_fusion,3,1,0.85,0.2627307891693584,0.08178809267456234,0.8106058114927597,0.2785847981770833
病例48,near,WLI,mmd_fusion,3,1,0.9,0.3484467839055708,0.0568249790644814,0.7627739781975645,0.2409396701388889
病例48,near,WLI,mmd_fusion,3,1,0.95,0.8701997846632372,0.003150297084978267,0.229136602019941,0.045220269097222224
病例48,near,NBI,mmd_fusion,3,1,0.05,0.0,0.4604207523622749,0.8128690989453632,0.99993896484375
病例48,near,NBI,mmd_fusion,3,1,0.1,0.0001683801826429746,0.058081258295200174,0.9716947985999145,0.7243448893229166
病例48,near,NBI,mmd_fusion,3,1,0.15,0.0006339018640676691,0.04819635110239496,0.9761520079714326,0.7172580295138888
病例48,near,NBI,mmd_fusion,3,1,0.2,0.0034171272359897783,0.04351142013826984,0.9769968733609534,0.7121446397569444
病例48,near,NBI,mmd_fusion,3,1,0.25,0.004912739446524435,0.04004476931914978,0.977909291335041,0.7087470160590278
病例48,near,NBI,mmd_fusion,3,1,0.3,0.006061686575147085,0.03777658921178265,0.9784230180469671,0.7064073350694444
病例48,near,NBI,mmd_fusion,3,1,0.35,0.006863968621857728,0.03555793268754581,0.979089058250385,0.7043389214409722
病例48,near,NBI,mmd_fusion,3,1,0.4,0.008052534616984608,0.03391374972762029,0.9792847189962699,0.7023993598090278
病例48,near,NBI,mmd_fusion,3,1,0.45,0.009875002476179156,0.03237851865058141,0.979108307703883,0.7001003689236112
病例48,near,NBI,mmd_fusion,3,1,0.5,0.040886670232364655,0.01762049087775599,0.9704021044715168,0.66876220703125
病例48,near,NBI,mmd_fusion,3,1,0.55,0.04684930964125116,0.015342406053762803,0.968406434439971,0.6631198459201388
病例48,near,NBI,mmd_fusion,3,1,0.6,0.054188704661159645,0.01316336839603019,0.9656187115101649,0.6566026475694444
病例48,near,NBI,mmd_fusion,3,1,0.65,0.0644103722192508,0.010994235454923635,0.9612631086185074,0.6481187608506944
病例48,near,NBI,mmd_fusion,3,1,0.7,0.07688041045145698,0.008438818565400843,0.9558288122899096,0.6378309461805556
病例48,near,NBI,mmd_fusion,3,1,0.75,0.09781898139894217,0.005308928111566728,0.9459352801889327,0.6213514539930556
病例48,near,NBI,mmd_fusion,3,1,0.8,0.1354866187278382,0.002020562191715695,0.9263302007434763,0.5933091905381944
病例48,near,NBI,mmd_fusion,3,1,0.85,0.2212119411263644,7.923773300845863e-05,0.875599951001194,0.5332845052083334
病例48,near,NBI,mmd_fusion,3,1,0.9,0.41004536360214733,0.0,0.742102476249343,0.4039374457465278
病例48,near,NBI,mmd_fusion,3,1,0.95,0.9989897189041421,0.0,0.0020185229161699333,0.0006917317708333334
病例49,far,WLI,mmd_fusion,3,1,0.05,0.0,13.153868304856978,0.13197950251142881,0.9999932183159722
病例49,far,WLI,mmd_fusion,3,1,0.1,0.01526204645805337,2.464388558264542,0.442665746153389,0.2436862521701389
病例49,far,WLI,mmd_fusion,3,1,0.15,0.11787291226722979,1.110961796889998,0.5894426271548027,0.1408148871527778
病例49,far,WLI,mmd_fusion,3,1,0.2,0.26569399116913034,0.3585141101938952,0.7017382928922545,0.07720947265625
病例49,far,WLI,mmd_fusion,3,1,0.25,0.3410443463236706,0.30908043770397386,0.6696580988115414,0.0683932834201389
病例49,far,WLI,mmd_fusion,3,1,0.3,0.35016317911307354,0.2879631407179881,0.6706954626477576,0.0662570529513889
病例49,far,WLI,mmd_fusion,3,1,0.35,0.3571702822038779,0.2732770205413707,0.6709748522158552,0.0647243923611111
病例49,far,WLI,mmd_fusion,3,1,0.4,0.36244960645037433,0.26185448262622385,0.6713159490566438,0.06354437934027778
病例49,far,WLI,mmd_fusion,3,1,0.45,0.3677289306968708,0.24764830101746976,0.6726576461543392,0.06216769748263889
病例49,far,WLI,mmd_fusion,3,1,0.5,0.6999424073718564,0.11163371088500672,0.4251036921165084,0.029086642795138888
病例49,far,WLI,mmd_fusion,3,1,0.55,0.7310424265693991,0.08926857362257631,0.3960424028240562,0.025309244791666668
病例49,far,WLI,mmd_fusion,3,1,0.6,0.7656939911691304,0.07093492033019773,0.35902338578938797,0.021565755208333332
病例49,far,WLI,mmd_fusion,3,1,0.65,0.8033211748896141,0.046842004223459396,0.3163257429539458,0.017205132378472224
病例49,far,WLI,mmd_fusion,3,1,0.7,0.8393165674793627,0.01737377615665195,0.2727939379102681,0.012580023871527778
病例49,far,WLI,mmd_fusion,3,1,0.75,0.8778076406220003,0.003167594547897869,0.21716137836730498,0.008856879340277778
病例49,far,WLI,mmd_fusion,3,1,0.8,0.9177385294682281,0.0,0.15201773835785348,0.005811903211805556
病例49,far,WLI,mmd_fusion,3,1,0.85,0.9730274524860818,0.0,0.05252827366994552,0.0019056532118055555
病例49,far,WLI,mmd_fusion,3,1,0.9,1.0,0.0,0.0,0.0
病例49,far,WLI,mmd_fusion,3,1,0.95,1.0,0.0,0.0,0.0
病例49,far,NBI,mmd_fusion,3,1,0.05,0.0,1.9352071182594501,0.5082324614424849,1.0
病例49,far,NBI,mmd_fusion,3,1,0.1,0.0,1.1233951071919104,0.6403288509332481,0.7234225802951388
病例49,far,NBI,mmd_fusion,3,1,0.15,0.0,0.9092501542687661,0.68746236794523,0.6504652235243056
病例49,far,NBI,mmd_fusion,3,1,0.2,0.0,0.7589824233134941,0.7249049443369011,0.5992702907986112
病例49,far,NBI,mmd_fusion,3,1,0.25,0.0,0.687322093277863,0.744235313288783,0.5748562282986112
病例49,far,NBI,mmd_fusion,3,1,0.3,0.0,0.6711786133726139,0.7487331584589627,0.5693562825520834
病例49,far,NBI,mmd_fusion,3,1,0.35,0.0,0.659414375858431,0.7520452691216742,0.5653483072916666
病例49,far,NBI,mmd_fusion,3,1,0.4,0.0,0.6499990047176384,0.7547172645868978,0.5621405707465278
病例49,far,NBI,mmd_fusion,3,1,0.45,0.0,0.6388916535621155,0.757893942822088,0.5583563910590278
病例49,far,NBI,mmd_fusion,3,1,0.5,0.001930847781515616,0.4141170850170193,0.8275224663925635,0.4811197916666667
病例49,far,NBI,mmd_fusion,3,1,0.55,0.0035830165017815556,0.39689870016123574,0.8326665724045539,0.4746907552083333
病例49,far,NBI,mmd_fusion,3,1,0.6,0.0048370722774051,0.3803372016641121,0.837855502856728,0.4686211480034722
病例49,far,NBI,mmd_fusion,3,1,0.65,0.00638971276151044,0.3609690069072596,0.8439811644552284,0.4614935980902778
病例49,far,NBI,mmd_fusion,3,1,0.7,0.007683579831598225,0.33777892788184005,0.8517388964343424,0.4531521267361111
病例49,far,NBI,mmd_fusion,3,1,0.75,0.011764237514182773,0.30722375938053625,0.8610352333126416,0.4413519965277778
病例49,far,NBI,mmd_fusion,3,1,0.8,0.02245357007783108,0.2684873698668312,0.8704645762794277,0.4245130750868056
病例49,far,NBI,mmd_fusion,3,1,0.85,0.049684495491370904,0.20825288134243686,0.8805053485790478,0.39471435546875
病例49,far,NBI,mmd_fusion,3,1,0.9,0.30025678284929436,0.09596512530604932,0.7793506335138959,0.2710910373263889
病例49,far,NBI,mmd_fusion,3,1,0.95,1.0,0.0,0.0,0.0
病例49,near,WLI,mmd_fusion,3,1,0.05,0.0,0.5856562981147109,0.7734980095604488,0.9987453884548612
病例49,near,WLI,mmd_fusion,3,1,0.1,0.0,0.2367216856702951,0.8941657841528381,0.7789645724826388
病例49,near,WLI,mmd_fusion,3,1,0.15,0.0,0.16999903097645272,0.9216593977459293,0.7369384765625
病例49,near,WLI,mmd_fusion,3,1,0.2,1.076692830302443e-05,0.10921972070587982,0.948212581100809,0.6986490885416666
病例49,near,WLI,mmd_fusion,3,1,0.25,0.002680965147453083,0.08289458100498509,0.9588621353590201,0.6803860134548612
病例49,near,WLI,mmd_fusion,3,1,0.3,0.003079341494664987,0.07713427436286702,0.9613252211465586,0.6765068901909722
病例49,near,WLI,mmd_fusion,3,1,0.35,0.003477717841876891,0.07484091863432281,0.9621898098569709,0.6748114691840278
病例49,near,WLI,mmd_fusion,3,1,0.4,0.0040483650419371854,0.07251526212086953,0.9629853263438898,0.6729871961805556
病例49,near,WLI,mmd_fusion,3,1,0.45,0.004974320875997287,0.07037264338856768,0.9635194027978379,0.6710544162326388
病例49,near,WLI,mmd_fusion,3,1,0.5,0.05045382602797248,0.035735435037738086,0.956585876444133,0.6205919053819444
病例49,near,WLI,mmd_fusion,3,1,0.55,0.05999332450445213,0.031148723580649677,0.9537621193494722,0.6116943359375
病例49,near,WLI,mmd_fusion,3,1,0.6,0.06982353004511344,0.027466434101015322,0.9503024969745076,0.6031833224826388
病例49,near,WLI,mmd_fusion,3,1,0.65,0.08231316687662177,0.024236355610107993,0.945131958305087,0.5932820638020834
病例49,near,WLI,mmd_fusion,3,1,0.7,0.09868966482552192,0.020747870839928077,0.9378595636215792,0.5807698567708334
病例49,near,WLI,mmd_fusion,3,1,0.75,0.11845774518987479,0.017237852213142113,0.9285353807415079,0.5661078559027778
病例49,near,WLI,mmd_fusion,3,1,0.8,0.14073451984883234,0.011789786491811751,0.9184822014288814,0.54864501953125
病例49,near,WLI,mmd_fusion,3,1,0.85,0.1792370554604477,0.007483015170601979,0.8978692830467851,0.5216810438368056
病例49,near,WLI,mmd_fusion,3,1,0.9,0.28486062211311736,0.002153385660604886,0.8328683298113237,0.4517957899305556
病例49,near,WLI,mmd_fusion,3,1,0.95,0.9999784661433939,0.0,4.3066785818061064e-05,1.3563368055555555e-05
病例49,near,NBI,mmd_fusion,3,1,0.05,0.0,0.3527080581241744,0.8500842223466646,1.0
病例49,near,NBI,mmd_fusion,3,1,0.1,0.00011925730221635109,0.14759467195068252,0.9312150778322492,0.8482801649305556
病例49,near,NBI,mmd_fusion,3,1,0.15,0.0016145603992367532,0.11271649787171584,0.9458429475893981,0.8213907877604166
病例49,near,NBI,mmd_fusion,3,1,0.2,0.005036327608982827,0.08002164978717158,0.9590079137004469,0.7946912977430556
病例49,near,NBI,mmd_fusion,3,1,0.25,0.009843314252164979,0.06142668428005284,0.9652609786303081,0.7773912217881944
病例49,near,NBI,mmd_fusion,3,1,0.3,0.011503742844561867,0.05505100543079407,0.9674317548242,0.7714504665798612
病例49,near,NBI,mmd_fusion,3,1,0.35,0.013228386907382945,0.05013393512402759,0.9688928521561667,0.76654052734375
病例49,near,NBI,mmd_fusion,3,1,0.4,0.014595259063554968,0.04690481432555409,0.9697388258443383,0.7631429036458334
病例49,near,NBI,mmd_fusion,3,1,0.45,0.017182225157786585,0.04343717892264788,0.9700830322617146,0.7586669921875
病例49,near,NBI,mmd_fusion,3,1,0.5,0.11673455159254367,0.009531410538676061,0.9332913294232863,0.6600070529513888
病例49,near,NBI,mmd_fusion,3,1,0.55,0.13115551152209012,0.007458168207837957,0.9261240294912648,0.6478135850694444
病例49,near,NBI,mmd_fusion,3,1,0.6,0.1456223396447967,0.005751871422280934,0.9186216828011586,0.6358574761284722
病例49,near,NBI,mmd_fusion,3,1,0.65,0.1640980478496991,0.004201526493468369,0.9085379837072833,0.6210530598958334
病例49,near,NBI,mmd_fusion,3,1,0.7,0.18878430940848379,0.00269704975781594,0.8944373922142231,0.6016913519965278
病例49,near,NBI,mmd_fusion,3,1,0.75,0.21578232790253926,0.0013393512402759431,0.8784011508421299,0.5807291666666666
病例49,near,NBI,mmd_fusion,3,1,0.8,0.2528530016145604,0.0002568618816967562,0.8551509074391382,0.5525241427951388
病例49,near,NBI,mmd_fusion,3,1,0.85,0.3291042859239689,1.8347277264054014e-05,0.8030283897812142,0.4959784613715278
病例49,near,NBI,mmd_fusion,3,1,0.9,0.6089920005871129,0.0,0.562193746660932,0.2890557183159722
病例49,near,NBI,mmd_fusion,3,1,0.95,1.0,0.0,0.0,0.0
病例50,far,WLI,mmd_fusion,3,1,0.05,0.0,2.643219688529055,0.4307355960218462,0.9978976779513888
病例50,far,WLI,mmd_fusion,3,1,0.1,0.0025997177449305505,0.7172497462180296,0.7348278944193514,0.4696519639756944
病例50,far,WLI,mmd_fusion,3,1,0.15,0.01554878803634653,0.4173661145361361,0.8197552753916524,0.3839653862847222
病例50,far,WLI,mmd_fusion,3,1,0.2,0.047339622174354404,0.31857684022877514,0.8388911296906905,0.3481987847222222
病例50,far,WLI,mmd_fusion,3,1,0.25,0.08289385723835697,0.2831959196811013,0.8336184003231382,0.3287692599826389
病例50,far,WLI,mmd_fusion,3,1,0.3,0.08678105424744362,0.27299512243432617,0.8354341498761759,0.3249104817708333
病例50,far,WLI,mmd_fusion,3,1,0.35,0.08955408650870286,0.2648988586001139,0.8370589574313259,0.3219333224826389
病例50,far,WLI,mmd_fusion,3,1,0.4,0.09200524895392309,0.2586100175790438,0.838172946163349,0.3195393880208333
病例50,far,WLI,mmd_fusion,3,1,0.45,0.09532298398078685,0.2521231028250266,0.8389066822779684,0.3168538411458333
病例50,far,WLI,mmd_fusion,3,1,0.5,0.23320706132857957,0.13112481121097327,0.8080360054780406,0.2459445529513889
病例50,far,WLI,mmd_fusion,3,1,0.55,0.24595805788704844,0.12228577087820941,0.8037422640951087,0.24003092447916666
病例50,far,WLI,mmd_fusion,3,1,0.6,0.25900616504493795,0.11478372824283839,0.7985804437436813,0.2344021267361111
病例50,far,WLI,mmd_fusion,3,1,0.65,0.2737131397162594,0.10614276164302161,0.7927036886896464,0.22800699869791666
病例50,far,WLI,mmd_fusion,3,1,0.7,0.2906484438832355,0.0959419643962465,0.7858573113520231,0.2205742730034722
病例50,far,WLI,mmd_fusion,3,1,0.75,0.31053009482779964,0.08281957958850182,0.7780556292860143,0.21153428819444445
病例50,far,WLI,mmd_fusion,3,1,0.8,0.3334076109831885,0.06595855307138082,0.7694923973922924,0.2006496853298611
病例50,far,WLI,mmd_fusion,3,1,0.85,0.37153680457550325,0.0419668721681646,0.7524567566354626,0.18363444010416666
病例50,far,WLI,mmd_fusion,3,1,0.9,0.46190794523261286,0.01842085716407933,0.6914071199047316,0.1524319118923611
病例50,far,WLI,mmd_fusion,3,1,0.95,0.8802149100002475,0.0,0.2139429986507751,0.03280978732638889
病例50,far,NBI,mmd_fusion,3,1,0.05,0.0,3.6522260436058436,0.35384289031777316,0.9999118381076388
病例50,far,NBI,mmd_fusion,3,1,0.1,0.0022717950336036347,0.8839491370334143,0.6924635110417365,0.4044325086805556
病例50,far,NBI,mmd_fusion,3,1,0.15,0.039440886000063104,0.6853563878458966,0.7260693800151138,0.353759765625
病例50,far,NBI,mmd_fusion,3,1,0.2,0.11513583441138421,0.5228914902344366,0.735011597582546,0.3025716145833333
病例50,far,NBI,mmd_fusion,3,1,0.25,0.15889944151705424,0.45726185593033164,0.7319129073875897,0.2790595160590278
病例50,far,NBI,mmd_fusion,3,1,0.3,0.16379011138106206,0.4468179093175149,0.7325446403881744,0.2757636176215278
病例50,far,NBI,mmd_fusion,3,1,0.35,0.16716625122266746,0.43627930457829805,0.7340610442873753,0.2727728949652778
病例50,far,NBI,mmd_fusion,3,1,0.4,0.1699428895970719,0.42801249487268483,0.7351917836921188,0.2703993055555556
病例50,far,NBI,mmd_fusion,3,1,0.45,0.17290884422427666,0.42078692455747324,0.7358861345824992,0.2682088216145833
病例50,far,NBI,mmd_fusion,3,1,0.5,0.30811220143249296,0.23951661250118322,0.7164608246737298,0.2001885308159722
病例50,far,NBI,mmd_fusion,3,1,0.55,0.32272110560691636,0.2151263685987442,0.7157863145246168,0.1918063693576389
病例50,far,NBI,mmd_fusion,3,1,0.6,0.33789795853974064,0.19376518474111,0.7135230711674767,0.1839531792534722
病例50,far,NBI,mmd_fusion,3,1,0.65,0.35484176316536775,0.17297194964187676,0.7096942140142486,0.17584228515625
病例50,far,NBI,mmd_fusion,3,1,0.7,0.37740194995740384,0.1503171047234405,0.7023438751344527,0.16612413194444445
病例50,far,NBI,mmd_fusion,3,1,0.75,0.4067459691414508,0.12911368440980658,0.6888819682329329,0.15525987413194445
病例50,far,NBI,mmd_fusion,3,1,0.8,0.4503518127031206,0.0978765026977566,0.667241214209198,0.13917371961805555
病例50,far,NBI,mmd_fusion,3,1,0.85,0.5633105102073013,0.06559808159530496,0.5813660421730207,0.10795762803819445
病例50,far,NBI,mmd_fusion,3,1,0.9,0.7876502697756602,0.020509260720032816,0.3444834028604292,0.050048828125
病例50,far,NBI,mmd_fusion,3,1,0.95,1.0,0.0,0.0,0.0
病例50,near,WLI,mmd_fusion,3,1,0.05,0.0,4.073318424221572,0.3293092606543531,1.0
病例50,near,WLI,mmd_fusion,3,1,0.1,0.0,1.5455014622398073,0.5640950994657311,0.5017428927951388
病例50,near,WLI,mmd_fusion,3,1,0.15,0.0,1.1548942026492344,0.6339356794653762,0.4247504340277778
病例50,near,WLI,mmd_fusion,3,1,0.2,0.0,1.0502322380870464,0.655687778466352,0.4041205512152778
病例50,near,WLI,mmd_fusion,3,1,0.25,0.0,1.008188542921039,0.6648519437733295,0.3958333333333333
病例50,near,WLI,mmd_fusion,3,1,0.3,0.0,0.9941510407706864,0.6679689744318668,0.39306640625
病例50,near,WLI,mmd_fusion,3,1,0.35,0.0,0.9804231894030621,0.6710456444939498,0.3903605143229167
病例50,near,WLI,mmd_fusion,3,1,0.4,0.00020643385515224498,0.9710648546361603,0.6730671237310962,0.3884752061631944
病例50,near,WLI,mmd_fusion,3,1,0.45,0.0015482539136418372,0.9622914157921899,0.6744602226501099,0.3864813910590278
病例50,near,WLI,mmd_fusion,3,1,0.5,0.0037158093927404092,0.7217615688972991,0.7330886075940087,0.3386433919270833
病例50,near,WLI,mmd_fusion,3,1,0.55,0.006433855152244968,0.6969551006365043,0.7385677749351169,0.3332180447048611
病例50,near,WLI,mmd_fusion,3,1,0.6,0.010184070187510752,0.6736968862893514,0.7432409739704925,0.3278944227430556
病例50,near,WLI,mmd_fusion,3,1,0.65,0.01902632031653191,0.6489248236710821,0.7460163792868129,0.3212687174479167
病例50,near,WLI,mmd_fusion,3,1,0.7,0.03371752967486668,0.6190607259590573,0.7475080845843958,0.3124864366319444
病例50,near,WLI,mmd_fusion,3,1,0.75,0.05030104937209703,0.5857216583519698,0.7491450903751437,0.3026462131076389
病例50,near,WLI,mmd_fusion,3,1,0.8,0.07424737656975744,0.5468432822982969,0.7488102858086594,0.2902628580729167
病例50,near,WLI,mmd_fusion,3,1,0.85,0.10184070187510752,0.49059005676931017,0.7519912428513272,0.2737358940972222
病例50,near,WLI,mmd_fusion,3,1,0.9,0.15651126784792707,0.38142095303629797,0.7582228957570968,0.24144151475694445
病例50,near,WLI,mmd_fusion,3,1,0.95,0.6507827283674522,0.08525718217787717,0.4868922840752959,0.08563910590277778
病例50,near,NBI,mmd_fusion,3,1,0.05,0.0,1.1013795956800252,0.6448743013544427,0.9988878038194444
病例50,near,NBI,mmd_fusion,3,1,0.1,0.0,0.6200619177378626,0.7633407388042541,0.7700941297743056
病例50,near,NBI,mmd_fusion,3,1,0.15,0.0,0.4471487880387485,0.8172776456317236,0.6879001193576388
病例50,near,NBI,mmd_fusion,3,1,0.2,1.4266759876164524e-05,0.3282068109511649,0.8590232244617568,0.6313544379340278
病例50,near,NBI,mmd_fusion,3,1,0.25,0.0006562709543035682,0.27534846560997533,0.8786628198689923,0.6059231228298612
病例50,near,NBI,mmd_fusion,3,1,0.3,0.0013125419086071363,0.26774428259597965,0.8812861558212014,0.6019965277777778
病例50,near,NBI,mmd_fusion,3,1,0.35,0.0021114804616723494,0.26250838172142726,0.8829321248684767,0.5991278754340278
病例50,near,NBI,mmd_fusion,3,1,0.4,0.0030388198536230437,0.2586278230351105,0.8839918786086843,0.5968424479166666
病例50,near,NBI,mmd_fusion,3,1,0.45,0.005364301713437861,0.25491846546730773,0.8842958434271844,0.5939737955729166
病例50,near,NBI,mmd_fusion,3,1,0.5,0.11079565719829369,0.12841510564535688,0.8814391073455276,0.4837239583333333
病例50,near,NBI,mmd_fusion,3,1,0.55,0.13623329005749504,0.11159459575135891,0.8745404776859037,0.4636366102430556
病例50,near,NBI,mmd_fusion,3,1,0.6,0.17298446349849486,0.10105146020287332,0.8578701237192492,0.4411553276909722
病例50,near,NBI,mmd_fusion,3,1,0.65,0.2134592612671736,0.08893898106800964,0.8387621902045986,0.4161580403645833
病例50,near,NBI,mmd_fusion,3,1,0.7,0.26644600744724867,0.07418715135605553,0.8115697261456779,0.3839586046006944
病例50,near,NBI,mmd_fusion,3,1,0.75,0.3289914827443539,0.05786597805772331,0.7762373949920152,0.3464694552951389
病例50,near,NBI,mmd_fusion,3,1,0.8,0.3832907708330361,0.04368481874081577,0.7428468319836892,0.3139173719618056
病例50,near,NBI,mmd_fusion,3,1,0.85,0.45578017776382806,0.02589416917523861,0.6932233267298842,0.2710028754340278
病例50,near,NBI,mmd_fusion,3,1,0.9,0.6515058565049292,0.004494029360991825,0.5151473612057624,0.1677924262152778
病例50,near,NBI,mmd_fusion,3,1,0.95,1.0,0.0,0.0,0.0
病例60,far,WLI,mmd_fusion,3,1,0.05,0.0,34.502408477842,0.05479090513199251,0.9996609157986112
病例60,far,WLI,mmd_fusion,3,1,0.1,0.24036608863198458,2.9486994219653178,0.3226763517298958,0.10441758897569445
病例60,far,WLI,mmd_fusion,3,1,0.15,0.4099229287090559,0.27432562620423895,0.6329931533311847,0.024339463975694444
病例60,far,WLI,mmd_fusion,3,1,0.2,0.5105973025048169,0.0871868978805395,0.620837152450033,0.0162353515625
病例60,far,WLI,mmd_fusion,3,1,0.25,0.536849710982659,0.07658959537572255,0.6015954950633255,0.01519775390625
病例60,far,WLI,mmd_fusion,3,1,0.3,0.549373795761079,0.06864161849710983,0.5932149651142483,0.014621310763888888
病例60,far,WLI,mmd_fusion,3,1,0.35,0.5575626204238922,0.06478805394990365,0.5870885266764607,0.0142822265625
病例60,far,WLI,mmd_fusion,3,1,0.4,0.5667148362235067,0.06021194605009634,0.580228995313978,0.013895670572916666
病例60,far,WLI,mmd_fusion,3,1,0.45,0.5736994219653179,0.05394990366088632,0.5759843800752362,0.013522677951388888
病例60,far,WLI,mmd_fusion,3,1,0.5,0.664980732177264,0.027697495183044315,0.49169317779265304,0.010213216145833334
病例60,far,WLI,mmd_fusion,3,1,0.55,0.6844894026974951,0.020953757225433526,0.47215714542310044,0.009474012586805556
病例60,far,WLI,mmd_fusion,3,1,0.6,0.7013487475915221,0.016618497109826588,0.4541292803432681,0.008877224392361112
病例60,far,WLI,mmd_fusion,3,1,0.65,0.7210982658959537,0.013728323699421965,0.4315259921663588,0.00823974609375
病例60,far,WLI,mmd_fusion,3,1,0.7,0.7422928709055877,0.011319845857418112,0.40614917440868953,0.007575141059027778
病例60,far,WLI,mmd_fusion,3,1,0.75,0.7685452793834296,0.00939306358381503,0.37305900620393906,0.006781684027777778
病例60,far,WLI,mmd_fusion,3,1,0.8,0.8005780346820809,0.004335260115606936,0.331332533006576,0.0057373046875
病例60,far,WLI,mmd_fusion,3,1,0.85,0.8554913294797688,0.0009633911368015414,0.25231286795096064,0.004096137152777778
病例60,far,WLI,mmd_fusion,3,1,0.9,0.9489402697495183,0.0,0.09715857011693038,0.001437717013888889
病例60,far,WLI,mmd_fusion,3,1,0.95,1.0,0.0,0.0,0.0
病例60,far,NBI,mmd_fusion,3,1,0.05,0.0,1.772840203274986,0.5301046140949508,0.99908447265625
病例60,far,NBI,mmd_fusion,3,1,0.1,0.0,0.4152079804253717,0.8280860349120729,0.5099148220486112
病例60,far,NBI,mmd_fusion,3,1,0.15,0.0,0.1855072463768116,0.9151193633944373,0.4271511501736111
病例60,far,NBI,mmd_fusion,3,1,0.2,0.0,0.13073593073593073,0.9386428281178218,0.4074164496527778
病例60,far,NBI,mmd_fusion,3,1,0.25,0.0,0.11609260304912479,0.9451382217944416,0.4021402994791667
病例60,far,NBI,mmd_fusion,3,1,0.3,0.0,0.10685111989459815,0.9492839722335338,0.3988104926215278
病例60,far,NBI,mmd_fusion,3,1,0.35,0.0,0.09975531714662149,0.9524919325914732,0.3962537977430556
病例60,far,NBI,mmd_fusion,3,1,0.4,0.0,0.09431582909843779,0.9549658042068868,0.3942938910590278
病例60,far,NBI,mmd_fusion,3,1,0.45,9.410878976096367e-05,0.08848108413325804,0.957586791159597,0.3921576605902778
病例60,far,NBI,mmd_fusion,3,1,0.5,0.003105590062111801,0.03619424054206663,0.9806698883510334,0.3722330729166667
病例60,far,NBI,mmd_fusion,3,1,0.55,0.005533596837944664,0.03098061358930924,0.9819722707495614,0.3694797092013889
病例60,far,NBI,mmd_fusion,3,1,0.6,0.007340485601355167,0.02580463015245624,0.9835790415969792,0.3669637044270833
病例60,far,NBI,mmd_fusion,3,1,0.65,0.010653115000941089,0.019461697722567287,0.9850086200425521,0.3634847005208333
病例60,far,NBI,mmd_fusion,3,1,0.7,0.015509128552606813,0.01328816111424807,0.9855853479292028,0.3595106336805556
病例60,far,NBI,mmd_fusion,3,1,0.75,0.022209674383587428,0.007415772633163937,0.9850768909864184,0.35498046875
病例60,far,NBI,mmd_fusion,3,1,0.8,0.03530961791831357,0.0025974025974025974,0.9807313292885893,0.3485243055555556
病例60,far,NBI,mmd_fusion,3,1,0.85,0.07169207603990213,0.0004329004329004329,0.962605148622126,0.3346354166666667
病例60,far,NBI,mmd_fusion,3,1,0.9,0.21006964050442312,0.0,0.882638092933803,0.2846204969618056
病例60,far,NBI,mmd_fusion,3,1,0.95,0.8875211744776962,0.0,0.2022129733018607,0.04052734375
病例60,near,WLI,mmd_fusion,3,1,0.05,0.00011445576284765938,4.476135973446263,0.3087962390199839,0.973388671875
病例60,near,WLI,mmd_fusion,3,1,0.1,0.012323070466597993,0.7287398420510472,0.7271910112349337,0.3051011827256944
病例60,near,WLI,mmd_fusion,3,1,0.15,0.03174239822975087,0.2822097592613788,0.8604946852681769,0.22227647569444445
病例60,near,WLI,mmd_fusion,3,1,0.2,0.055663652664911675,0.14627446491930868,0.9034071208261338,0.19386121961805555
病例60,near,WLI,mmd_fusion,3,1,0.25,0.062187631147228264,0.11937736065010873,0.9117412510878661,0.1879204644097222
病例60,near,WLI,mmd_fusion,3,1,0.3,0.06607912708404869,0.10625309984357713,0.9155306217841692,0.18489583333333334
病例60,near,WLI,mmd_fusion,3,1,0.35,0.07000877494181831,0.09770706955095189,0.9172875743190387,0.18267822265625
病例60,near,WLI,mmd_fusion,3,1,0.4,0.07302277669680668,0.0911830910686353,0.9186358652483674,0.18098280164930555
病例60,near,WLI,mmd_fusion,3,1,0.45,0.07557895540040441,0.08412498569302965,0.9204877863447926,0.17927381727430555
病例60,near,WLI,mmd_fusion,3,1,0.5,0.11617259929037427,0.031017511731715693,0.9231320980256562,0.16261800130208334
病例60,near,WLI,mmd_fusion,3,1,0.55,0.12841936591507383,0.02571439471977414,0.9187613110779835,0.15949842664930555
病例60,near,WLI,mmd_fusion,3,1,0.6,0.14028461333028117,0.021593987257258404,0.9139542901159702,0.15665690104166666
病例60,near,WLI,mmd_fusion,3,1,0.65,0.15512571057952768,0.017244668269047348,0.9074332076690145,0.15324571397569445
病例60,near,WLI,mmd_fusion,3,1,0.7,0.17416351913318837,0.012742741597039411,0.8983420140671529,0.14906141493055555
病例60,near,WLI,mmd_fusion,3,1,0.75,0.19770325435885697,0.007744839952691618,0.8864953733935744,0.1439887152777778
病例60,near,WLI,mmd_fusion,3,1,0.8,0.22853000648582655,0.0032429132806836825,0.8694025839996788,0.13770887586805555
病例60,near,WLI,mmd_fusion,3,1,0.85,0.2765632749608943,0.0010301018656289345,0.8390265486707101,0.1287773980034722
病例60,near,WLI,mmd_fusion,3,1,0.9,0.38197703254358856,0.0002670634466445386,0.7637975340057906,0.10990397135416667
病例60,near,WLI,mmd_fusion,3,1,0.95,0.8300331921712258,0.0,0.29054979455980384,0.03021240234375
病例60,near,NBI,mmd_fusion,3,1,0.05,0.0,0.24155623141275684,0.8922372644378116,0.9994099934895834
病例60,near,NBI,mmd_fusion,3,1,0.1,0.036226694861706696,0.017835328609821646,0.9727181126728883,0.7901611328125
病例60,near,NBI,mmd_fusion,3,1,0.15,0.10113145235347144,0.007995147307851082,0.9427716831827733,0.7299940321180556
病例60,near,NBI,mmd_fusion,3,1,0.2,0.1454880915271658,0.0061585381264901385,0.9184989314300184,0.69281005859375
病例60,near,NBI,mmd_fusion,3,1,0.25,0.1506188024971145,0.00499591396581211,0.916082486404047,0.687744140625
病例60,near,NBI,mmd_fusion,3,1,0.3,0.15339056589467298,0.0039765116220292,0.9149636481997483,0.6846923828125
病例60,near,NBI,mmd_fusion,3,1,0.35,0.1558927352839583,0.001962981372738991,0.9144909480059535,0.6810574001736112
病例60,near,NBI,mmd_fusion,3,1,0.4,0.15819270916703876,0.00045493988896096784,0.9138843285113646,0.6779920789930556
病例60,near,NBI,mmd_fusion,3,1,0.45,0.16100659662838993,0.00010952256586097375,0.912394180378517,0.6754489474826388
病例60,near,NBI,mmd_fusion,3,1,0.5,0.22442016226189374,6.739850206829153e-05,0.8735742346886216,0.6243693033854166
病例60,near,NBI,mmd_fusion,3,1,0.55,0.23815260705830812,8.424812758536441e-06,0.8648237673753916,0.6132676866319444
病例60,near,NBI,mmd_fusion,3,1,0.6,0.2537637850998762,0.0,0.8546795771755826,0.6006944444444444
病例60,near,NBI,mmd_fusion,3,1,0.65,0.27210460247521,0.0,0.8425225260361769,0.5859307183159722
病例60,near,NBI,mmd_fusion,3,1,0.7,0.29705889786599493,0.0,0.8255612613410779,0.5658433702256944
病例60,near,NBI,mmd_fusion,3,1,0.75,0.3266889643377676,0.0,0.8047649496262632,0.5419921875
病例60,near,NBI,mmd_fusion,3,1,0.8,0.37013572373354003,0.0,0.7729039594744274,0.50701904296875
病例60,near,NBI,mmd_fusion,3,1,0.85,0.4441140045662485,0.0,0.7145587749550764,0.4474690755208333
病例60,near,NBI,mmd_fusion,3,1,0.9,0.6124754627328408,0.0,0.5585840493029184,0.3119439019097222
病例60,near,NBI,mmd_fusion,3,1,0.95,1.0,0.0,0.0,0.0
病例65,far,WLI,mmd_fusion,3,1,0.05,0.0,10.14174549893195,0.1647209620869317,0.9904378255208334
病例65,far,WLI,mmd_fusion,3,1,0.1,0.0,2.6775251754653646,0.42757653352400377,0.3269110785590278
病例65,far,WLI,mmd_fusion,3,1,0.15,0.0,1.9633048519987795,0.504629362282719,0.2634209526909722
病例65,far,WLI,mmd_fusion,3,1,0.2,0.0,1.3382667073542875,0.5991133049942887,0.2078586154513889
病例65,far,WLI,mmd_fusion,3,1,0.25,0.0,1.1243515410436375,0.6401328319562433,0.1888427734375
病例65,far,WLI,mmd_fusion,3,1,0.3,0.0,1.0924626182483979,0.6467337675136996,0.1860080295138889
病例65,far,WLI,mmd_fusion,3,1,0.35,0.0,1.0675923100396705,0.6519771201177519,0.18379720052083334
病例65,far,WLI,mmd_fusion,3,1,0.4,0.0,1.04485810192249,0.6568450591284405,0.18177625868055555
病例65,far,WLI,mmd_fusion,3,1,0.45,0.0,1.024183704607873,0.6613354859850625,0.1799384223090278
病例65,far,WLI,mmd_fusion,3,1,0.5,0.0025938358254501068,0.6945376869087581,0.74103043699841,0.15040418836805555
病例65,far,WLI,mmd_fusion,3,1,0.55,0.003967043027158987,0.6636405248703082,0.748988899404099,0.14753553602430555
病例65,far,WLI,mmd_fusion,3,1,0.6,0.005569118095819347,0.6356423558132438,0.7562001450304389,0.1449042426215278
病例65,far,WLI,mmd_fusion,3,1,0.65,0.00869697894415624,0.6068050045773573,0.7630960770473247,0.1420627170138889
病例65,far,WLI,mmd_fusion,3,1,0.7,0.01464754348489472,0.5762129996948429,0.7693361527212993,0.13881429036458334
病例65,far,WLI,mmd_fusion,3,1,0.75,0.025022886786695148,0.5415013732072017,0.7748741890475508,0.13480631510416666
病例65,far,WLI,mmd_fusion,3,1,0.8,0.040509612450411965,0.49816905706438813,0.7808163898780667,0.12957763671875
病例65,far,WLI,mmd_fusion,3,1,0.85,0.08445224290509612,0.44186756179432407,0.7767386168707267,0.12066650390625
病例65,far,WLI,mmd_fusion,3,1,0.9,0.20254806225205982,0.3558895331095514,0.7406646354398757,0.10252549913194445
病例65,far,WLI,mmd_fusion,3,1,0.95,0.8272047604516326,0.007705218187366494,0.2927491275669332,0.016045464409722224
病例65,far,NBI,mmd_fusion,3,1,0.05,0.0,5.950777934936351,0.2515477122321144,0.9997965494791666
病例65,far,NBI,mmd_fusion,3,1,0.1,0.0,1.7005657708628006,0.5404578985583451,0.3884480794270833
病例65,far,NBI,mmd_fusion,3,1,0.15,0.0,1.076096181046676,0.6501747287096895,0.2986246744791667
病例65,far,NBI,mmd_fusion,3,1,0.2,0.01107967939651108,0.8565299387081565,0.6950888123000147,0.2654486762152778
病例65,far,NBI,mmd_fusion,3,1,0.25,0.018528995756718528,0.7789250353606789,0.7111088337761988,0.2532145182291667
病例65,far,NBI,mmd_fusion,3,1,0.3,0.01904761904761905,0.7624233851956624,0.7151425576147333,0.2507663302951389
病例65,far,NBI,mmd_fusion,3,1,0.35,0.019613389910419613,0.749080622347949,0.7183721412272536,0.24876573350694445
病例65,far,NBI,mmd_fusion,3,1,0.4,0.019943422913719942,0.7360678925035361,0.7216580742579777,0.24684651692708334
病例65,far,NBI,mmd_fusion,3,1,0.45,0.02050919377652051,0.727015558698727,0.7238045466410177,0.24546305338541666
病例65,far,NBI,mmd_fusion,3,1,0.5,0.050165016501650166,0.4364450730787364,0.7960800584814256,0.19940185546875
病例65,far,NBI,mmd_fusion,3,1,0.55,0.055162659123055166,0.4115040075436115,0.801952859256469,0.1950954861111111
病例65,far,NBI,mmd_fusion,3,1,0.6,0.06162187647336162,0.38764733616218766,0.8068511198929627,0.19073486328125
病例65,far,NBI,mmd_fusion,3,1,0.65,0.06958981612446959,0.36327204148986325,0.8112808074147232,0.18608262803819445
病例65,far,NBI,mmd_fusion,3,1,0.7,0.0784064120697784,0.3384252710985384,0.8155627412103565,0.1812405056423611
病例65,far,NBI,mmd_fusion,3,1,0.75,0.09005186232909006,0.30763790664780766,0.820665461888337,0.1751369900173611
病例65,far,NBI,mmd_fusion,3,1,0.8,0.1066949552098067,0.2705799151343706,0.825649294054328,0.1674126519097222
病例65,far,NBI,mmd_fusion,3,1,0.85,0.1421970768505422,0.2107967939651108,0.8293561253542351,0.15370686848958334
病例65,far,NBI,mmd_fusion,3,1,0.9,0.2541725601131542,0.10763790664780763,0.8047924297903826,0.12276204427083333
病例65,far,NBI,mmd_fusion,3,1,0.95,0.8932107496463932,0.0,0.19297124600556775,0.015360514322916666
病例65,near,WLI,mmd_fusion,3,1,0.05,0.0,5.827115644357505,0.2555219688673683,0.9940931532118056
病例65,near,WLI,mmd_fusion,3,1,0.1,0.0,1.0560756369055937,0.6544340643420845,0.2993842230902778
病例65,near,WLI,mmd_fusion,3,1,0.15,0.0,0.5104093894089703,0.7966828073675875,0.21993001302083334
病例65,near,WLI,mmd_fusion,3,1,0.2,0.0,0.4129756415630385,0.8288521299372139,0.2057427300347222
病例65,near,WLI,mmd_fusion,3,1,0.25,0.00023287224628568766,0.35815751478738767,0.8480060046993738,0.1977267795138889
病例65,near,WLI,mmd_fusion,3,1,0.3,0.0009314889851427506,0.34800428484933166,0.8513315077174836,0.19614664713541666
病例65,near,WLI,mmd_fusion,3,1,0.35,0.0019095524195426388,0.339993479577104,0.8537678532283146,0.19483778211805555
病例65,near,WLI,mmd_fusion,3,1,0.4,0.0026547436076568395,0.33421824786921894,0.8555162701487076,0.19388834635416666
病例65,near,WLI,mmd_fusion,3,1,0.45,0.00451772157794234,0.3254156769596199,0.8578423502952764,0.19233534071180555
病例65,near,WLI,mmd_fusion,3,1,0.5,0.005262912766056542,0.24949932467048577,0.8864815506560277,0.18117268880208334
病例65,near,WLI,mmd_fusion,3,1,0.55,0.006473848446742117,0.23249965069163056,0.8926456742318388,0.1785210503472222
病例65,near,WLI,mmd_fusion,3,1,0.6,0.007451911881142005,0.21768897582786084,0.8981372218457137,0.17622205946180555
病例65,near,WLI,mmd_fusion,3,1,0.65,0.00870942201108472,0.2027385776163197,0.9036257111299489,0.1738620334201389
病例65,near,WLI,mmd_fusion,3,1,0.7,0.009920357691770295,0.18708956266592147,0.9095109741990555,0.17140706380208334
病例65,near,WLI,mmd_fusion,3,1,0.75,0.013320292487541335,0.1690186763541521,0.9154153613461912,0.1682807074652778
病例65,near,WLI,mmd_fusion,3,1,0.8,0.02305435238228308,0.14987657770946858,0.9186904631535778,0.16407606336805555
病例65,near,WLI,mmd_fusion,3,1,0.85,0.04163755763588096,0.12663592753015696,0.9192932293856652,0.1579861111111111
病例65,near,WLI,mmd_fusion,3,1,0.9,0.09198453728284663,0.0872339434586186,0.9101774042929267,0.14491780598958334
病例65,near,WLI,mmd_fusion,3,1,0.95,0.5646686227935355,0.0,0.6065935492225109,0.0633884006076389
病例65,near,NBI,mmd_fusion,3,1,0.05,0.0,0.6931644639391886,0.7426208190322784,1.0
病例65,near,NBI,mmd_fusion,3,1,0.1,0.0,0.3682095327768145,0.8445198671478851,0.8080783420138888
病例65,near,NBI,mmd_fusion,3,1,0.15,0.005706805681544167,0.2303505609204377,0.8938898122240434,0.7232869466145834
病例65,near,NBI,mmd_fusion,3,1,0.2,0.04446026478659762,0.15856193089827647,0.9039676289270815,0.6579996744791666
病例65,near,NBI,mmd_fusion,3,1,0.25,0.07075520444602648,0.1288911343568074,0.9029965242322331,0.6249457465277778
病例65,near,NBI,mmd_fusion,3,1,0.3,0.07376362112321877,0.12209349056712099,0.9043820457763714,0.6191541883680556
病例65,near,NBI,mmd_fusion,3,1,0.35,0.07585343728829129,0.11653595746879629,0.905723015287498,0.6146375868055556
病例65,near,NBI,mmd_fusion,3,1,0.4,0.07771360332533385,0.11157551470334945,0.906931184968465,0.6106092664930556
病例65,near,NBI,mmd_fusion,3,1,0.45,0.07974600695839888,0.10521420615691993,0.9086827365694751,0.60565185546875
病例65,near,NBI,mmd_fusion,3,1,0.5,0.18527024078815924,0.04853655455912917,0.8745177790097526,0.5098537868923612
病例65,near,NBI,mmd_fusion,3,1,0.55,0.19474330856939454,0.04381724442811377,0.8709837674026162,0.5014716254340278
病例65,near,NBI,mmd_fusion,3,1,0.6,0.20433120141464478,0.03924720688031784,0.8672536467225691,0.4931098090277778
病例65,near,NBI,mmd_fusion,3,1,0.65,0.21479176474640885,0.035526874806232706,0.8625178159246859,0.4847344292534722
病例65,near,NBI,mmd_fusion,3,1,0.7,0.2261249985646867,0.030830529688020303,0.8576191385118931,0.4752671983506944
病例65,near,NBI,mmd_fusion,3,1,0.75,0.23919209084959064,0.02492852139765068,0.8520942913355032,0.4640638563368056
病例65,near,NBI,mmd_fusion,3,1,0.8,0.2594013021162259,0.016293676583724697,0.8430780492262767,0.4470282660590278
病例65,near,NBI,mmd_fusion,3,1,0.85,0.2981088311956734,0.003892569670107591,0.8229544613100718,0.4168429904513889
病例65,near,NBI,mmd_fusion,3,1,0.9,0.40897243050213,0.00035595769844641687,0.742784576309785,0.3492770724826389
病例65,near,NBI,mmd_fusion,3,1,0.95,0.9995636647567431,0.0,0.0008722898756976915,0.00025770399305555556
病例66,far,WLI,mmd_fusion,3,1,0.05,0.0,41.43273150844496,0.04604822055941343,0.9881863064236112
病例66,far,WLI,mmd_fusion,3,1,0.1,0.0,12.134828188701222,0.14149446836535262,0.3058878580729167
病例66,far,WLI,mmd_fusion,3,1,0.15,0.0,9.458066394874782,0.17454952092872505,0.24355061848958334
病例66,far,WLI,mmd_fusion,3,1,0.2,0.0,7.463308095515434,0.2113425854687776,0.19709608289930555
病例66,far,WLI,mmd_fusion,3,1,0.25,0.0005824111822947001,4.716074548631334,0.2976453753076725,0.13310411241319445
病例66,far,WLI,mmd_fusion,3,1,0.3,0.0008736167734420501,4.605998835177635,0.3025306410356118,0.13053385416666666
病例66,far,WLI,mmd_fusion,3,1,0.35,0.0017472335468841002,4.543098427489808,0.30521301695986636,0.12904866536458334
病例66,far,WLI,mmd_fusion,3,1,0.4,0.0026208503203261502,4.497087944088526,0.3071473410442689,0.1279568142361111
病例66,far,WLI,mmd_fusion,3,1,0.45,0.0034944670937682005,4.451368666278393,0.30909583596644796,0.12687174479166666
病例66,far,WLI,mmd_fusion,3,1,0.5,0.004659289458357601,2.6118229470005825,0.43208393906559583,0.08400472005208333
病例66,far,WLI,mmd_fusion,3,1,0.55,0.007571345369831101,2.509027373325568,0.4409367317865122,0.08154296875
病例66,far,WLI,mmd_fusion,3,1,0.6,0.011939429237041351,2.428654630168899,0.44741873804676324,0.07956949869791667
病例66,far,WLI,mmd_fusion,3,1,0.65,0.015142690739662202,2.3363424577751895,0.4558258642734967,0.07734510633680555
病例66,far,WLI,mmd_fusion,3,1,0.7,0.025043680838672103,2.229761211415259,0.46374402659142777,0.07463243272569445
病例66,far,WLI,mmd_fusion,3,1,0.75,0.0343622597553873,2.1004659289458356,0.47496956241155214,0.07140435112847222
病例66,far,WLI,mmd_fusion,3,1,0.8,0.0489225393127548,1.943506115317414,0.48841034843361436,0.0674099392361111
病例66,far,WLI,mmd_fusion,3,1,0.85,0.07367501456027956,1.7379149679673849,0.5056027974210792,0.06204562717013889
病例66,far,WLI,mmd_fusion,3,1,0.9,0.12085032032615026,1.3194525334886429,0.5497086671472168,0.051201714409722224
病例66,far,WLI,mmd_fusion,3,1,0.95,0.8590564938846826,0.13599301106581246,0.2207525655593899,0.006449381510416667
病例66,far,NBI,mmd_fusion,3,1,0.05,0.0,21.322365428354814,0.08575459492488459,0.9983723958333334
病例66,far,NBI,mmd_fusion,3,1,0.1,0.0,3.398786959818044,0.37045358797817596,0.19673665364583334
病例66,far,NBI,mmd_fusion,3,1,0.15,0.12266868840030326,1.5000758150113722,0.5195294962713498,0.10633002387152778
病例66,far,NBI,mmd_fusion,3,1,0.2,0.2485216072782411,0.19727065959059895,0.7712418300593585,0.04243299696180555
病例66,far,NBI,mmd_fusion,3,1,0.25,0.2993176648976497,0.06383623957543594,0.7941909426759973,0.03419325086805555
病例66,far,NBI,mmd_fusion,3,1,0.3,0.311144806671721,0.05276724791508719,0.7910499738743596,0.03316921657986111
病例66,far,NBI,mmd_fusion,3,1,0.35,0.32054586808188024,0.043366186504927975,0.7887695828129838,0.032328287760416664
病例66,far,NBI,mmd_fusion,3,1,0.4,0.3294920394238059,0.03730098559514784,0.7852259611046326,0.031656901041666664
病例66,far,NBI,mmd_fusion,3,1,0.45,0.3366186504927976,0.0313874147081122,0.7828576541041168,0.031073676215277776
病例66,far,NBI,mmd_fusion,3,1,0.5,0.5457164518574678,0.00667172100075815,0.6218993253697779,0.020616319444444444
病例66,far,NBI,mmd_fusion,3,1,0.55,0.5693707354056103,0.0034874905231235785,0.6005497991055133,0.019415961371527776
病例66,far,NBI,mmd_fusion,3,1,0.6,0.5893858984078848,0.0018195602729340408,0.5814278046099686,0.018446180555555556
病例66,far,NBI,mmd_fusion,3,1,0.65,0.6118271417740713,0.00030326004548900684,0.5591350879047817,0.017374674479166668
病例66,far,NBI,mmd_fusion,3,1,0.7,0.6369977255496588,0.0,0.5326510179048543,0.0162353515625
病例66,far,NBI,mmd_fusion,3,1,0.75,0.6679302501895376,0.0,0.49857712008538896,0.014851888020833334
病例66,far,NBI,mmd_fusion,3,1,0.8,0.7049279757391964,0.0,0.4556843460899697,0.013197157118055556
病例66,far,NBI,mmd_fusion,3,1,0.85,0.7523881728582259,0.0,0.3969372873067946,0.011074490017361112
病例66,far,NBI,mmd_fusion,3,1,0.9,0.8336618650492797,0.0,0.2852314092526621,0.007439507378472222
病例66,far,NBI,mmd_fusion,3,1,0.95,1.0,0.0,0.0,0.0
病例66,near,WLI,mmd_fusion,3,1,0.05,0.0,4.944599589322382,0.28799356597519354,0.9816555447048612
病例66,near,WLI,mmd_fusion,3,1,0.1,0.0,1.3033675564681726,0.6054427688742675,0.3803643120659722
病例66,near,WLI,mmd_fusion,3,1,0.15,0.0,1.1225051334702258,0.6405113569099726,0.3504977756076389
病例66,near,WLI,mmd_fusion,3,1,0.2,0.0,1.0317043121149898,0.6596949418863487,0.3355034722222222
病例66,near,WLI,mmd_fusion,3,1,0.25,0.0008624229979466119,0.9717864476386037,0.672610654943639,0.3254665798611111
病例66,near,WLI,mmd_fusion,3,1,0.3,0.0015605749486652977,0.9532238193018481,0.6765266511754393,0.3222859700520833
病例66,near,WLI,mmd_fusion,3,1,0.35,0.0023408624229979465,0.9409856262833676,0.6789926770631687,0.3201361762152778
病例66,near,WLI,mmd_fusion,3,1,0.4,0.003655030800821355,0.9283367556468173,0.6813356549080525,0.3178304036458333
病例66,near,WLI,mmd_fusion,3,1,0.45,0.004681724845995893,0.915482546201232,0.6838793419669236,0.3155381944444444
病例66,near,WLI,mmd_fusion,3,1,0.5,0.09137577002053388,0.382135523613963,0.7932950878436835,0.21314832899305555
病例66,near,WLI,mmd_fusion,3,1,0.55,0.10677618069815195,0.3462012320328542,0.7977260223715428,0.20467122395833334
病例66,near,WLI,mmd_fusion,3,1,0.6,0.12353182751540041,0.31802874743326487,0.7987873343798211,0.19725206163194445
病例66,near,WLI,mmd_fusion,3,1,0.65,0.1428747433264887,0.28739219712525665,0.7993642160883981,0.1889987521701389
病例66,near,WLI,mmd_fusion,3,1,0.7,0.16636550308008213,0.2539219712525667,0.7986701290509941,0.1795925564236111
病例66,near,WLI,mmd_fusion,3,1,0.75,0.19790554414784395,0.21457905544147843,0.7954628762253177,0.16788736979166666
病例66,near,WLI,mmd_fusion,3,1,0.8,0.24234086242299796,0.16763860369609856,0.787056590088123,0.1527981228298611
病例66,near,WLI,mmd_fusion,3,1,0.85,0.3153182751540041,0.12069815195071869,0.7584904801966322,0.13299560546875
病例66,near,WLI,mmd_fusion,3,1,0.9,0.5043942505133471,0.045092402464065706,0.6433521697391956,0.08928765190972222
病例66,near,WLI,mmd_fusion,3,1,0.95,0.9981930184804928,0.0,0.0036074444535393645,0.00029839409722222225
病例66,near,NBI,mmd_fusion,3,1,0.05,0.0,4.075938037865749,0.3291672804322067,1.0
病例66,near,NBI,mmd_fusion,3,1,0.1,0.0,2.2994148020654044,0.46517958654224634,0.6500108506944444
病例66,near,NBI,mmd_fusion,3,1,0.15,0.00034423407917383823,1.9951462994836489,0.500478246257615,0.5899997287326388
病例66,near,NBI,mmd_fusion,3,1,0.2,0.0007573149741824441,1.7571772805507746,0.5320186210178036,0.5430365668402778
病例66,near,NBI,mmd_fusion,3,1,0.25,0.001135972461273666,1.7129087779690189,0.5382139909294164,0.53424072265625
病例66,near,NBI,mmd_fusion,3,1,0.3,0.0014802065404475042,1.698106712564544,0.5402329890950113,0.5312567816840278
病例66,near,NBI,mmd_fusion,3,1,0.35,0.0017555938037865748,1.6849913941480206,0.5420475149063141,0.5286187065972222
病例66,near,NBI,mmd_fusion,3,1,0.4,0.002237521514629948,1.6769018932874356,0.543049583602148,0.5269300672743056
病例66,near,NBI,mmd_fusion,3,1,0.45,0.0035111876075731496,1.6671600688468158,0.5439870711924908,0.5247599283854166
病例66,near,NBI,mmd_fusion,3,1,0.5,0.01810671256454389,1.48960413080895,0.5656886174099719,0.4869045681423611
病例66,near,NBI,mmd_fusion,3,1,0.55,0.022616179001721172,1.4523924268502582,0.5699402820288353,0.4786851671006944
病例66,near,NBI,mmd_fusion,3,1,0.6,0.027228915662650604,1.4102925989672979,0.5750829280199281,0.469482421875
病例66,near,NBI,mmd_fusion,3,1,0.65,0.034561101549053355,1.3683304647160068,0.5791875761512306,0.4597710503472222
病例66,near,NBI,mmd_fusion,3,1,0.7,0.0423407917383821,1.316867469879518,0.5849145860703444,0.4480997721354167
病例66,near,NBI,mmd_fusion,3,1,0.75,0.05635111876075732,1.2429259896729776,0.5922653127356678,0.4307725694444444
病例66,near,NBI,mmd_fusion,3,1,0.8,0.07793459552495698,1.1535972461273667,0.5995881273217089,0.4089219835069444
病例66,near,NBI,mmd_fusion,3,1,0.85,0.12240963855421687,1.0210327022375214,0.6055222373961101,0.3740437825520833
病例66,near,NBI,mmd_fusion,3,1,0.9,0.36561101549053354,0.5790705679862307,0.5732103699778025,0.23906114366319445
病例66,near,NBI,mmd_fusion,3,1,0.95,1.0,0.0,0.0,0.0
病例68,far,WLI,mmd_fusion,3,1,0.05,0.0,7.413228328482566,0.21246695928400922,0.9997897677951388
病例68,far,WLI,mmd_fusion,3,1,0.1,0.0,1.8217770929635337,0.5233167584994202,0.3353271484375
病例68,far,WLI,mmd_fusion,3,1,0.15,0.0,0.9084631627004508,0.6876483861460068,0.22679307725694445
病例68,far,WLI,mmd_fusion,3,1,0.2,0.014951777663642071,0.6485761570507333,0.7480552124623544,0.19413248697916666
病例68,far,WLI,mmd_fusion,3,1,0.25,0.04365690806368772,0.5385493351595046,0.7666407429416564,0.1776462131076389
病例68,far,WLI,mmd_fusion,3,1,0.3,0.047080979284369114,0.524681846715745,0.7692272256114955,0.1755913628472222
病例68,far,WLI,mmd_fusion,3,1,0.35,0.04930662557781202,0.5149803115904811,0.7711428968181013,0.17417399088541666
病例68,far,WLI,mmd_fusion,3,1,0.4,0.05130400045654283,0.5055070478799293,0.7731194047185836,0.17281087239583334
病例68,far,WLI,mmd_fusion,3,1,0.45,0.05358671460366376,0.497517548365006,0.774500875654934,0.17159016927083334
病例68,far,WLI,mmd_fusion,3,1,0.5,0.1888945956742567,0.23860069622781488,0.7914358103383038,0.12474229600694445
病例68,far,WLI,mmd_fusion,3,1,0.55,0.19916680933630085,0.21936882953832107,0.7928248587548226,0.12123616536458333
病例68,far,WLI,mmd_fusion,3,1,0.6,0.20898248016892085,0.20281915197169434,0.7934627053615162,0.11810302734375
病例68,far,WLI,mmd_fusion,3,1,0.65,0.22011071163613535,0.18432916738001484,0.7940962840268627,0.11458333333333333
病例68,far,WLI,mmd_fusion,3,1,0.7,0.23295097871369058,0.16492609712948697,0.7940568322774442,0.1107516818576389
病例68,far,WLI,mmd_fusion,3,1,0.75,0.24870170632882496,0.14409633053700852,0.7927618703495837,0.10640462239583333
病例68,far,WLI,mmd_fusion,3,1,0.8,0.2713005763853221,0.1221822747246476,0.7874078870262159,0.10111490885416667
病例68,far,WLI,mmd_fusion,3,1,0.85,0.3138161273754494,0.09273526222678766,0.7714615680714376,0.0925632052951389
病例68,far,WLI,mmd_fusion,3,1,0.9,0.41767962106945156,0.04645323289391086,0.7150415192154618,0.07472059461805555
病例68,far,WLI,mmd_fusion,3,1,0.95,0.9985733036580494,0.0,0.00284932755867991,0.00016954210069444444
病例68,far,NBI,mmd_fusion,3,1,0.05,0.0,8.40330715699419,0.19224655869688165,0.9988335503472222
病例68,far,NBI,mmd_fusion,3,1,0.1,0.0,0.7013343548490072,0.7403748434195827,0.1807183159722222
病例68,far,NBI,mmd_fusion,3,1,0.15,0.0,0.5512992402477176,0.7839143164565854,0.16478135850694445
病例68,far,NBI,mmd_fusion,3,1,0.2,0.0,0.4677903339079359,0.8104416216055405,0.1559109157986111
病例68,far,NBI,mmd_fusion,3,1,0.25,0.0,0.4360595032880036,0.8209980081748061,0.15254041883680555
病例68,far,NBI,mmd_fusion,3,1,0.3,0.0,0.42048138926131645,0.8262819160138577,0.1508856879340278
病例68,far,NBI,mmd_fusion,3,1,0.35,0.0,0.409117027389389,0.8301796788020613,0.14967854817708334
病例68,far,NBI,mmd_fusion,3,1,0.4,0.0,0.3994764732171359,0.8335151531255262,0.1486545138888889
病例68,far,NBI,mmd_fusion,3,1,0.45,0.0,0.3877928876971206,0.8375935828854609,0.14741346571180555
病例68,far,NBI,mmd_fusion,3,1,0.5,0.010279001468428781,0.16912468875694311,0.9168983261343914,0.12309434678819445
病例68,far,NBI,mmd_fusion,3,1,0.55,0.014684287812041116,0.14684287812041116,0.9242424242396567,0.12025960286458333
病例68,far,NBI,mmd_fusion,3,1,0.6,0.01966417672221158,0.12979633531251994,0.9291700704942992,0.117919921875
病例68,far,NBI,mmd_fusion,3,1,0.65,0.02515482346932261,0.11096214007533678,0.9347413529203099,0.11533610026041667
病例68,far,NBI,mmd_fusion,3,1,0.7,0.032816191023431016,0.09046798186809679,0.9400850165970397,0.11234537760416667
病例68,far,NBI,mmd_fusion,3,1,0.75,0.04571282640618017,0.07067611568665007,0.9425229372231215,0.10887315538194445
病例68,far,NBI,mmd_fusion,3,1,0.8,0.06722850028730128,0.04430824235459363,0.9435851067234682,0.1037868923611111
病例68,far,NBI,mmd_fusion,3,1,0.85,0.10719530102790015,0.019025729426035882,0.933978961426168,0.09685601128472222
病例68,far,NBI,mmd_fusion,3,1,0.9,0.21253910489689076,0.0,0.8810944029685999,0.0836452907986111
病例68,far,NBI,mmd_fusion,3,1,0.95,0.7255315073740662,0.0,0.43071836489113957,0.029154459635416668
病例68,near,WLI,mmd_fusion,3,1,0.05,0.0,6.765558307424778,0.2281657288509185,0.9993964301215278
病例68,near,WLI,mmd_fusion,3,1,0.1,0.0,0.6205406544764716,0.7632012869479927,0.20855712890625
病例68,near,WLI,mmd_fusion,3,1,0.15,0.01164567634504927,0.2566791379037783,0.8804807060349251,0.16023084852430555
病例68,near,WLI,mmd_fusion,3,1,0.2,0.02993096906781894,0.18269484112346523,0.9012312437253048,0.14835611979166666
病例68,near,WLI,mmd_fusion,3,1,0.25,0.03788796964746799,0.16836170100648154,0.9031906999730319,0.14548746744791666
病例68,near,WLI,mmd_fusion,3,1,0.3,0.039890393634399536,0.15914001159298097,0.9060844916306385,0.14404296875
病例68,near,WLI,mmd_fusion,3,1,0.35,0.0416820361490225,0.152289613742952,0.9080967717751277,0.14293077256944445
病例68,near,WLI,mmd_fusion,3,1,0.4,0.042946724982874,0.14786320282447174,0.9093503567382417,0.14219835069444445
病例68,near,WLI,mmd_fusion,3,1,0.45,0.0443168045528798,0.1405912420298256,0.9117920615346226,0.1410861545138889
病例68,near,WLI,mmd_fusion,3,1,0.5,0.10676081572429784,0.11777414765242135,0.8883473521450401,0.13011338975694445
病例68,near,WLI,mmd_fusion,3,1,0.55,0.11740528007588133,0.11145070348316383,0.8852303057506798,0.1279296875
病例68,near,WLI,mmd_fusion,3,1,0.6,0.1277862675870791,0.10549612689044632,0.8820441768114837,0.1258273654513889
病例68,near,WLI,mmd_fusion,3,1,0.65,0.13874690414712545,0.10022659008273173,0.8781667248720464,0.12373860677083333
病例68,near,WLI,mmd_fusion,3,1,0.7,0.15418664699372925,0.09416662275385994,0.8719815292655929,0.1209716796875
病例68,near,WLI,mmd_fusion,3,1,0.75,0.1747378405438162,0.08757970174421668,0.8628650137717276,0.11747911241319445
病例68,near,WLI,mmd_fusion,3,1,0.8,0.20134900142277493,0.07704062812878748,0.8515802781265582,0.1126980251736111
病例68,near,WLI,mmd_fusion,3,1,0.85,0.2367075934025399,0.04842704326289719,0.8426165614704557,0.1044650607638889
病例68,near,WLI,mmd_fusion,3,1,0.9,0.3077409495705328,0.024661432260104338,0.8063961696617568,0.09226481119791667
病例68,near,WLI,mmd_fusion,3,1,0.95,0.7483796174316277,0.0,0.40207140451161133,0.03238254123263889
病例68,near,NBI,mmd_fusion,3,1,0.05,0.0,0.3298668735117974,0.8584181451469093,0.9999254014756944
病例68,near,NBI,mmd_fusion,3,1,0.1,0.0,0.12488274767299228,0.9412284052799604,0.8457980685763888
病例68,near,NBI,mmd_fusion,3,1,0.15,4.509704884912331e-05,0.11080344902229598,0.9474840187327165,0.8351779513888888
病例68,near,NBI,mmd_fusion,3,1,0.2,0.00018038819539649325,0.10019662313298218,0.9522017927007975,0.8271009657118056
病例68,near,NBI,mmd_fusion,3,1,0.25,0.0003246987517136879,0.09547947182336387,0.9542734637997734,0.8234456380208334
病例68,near,NBI,mmd_fusion,3,1,0.3,0.0005231257666498305,0.09216032902806841,0.9556885607833605,0.82080078125
病例68,near,NBI,mmd_fusion,3,1,0.35,0.0006854751425066744,0.09056389349880944,0.9563374750221371,0.8194783528645834
病例68,near,NBI,mmd_fusion,3,1,0.4,0.0008658633379031676,0.08928313731149434,0.956833817755809,0.8183797200520834
病例68,near,NBI,mmd_fusion,3,1,0.45,0.0013348726459340501,0.0868569160834115,0.9577123679858849,0.8162027994791666
病例68,near,NBI,mmd_fusion,3,1,0.5,0.011526805685835919,0.07082942492243308,0.9600077085126687,0.7964884440104166
病例68,near,NBI,mmd_fusion,3,1,0.55,0.014016162782307526,0.06805144671332708,0.9600456671126704,0.7925279405381944
病例68,near,NBI,mmd_fusion,3,1,0.6,0.01760588787069774,0.06478642037665056,0.9597532767921755,0.7873738606770834
病例68,near,NBI,mmd_fusion,3,1,0.65,0.02060033191427953,0.06204451980662386,0.9595164774957212,0.7830607096354166
病例68,near,NBI,mmd_fusion,3,1,0.7,0.024695143949779928,0.05904105635327224,0.9588387600194372,0.7777235243055556
病例68,near,NBI,mmd_fusion,3,1,0.75,0.0341204271592467,0.05399920629194026,0.9563738010605335,0.766845703125
病例68,near,NBI,mmd_fusion,3,1,0.8,0.051807489717872864,0.04021754816364817,0.9537192856717331,0.7431844075520834
病例68,near,NBI,mmd_fusion,3,1,0.85,0.09646258748827477,0.019878779132693557,0.9395131604240318,0.6943155924479166
病例68,near,NBI,mmd_fusion,3,1,0.9,0.2466718377949347,0.0013438920557038746,0.8586540833945747,0.5674370659722222
病例68,near,NBI,mmd_fusion,3,1,0.95,1.0,0.0,0.0,0.0
病例7,far,WLI,mmd_fusion,3,1,0.05,0.0,22.462469337694195,0.08175789501826232,0.9729885525173612
病例7,far,WLI,mmd_fusion,3,1,0.1,0.06197874080130826,3.2654129190515127,0.36053930041685617,0.17431640625
病例7,far,WLI,mmd_fusion,3,1,0.15,0.09975470155355683,1.8346688470973018,0.4820701431740353,0.11341688368055555
病例7,far,WLI,mmd_fusion,3,1,0.2,0.11708912510220769,1.4197874080130826,0.5346603287753284,0.0954928927951389
病例7,far,WLI,mmd_fusion,3,1,0.25,0.12493867538838921,1.3028618152085036,0.5507127051893649,0.09031846788194445
病例7,far,WLI,mmd_fusion,3,1,0.3,0.13147996729354047,1.2580539656582175,0.5555729902162478,0.08818901909722222
病例7,far,WLI,mmd_fusion,3,1,0.35,0.13687653311529027,1.2235486508585445,0.5592582781427324,0.08653428819444445
病例7,far,WLI,mmd_fusion,3,1,0.4,0.14227309893704007,1.193949304987735,0.5621349338161827,0.0850830078125
病例7,far,WLI,mmd_fusion,3,1,0.45,0.1489779231398201,1.1537203597710548,0.5664525960565666,0.08313666449652778
病例7,far,WLI,mmd_fusion,3,1,0.5,0.19525756336876532,0.6518397383483238,0.655172413788742,0.060404459635416664
病例7,far,WLI,mmd_fusion,3,1,0.55,0.2188062142273099,0.5919869174161897,0.6583517089260036,0.05694580078125
病例7,far,WLI,mmd_fusion,3,1,0.6,0.24088307440719542,0.5414554374488961,0.6599374466828267,0.053934733072916664
病例7,far,WLI,mmd_fusion,3,1,0.65,0.2662305805396566,0.49141455437448894,0.6595134857010397,0.05080837673611111
病例7,far,WLI,mmd_fusion,3,1,0.7,0.29517579721995096,0.4392477514309076,0.6574631988356535,0.047444661458333336
病例7,far,WLI,mmd_fusion,3,1,0.75,0.3313164349959117,0.37906786590351593,0.653090560608105,0.043450249565972224
病例7,far,WLI,mmd_fusion,3,1,0.8,0.38544562551103845,0.30335241210139,0.6408594815770732,0.038065592447916664
病例7,far,WLI,mmd_fusion,3,1,0.85,0.47457072771872444,0.1839738348323794,0.6147517459043839,0.0294189453125
病例7,far,WLI,mmd_fusion,3,1,0.9,0.6551103843008994,0.04399018806214227,0.49664429529616566,0.016126844618055556
病例7,far,WLI,mmd_fusion,3,1,0.95,1.0,0.0,0.0,0.0
病例7,far,NBI,mmd_fusion,3,1,0.05,0.0004698972099853157,7.659794419970631,0.20695652173900458,0.9997897677951388
病例7,far,NBI,mmd_fusion,3,1,0.1,0.030837004405286344,4.426431718061674,0.3030720484912494,0.6229654947916666
病例7,far,NBI,mmd_fusion,3,1,0.15,0.0718942731277533,2.686343612334802,0.40226066368757746,0.4173177083333333
病例7,far,NBI,mmd_fusion,3,1,0.2,0.1427900146842878,1.8308957415565346,0.46485109093730714,0.31036376953125
病例7,far,NBI,mmd_fusion,3,1,0.25,0.1672834067547724,1.4869309838472835,0.5016897570633585,0.267822265625
病例7,far,NBI,mmd_fusion,3,1,0.3,0.17168869309838472,1.448516886930984,0.5055567505547688,0.26287841796875
病例7,far,NBI,mmd_fusion,3,1,0.35,0.17538913362701908,1.421086637298091,0.5081255202857358,0.2592841254340278
病例7,far,NBI,mmd_fusion,3,1,0.4,0.17938325991189427,1.3962995594713656,0.5101884311997695,0.2559611002604167
病例7,far,NBI,mmd_fusion,3,1,0.45,0.18284875183553598,1.3728046989721,0.5123276068413848,0.2528483072916667
病例7,far,NBI,mmd_fusion,3,1,0.5,0.30120411160058735,0.3404992657856094,0.6853307986961452,0.1199951171875
病例7,far,NBI,mmd_fusion,3,1,0.55,0.3182966226138032,0.3039647577092511,0.6866236762684534,0.1138034396701389
病例7,far,NBI,mmd_fusion,3,1,0.6,0.33744493392070485,0.271071953010279,0.6852976913709438,0.10779486762152778
病例7,far,NBI,mmd_fusion,3,1,0.65,0.3631130690161527,0.2348898678414097,0.6805158941830718,0.10065375434027778
病例7,far,NBI,mmd_fusion,3,1,0.7,0.39894273127753305,0.20035242290748898,0.6673187909593814,0.092529296875
病例7,far,NBI,mmd_fusion,3,1,0.75,0.4441703377386197,0.16763582966226137,0.6450139731421,0.0835300021701389
病例7,far,NBI,mmd_fusion,3,1,0.8,0.5062555066079295,0.1274596182085169,0.6091083656367193,0.07172309027777778
病例7,far,NBI,mmd_fusion,3,1,0.85,0.6261380323054332,0.06930983847283406,0.5181115181094094,0.051167805989583336
病例7,far,NBI,mmd_fusion,3,1,0.9,0.9346842878120412,0.003641703377386197,0.12220451673101707,0.007961697048611112
病例7,far,NBI,mmd_fusion,3,1,0.95,1.0,0.0,0.0,0.0
病例7,near,WLI,mmd_fusion,3,1,0.05,0.0,12.196949304620906,0.14087533575595457,0.9974500868055556
病例7,near,WLI,mmd_fusion,3,1,0.1,0.0,3.975235531628533,0.3347148391741978,0.37603759765625
病例7,near,WLI,mmd_fusion,3,1,0.15,0.0,1.2747420367877973,0.6107351289130319,0.1719292534722222
病例7,near,WLI,mmd_fusion,3,1,0.2,0.0001794526693584567,0.8949304620906235,0.690781724627454,0.14320882161458334
病例7,near,WLI,mmd_fusion,3,1,0.25,0.00044863167339614175,0.8512337371018394,0.7012463804585759,0.1398857964409722
病例7,near,WLI,mmd_fusion,3,1,0.3,0.0005383580080753701,0.8308658591296546,0.7062515850852579,0.1383395724826389
病例7,near,WLI,mmd_fusion,3,1,0.35,0.0009869896814715118,0.8157918349035442,0.7098275477329067,0.13716634114583334
病例7,near,WLI,mmd_fusion,3,1,0.4,0.001256168685509197,0.803140421713773,0.7129087008015086,0.13618977864583334
病例7,near,WLI,mmd_fusion,3,1,0.45,0.002332884701659937,0.7856437864513235,0.7168923275283143,0.13478597005208334
病例7,near,WLI,mmd_fusion,3,1,0.5,0.006460296096904442,0.5969493046209062,0.767067299363489,0.1202121310763889
病例7,near,WLI,mmd_fusion,3,1,0.55,0.011754149842978914,0.5624046657694033,0.7748971048623671,0.11720106336805555
病例7,near,WLI,mmd_fusion,3,1,0.6,0.01525347689546882,0.5328847016599372,0.782280195299967,0.11470540364583333
病例7,near,WLI,mmd_fusion,3,1,0.65,0.01956034096007178,0.500583221175415,0.7903511627037345,0.1119384765625
病例7,near,WLI,mmd_fusion,3,1,0.7,0.024943921040825483,0.4664872139973082,0.7987211054323666,0.10895453559027778
病例7,near,WLI,mmd_fusion,3,1,0.75,0.03373710183938986,0.4231493943472409,0.8087870822350403,0.1050143771701389
病例7,near,WLI,mmd_fusion,3,1,0.8,0.0468371467025572,0.3769403319874383,0.8181293080179517,0.10053168402777778
病例7,near,WLI,mmd_fusion,3,1,0.85,0.06998654104979811,0.31314490803050693,0.8291999999966831,0.0939602322048611
病例7,near,WLI,mmd_fusion,3,1,0.9,0.12418124719605204,0.19030955585464335,0.8477873800284544,0.08057996961805555
病例7,near,WLI,mmd_fusion,3,1,0.95,0.48488111260655004,0.0003589053387169134,0.6798105387763185,0.038960774739583336
病例7,near,NBI,mmd_fusion,3,1,0.05,0.0,3.141929499072356,0.3889590474470181,0.9992472330729166
病例7,near,NBI,mmd_fusion,3,1,0.1,0.0,0.4602799797604992,0.8129156097886098,0.352294921875
病例7,near,NBI,mmd_fusion,3,1,0.15,0.00011244167088322933,0.23379434418395456,0.8952819622193336,0.2976277669270833
病例7,near,NBI,mmd_fusion,3,1,0.2,0.0034294709619384946,0.1207623545285883,0.9413451581198835,0.2695583767361111
病例7,near,NBI,mmd_fusion,3,1,0.25,0.015938606847697757,0.09301737223815146,0.9475436459589287,0.2598470052083333
病例7,near,NBI,mmd_fusion,3,1,0.3,0.01756901107550458,0.08537133861809186,0.9502175095147496,0.2576090494791667
病例7,near,NBI,mmd_fusion,3,1,0.35,0.018918311126103333,0.07887783212458536,0.9525252111721285,0.2557169596354167
病例7,near,NBI,mmd_fusion,3,1,0.4,0.02012705908809805,0.07376173609939844,0.9542816469544537,0.2541910807291667
病例7,near,NBI,mmd_fusion,3,1,0.45,0.021448248720975994,0.06991060887164784,0.955401251508185,0.2529432508680556
病例7,near,NBI,mmd_fusion,3,1,0.5,0.09672794737729802,0.030078146961263843,0.9344112130495159,0.22517225477430555
病例7,near,NBI,mmd_fusion,3,1,0.55,0.11013661663012313,0.025468038455051443,0.9292004226826799,0.2208251953125
病例7,near,NBI,mmd_fusion,3,1,0.6,0.12031258784505537,0.021869904986788105,0.9252283948778565,0.2175021701388889
病例7,near,NBI,mmd_fusion,3,1,0.65,0.13057289031315006,0.0180187777590375,0.9212736804466203,0.21409776475694445
病例7,near,NBI,mmd_fusion,3,1,0.7,0.1423230449204475,0.014420644290774162,0.9162737619734582,0.2103949652777778
病例7,near,NBI,mmd_fusion,3,1,0.75,0.15708101422387136,0.010625737898465172,0.9095210652417278,0.20591905381944445
病例7,near,NBI,mmd_fusion,3,1,0.8,0.17875414628661382,0.007111935683364255,0.898342609389474,0.19984266493055555
病例7,near,NBI,mmd_fusion,3,1,0.85,0.21406083094394782,0.004329004329004329,0.8780127812569629,0.19065348307291666
病例7,near,NBI,mmd_fusion,3,1,0.9,0.30550401978973407,0.0018833979872940913,0.8187979518438053,0.1680026584201389
病例7,near,NBI,mmd_fusion,3,1,0.95,0.930117501546073,0.0,0.13063583814994578,0.016859266493055556
病例74,far,WLI,mmd_fusion,3,1,0.05,0.0,7.046141215106732,0.2210887440778463,0.9969278971354166
病例74,far,WLI,mmd_fusion,3,1,0.1,0.0019157088122605363,1.8006020799124247,0.5254891789854392,0.3467610677083333
病例74,far,WLI,mmd_fusion,3,1,0.15,0.023645320197044337,0.9810618500273672,0.6602753923588609,0.2425265842013889
病例74,far,WLI,mmd_fusion,3,1,0.2,0.05555555555555555,0.7490421455938697,0.701280227594592,0.20982530381944445
病例74,far,WLI,mmd_fusion,3,1,0.25,0.07881773399014778,0.6748768472906403,0.7096774193533424,0.19775390625
病例74,far,WLI,mmd_fusion,3,1,0.3,0.08308702791461413,0.6593869731800767,0.7118060719354313,0.1953057183159722
病例74,far,WLI,mmd_fusion,3,1,0.35,0.08626163108921729,0.6476737821565408,0.7134645383235817,0.19346110026041666
病例74,far,WLI,mmd_fusion,3,1,0.4,0.09047619047619047,0.6370005473453749,0.7143256313794426,0.1916164822048611
病例74,far,WLI,mmd_fusion,3,1,0.45,0.09452654625068418,0.6288998357963875,0.7145541325600618,0.19011094835069445
病例74,far,WLI,mmd_fusion,3,1,0.5,0.20361247947454844,0.49168035030103996,0.6961222878724108,0.15959337022569445
病例74,far,WLI,mmd_fusion,3,1,0.55,0.2133552271483306,0.47712096332785986,0.6949877898384995,0.1565823025173611
病例74,far,WLI,mmd_fusion,3,1,0.6,0.22266009852216748,0.4631089217296114,0.6939144455556789,0.1536933051215278
病例74,far,WLI,mmd_fusion,3,1,0.65,0.23229337712096332,0.44701696770662286,0.693275337961364,0.1505059136284722
病例74,far,WLI,mmd_fusion,3,1,0.7,0.24302134646962234,0.42993979200875754,0.6922788136636409,0.1470608181423611
病例74,far,WLI,mmd_fusion,3,1,0.75,0.2569786535303777,0.41050903119868637,0.6900495615689667,0.14292399088541666
病例74,far,WLI,mmd_fusion,3,1,0.8,0.27536945812807884,0.3863711001642036,0.6865276913485622,0.13765462239583334
病例74,far,WLI,mmd_fusion,3,1,0.85,0.3023535851122058,0.3496442255062945,0.6815313870156092,0.1297607421875
病例74,far,WLI,mmd_fusion,3,1,0.9,0.3583470169677066,0.28516694033935414,0.6660227821473567,0.1148342556423611
病例74,far,WLI,mmd_fusion,3,1,0.95,0.7655719759168035,0.00016420361247947455,0.37976591594085934,0.029066297743055556
病例74,far,NBI,mmd_fusion,3,1,0.05,0.0,6.876181827893809,0.22532210794890484,0.9999593098958334
病例74,far,NBI,mmd_fusion,3,1,0.1,0.0,2.0574755622028738,0.4929173249071973,0.3881768120659722
病例74,far,NBI,mmd_fusion,3,1,0.15,0.0,1.4349660808717484,0.5822473797148288,0.30914306640625
病例74,far,NBI,mmd_fusion,3,1,0.2,0.0,1.1224293574061215,0.6405269010338884,0.2694634331597222
病例74,far,NBI,mmd_fusion,3,1,0.25,0.0,1.0449228139522462,0.6568310995708077,0.2596232096354167
病例74,far,NBI,mmd_fusion,3,1,0.3,0.0,1.021740291651087,0.6618702492475483,0.2566799587673611
病例74,far,NBI,mmd_fusion,3,1,0.35,0.0,1.0033652048501682,0.6659196812850533,0.2543470594618056
病例74,far,NBI,mmd_fusion,3,1,0.4,0.0,0.9896907216494846,0.668965517240184,0.2526109483506944
病例74,far,NBI,mmd_fusion,3,1,0.45,0.0,0.9734522728486726,0.6726188337572798,0.25054931640625
病例74,far,NBI,mmd_fusion,3,1,0.5,0.0,0.5941456118797073,0.7709667455970947,0.202392578125
病例74,far,NBI,mmd_fusion,3,1,0.55,0.0008012392500400619,0.5589445008279472,0.7811906203654524,0.1978217230902778
病例74,far,NBI,mmd_fusion,3,1,0.6,0.002991293200149565,0.5262005234763101,0.7902703389275562,0.1933865017361111
病例74,far,NBI,mmd_fusion,3,1,0.65,0.006409914000320495,0.49083916457454196,0.7998537980245536,0.18846299913194445
病例74,far,NBI,mmd_fusion,3,1,0.7,0.011484429250574222,0.45104428182255224,0.8104048520925523,0.1827663845486111
病例74,far,NBI,mmd_fusion,3,1,0.75,0.017520431600876022,0.4080978580204049,0.8219600482620057,0.1765475802951389
病例74,far,NBI,mmd_fusion,3,1,0.8,0.02750921425137546,0.3535067571176753,0.8361924445956225,0.16834852430555555
病例74,far,NBI,mmd_fusion,3,1,0.85,0.04369424710218471,0.2743977351637199,0.8574028399682541,0.15625
病例74,far,NBI,mmd_fusion,3,1,0.9,0.10015490625500774,0.12387158805619358,0.8892994773771596,0.1299709743923611
病例74,far,NBI,mmd_fusion,3,1,0.95,0.7680145291384007,0.0,0.3766042317014542,0.029452853732638888
病例74,near,WLI,mmd_fusion,3,1,0.05,0.0,6.321891224356066,0.2403299858264544,0.9851006401909722
病例74,near,WLI,mmd_fusion,3,1,0.1,0.010837239780230858,1.5127274560209687,0.5649307654654044,0.33660888671875
病例74,near,WLI,mmd_fusion,3,1,0.15,0.022884217954534,1.1158828569988406,0.6318242560532058,0.2815958658854167
病例74,near,WLI,mmd_fusion,3,1,0.2,0.026563838903170524,0.7120318564443773,0.7249657450668675,0.22676595052083334
病例74,near,WLI,mmd_fusion,3,1,0.25,0.029386561822672515,0.6328443973990625,0.7456340755067848,0.2157321506076389
病例74,near,WLI,mmd_fusion,3,1,0.3,0.03140279247945965,0.6171682040425425,0.7491763971992648,0.2133517795138889
病例74,near,WLI,mmd_fusion,3,1,0.35,0.03291496547205,0.6047179797368819,0.7520677354851788,0.21147325303819445
病例74,near,WLI,mmd_fusion,3,1,0.4,0.034326326931800995,0.5962498109783759,0.7538661315060129,0.21014404296875
病例74,near,WLI,mmd_fusion,3,1,0.45,0.03750189021624074,0.5862694692272796,0.7552654998501824,0.2083740234375
病例74,near,WLI,mmd_fusion,3,1,0.5,0.07051766722113009,0.3448762538434397,0.8173577713241786,0.1714545355902778
病例74,near,WLI,mmd_fusion,3,1,0.55,0.07757447451988507,0.3218912243560663,0.8220101066797934,0.1674126519097222
病例74,near,WLI,mmd_fusion,3,1,0.6,0.08412722415444326,0.2996622813649882,0.8267734449633098,0.1635403103298611
病例74,near,WLI,mmd_fusion,3,1,0.65,0.09309945057714603,0.27914713443217903,0.829717079017663,0.1595730251736111
病例74,near,WLI,mmd_fusion,3,1,0.7,0.10267654619688492,0.25656535107616313,0.8332124218931614,0.1552463107638889
病例74,near,WLI,mmd_fusion,3,1,0.75,0.11472352437118806,0.2318665255305207,0.836293509830874,0.1503024631076389
病例74,near,WLI,mmd_fusion,3,1,0.8,0.1340289329099249,0.20273199253994656,0.837211568916846,0.14378526475694445
病例74,near,WLI,mmd_fusion,3,1,0.85,0.16265940823630223,0.16462523312666968,0.8365183674476004,0.13480631510416666
病例74,near,WLI,mmd_fusion,3,1,0.9,0.23756237713594436,0.1134633802106961,0.812876182285004,0.11784532335069445
病例74,near,WLI,mmd_fusion,3,1,0.95,0.6300216744795605,0.0018146075911084228,0.5394084144753283,0.05002170138888889
病例74,near,NBI,mmd_fusion,3,1,0.05,0.0,2.757415902140673,0.4203962909988588,0.9998982747395834
病例74,near,NBI,mmd_fusion,3,1,0.1,0.0,2.2039755351681958,0.4757401614894912,0.8526204427083334
病例74,near,NBI,mmd_fusion,3,1,0.15,0.0041029561671763505,2.1553007135575943,0.479811901063594,0.8385755750868056
病例74,near,NBI,mmd_fusion,3,1,0.2,0.005886850152905199,2.09841997961264,0.48581800972626993,0.8229641384548612
病例74,near,NBI,mmd_fusion,3,1,0.25,0.006906218144750255,2.0507645259938836,0.49116151272018,0.8100111219618056
病例74,near,NBI,mmd_fusion,3,1,0.3,0.00764525993883792,2.0399337410805303,0.49220423821440573,0.8069322374131944
病例74,near,NBI,mmd_fusion,3,1,0.35,0.00835881753312946,2.031218144750255,0.49300316108852127,0.8044230143229166
病例74,near,NBI,mmd_fusion,3,1,0.4,0.009072375127421,2.0234709480122324,0.4936867163939097,0.8021714952256944
病例74,near,NBI,mmd_fusion,3,1,0.45,0.009760448521916413,2.0132262996941894,0.49469114426815786,0.7992621527777778
病例74,near,NBI,mmd_fusion,3,1,0.5,0.05991335372069317,1.7721967380224262,0.5064735360743416,0.7217746310763888
病例74,near,NBI,mmd_fusion,3,1,0.55,0.06687054026503568,1.7367227319062182,0.5085378979893,0.7104831271701388
病例74,near,NBI,mmd_fusion,3,1,0.6,0.07301223241590214,1.698190621814475,0.5114163596993284,0.6985948350694444
病例74,near,NBI,mmd_fusion,3,1,0.65,0.07951070336391437,1.6578236493374108,0.5144822772816516,0.6861233181423612
病例74,near,NBI,mmd_fusion,3,1,0.7,0.08776758409785933,1.6088175331294596,0.5181593156054903,0.6708848741319444
病例74,near,NBI,mmd_fusion,3,1,0.75,0.09849643221202854,1.5430682976554537,0.5234343210146685,0.6505330403645834
病例74,near,NBI,mmd_fusion,3,1,0.8,0.11197757390417941,1.4438583078491336,0.5330457462345723,0.62054443359375
病例74,near,NBI,mmd_fusion,3,1,0.85,0.13572884811416921,1.2520387359836902,0.5546760001303893,0.5631781684027778
病例74,near,NBI,mmd_fusion,3,1,0.9,0.29977064220183486,0.7233435270132518,0.577848813366234,0.3788316514756944
病例74,near,NBI,mmd_fusion,3,1,0.95,0.9999235474006116,0.0,0.00015289350967012487,2.0345052083333332e-05
病例82,near,WLI,mmd_fusion,3,1,0.05,0.0,2.069399023147165,0.4914730623914608,0.9802110460069444
病例82,near,WLI,mmd_fusion,3,1,0.1,0.0001698874495646634,0.38674877893395626,0.8378772779035825,0.4428032769097222
病例82,near,WLI,mmd_fusion,3,1,0.15,0.007411339987258441,0.14026332554682522,0.9307618782100733,0.3617757161458333
病例82,near,WLI,mmd_fusion,3,1,0.2,0.027436823104693142,0.07167126778509238,0.9515182364969391,0.3334757486979167
病例82,near,WLI,mmd_fusion,3,1,0.25,0.04102781906986622,0.04185602038649395,0.9585752342935516,0.3196139865451389
病例82,near,WLI,mmd_fusion,3,1,0.3,0.0444043321299639,0.036377150138033554,0.9594464936771503,0.3167860243055556
病例82,near,WLI,mmd_fusion,3,1,0.35,0.04693140794223827,0.03351029942662986,0.9595074186503618,0.3150634765625
病例82,near,WLI,mmd_fusion,3,1,0.4,0.052155447016351664,0.031110639201528987,0.9579242185226176,0.3126288519965278
病例82,near,WLI,mmd_fusion,3,1,0.45,0.05604162242514334,0.02909322573794861,0.9568511801606302,0.3107435438368056
病例82,near,WLI,mmd_fusion,3,1,0.5,0.182076874070928,0.005202803142917817,0.8972755122236231,0.2628648546006944
病例82,near,WLI,mmd_fusion,3,1,0.55,0.19940539392652368,0.004119770651943088,0.8872258307435668,0.2569851345486111
病例82,near,WLI,mmd_fusion,3,1,0.6,0.2133149288596305,0.0032703334041197705,0.8789996322166843,0.2522718641493056
病例82,near,WLI,mmd_fusion,3,1,0.65,0.22979401146740286,0.0024633680186876197,0.8689787361475064,0.24675157335069445
病例82,near,WLI,mmd_fusion,3,1,0.7,0.2520067954979826,0.0018899978764068805,0.8549064343088093,0.2394748263888889
病例82,near,WLI,mmd_fusion,3,1,0.75,0.278360586111701,0.0011255043533658952,0.8377688751915713,0.23081461588541666
病例82,near,WLI,mmd_fusion,3,1,0.8,0.31199830112550436,0.0004671904863028244,0.8149415167893159,0.21986219618055555
病例82,near,WLI,mmd_fusion,3,1,0.85,0.3619239753663198,6.370779358674878e-05,0.7790251490785857,0.2037896050347222
病例82,near,WLI,mmd_fusion,3,1,0.9,0.4535782544064557,0.0,0.7066917510049207,0.17449951171875
病例82,near,WLI,mmd_fusion,3,1,0.95,0.9834996814610321,0.0,0.032464954979354324,0.005269368489583333
病例82,near,NBI,mmd_fusion,3,1,0.05,0.0,0.760185262554761,0.7245890437614985,1.0
病例82,near,NBI,mmd_fusion,3,1,0.1,0.0,0.2897114822198083,0.8734724944734155,0.7327134874131944
病例82,near,NBI,mmd_fusion,3,1,0.15,0.0002745514664629415,0.21699115466797178,0.9019876037280887,0.6912434895833334
病例82,near,NBI,mmd_fusion,3,1,0.2,0.003831783510200184,0.16443245437073997,0.9221215469608165,0.65936279296875
病例82,near,NBI,mmd_fusion,3,1,0.25,0.006816038580449548,0.15063325892590693,0.9265565664772061,0.6498277452256944
病例82,near,NBI,mmd_fusion,3,1,0.3,0.007496448736466404,0.1450228593938381,0.9286468193464298,0.6462537977430556
病例82,near,NBI,mmd_fusion,3,1,0.35,0.008081362730235278,0.1412985090661669,0.9299743713132576,0.6438056098090278
病例82,near,NBI,mmd_fusion,3,1,0.4,0.008678213744285151,0.13827844293507455,0.9309933128921986,0.6417507595486112
病例82,near,NBI,mmd_fusion,3,1,0.45,0.010528451887839758,0.13506738447948624,0.9314694430236536,0.6388753255208334
病例82,near,NBI,mmd_fusion,3,1,0.5,0.034808351139388585,0.09284614374559823,0.9379727158827096,0.6010945638020834
病例82,near,NBI,mmd_fusion,3,1,0.55,0.039427977988134605,0.08937247084382796,0.9371688115058888,0.59649658203125
病例82,near,NBI,mmd_fusion,3,1,0.6,0.044119226958566606,0.08526613586716483,0.9366114402338478,0.5914984809027778
病例82,near,NBI,mmd_fusion,3,1,0.65,0.05025485538299929,0.08096880856600576,0.9353805277476734,0.5855712890625
病例82,near,NBI,mmd_fusion,3,1,0.7,0.05739319351103578,0.07634918171725974,0.9337566663113662,0.5788913302951388
病例82,near,NBI,mmd_fusion,3,1,0.75,0.06832750408842944,0.07030904945507502,0.9307503339051882,0.5692477756076388
病例82,near,NBI,mmd_fusion,3,1,0.8,0.08444248146777601,0.06159502464994688,0.9261374613595645,0.5551418728298612
病例82,near,NBI,mmd_fusion,3,1,0.85,0.12083845630453727,0.04784357728623781,0.912464148768878,0.5266520182291666
病例82,near,NBI,mmd_fusion,3,1,0.9,0.24971052725818582,0.022513220249961205,0.8464444190065203,0.4390462239583333
病例82,near,NBI,mmd_fusion,3,1,0.95,0.999844818736347,0.0,0.00031031437232913574,8.816189236111111e-05
